# dc-02 | final single-asset pipeline | blocks +Y up -Z front
mtllib dc-02.mtl
v -2.180000000000 4.885000000000 -1.127500000000
v 1.920000000000 4.885000000000 -1.127500000000
v 1.920000000000 5.415000000000 -1.127500000000
v -2.180000000000 5.415000000000 -1.127500000000
v -2.180000000000 4.885000000000 1.572500000000
v 1.920000000000 4.885000000000 1.572500000000
v 1.920000000000 5.415000000000 1.572500000000
v -2.180000000000 5.415000000000 1.572500000000
v -1.675000000000 5.585000000000 -0.737500000000
v 1.675000000000 5.585000000000 -0.737500000000
v 1.675000000000 6.115000000000 -0.737500000000
v -1.675000000000 6.115000000000 -0.737500000000
v -1.675000000000 5.585000000000 1.682500000000
v 1.675000000000 5.585000000000 1.682500000000
v 1.675000000000 6.115000000000 1.682500000000
v -1.675000000000 6.115000000000 1.682500000000
v -1.370000000000 6.215000000000 -0.847500000000
v 1.630000000000 6.215000000000 -0.847500000000
v 1.630000000000 6.745000000000 -0.847500000000
v -1.370000000000 6.745000000000 -0.847500000000
v -1.370000000000 6.215000000000 1.292500000000
v 1.630000000000 6.215000000000 1.292500000000
v 1.630000000000 6.745000000000 1.292500000000
v -1.370000000000 6.745000000000 1.292500000000
v 0.825000000000 6.550000000000 0.764226188958
v 0.341726188958 6.550000000000 1.247500000000
v -0.341726188958 6.550000000000 1.247500000000
v -0.825000000000 6.550000000000 0.764226188958
v -0.825000000000 6.550000000000 0.080773811042
v -0.341726188958 6.550000000000 -0.402500000000
v 0.341726188958 6.550000000000 -0.402500000000
v 0.825000000000 6.550000000000 0.080773811042
v 0.825000000000 7.250000000000 0.764226188958
v 0.341726188958 7.250000000000 1.247500000000
v -0.341726188958 7.250000000000 1.247500000000
v -0.825000000000 7.250000000000 0.764226188958
v -0.825000000000 7.250000000000 0.080773811042
v -0.341726188958 7.250000000000 -0.402500000000
v 0.341726188958 7.250000000000 -0.402500000000
v 0.825000000000 7.250000000000 0.080773811042
v -0.215486943904 7.096616136369 1.152500000000
v 0.503526321120 7.058934247875 1.152500000000
v 0.715486943904 11.103383863631 1.152500000000
v -0.003526321120 11.141065752125 1.152500000000
v -0.215486943904 7.096616136369 1.812500000000
v 0.503526321120 7.058934247875 1.812500000000
v 0.715486943904 11.103383863631 1.812500000000
v -0.003526321120 11.141065752125 1.812500000000
v -0.495695047719 7.255043134504 1.647500000000
v 0.749548324895 7.146098456069 1.647500000000
v 0.775695047719 7.444956865496 1.647500000000
v -0.469548324895 7.553901543931 1.647500000000
v -0.495695047719 7.255043134504 2.097500000000
v 0.749548324895 7.146098456069 2.097500000000
v 0.775695047719 7.444956865496 2.097500000000
v -0.469548324895 7.553901543931 2.097500000000
v -0.285000000000 7.750000000000 1.647500000000
v 0.965000000000 7.750000000000 1.647500000000
v 0.965000000000 8.050000000000 1.647500000000
v -0.285000000000 8.050000000000 1.647500000000
v -0.285000000000 7.750000000000 2.097500000000
v 0.965000000000 7.750000000000 2.097500000000
v 0.965000000000 8.050000000000 2.097500000000
v -0.285000000000 8.050000000000 2.097500000000
v -0.469548324895 8.246098456069 1.647500000000
v 0.775695047719 8.355043134504 1.647500000000
v 0.749548324895 8.653901543931 1.647500000000
v -0.495695047719 8.544956865496 1.647500000000
v -0.469548324895 8.246098456069 2.097500000000
v 0.775695047719 8.355043134504 2.097500000000
v 0.749548324895 8.653901543931 2.097500000000
v -0.495695047719 8.544956865496 2.097500000000
v -0.295695047719 8.905043134504 1.647500000000
v 0.949548324895 8.796098456069 1.647500000000
v 0.975695047719 9.094956865496 1.647500000000
v -0.269548324895 9.203901543931 1.647500000000
v -0.295695047719 8.905043134504 2.097500000000
v 0.949548324895 8.796098456069 2.097500000000
v 0.975695047719 9.094956865496 2.097500000000
v -0.269548324895 9.203901543931 2.097500000000
v -0.485000000000 9.400000000000 1.647500000000
v 0.765000000000 9.400000000000 1.647500000000
v 0.765000000000 9.700000000000 1.647500000000
v -0.485000000000 9.700000000000 1.647500000000
v -0.485000000000 9.400000000000 2.097500000000
v 0.765000000000 9.400000000000 2.097500000000
v 0.765000000000 9.700000000000 2.097500000000
v -0.485000000000 9.700000000000 2.097500000000
v -0.269548324895 9.896098456069 1.647500000000
v 0.975695047719 10.005043134504 1.647500000000
v 0.949548324895 10.303901543931 1.647500000000
v -0.295695047719 10.194956865496 1.647500000000
v -0.269548324895 9.896098456069 2.097500000000
v 0.975695047719 10.005043134504 2.097500000000
v 0.949548324895 10.303901543931 2.097500000000
v -0.295695047719 10.194956865496 2.097500000000
v -0.495695047719 10.555043134504 1.647500000000
v 0.749548324895 10.446098456069 1.647500000000
v 0.775695047719 10.744956865496 1.647500000000
v -0.469548324895 10.853901543931 1.647500000000
v -0.495695047719 10.555043134504 2.097500000000
v 0.749548324895 10.446098456069 2.097500000000
v 0.775695047719 10.744956865496 2.097500000000
v -0.469548324895 10.853901543931 2.097500000000
v -2.295196727227 6.924538596611 -0.897500000000
v -1.282799652553 6.800231866338 -0.897500000000
v -1.204803272773 7.435461403389 -0.897500000000
v -2.217200347447 7.559768133662 -0.897500000000
v -2.295196727227 6.924538596611 1.602500000000
v -1.282799652553 6.800231866338 1.602500000000
v -1.204803272773 7.435461403389 1.602500000000
v -2.217200347447 7.559768133662 1.602500000000
v -2.222590158442 7.417651283818 -1.127500000000
v -1.289596775899 7.303094101018 -1.127500000000
v -1.277409841558 7.402348716182 -1.127500000000
v -2.210403224101 7.516905898982 -1.127500000000
v -2.222590158442 7.417651283818 -0.907500000000
v -1.289596775899 7.303094101018 -0.907500000000
v -1.277409841558 7.402348716182 -0.907500000000
v -2.210403224101 7.516905898982 -0.907500000000
v -2.410655274883 7.685062509749 -0.897500000000
v -1.396242941608 7.578443477216 -0.897500000000
v -1.329344725117 8.214937490251 -0.897500000000
v -2.343757058392 8.321556522784 -0.897500000000
v -2.410655274883 7.685062509749 1.602500000000
v -1.396242941608 7.578443477216 1.602500000000
v -1.329344725117 8.214937490251 1.602500000000
v -2.343757058392 8.321556522784 1.602500000000
v -2.342651713986 8.179402282967 -1.127500000000
v -1.407801132340 8.081145527496 -1.127500000000
v -1.397348286014 8.180597717033 -1.127500000000
v -2.332198867660 8.278854472504 -1.127500000000
v -2.342651713986 8.179402282967 -0.907500000000
v -1.407801132340 8.081145527496 -0.907500000000
v -1.397348286014 8.180597717033 -0.907500000000
v -2.332198867660 8.278854472504 -0.907500000000
v -2.285949133706 8.445667125412 -0.897500000000
v -1.269830541652 8.356768267809 -0.897500000000
v -1.214050866294 8.994332874588 -0.897500000000
v -2.230169458348 9.083231732191 -0.897500000000
v -2.285949133706 8.445667125412 1.602500000000
v -1.269830541652 8.356768267809 1.602500000000
v -1.214050866294 8.994332874588 1.602500000000
v -2.230169458348 9.083231732191 1.602500000000
v -2.222569295241 8.941153464187 -1.127500000000
v -1.286146279034 8.859227066004 -1.127500000000
v -1.277430704759 8.958846535813 -1.127500000000
v -2.213853720966 9.040772933996 -1.127500000000
v -2.222569295241 8.941153464187 -0.907500000000
v -1.286146279034 8.859227066004 -0.907500000000
v -1.277430704759 8.958846535813 -0.907500000000
v -2.213853720966 9.040772933996 -0.907500000000
v -2.401079737231 9.206355305526 -0.897500000000
v -1.383564405966 9.135203702307 -0.897500000000
v -1.338920262769 9.773644694474 -0.897500000000
v -2.356435594034 9.844796297693 -0.897500000000
v -2.401079737231 9.206355305526 1.602500000000
v -1.383564405966 9.135203702307 1.602500000000
v -1.338920262769 9.773644694474 1.602500000000
v -2.356435594034 9.844796297693 1.602500000000
v -2.342342927309 9.702907340147 -1.127500000000
v -1.404632720065 9.637336254827 -1.127500000000
v -1.397657072691 9.737092659853 -1.127500000000
v -2.335367279935 9.802663745173 -1.127500000000
v -2.342342927309 9.702907340147 -0.907500000000
v -1.404632720065 9.637336254827 -0.907500000000
v -1.397657072691 9.737092659853 -0.907500000000
v -2.335367279935 9.802663745173 -0.907500000000
v -2.276048568723 9.967129886562 -0.897500000000
v -1.257446443273 9.913747211195 -0.897500000000
v -1.223951431277 10.552870113438 -0.897500000000
v -2.242553556727 10.606252788805 -0.897500000000
v -2.276048568723 9.967129886562 1.602500000000
v -1.257446443273 9.913747211195 1.602500000000
v -1.223951431277 10.552870113438 1.602500000000
v -2.242553556727 10.606252788805 1.602500000000
v -2.221972679147 10.464666422696 -1.127500000000
v -1.283260916477 10.415470623828 -1.127500000000
v -1.278027320853 10.515333577304 -1.127500000000
v -2.216739083523 10.564529376172 -1.127500000000
v -2.221972679147 10.464666422696 -0.907500000000
v -1.283260916477 10.415470623828 -0.907500000000
v -1.278027320853 10.515333577304 -0.907500000000
v -2.216739083523 10.564529376172 -0.907500000000
v -2.247752301060 7.390116942122 -1.657500000000
v -0.584101945574 7.156306132509 -1.657500000000
v -0.492247698940 7.809883057878 -1.657500000000
v -2.155898054426 8.043693867491 -1.657500000000
v -2.247752301060 7.390116942122 -0.937500000000
v -0.584101945574 7.156306132509 -0.937500000000
v -0.492247698940 7.809883057878 -0.937500000000
v -2.155898054426 8.043693867491 -0.937500000000
v -2.136007163308 7.892016493906 -1.787500000000
v -0.622085339816 7.679248657158 -1.787500000000
v -0.603992836692 7.807983506094 -1.787500000000
v -2.117914660184 8.020751342842 -1.787500000000
v -2.136007163308 7.892016493906 -1.627500000000
v -0.622085339816 7.679248657158 -1.627500000000
v -0.603992836692 7.807983506094 -1.627500000000
v -2.117914660184 8.020751342842 -1.627500000000
v -2.076387669857 7.353735796257 -1.692500000000
v -0.678921371249 7.157334716182 -1.692500000000
v -0.663612330143 7.266264203743 -1.692500000000
v -2.061078628751 7.462665283818 -1.692500000000
v -2.076387669857 7.353735796257 -1.082500000000
v -0.678921371249 7.157334716182 -1.082500000000
v -0.663612330143 7.266264203743 -1.082500000000
v -2.061078628751 7.462665283818 -1.082500000000
v -2.386135736790 8.631393212126 -1.747500000000
v -1.011387053423 8.511118287134 -1.747500000000
v -0.953864263210 9.168606787874 -1.747500000000
v -2.328612946577 9.288881712866 -1.747500000000
v -2.386135736790 8.631393212126 -1.027500000000
v -1.011387053423 8.511118287134 -1.027500000000
v -0.953864263210 9.168606787874 -1.027500000000
v -2.328612946577 9.288881712866 -1.027500000000
v -2.301175774210 9.139972435495 -1.877500000000
v -1.050154472347 9.030522253753 -1.877500000000
v -1.038824225790 9.160027564505 -1.877500000000
v -2.289845527653 9.269477746247 -1.877500000000
v -2.301175774210 9.139972435495 -1.717500000000
v -1.050154472347 9.030522253753 -1.717500000000
v -1.038824225790 9.160027564505 -1.717500000000
v -2.289845527653 9.269477746247 -1.717500000000
v -2.252188012865 8.605724760101 -1.782500000000
v -1.097399118837 8.504693823108 -1.782500000000
v -1.087811987135 8.614275239899 -1.782500000000
v -2.242600881163 8.715306176892 -1.782500000000
v -2.252188012865 8.605724760101 -1.172500000000
v -1.097399118837 8.504693823108 -1.172500000000
v -1.087811987135 8.614275239899 -1.172500000000
v -2.242600881163 8.715306176892 -1.172500000000
v -2.200901569201 9.945449518753 -1.837500000000
v -0.182132098623 9.874952535414 -1.837500000000
v -0.159098430799 10.534550481247 -1.837500000000
v -2.177867901377 10.605047464586 -1.837500000000
v -2.200901569201 9.945449518753 -1.117500000000
v -0.182132098623 9.874952535414 -1.117500000000
v -0.159098430799 10.534550481247 -1.117500000000
v -2.177867901377 10.605047464586 -1.117500000000
v -2.100808576399 10.457115723663 -1.967500000000
v -0.263728358172 10.392963468824 -1.967500000000
v -0.259191423601 10.522884276337 -1.967500000000
v -2.096271641828 10.587036531176 -1.967500000000
v -2.100808576399 10.457115723663 -1.807500000000
v -0.263728358172 10.392963468824 -1.807500000000
v -0.259191423601 10.522884276337 -1.807500000000
v -2.096271641828 10.587036531176 -1.807500000000
v -2.029802649962 9.924642237516 -1.872500000000
v -0.334036294676 9.865424771512 -1.872500000000
v -0.330197350038 9.975357762484 -1.872500000000
v -2.025963705324 10.034575228488 -1.872500000000
v -2.029802649962 9.924642237516 -1.262500000000
v -0.334036294676 9.865424771512 -1.262500000000
v -0.330197350038 9.975357762484 -1.262500000000
v -2.025963705324 10.034575228488 -1.262500000000
v -0.968297414900 7.079857467193 0.622500000000
v -0.731702585100 7.120142532807 0.622500000000
v -1.361702585100 10.820142532807 0.622500000000
v -1.598297414900 10.779857467193 0.622500000000
v -0.968297414900 7.079857467193 0.922500000000
v -0.731702585100 7.120142532807 0.922500000000
v -1.361702585100 10.820142532807 0.922500000000
v -1.598297414900 10.779857467193 0.922500000000
v -1.280000000000 8.000000000000 -0.197500000000
v -1.100000000000 8.000000000000 -0.197500000000
v -1.100000000000 10.150000000000 -0.197500000000
v -1.280000000000 10.150000000000 -0.197500000000
v -1.280000000000 8.000000000000 0.022500000000
v -1.100000000000 8.000000000000 0.022500000000
v -1.100000000000 10.150000000000 0.022500000000
v -1.280000000000 10.150000000000 0.022500000000
v 1.282799652553 6.800231866338 -0.897500000000
v 2.295196727227 6.924538596611 -0.897500000000
v 2.217200347447 7.559768133662 -0.897500000000
v 1.204803272773 7.435461403389 -0.897500000000
v 1.282799652553 6.800231866338 1.602500000000
v 2.295196727227 6.924538596611 1.602500000000
v 2.217200347447 7.559768133662 1.602500000000
v 1.204803272773 7.435461403389 1.602500000000
v 1.289596775899 7.303094101018 -1.127500000000
v 2.222590158442 7.417651283818 -1.127500000000
v 2.210403224101 7.516905898982 -1.127500000000
v 1.277409841558 7.402348716182 -1.127500000000
v 1.289596775899 7.303094101018 -0.907500000000
v 2.222590158442 7.417651283818 -0.907500000000
v 2.210403224101 7.516905898982 -0.907500000000
v 1.277409841558 7.402348716182 -0.907500000000
v 1.396242941608 7.578443477216 -0.897500000000
v 2.410655274883 7.685062509749 -0.897500000000
v 2.343757058392 8.321556522784 -0.897500000000
v 1.329344725117 8.214937490251 -0.897500000000
v 1.396242941608 7.578443477216 1.602500000000
v 2.410655274883 7.685062509749 1.602500000000
v 2.343757058392 8.321556522784 1.602500000000
v 1.329344725117 8.214937490251 1.602500000000
v 1.407801132340 8.081145527496 -1.127500000000
v 2.342651713986 8.179402282967 -1.127500000000
v 2.332198867660 8.278854472504 -1.127500000000
v 1.397348286014 8.180597717033 -1.127500000000
v 1.407801132340 8.081145527496 -0.907500000000
v 2.342651713986 8.179402282967 -0.907500000000
v 2.332198867660 8.278854472504 -0.907500000000
v 1.397348286014 8.180597717033 -0.907500000000
v 1.269830541652 8.356768267809 -0.897500000000
v 2.285949133706 8.445667125412 -0.897500000000
v 2.230169458348 9.083231732191 -0.897500000000
v 1.214050866294 8.994332874588 -0.897500000000
v 1.269830541652 8.356768267809 1.602500000000
v 2.285949133706 8.445667125412 1.602500000000
v 2.230169458348 9.083231732191 1.602500000000
v 1.214050866294 8.994332874588 1.602500000000
v 1.286146279034 8.859227066004 -1.127500000000
v 2.222569295241 8.941153464187 -1.127500000000
v 2.213853720966 9.040772933996 -1.127500000000
v 1.277430704759 8.958846535813 -1.127500000000
v 1.286146279034 8.859227066004 -0.907500000000
v 2.222569295241 8.941153464187 -0.907500000000
v 2.213853720966 9.040772933996 -0.907500000000
v 1.277430704759 8.958846535813 -0.907500000000
v 1.383564405966 9.135203702307 -0.897500000000
v 2.401079737231 9.206355305526 -0.897500000000
v 2.356435594034 9.844796297693 -0.897500000000
v 1.338920262769 9.773644694474 -0.897500000000
v 1.383564405966 9.135203702307 1.602500000000
v 2.401079737231 9.206355305526 1.602500000000
v 2.356435594034 9.844796297693 1.602500000000
v 1.338920262769 9.773644694474 1.602500000000
v 1.404632720065 9.637336254827 -1.127500000000
v 2.342342927309 9.702907340147 -1.127500000000
v 2.335367279935 9.802663745173 -1.127500000000
v 1.397657072691 9.737092659853 -1.127500000000
v 1.404632720065 9.637336254827 -0.907500000000
v 2.342342927309 9.702907340147 -0.907500000000
v 2.335367279935 9.802663745173 -0.907500000000
v 1.397657072691 9.737092659853 -0.907500000000
v 1.257446443273 9.913747211195 -0.897500000000
v 2.276048568723 9.967129886562 -0.897500000000
v 2.242553556727 10.606252788805 -0.897500000000
v 1.223951431277 10.552870113438 -0.897500000000
v 1.257446443273 9.913747211195 1.602500000000
v 2.276048568723 9.967129886562 1.602500000000
v 2.242553556727 10.606252788805 1.602500000000
v 1.223951431277 10.552870113438 1.602500000000
v 1.283260916477 10.415470623828 -1.127500000000
v 2.221972679147 10.464666422696 -1.127500000000
v 2.216739083523 10.564529376172 -1.127500000000
v 1.278027320853 10.515333577304 -1.127500000000
v 1.283260916477 10.415470623828 -0.907500000000
v 2.221972679147 10.464666422696 -0.907500000000
v 2.216739083523 10.564529376172 -0.907500000000
v 1.278027320853 10.515333577304 -0.907500000000
v 0.584101945574 7.396306132509 -1.657500000000
v 2.247752301060 7.630116942122 -1.657500000000
v 2.155898054426 8.283693867491 -1.657500000000
v 0.492247698940 8.049883057878 -1.657500000000
v 0.584101945574 7.396306132509 -0.937500000000
v 2.247752301060 7.630116942122 -0.937500000000
v 2.155898054426 8.283693867491 -0.937500000000
v 0.492247698940 8.049883057878 -0.937500000000
v 0.622085339816 7.919248657158 -1.787500000000
v 2.136007163308 8.132016493906 -1.787500000000
v 2.117914660184 8.260751342842 -1.787500000000
v 0.603992836692 8.047983506094 -1.787500000000
v 0.622085339816 7.919248657158 -1.627500000000
v 2.136007163308 8.132016493906 -1.627500000000
v 2.117914660184 8.260751342842 -1.627500000000
v 0.603992836692 8.047983506094 -1.627500000000
v 0.678921371249 7.397334716182 -1.692500000000
v 2.076387669857 7.593735796257 -1.692500000000
v 2.061078628751 7.702665283818 -1.692500000000
v 0.663612330143 7.506264203743 -1.692500000000
v 0.678921371249 7.397334716182 -1.082500000000
v 2.076387669857 7.593735796257 -1.082500000000
v 2.061078628751 7.702665283818 -1.082500000000
v 0.663612330143 7.506264203743 -1.082500000000
v 1.011387053423 8.751118287134 -1.747500000000
v 2.386135736790 8.871393212126 -1.747500000000
v 2.328612946577 9.528881712866 -1.747500000000
v 0.953864263210 9.408606787874 -1.747500000000
v 1.011387053423 8.751118287134 -1.027500000000
v 2.386135736790 8.871393212126 -1.027500000000
v 2.328612946577 9.528881712866 -1.027500000000
v 0.953864263210 9.408606787874 -1.027500000000
v 1.050154472347 9.270522253753 -1.877500000000
v 2.301175774210 9.379972435495 -1.877500000000
v 2.289845527653 9.509477746247 -1.877500000000
v 1.038824225790 9.400027564505 -1.877500000000
v 1.050154472347 9.270522253753 -1.717500000000
v 2.301175774210 9.379972435495 -1.717500000000
v 2.289845527653 9.509477746247 -1.717500000000
v 1.038824225790 9.400027564505 -1.717500000000
v 1.097399118837 8.744693823108 -1.782500000000
v 2.252188012865 8.845724760101 -1.782500000000
v 2.242600881163 8.955306176892 -1.782500000000
v 1.087811987135 8.854275239899 -1.782500000000
v 1.097399118837 8.744693823108 -1.172500000000
v 2.252188012865 8.845724760101 -1.172500000000
v 2.242600881163 8.955306176892 -1.172500000000
v 1.087811987135 8.854275239899 -1.172500000000
v 0.182132098623 10.114952535414 -1.837500000000
v 2.200901569201 10.185449518753 -1.837500000000
v 2.177867901377 10.845047464586 -1.837500000000
v 0.159098430799 10.774550481247 -1.837500000000
v 0.182132098623 10.114952535414 -1.117500000000
v 2.200901569201 10.185449518753 -1.117500000000
v 2.177867901377 10.845047464586 -1.117500000000
v 0.159098430799 10.774550481247 -1.117500000000
v 0.263728358172 10.632963468824 -1.967500000000
v 2.100808576399 10.697115723663 -1.967500000000
v 2.096271641828 10.827036531176 -1.967500000000
v 0.259191423601 10.762884276337 -1.967500000000
v 0.263728358172 10.632963468824 -1.807500000000
v 2.100808576399 10.697115723663 -1.807500000000
v 2.096271641828 10.827036531176 -1.807500000000
v 0.259191423601 10.762884276337 -1.807500000000
v 0.334036294676 10.105424771512 -1.872500000000
v 2.029802649962 10.164642237516 -1.872500000000
v 2.025963705324 10.274575228488 -1.872500000000
v 0.330197350038 10.215357762484 -1.872500000000
v 0.334036294676 10.105424771512 -1.262500000000
v 2.029802649962 10.164642237516 -1.262500000000
v 2.025963705324 10.274575228488 -1.262500000000
v 0.330197350038 10.215357762484 -1.262500000000
v 0.731702585100 7.120142532807 0.622500000000
v 0.968297414900 7.079857467193 0.622500000000
v 1.598297414900 10.779857467193 0.622500000000
v 1.361702585100 10.820142532807 0.622500000000
v 0.731702585100 7.120142532807 0.922500000000
v 0.968297414900 7.079857467193 0.922500000000
v 1.598297414900 10.779857467193 0.922500000000
v 1.361702585100 10.820142532807 0.922500000000
v 1.100000000000 8.000000000000 -0.197500000000
v 1.280000000000 8.000000000000 -0.197500000000
v 1.280000000000 10.150000000000 -0.197500000000
v 1.100000000000 10.150000000000 -0.197500000000
v 1.100000000000 8.000000000000 0.022500000000
v 1.280000000000 8.000000000000 0.022500000000
v 1.280000000000 10.150000000000 0.022500000000
v 1.100000000000 10.150000000000 0.022500000000
v 1.120000000000 8.802239240310 0.427500000000
v 1.120000000000 9.257760759690 0.427500000000
v 0.880000000000 9.257760759690 0.427500000000
v 0.880000000000 8.802239240310 0.427500000000
v 1.120000000000 8.802239240310 0.777500000000
v 1.120000000000 9.257760759690 0.777500000000
v 0.880000000000 9.257760759690 0.777500000000
v 0.880000000000 8.802239240310 0.777500000000
v 1.083828832084 9.392753396123 0.427500000000
v 0.856068072393 9.787246603877 0.427500000000
v 0.648221975485 9.667246603877 0.427500000000
v 0.875982735175 9.272753396123 0.427500000000
v 1.083828832084 9.392753396123 0.777500000000
v 0.856068072393 9.787246603877 0.777500000000
v 0.648221975485 9.667246603877 0.777500000000
v 0.875982735175 9.272753396123 0.777500000000
v 0.757246603877 9.886068072393 0.427500000000
v 0.362753396123 10.113828832084 0.427500000000
v 0.242753396123 9.905982735175 0.427500000000
v 0.637246603877 9.678221975485 0.427500000000
v 0.757246603877 9.886068072393 0.777500000000
v 0.362753396123 10.113828832084 0.777500000000
v 0.242753396123 9.905982735175 0.777500000000
v 0.637246603877 9.678221975485 0.777500000000
v 0.227760759690 10.150000000000 0.427500000000
v -0.227760759690 10.150000000000 0.427500000000
v -0.227760759690 9.910000000000 0.427500000000
v 0.227760759690 9.910000000000 0.427500000000
v 0.227760759690 10.150000000000 0.777500000000
v -0.227760759690 10.150000000000 0.777500000000
v -0.227760759690 9.910000000000 0.777500000000
v 0.227760759690 9.910000000000 0.777500000000
v -0.362753396123 10.113828832084 0.427500000000
v -0.757246603877 9.886068072393 0.427500000000
v -0.637246603877 9.678221975485 0.427500000000
v -0.242753396123 9.905982735175 0.427500000000
v -0.362753396123 10.113828832084 0.777500000000
v -0.757246603877 9.886068072393 0.777500000000
v -0.637246603877 9.678221975485 0.777500000000
v -0.242753396123 9.905982735175 0.777500000000
v -0.856068072393 9.787246603877 0.427500000000
v -1.083828832084 9.392753396123 0.427500000000
v -0.875982735175 9.272753396123 0.427500000000
v -0.648221975485 9.667246603877 0.427500000000
v -0.856068072393 9.787246603877 0.777500000000
v -1.083828832084 9.392753396123 0.777500000000
v -0.875982735175 9.272753396123 0.777500000000
v -0.648221975485 9.667246603877 0.777500000000
v -1.120000000000 9.257760759690 0.427500000000
v -1.120000000000 8.802239240310 0.427500000000
v -0.880000000000 8.802239240310 0.427500000000
v -0.880000000000 9.257760759690 0.427500000000
v -1.120000000000 9.257760759690 0.777500000000
v -1.120000000000 8.802239240310 0.777500000000
v -0.880000000000 8.802239240310 0.777500000000
v -0.880000000000 9.257760759690 0.777500000000
v -1.083828832084 8.667246603877 0.427500000000
v -0.856068072393 8.272753396123 0.427500000000
v -0.648221975485 8.392753396123 0.427500000000
v -0.875982735175 8.787246603877 0.427500000000
v -1.083828832084 8.667246603877 0.777500000000
v -0.856068072393 8.272753396123 0.777500000000
v -0.648221975485 8.392753396123 0.777500000000
v -0.875982735175 8.787246603877 0.777500000000
v -0.757246603877 8.173931927607 0.427500000000
v -0.362753396123 7.946171167916 0.427500000000
v -0.242753396123 8.154017264825 0.427500000000
v -0.637246603877 8.381778024515 0.427500000000
v -0.757246603877 8.173931927607 0.777500000000
v -0.362753396123 7.946171167916 0.777500000000
v -0.242753396123 8.154017264825 0.777500000000
v -0.637246603877 8.381778024515 0.777500000000
v -0.227760759690 7.910000000000 0.427500000000
v 0.227760759690 7.910000000000 0.427500000000
v 0.227760759690 8.150000000000 0.427500000000
v -0.227760759690 8.150000000000 0.427500000000
v -0.227760759690 7.910000000000 0.777500000000
v 0.227760759690 7.910000000000 0.777500000000
v 0.227760759690 8.150000000000 0.777500000000
v -0.227760759690 8.150000000000 0.777500000000
v 0.362753396123 7.946171167916 0.427500000000
v 0.757246603877 8.173931927607 0.427500000000
v 0.637246603877 8.381778024515 0.427500000000
v 0.242753396123 8.154017264825 0.427500000000
v 0.362753396123 7.946171167916 0.777500000000
v 0.757246603877 8.173931927607 0.777500000000
v 0.637246603877 8.381778024515 0.777500000000
v 0.242753396123 8.154017264825 0.777500000000
v 0.856068072393 8.272753396123 0.427500000000
v 1.083828832084 8.667246603877 0.427500000000
v 0.875982735175 8.787246603877 0.427500000000
v 0.648221975485 8.392753396123 0.427500000000
v 0.856068072393 8.272753396123 0.777500000000
v 1.083828832084 8.667246603877 0.777500000000
v 0.875982735175 8.787246603877 0.777500000000
v 0.648221975485 8.392753396123 0.777500000000
v 0.853798797557 8.919315736380 0.252500000000
v 0.789959756156 9.372325833930 0.252500000000
v 0.651329516687 9.352789797879 0.252500000000
v 0.715168558087 8.899779700330 0.252500000000
v 0.853798797557 8.919315736380 0.452500000000
v 0.789959756156 9.372325833930 0.452500000000
v 0.651329516687 9.352789797879 0.452500000000
v 0.715168558087 8.899779700330 0.452500000000
v 0.725194297652 9.494022223148 0.252500000000
v 0.385101476966 9.800013146226 0.252500000000
v 0.291462074287 9.695937874110 0.252500000000
v 0.631554894974 9.389946951032 0.252500000000
v 0.725194297652 9.494022223148 0.452500000000
v 0.385101476966 9.800013146226 0.452500000000
v 0.291462074287 9.695937874110 0.452500000000
v 0.631554894974 9.389946951032 0.452500000000
v 0.257263326239 9.851607554672 0.252500000000
v -0.199950063223 9.867402749661 0.252500000000
v -0.204783711912 9.727486217970 0.252500000000
v 0.252429677551 9.711691022981 0.252500000000
v 0.257263326239 9.851607554672 0.452500000000
v -0.199950063223 9.867402749661 0.452500000000
v -0.204783711912 9.727486217970 0.452500000000
v 0.252429677551 9.711691022981 0.452500000000
v -0.331044014684 9.824753580215 0.252500000000
v -0.691442746633 9.542962299834 0.252500000000
v -0.605208923389 9.432673008746 0.252500000000
v -0.244810191441 9.714464289126 0.252500000000
v -0.331044014684 9.824753580215 0.452500000000
v -0.691442746633 9.542962299834 0.452500000000
v -0.605208923389 9.432673008746 0.452500000000
v -0.244810191441 9.714464289126 0.452500000000
v -0.764452181993 9.426025572873 0.252500000000
v -0.859401684363 8.978501088974 0.252500000000
v -0.722450153465 8.949444623517 0.252500000000
v -0.627500651095 9.396969107416 0.252500000000
v -0.764452181993 9.426025572873 0.452500000000
v -0.859401684363 8.978501088974 0.452500000000
v -0.722450153465 8.949444623517 0.452500000000
v -0.627500651095 9.396969107416 0.452500000000
v -0.840164677407 8.841992798649 0.252500000000
v -0.625237022793 8.438136790930 0.252500000000
v -0.501648927596 8.503908994218 0.252500000000
v -0.716576582209 8.907765001938 0.252500000000
v -0.840164677407 8.841992798649 0.452500000000
v -0.625237022793 8.438136790930 0.452500000000
v -0.501648927596 8.503908994218 0.452500000000
v -0.716576582209 8.907765001938 0.452500000000
v -0.522754782872 8.345930683405 0.252500000000
v -0.098517009524 8.174711866236 0.252500000000
v -0.046120593297 8.304537193375 0.252500000000
v -0.470358366646 8.475756010544 0.252500000000
v -0.522754782872 8.345930683405 0.452500000000
v -0.098517009524 8.174711866236 0.452500000000
v -0.046120593297 8.304537193375 0.452500000000
v -0.470358366646 8.475756010544 0.452500000000
v 0.039257884340 8.169952203980 0.252500000000
v 0.474300207397 8.311485764800 0.252500000000
v 0.430988079178 8.444617502373 0.252500000000
v -0.004054243878 8.303083941553 0.252500000000
v 0.039257884340 8.169952203980 0.452500000000
v 0.474300207397 8.311485764800 0.452500000000
v 0.430988079178 8.444617502373 0.452500000000
v -0.004054243878 8.303083941553 0.452500000000
v 0.582901351168 8.396399646678 0.252500000000
v 0.825187086017 8.784460459409 0.252500000000
v 0.706432639507 8.858604787812 0.252500000000
v 0.464146904658 8.470543975081 0.252500000000
v 0.582901351168 8.396399646678 0.452500000000
v 0.825187086017 8.784460459409 0.452500000000
v 0.706432639507 8.858604787812 0.452500000000
v 0.464146904658 8.470543975081 0.452500000000
v 0.405000000000 8.450000000000 0.672977272148
v 0.226335136524 8.450000000000 0.857500000000
v -0.026335136524 8.450000000000 0.857500000000
v -0.205000000000 8.450000000000 0.672977272148
v -0.205000000000 8.450000000000 0.412022727852
v -0.026335136524 8.450000000000 0.227500000000
v 0.226335136524 8.450000000000 0.227500000000
v 0.405000000000 8.450000000000 0.412022727852
v 0.405000000000 9.650000000000 0.672977272148
v 0.226335136524 9.650000000000 0.857500000000
v -0.026335136524 9.650000000000 0.857500000000
v -0.205000000000 9.650000000000 0.672977272148
v -0.205000000000 9.650000000000 0.412022727852
v -0.026335136524 9.650000000000 0.227500000000
v 0.226335136524 9.650000000000 0.227500000000
v 0.405000000000 9.650000000000 0.412022727852
v -0.250000000000 8.690000000000 0.157500000000
v -0.130000000000 8.690000000000 0.157500000000
v -0.130000000000 8.970000000000 0.157500000000
v -0.250000000000 8.970000000000 0.157500000000
v -0.250000000000 8.690000000000 0.237500000000
v -0.130000000000 8.690000000000 0.237500000000
v -0.130000000000 8.970000000000 0.237500000000
v -0.250000000000 8.970000000000 0.237500000000
v -0.070000000000 8.860000000000 0.157500000000
v 0.050000000000 8.860000000000 0.157500000000
v 0.050000000000 9.140000000000 0.157500000000
v -0.070000000000 9.140000000000 0.157500000000
v -0.070000000000 8.860000000000 0.237500000000
v 0.050000000000 8.860000000000 0.237500000000
v 0.050000000000 9.140000000000 0.237500000000
v -0.070000000000 9.140000000000 0.237500000000
v 0.110000000000 9.030000000000 0.157500000000
v 0.230000000000 9.030000000000 0.157500000000
v 0.230000000000 9.310000000000 0.157500000000
v 0.110000000000 9.310000000000 0.157500000000
v 0.110000000000 9.030000000000 0.237500000000
v 0.230000000000 9.030000000000 0.237500000000
v 0.230000000000 9.310000000000 0.237500000000
v 0.110000000000 9.310000000000 0.237500000000
v -2.024254550636 11.020640673253 -1.147500000000
v 1.990236179078 10.810250129156 -1.147500000000
v 2.024254550636 11.459359326747 -1.147500000000
v -1.990236179078 11.669749870844 -1.147500000000
v -2.024254550636 11.020640673253 1.492500000000
v 1.990236179078 10.810250129156 1.492500000000
v 2.024254550636 11.459359326747 1.492500000000
v -1.990236179078 11.669749870844 1.492500000000
v -1.250000000000 11.820000000000 -1.867500000000
v -1.250000000000 12.100000000000 1.072500000000
v -1.250000000000 14.000000000000 0.322500000000
v 1.250000000000 11.820000000000 -1.867500000000
v 1.250000000000 12.100000000000 1.072500000000
v 1.250000000000 14.000000000000 0.322500000000
v -1.390000000000 11.910000000000 -1.667500000000
v -1.390000000000 12.130000000000 0.942500000000
v -1.390000000000 13.740000000000 0.302500000000
v -1.230000000000 11.910000000000 -1.667500000000
v -1.230000000000 12.130000000000 0.942500000000
v -1.230000000000 13.740000000000 0.302500000000
v 1.230000000000 11.910000000000 -1.667500000000
v 1.230000000000 12.130000000000 0.942500000000
v 1.230000000000 13.740000000000 0.302500000000
v 1.390000000000 11.910000000000 -1.667500000000
v 1.390000000000 12.130000000000 0.942500000000
v 1.390000000000 13.740000000000 0.302500000000
v -0.455246075331 12.326970964969 0.872500000000
v 0.832102414033 12.146045933721 0.872500000000
v 0.875246075331 12.453029035031 0.872500000000
v -0.412102414033 12.633954066279 0.872500000000
v -0.455246075331 12.326970964969 1.372500000000
v 0.832102414033 12.146045933721 1.372500000000
v 0.875246075331 12.453029035031 1.372500000000
v -0.412102414033 12.633954066279 1.372500000000
v -5.753312862077 12.025132042473 -1.257500000000
v -2.182033562147 11.775403866469 -1.257500000000
v -2.166687137923 11.994867957527 -1.257500000000
v -5.737966437853 12.244596133531 -1.257500000000
v -5.753312862077 12.025132042473 1.982500000000
v -2.182033562147 11.775403866469 1.982500000000
v -2.166687137923 11.994867957527 1.982500000000
v -5.737966437853 12.244596133531 1.982500000000
v -5.733232277515 12.315968673598 -1.237500000000
v -2.405941985889 12.024868492821 -1.237500000000
v -2.386767722485 12.244031326402 -1.237500000000
v -5.714058014111 12.535131507179 -1.237500000000
v -5.733232277515 12.315968673598 1.842500000000
v -2.405941985889 12.024868492821 1.842500000000
v -2.386767722485 12.244031326402 1.842500000000
v -5.714058014111 12.535131507179 1.842500000000
v -5.713007068780 12.602621709574 -1.217500000000
v -2.629989193139 12.278583473445 -1.217500000000
v -2.606992931220 12.497378290426 -1.217500000000
v -5.690010806861 12.821416526555 -1.217500000000
v -5.713007068780 12.602621709574 1.702500000000
v -2.629989193139 12.278583473445 1.702500000000
v -2.606992931220 12.497378290426 1.702500000000
v -5.690010806861 12.821416526555 1.702500000000
v -5.646963773146 10.287402361962 -1.272500000000
v -2.305124204776 10.053718174919 -1.272500000000
v -2.273036226854 10.512597638038 -1.272500000000
v -5.614875795224 10.746281825081 -1.272500000000
v -5.646963773146 10.287402361962 1.797500000000
v -2.305124204776 10.053718174919 1.797500000000
v -2.273036226854 10.512597638038 1.797500000000
v -5.614875795224 10.746281825081 1.797500000000
v -5.647410288617 10.472923701862 -0.762500000000
v -5.289382406284 10.435293455086 -0.762500000000
v -5.132589711383 11.927076298138 -0.762500000000
v -5.490617593716 11.964706544914 -0.762500000000
v -5.647410288617 10.472923701862 1.807500000000
v -5.289382406284 10.435293455086 1.807500000000
v -5.132589711383 11.927076298138 1.807500000000
v -5.490617593716 11.964706544914 1.807500000000
v -2.787410288617 10.472923701862 -0.762500000000
v -2.429382406284 10.435293455086 -0.762500000000
v -2.272589711383 11.927076298138 -0.762500000000
v -2.630617593716 11.964706544914 -0.762500000000
v -2.787410288617 10.472923701862 1.807500000000
v -2.429382406284 10.435293455086 1.807500000000
v -2.272589711383 11.927076298138 1.807500000000
v -2.630617593716 11.964706544914 1.807500000000
v -3.255000000000 11.044575533506 -0.807500000000
v -3.255000000000 11.455424466494 -0.807500000000
v -3.445000000000 11.455424466494 -0.807500000000
v -3.445000000000 11.044575533506 -0.807500000000
v -3.255000000000 11.044575533506 -0.247500000000
v -3.255000000000 11.455424466494 -0.247500000000
v -3.445000000000 11.455424466494 -0.247500000000
v -3.445000000000 11.044575533506 -0.247500000000
v -3.316232685984 11.603253247457 -0.807500000000
v -3.606746752543 11.893767314016 -0.807500000000
v -3.741097040968 11.759417025590 -0.807500000000
v -3.450582974410 11.468902959032 -0.807500000000
v -3.316232685984 11.603253247457 -0.247500000000
v -3.606746752543 11.893767314016 -0.247500000000
v -3.741097040968 11.759417025590 -0.247500000000
v -3.450582974410 11.468902959032 -0.247500000000
v -3.754575533506 11.955000000000 -0.807500000000
v -4.165424466494 11.955000000000 -0.807500000000
v -4.165424466494 11.765000000000 -0.807500000000
v -3.754575533506 11.765000000000 -0.807500000000
v -3.754575533506 11.955000000000 -0.247500000000
v -4.165424466494 11.955000000000 -0.247500000000
v -4.165424466494 11.765000000000 -0.247500000000
v -3.754575533506 11.765000000000 -0.247500000000
v -4.313253247457 11.893767314016 -0.807500000000
v -4.603767314016 11.603253247457 -0.807500000000
v -4.469417025590 11.468902959032 -0.807500000000
v -4.178902959032 11.759417025590 -0.807500000000
v -4.313253247457 11.893767314016 -0.247500000000
v -4.603767314016 11.603253247457 -0.247500000000
v -4.469417025590 11.468902959032 -0.247500000000
v -4.178902959032 11.759417025590 -0.247500000000
v -4.665000000000 11.455424466494 -0.807500000000
v -4.665000000000 11.044575533506 -0.807500000000
v -4.475000000000 11.044575533506 -0.807500000000
v -4.475000000000 11.455424466494 -0.807500000000
v -4.665000000000 11.455424466494 -0.247500000000
v -4.665000000000 11.044575533506 -0.247500000000
v -4.475000000000 11.044575533506 -0.247500000000
v -4.475000000000 11.455424466494 -0.247500000000
v -4.603767314016 10.896746752543 -0.807500000000
v -4.313253247457 10.606232685984 -0.807500000000
v -4.178902959032 10.740582974410 -0.807500000000
v -4.469417025590 11.031097040968 -0.807500000000
v -4.603767314016 10.896746752543 -0.247500000000
v -4.313253247457 10.606232685984 -0.247500000000
v -4.178902959032 10.740582974410 -0.247500000000
v -4.469417025590 11.031097040968 -0.247500000000
v -4.165424466494 10.545000000000 -0.807500000000
v -3.754575533506 10.545000000000 -0.807500000000
v -3.754575533506 10.735000000000 -0.807500000000
v -4.165424466494 10.735000000000 -0.807500000000
v -4.165424466494 10.545000000000 -0.247500000000
v -3.754575533506 10.545000000000 -0.247500000000
v -3.754575533506 10.735000000000 -0.247500000000
v -4.165424466494 10.735000000000 -0.247500000000
v -3.606746752543 10.606232685984 -0.807500000000
v -3.316232685984 10.896746752543 -0.807500000000
v -3.450582974410 11.031097040968 -0.807500000000
v -3.741097040968 10.740582974410 -0.807500000000
v -3.606746752543 10.606232685984 -0.247500000000
v -3.316232685984 10.896746752543 -0.247500000000
v -3.450582974410 11.031097040968 -0.247500000000
v -3.741097040968 10.740582974410 -0.247500000000
v -3.518358437219 11.205283139704 -0.287500000000
v -3.551298435756 11.423233654223 -0.287500000000
v -3.689726386667 11.402312315677 -0.287500000000
v -3.656786388130 11.184361801158 -0.287500000000
v -3.518358437219 11.205283139704 0.072500000000
v -3.551298435756 11.423233654223 0.072500000000
v -3.689726386667 11.402312315677 0.072500000000
v -3.656786388130 11.184361801158 0.072500000000
v -3.616092660955 11.530668148748 -0.287500000000
v -3.793499044072 11.661490339189 -0.287500000000
v -3.876588766510 11.548813376036 -0.287500000000
v -3.699182383392 11.417991185596 -0.287500000000
v -3.616092660955 11.530668148748 0.072500000000
v -3.793499044072 11.661490339189 0.072500000000
v -3.876588766510 11.548813376036 0.072500000000
v -3.699182383392 11.417991185596 0.072500000000
v -3.915283139704 11.691641562781 -0.287500000000
v -4.133233654223 11.658701564244 -0.287500000000
v -4.112312315677 11.520273613333 -0.287500000000
v -3.894361801158 11.553213611870 -0.287500000000
v -3.915283139704 11.691641562781 0.072500000000
v -4.133233654223 11.658701564244 0.072500000000
v -4.112312315677 11.520273613333 0.072500000000
v -3.894361801158 11.553213611870 0.072500000000
v -4.240668148748 11.593907339045 -0.287500000000
v -4.371490339189 11.416500955928 -0.287500000000
v -4.258813376036 11.333411233490 -0.287500000000
v -4.127991185596 11.510817616608 -0.287500000000
v -4.240668148748 11.593907339045 0.072500000000
v -4.371490339189 11.416500955928 0.072500000000
v -4.258813376036 11.333411233490 0.072500000000
v -4.127991185596 11.510817616608 0.072500000000
v -4.401641562781 11.294716860296 -0.287500000000
v -4.368701564244 11.076766345777 -0.287500000000
v -4.230273613333 11.097687684323 -0.287500000000
v -4.263213611870 11.315638198842 -0.287500000000
v -4.401641562781 11.294716860296 0.072500000000
v -4.368701564244 11.076766345777 0.072500000000
v -4.230273613333 11.097687684323 0.072500000000
v -4.263213611870 11.315638198842 0.072500000000
v -4.303907339045 10.969331851252 -0.287500000000
v -4.126500955928 10.838509660811 -0.287500000000
v -4.043411233490 10.951186623964 -0.287500000000
v -4.220817616608 11.082008814404 -0.287500000000
v -4.303907339045 10.969331851252 0.072500000000
v -4.126500955928 10.838509660811 0.072500000000
v -4.043411233490 10.951186623964 0.072500000000
v -4.220817616608 11.082008814404 0.072500000000
v -4.004716860296 10.808358437219 -0.287500000000
v -3.786766345777 10.841298435756 -0.287500000000
v -3.807687684323 10.979726386667 -0.287500000000
v -4.025638198842 10.946786388130 -0.287500000000
v -4.004716860296 10.808358437219 0.072500000000
v -3.786766345777 10.841298435756 0.072500000000
v -3.807687684323 10.979726386667 0.072500000000
v -4.025638198842 10.946786388130 0.072500000000
v -3.679331851252 10.906092660955 -0.287500000000
v -3.548509660811 11.083499044072 -0.287500000000
v -3.661186623964 11.166588766510 -0.287500000000
v -3.792008814404 10.989182383392 -0.287500000000
v -3.679331851252 10.906092660955 0.072500000000
v -3.548509660811 11.083499044072 0.072500000000
v -3.661186623964 11.166588766510 0.072500000000
v -3.792008814404 10.989182383392 0.072500000000
v -4.120000000000 11.055000000000 0.117500000000
v -3.800000000000 11.055000000000 0.117500000000
v -3.800000000000 11.405000000000 0.117500000000
v -4.120000000000 11.405000000000 0.117500000000
v -4.120000000000 11.055000000000 0.207500000000
v -3.800000000000 11.055000000000 0.207500000000
v -3.800000000000 11.405000000000 0.207500000000
v -4.120000000000 11.405000000000 0.207500000000
v -3.359271642039 10.772490661776 1.297500000000
v -3.095171789841 10.716354505255 1.297500000000
v -2.820728357961 12.007509338224 1.297500000000
v -3.084828210159 12.063645494745 1.297500000000
v -3.359271642039 10.772490661776 1.807500000000
v -3.095171789841 10.716354505255 1.807500000000
v -2.820728357961 12.007509338224 1.807500000000
v -3.084828210159 12.063645494745 1.807500000000
v -3.939271642039 10.772490661776 1.297500000000
v -3.675171789841 10.716354505255 1.297500000000
v -3.400728357961 12.007509338224 1.297500000000
v -3.664828210159 12.063645494745 1.297500000000
v -3.939271642039 10.772490661776 1.807500000000
v -3.675171789841 10.716354505255 1.807500000000
v -3.400728357961 12.007509338224 1.807500000000
v -3.664828210159 12.063645494745 1.807500000000
v -4.519271642039 10.772490661776 1.297500000000
v -4.255171789841 10.716354505255 1.297500000000
v -3.980728357961 12.007509338224 1.297500000000
v -4.244828210159 12.063645494745 1.297500000000
v -4.519271642039 10.772490661776 1.807500000000
v -4.255171789841 10.716354505255 1.807500000000
v -3.980728357961 12.007509338224 1.807500000000
v -4.244828210159 12.063645494745 1.807500000000
v -5.099271642039 10.772490661776 1.297500000000
v -4.835171789841 10.716354505255 1.297500000000
v -4.560728357961 12.007509338224 1.297500000000
v -4.824828210159 12.063645494745 1.297500000000
v -5.099271642039 10.772490661776 1.807500000000
v -4.835171789841 10.716354505255 1.807500000000
v -4.560728357961 12.007509338224 1.807500000000
v -4.824828210159 12.063645494745 1.807500000000
v -5.365000000000 7.465000000000 -0.302500000000
v -4.015000000000 7.465000000000 -0.302500000000
v -4.015000000000 10.415000000000 -0.302500000000
v -5.365000000000 10.415000000000 -0.302500000000
v -5.365000000000 7.465000000000 1.247500000000
v -4.015000000000 7.465000000000 1.247500000000
v -4.015000000000 10.415000000000 1.247500000000
v -5.365000000000 10.415000000000 1.247500000000
v -5.659726244719 9.701718818141 -1.182500000000
v -3.612535698472 9.809007528439 -1.182500000000
v -3.640273755281 10.338281181859 -1.182500000000
v -5.687464301528 10.230992471561 -1.182500000000
v -5.659726244719 9.701718818141 0.847500000000
v -3.612535698472 9.809007528439 0.847500000000
v -3.640273755281 10.338281181859 0.847500000000
v -5.687464301528 10.230992471561 0.847500000000
v -5.535000000000 9.700000000000 -1.142500000000
v -3.765000000000 9.700000000000 -1.142500000000
v -3.765000000000 9.800000000000 -1.142500000000
v -5.535000000000 9.800000000000 -1.142500000000
v -5.535000000000 9.700000000000 0.707500000000
v -3.765000000000 9.700000000000 0.707500000000
v -3.765000000000 9.800000000000 0.707500000000
v -5.535000000000 9.800000000000 0.707500000000
v -5.755000000000 9.055000000000 -1.182500000000
v -3.705000000000 9.055000000000 -1.182500000000
v -3.705000000000 9.585000000000 -1.182500000000
v -5.755000000000 9.585000000000 -1.182500000000
v -5.755000000000 9.055000000000 0.847500000000
v -3.705000000000 9.055000000000 0.847500000000
v -3.705000000000 9.585000000000 0.847500000000
v -5.755000000000 9.585000000000 0.847500000000
v -5.615000000000 9.000000000000 -1.142500000000
v -3.845000000000 9.000000000000 -1.142500000000
v -3.845000000000 9.100000000000 -1.142500000000
v -5.615000000000 9.100000000000 -1.142500000000
v -5.615000000000 9.000000000000 0.707500000000
v -3.845000000000 9.000000000000 0.707500000000
v -3.845000000000 9.100000000000 0.707500000000
v -5.615000000000 9.100000000000 0.707500000000
v -5.847464301528 8.409007528439 -1.182500000000
v -3.800273755281 8.301718818141 -1.182500000000
v -3.772535698472 8.830992471561 -1.182500000000
v -5.819726244719 8.938281181859 -1.182500000000
v -5.847464301528 8.409007528439 0.847500000000
v -3.800273755281 8.301718818141 0.847500000000
v -3.772535698472 8.830992471561 0.847500000000
v -5.819726244719 8.938281181859 0.847500000000
v -5.695000000000 8.300000000000 -1.142500000000
v -3.925000000000 8.300000000000 -1.142500000000
v -3.925000000000 8.400000000000 -1.142500000000
v -5.695000000000 8.400000000000 -1.142500000000
v -5.695000000000 8.300000000000 0.707500000000
v -3.925000000000 8.300000000000 0.707500000000
v -3.925000000000 8.400000000000 0.707500000000
v -5.695000000000 8.400000000000 0.707500000000
v -5.937084985518 7.763593372577 -1.182500000000
v -3.898315100013 7.549310022878 -1.182500000000
v -3.842915014482 8.076406627423 -1.182500000000
v -5.881684899987 8.290689977122 -1.182500000000
v -5.937084985518 7.763593372577 0.847500000000
v -3.898315100013 7.549310022878 0.847500000000
v -3.842915014482 8.076406627423 0.847500000000
v -5.881684899987 8.290689977122 0.847500000000
v -5.775000000000 7.600000000000 -1.142500000000
v -4.005000000000 7.600000000000 -1.142500000000
v -4.005000000000 7.700000000000 -1.142500000000
v -5.775000000000 7.700000000000 -1.142500000000
v -5.775000000000 7.600000000000 0.707500000000
v -4.005000000000 7.600000000000 0.707500000000
v -4.005000000000 7.700000000000 0.707500000000
v -5.775000000000 7.700000000000 0.707500000000
v -5.539654776168 9.907754482392 0.777939980654
v -5.759515846152 9.915571764880 0.777939980654
v -5.839515846152 7.665571764880 0.607939980654
v -5.619654776168 7.657754482392 0.607939980654
v -5.540484153848 9.884428235120 1.087060019346
v -5.760345223832 9.892245517608 1.087060019346
v -5.840345223832 7.642245517608 0.917060019346
v -5.620484153848 7.634428235120 0.917060019346
v -4.065000000000 6.971207919302 -0.847500000000
v -4.065000000000 7.388792080698 -0.847500000000
v -4.255000000000 7.388792080698 -0.847500000000
v -4.255000000000 6.971207919302 -0.847500000000
v -4.065000000000 6.971207919302 -0.147500000000
v -4.065000000000 7.388792080698 -0.147500000000
v -4.255000000000 7.388792080698 -0.147500000000
v -4.255000000000 6.971207919302 -0.147500000000
v -4.126780355332 7.537943052428 -0.847500000000
v -4.422056947572 7.833219644668 -0.847500000000
v -4.556407235997 7.698869356243 -0.847500000000
v -4.261130643757 7.403592764003 -0.847500000000
v -4.126780355332 7.537943052428 -0.147500000000
v -4.422056947572 7.833219644668 -0.147500000000
v -4.556407235997 7.698869356243 -0.147500000000
v -4.261130643757 7.403592764003 -0.147500000000
v -4.571207919302 7.895000000000 -0.847500000000
v -4.988792080698 7.895000000000 -0.847500000000
v -4.988792080698 7.705000000000 -0.847500000000
v -4.571207919302 7.705000000000 -0.847500000000
v -4.571207919302 7.895000000000 -0.147500000000
v -4.988792080698 7.895000000000 -0.147500000000
v -4.988792080698 7.705000000000 -0.147500000000
v -4.571207919302 7.705000000000 -0.147500000000
v -5.137943052428 7.833219644668 -0.847500000000
v -5.433219644668 7.537943052428 -0.847500000000
v -5.298869356243 7.403592764003 -0.847500000000
v -5.003592764003 7.698869356243 -0.847500000000
v -5.137943052428 7.833219644668 -0.147500000000
v -5.433219644668 7.537943052428 -0.147500000000
v -5.298869356243 7.403592764003 -0.147500000000
v -5.003592764003 7.698869356243 -0.147500000000
v -5.495000000000 7.388792080698 -0.847500000000
v -5.495000000000 6.971207919302 -0.847500000000
v -5.305000000000 6.971207919302 -0.847500000000
v -5.305000000000 7.388792080698 -0.847500000000
v -5.495000000000 7.388792080698 -0.147500000000
v -5.495000000000 6.971207919302 -0.147500000000
v -5.305000000000 6.971207919302 -0.147500000000
v -5.305000000000 7.388792080698 -0.147500000000
v -5.433219644668 6.822056947572 -0.847500000000
v -5.137943052428 6.526780355332 -0.847500000000
v -5.003592764003 6.661130643757 -0.847500000000
v -5.298869356243 6.956407235997 -0.847500000000
v -5.433219644668 6.822056947572 -0.147500000000
v -5.137943052428 6.526780355332 -0.147500000000
v -5.003592764003 6.661130643757 -0.147500000000
v -5.298869356243 6.956407235997 -0.147500000000
v -4.988792080698 6.465000000000 -0.847500000000
v -4.571207919302 6.465000000000 -0.847500000000
v -4.571207919302 6.655000000000 -0.847500000000
v -4.988792080698 6.655000000000 -0.847500000000
v -4.988792080698 6.465000000000 -0.147500000000
v -4.571207919302 6.465000000000 -0.147500000000
v -4.571207919302 6.655000000000 -0.147500000000
v -4.988792080698 6.655000000000 -0.147500000000
v -4.422056947572 6.526780355332 -0.847500000000
v -4.126780355332 6.822056947572 -0.847500000000
v -4.261130643757 6.956407235997 -0.847500000000
v -4.556407235997 6.661130643757 -0.847500000000
v -4.422056947572 6.526780355332 -0.147500000000
v -4.126780355332 6.822056947572 -0.147500000000
v -4.261130643757 6.956407235997 -0.147500000000
v -4.556407235997 6.661130643757 -0.147500000000
v -4.960000000000 6.675000000000 -0.497500000000
v -4.140000000000 6.675000000000 -0.497500000000
v -4.140000000000 7.285000000000 -0.497500000000
v -4.960000000000 7.285000000000 -0.497500000000
v -4.960000000000 6.675000000000 1.122500000000
v -4.140000000000 6.675000000000 1.122500000000
v -4.140000000000 7.285000000000 1.122500000000
v -4.960000000000 7.285000000000 1.122500000000
v -5.909227536734 6.406672292535 -1.127500000000
v -3.762174037012 6.294149986612 -1.127500000000
v -3.730772463266 6.893327707465 -1.127500000000
v -5.877825962988 7.005850013388 -1.127500000000
v -5.909227536734 6.406672292535 1.292500000000
v -3.762174037012 6.294149986612 1.292500000000
v -3.730772463266 6.893327707465 1.292500000000
v -5.877825962988 7.005850013388 1.292500000000
v -5.811390877110 6.859384546106 -1.247500000000
v -3.834104398296 6.755759352745 -1.247500000000
v -3.828609122890 6.860615453894 -1.247500000000
v -5.805895601704 6.964240647255 -1.247500000000
v -5.811390877110 6.859384546106 -1.087500000000
v -3.834104398296 6.755759352745 -1.087500000000
v -3.828609122890 6.860615453894 -1.087500000000
v -5.805895601704 6.964240647255 -1.087500000000
v -6.010000000000 5.550000000000 -1.127500000000
v -3.790000000000 5.550000000000 -1.127500000000
v -3.790000000000 6.150000000000 -1.127500000000
v -6.010000000000 6.150000000000 -1.127500000000
v -6.010000000000 5.550000000000 1.292500000000
v -3.790000000000 5.550000000000 1.292500000000
v -3.790000000000 6.150000000000 1.292500000000
v -6.010000000000 6.150000000000 1.292500000000
v -5.890000000000 6.007500000000 -1.247500000000
v -3.910000000000 6.007500000000 -1.247500000000
v -3.910000000000 6.112500000000 -1.247500000000
v -5.890000000000 6.112500000000 -1.247500000000
v -5.890000000000 6.007500000000 -1.087500000000
v -3.910000000000 6.007500000000 -1.087500000000
v -3.910000000000 6.112500000000 -1.087500000000
v -5.890000000000 6.112500000000 -1.087500000000
v -6.107730030421 4.690486469675 -1.127500000000
v -3.820868395833 4.810335809472 -1.127500000000
v -3.852269969579 5.409513530325 -1.127500000000
v -6.139131604167 5.289664190528 -1.127500000000
v -6.107730030421 4.690486469675 1.292500000000
v -3.820868395833 4.810335809472 1.292500000000
v -3.852269969579 5.409513530325 1.292500000000
v -6.139131604167 5.289664190528 1.292500000000
v -5.965895601704 5.155759352745 -1.247500000000
v -3.988609122890 5.259384546106 -1.247500000000
v -3.994104398296 5.364240647255 -1.247500000000
v -5.971390877110 5.260615453894 -1.247500000000
v -5.965895601704 5.155759352745 -1.087500000000
v -3.988609122890 5.259384546106 -1.087500000000
v -3.994104398296 5.364240647255 -1.087500000000
v -5.971390877110 5.260615453894 -1.087500000000
v -6.202177297554 3.828299844734 -1.127500000000
v -3.855105624485 4.074987018045 -1.127500000000
v -3.917822702446 4.671700155266 -1.127500000000
v -6.264894375515 4.425012981955 -1.127500000000
v -6.202177297554 3.828299844734 1.292500000000
v -3.855105624485 4.074987018045 1.292500000000
v -3.917822702446 4.671700155266 1.292500000000
v -6.264894375515 4.425012981955 1.292500000000
v -6.039088932093 4.304304421858 -1.247500000000
v -4.069935579264 4.511270779128 -1.247500000000
v -4.080911067907 4.615695578142 -1.247500000000
v -6.050064420736 4.408729220872 -1.247500000000
v -6.039088932093 4.304304421858 -1.087500000000
v -4.069935579264 4.511270779128 -1.087500000000
v -4.080911067907 4.615695578142 -1.087500000000
v -6.050064420736 4.408729220872 -1.087500000000
v -5.584651544753 6.646448970444 0.947920801453
v -5.814468982906 6.655611127447 0.947920801453
v -5.934468982906 3.645611127447 0.717920801453
v -5.704651544753 3.636448970444 0.717920801453
v -5.585531017094 6.624388872553 1.237079198547
v -5.815348455247 6.633551029556 1.237079198547
v -5.935348455247 3.623551029556 1.007079198547
v -5.705531017094 3.614388872553 1.007079198547
v -6.369273361823 1.643326227605 -1.387500000000
v -3.812781752851 1.509346179623 -1.387500000000
v -3.710726638177 3.456673772395 -1.387500000000
v -6.267218247149 3.590653820377 -1.387500000000
v -6.369273361823 1.643326227605 1.372500000000
v -3.812781752851 1.509346179623 1.372500000000
v -3.710726638177 3.456673772395 1.372500000000
v -6.267218247149 3.590653820377 1.372500000000
v -6.478654699058 1.280798140296 -1.602500000000
v -3.632560525008 1.429955615589 -1.602500000000
v -3.661345300942 1.979201859704 -1.602500000000
v -6.507439474992 1.830044384411 -1.602500000000
v -6.478654699058 1.280798140296 1.427500000000
v -3.632560525008 1.429955615589 1.427500000000
v -3.661345300942 1.979201859704 1.427500000000
v -6.507439474992 1.830044384411 1.427500000000
v -4.453830069155 1.587866166258 -1.797500000000
v -3.775486514978 1.635300568404 -1.797500000000
v -3.866169930845 2.932133833742 -1.797500000000
v -4.544513485022 2.884699431596 -1.797500000000
v -4.453830069155 1.587866166258 -1.337500000000
v -3.775486514978 1.635300568404 -1.337500000000
v -3.866169930845 2.932133833742 -1.337500000000
v -4.544513485022 2.884699431596 -1.337500000000
v -5.340000000000 1.610000000000 -1.797500000000
v -4.660000000000 1.610000000000 -1.797500000000
v -4.660000000000 2.910000000000 -1.797500000000
v -5.340000000000 2.910000000000 -1.797500000000
v -5.340000000000 1.610000000000 -1.337500000000
v -4.660000000000 1.610000000000 -1.337500000000
v -4.660000000000 2.910000000000 -1.337500000000
v -5.340000000000 2.910000000000 -1.337500000000
v -6.224513485022 1.635300568404 -1.797500000000
v -5.546169930845 1.587866166258 -1.797500000000
v -5.455486514978 2.884699431596 -1.797500000000
v -6.133830069155 2.932133833742 -1.797500000000
v -6.224513485022 1.635300568404 -1.337500000000
v -5.546169930845 1.587866166258 -1.337500000000
v -5.455486514978 2.884699431596 -1.337500000000
v -6.133830069155 2.932133833742 -1.337500000000
v -2.210000000000 3.225000000000 -0.457500000000
v -0.630000000000 3.225000000000 -0.457500000000
v -0.630000000000 5.515000000000 -0.457500000000
v -2.210000000000 5.515000000000 -0.457500000000
v -2.210000000000 3.225000000000 1.382500000000
v -0.630000000000 3.225000000000 1.382500000000
v -0.630000000000 5.515000000000 1.382500000000
v -2.210000000000 5.515000000000 1.382500000000
v -2.453559320226 4.901711871659 -1.137500000000
v -0.418528657696 4.759408665221 -1.137500000000
v -0.386440679774 5.218288128341 -1.137500000000
v -2.421471342304 5.360591334779 -1.137500000000
v -2.453559320226 4.901711871659 1.022500000000
v -0.418528657696 4.759408665221 1.022500000000
v -0.386440679774 5.218288128341 1.022500000000
v -2.421471342304 5.360591334779 1.022500000000
v -2.523559320226 4.281711871659 -1.137500000000
v -0.488528657696 4.139408665221 -1.137500000000
v -0.456440679774 4.598288128341 -1.137500000000
v -2.491471342304 4.740591334779 -1.137500000000
v -2.523559320226 4.281711871659 1.022500000000
v -0.488528657696 4.139408665221 1.022500000000
v -0.456440679774 4.598288128341 1.022500000000
v -2.491471342304 4.740591334779 1.022500000000
v -2.593559320226 3.661711871659 -1.137500000000
v -0.558528657696 3.519408665221 -1.137500000000
v -0.526440679774 3.978288128341 -1.137500000000
v -2.561471342304 4.120591334779 -1.137500000000
v -2.593559320226 3.661711871659 1.022500000000
v -0.558528657696 3.519408665221 1.022500000000
v -0.526440679774 3.978288128341 1.022500000000
v -2.561471342304 4.120591334779 1.022500000000
v -0.785000000000 2.891105076687 -0.832500000000
v -0.785000000000 3.328894923313 -0.832500000000
v -1.015000000000 3.328894923313 -0.832500000000
v -1.015000000000 2.891105076687 -0.832500000000
v -0.785000000000 2.891105076687 -0.282500000000
v -0.785000000000 3.328894923313 -0.282500000000
v -1.015000000000 3.328894923313 -0.282500000000
v -1.015000000000 2.891105076687 -0.282500000000
v -0.854281227750 3.496154602966 -0.832500000000
v -1.163845397034 3.805718772250 -0.832500000000
v -1.326479956707 3.643084212577 -0.832500000000
v -1.016915787423 3.333520043293 -0.832500000000
v -0.854281227750 3.496154602966 -0.282500000000
v -1.163845397034 3.805718772250 -0.282500000000
v -1.326479956707 3.643084212577 -0.282500000000
v -1.016915787423 3.333520043293 -0.282500000000
v -1.331105076687 3.875000000000 -0.832500000000
v -1.768894923313 3.875000000000 -0.832500000000
v -1.768894923313 3.645000000000 -0.832500000000
v -1.331105076687 3.645000000000 -0.832500000000
v -1.331105076687 3.875000000000 -0.282500000000
v -1.768894923313 3.875000000000 -0.282500000000
v -1.768894923313 3.645000000000 -0.282500000000
v -1.331105076687 3.645000000000 -0.282500000000
v -1.936154602966 3.805718772250 -0.832500000000
v -2.245718772250 3.496154602966 -0.832500000000
v -2.083084212577 3.333520043293 -0.832500000000
v -1.773520043293 3.643084212577 -0.832500000000
v -1.936154602966 3.805718772250 -0.282500000000
v -2.245718772250 3.496154602966 -0.282500000000
v -2.083084212577 3.333520043293 -0.282500000000
v -1.773520043293 3.643084212577 -0.282500000000
v -2.315000000000 3.328894923313 -0.832500000000
v -2.315000000000 2.891105076687 -0.832500000000
v -2.085000000000 2.891105076687 -0.832500000000
v -2.085000000000 3.328894923313 -0.832500000000
v -2.315000000000 3.328894923313 -0.282500000000
v -2.315000000000 2.891105076687 -0.282500000000
v -2.085000000000 2.891105076687 -0.282500000000
v -2.085000000000 3.328894923313 -0.282500000000
v -2.245718772250 2.723845397034 -0.832500000000
v -1.936154602966 2.414281227750 -0.832500000000
v -1.773520043293 2.576915787423 -0.832500000000
v -2.083084212577 2.886479956707 -0.832500000000
v -2.245718772250 2.723845397034 -0.282500000000
v -1.936154602966 2.414281227750 -0.282500000000
v -1.773520043293 2.576915787423 -0.282500000000
v -2.083084212577 2.886479956707 -0.282500000000
v -1.768894923313 2.345000000000 -0.832500000000
v -1.331105076687 2.345000000000 -0.832500000000
v -1.331105076687 2.575000000000 -0.832500000000
v -1.768894923313 2.575000000000 -0.832500000000
v -1.768894923313 2.345000000000 -0.282500000000
v -1.331105076687 2.345000000000 -0.282500000000
v -1.331105076687 2.575000000000 -0.282500000000
v -1.768894923313 2.575000000000 -0.282500000000
v -1.163845397034 2.414281227750 -0.832500000000
v -0.854281227750 2.723845397034 -0.832500000000
v -1.016915787423 2.886479956707 -0.832500000000
v -1.326479956707 2.576915787423 -0.832500000000
v -1.163845397034 2.414281227750 -0.282500000000
v -0.854281227750 2.723845397034 -0.282500000000
v -1.016915787423 2.886479956707 -0.282500000000
v -1.326479956707 2.576915787423 -0.282500000000
v -2.390000000000 0.795000000000 -0.492500000000
v -0.870000000000 0.795000000000 -0.492500000000
v -0.870000000000 2.965000000000 -0.492500000000
v -2.390000000000 2.965000000000 -0.492500000000
v -2.390000000000 0.795000000000 1.297500000000
v -0.870000000000 0.795000000000 1.297500000000
v -0.870000000000 2.965000000000 1.297500000000
v -2.390000000000 2.965000000000 1.297500000000
v -2.465855679652 2.331122238095 -1.227500000000
v -0.517043566964 2.399176256665 -1.227500000000
v -0.534144320348 2.888877761905 -1.227500000000
v -2.482956433036 2.820823743335 -1.227500000000
v -2.465855679652 2.331122238095 0.872500000000
v -0.517043566964 2.399176256665 0.872500000000
v -0.534144320348 2.888877761905 0.872500000000
v -2.482956433036 2.820823743335 0.872500000000
v -2.479127342355 1.722053410963 -1.227500000000
v -0.529424336800 1.688021218410 -1.227500000000
v -0.520872657645 2.177946589037 -1.227500000000
v -2.470575663200 2.211978781590 -1.227500000000
v -2.479127342355 1.722053410963 0.872500000000
v -0.529424336800 1.688021218410 0.872500000000
v -0.520872657645 2.177946589037 0.872500000000
v -2.470575663200 2.211978781590 0.872500000000
v -2.489715285071 1.113609369587 -1.227500000000
v -0.544465387064 0.977584245786 -1.227500000000
v -0.510284714929 1.466390630413 -1.227500000000
v -2.455534612936 1.602415754214 -1.227500000000
v -2.489715285071 1.113609369587 0.872500000000
v -0.544465387064 0.977584245786 0.872500000000
v -0.510284714929 1.466390630413 0.872500000000
v -2.455534612936 1.602415754214 0.872500000000
v -2.640000000000 0.000000000000 -1.917500000000
v -0.200000000000 0.000000000000 -1.917500000000
v -0.200000000000 0.840000000000 -1.917500000000
v -2.640000000000 0.840000000000 -1.917500000000
v -2.640000000000 0.000000000000 0.982500000000
v -0.200000000000 0.000000000000 0.982500000000
v -0.200000000000 0.840000000000 0.982500000000
v -2.640000000000 0.840000000000 0.982500000000
v -2.585000000000 0.045000000000 -2.097500000000
v -1.475000000000 0.045000000000 -2.097500000000
v -1.475000000000 0.755000000000 -2.097500000000
v -2.585000000000 0.755000000000 -2.097500000000
v -2.585000000000 0.045000000000 -1.517500000000
v -1.475000000000 0.045000000000 -1.517500000000
v -1.475000000000 0.755000000000 -1.517500000000
v -2.585000000000 0.755000000000 -1.517500000000
v -1.365000000000 0.045000000000 -2.097500000000
v -0.255000000000 0.045000000000 -2.097500000000
v -0.255000000000 0.755000000000 -2.097500000000
v -1.365000000000 0.755000000000 -2.097500000000
v -1.365000000000 0.045000000000 -1.517500000000
v -0.255000000000 0.045000000000 -1.517500000000
v -0.255000000000 0.755000000000 -1.517500000000
v -1.365000000000 0.755000000000 -1.517500000000
v -2.400000000000 0.010000000000 0.812500000000
v -0.440000000000 0.010000000000 0.812500000000
v -0.440000000000 0.990000000000 0.812500000000
v -2.400000000000 0.990000000000 0.812500000000
v -2.400000000000 0.010000000000 1.472500000000
v -0.440000000000 0.010000000000 1.472500000000
v -0.440000000000 0.990000000000 1.472500000000
v -2.400000000000 0.990000000000 1.472500000000
v 2.182033562147 11.775403866469 -1.257500000000
v 5.753312862077 12.025132042473 -1.257500000000
v 5.737966437853 12.244596133531 -1.257500000000
v 2.166687137923 11.994867957527 -1.257500000000
v 2.182033562147 11.775403866469 1.982500000000
v 5.753312862077 12.025132042473 1.982500000000
v 5.737966437853 12.244596133531 1.982500000000
v 2.166687137923 11.994867957527 1.982500000000
v 2.405941985889 12.024868492821 -1.237500000000
v 5.733232277515 12.315968673598 -1.237500000000
v 5.714058014111 12.535131507179 -1.237500000000
v 2.386767722485 12.244031326402 -1.237500000000
v 2.405941985889 12.024868492821 1.842500000000
v 5.733232277515 12.315968673598 1.842500000000
v 5.714058014111 12.535131507179 1.842500000000
v 2.386767722485 12.244031326402 1.842500000000
v 2.629989193139 12.278583473445 -1.217500000000
v 5.713007068780 12.602621709574 -1.217500000000
v 5.690010806861 12.821416526555 -1.217500000000
v 2.606992931220 12.497378290426 -1.217500000000
v 2.629989193139 12.278583473445 1.702500000000
v 5.713007068780 12.602621709574 1.702500000000
v 5.690010806861 12.821416526555 1.702500000000
v 2.606992931220 12.497378290426 1.702500000000
v 2.305124204776 10.053718174919 -1.272500000000
v 5.646963773146 10.287402361962 -1.272500000000
v 5.614875795224 10.746281825081 -1.272500000000
v 2.273036226854 10.512597638038 -1.272500000000
v 2.305124204776 10.053718174919 1.797500000000
v 5.646963773146 10.287402361962 1.797500000000
v 5.614875795224 10.746281825081 1.797500000000
v 2.273036226854 10.512597638038 1.797500000000
v 2.429382406284 10.435293455086 -0.762500000000
v 2.787410288617 10.472923701862 -0.762500000000
v 2.630617593716 11.964706544914 -0.762500000000
v 2.272589711383 11.927076298138 -0.762500000000
v 2.429382406284 10.435293455086 1.807500000000
v 2.787410288617 10.472923701862 1.807500000000
v 2.630617593716 11.964706544914 1.807500000000
v 2.272589711383 11.927076298138 1.807500000000
v 5.289382406284 10.435293455086 -0.762500000000
v 5.647410288617 10.472923701862 -0.762500000000
v 5.490617593716 11.964706544914 -0.762500000000
v 5.132589711383 11.927076298138 -0.762500000000
v 5.289382406284 10.435293455086 1.807500000000
v 5.647410288617 10.472923701862 1.807500000000
v 5.490617593716 11.964706544914 1.807500000000
v 5.132589711383 11.927076298138 1.807500000000
v 4.665000000000 11.044575533506 -0.807500000000
v 4.665000000000 11.455424466494 -0.807500000000
v 4.475000000000 11.455424466494 -0.807500000000
v 4.475000000000 11.044575533506 -0.807500000000
v 4.665000000000 11.044575533506 -0.247500000000
v 4.665000000000 11.455424466494 -0.247500000000
v 4.475000000000 11.455424466494 -0.247500000000
v 4.475000000000 11.044575533506 -0.247500000000
v 4.603767314016 11.603253247457 -0.807500000000
v 4.313253247457 11.893767314016 -0.807500000000
v 4.178902959032 11.759417025590 -0.807500000000
v 4.469417025590 11.468902959032 -0.807500000000
v 4.603767314016 11.603253247457 -0.247500000000
v 4.313253247457 11.893767314016 -0.247500000000
v 4.178902959032 11.759417025590 -0.247500000000
v 4.469417025590 11.468902959032 -0.247500000000
v 4.165424466494 11.955000000000 -0.807500000000
v 3.754575533506 11.955000000000 -0.807500000000
v 3.754575533506 11.765000000000 -0.807500000000
v 4.165424466494 11.765000000000 -0.807500000000
v 4.165424466494 11.955000000000 -0.247500000000
v 3.754575533506 11.955000000000 -0.247500000000
v 3.754575533506 11.765000000000 -0.247500000000
v 4.165424466494 11.765000000000 -0.247500000000
v 3.606746752543 11.893767314016 -0.807500000000
v 3.316232685984 11.603253247457 -0.807500000000
v 3.450582974410 11.468902959032 -0.807500000000
v 3.741097040968 11.759417025590 -0.807500000000
v 3.606746752543 11.893767314016 -0.247500000000
v 3.316232685984 11.603253247457 -0.247500000000
v 3.450582974410 11.468902959032 -0.247500000000
v 3.741097040968 11.759417025590 -0.247500000000
v 3.255000000000 11.455424466494 -0.807500000000
v 3.255000000000 11.044575533506 -0.807500000000
v 3.445000000000 11.044575533506 -0.807500000000
v 3.445000000000 11.455424466494 -0.807500000000
v 3.255000000000 11.455424466494 -0.247500000000
v 3.255000000000 11.044575533506 -0.247500000000
v 3.445000000000 11.044575533506 -0.247500000000
v 3.445000000000 11.455424466494 -0.247500000000
v 3.316232685984 10.896746752543 -0.807500000000
v 3.606746752543 10.606232685984 -0.807500000000
v 3.741097040968 10.740582974410 -0.807500000000
v 3.450582974410 11.031097040968 -0.807500000000
v 3.316232685984 10.896746752543 -0.247500000000
v 3.606746752543 10.606232685984 -0.247500000000
v 3.741097040968 10.740582974410 -0.247500000000
v 3.450582974410 11.031097040968 -0.247500000000
v 3.754575533506 10.545000000000 -0.807500000000
v 4.165424466494 10.545000000000 -0.807500000000
v 4.165424466494 10.735000000000 -0.807500000000
v 3.754575533506 10.735000000000 -0.807500000000
v 3.754575533506 10.545000000000 -0.247500000000
v 4.165424466494 10.545000000000 -0.247500000000
v 4.165424466494 10.735000000000 -0.247500000000
v 3.754575533506 10.735000000000 -0.247500000000
v 4.313253247457 10.606232685984 -0.807500000000
v 4.603767314016 10.896746752543 -0.807500000000
v 4.469417025590 11.031097040968 -0.807500000000
v 4.178902959032 10.740582974410 -0.807500000000
v 4.313253247457 10.606232685984 -0.247500000000
v 4.603767314016 10.896746752543 -0.247500000000
v 4.469417025590 11.031097040968 -0.247500000000
v 4.178902959032 10.740582974410 -0.247500000000
v 4.401641562781 11.205283139704 -0.287500000000
v 4.368701564244 11.423233654223 -0.287500000000
v 4.230273613333 11.402312315677 -0.287500000000
v 4.263213611870 11.184361801158 -0.287500000000
v 4.401641562781 11.205283139704 0.072500000000
v 4.368701564244 11.423233654223 0.072500000000
v 4.230273613333 11.402312315677 0.072500000000
v 4.263213611870 11.184361801158 0.072500000000
v 4.303907339045 11.530668148748 -0.287500000000
v 4.126500955928 11.661490339189 -0.287500000000
v 4.043411233490 11.548813376036 -0.287500000000
v 4.220817616608 11.417991185596 -0.287500000000
v 4.303907339045 11.530668148748 0.072500000000
v 4.126500955928 11.661490339189 0.072500000000
v 4.043411233490 11.548813376036 0.072500000000
v 4.220817616608 11.417991185596 0.072500000000
v 4.004716860296 11.691641562781 -0.287500000000
v 3.786766345777 11.658701564244 -0.287500000000
v 3.807687684323 11.520273613333 -0.287500000000
v 4.025638198842 11.553213611870 -0.287500000000
v 4.004716860296 11.691641562781 0.072500000000
v 3.786766345777 11.658701564244 0.072500000000
v 3.807687684323 11.520273613333 0.072500000000
v 4.025638198842 11.553213611870 0.072500000000
v 3.679331851252 11.593907339045 -0.287500000000
v 3.548509660811 11.416500955928 -0.287500000000
v 3.661186623964 11.333411233490 -0.287500000000
v 3.792008814404 11.510817616608 -0.287500000000
v 3.679331851252 11.593907339045 0.072500000000
v 3.548509660811 11.416500955928 0.072500000000
v 3.661186623964 11.333411233490 0.072500000000
v 3.792008814404 11.510817616608 0.072500000000
v 3.518358437219 11.294716860296 -0.287500000000
v 3.551298435756 11.076766345777 -0.287500000000
v 3.689726386667 11.097687684323 -0.287500000000
v 3.656786388130 11.315638198842 -0.287500000000
v 3.518358437219 11.294716860296 0.072500000000
v 3.551298435756 11.076766345777 0.072500000000
v 3.689726386667 11.097687684323 0.072500000000
v 3.656786388130 11.315638198842 0.072500000000
v 3.616092660955 10.969331851252 -0.287500000000
v 3.793499044072 10.838509660811 -0.287500000000
v 3.876588766510 10.951186623964 -0.287500000000
v 3.699182383392 11.082008814404 -0.287500000000
v 3.616092660955 10.969331851252 0.072500000000
v 3.793499044072 10.838509660811 0.072500000000
v 3.876588766510 10.951186623964 0.072500000000
v 3.699182383392 11.082008814404 0.072500000000
v 3.915283139704 10.808358437219 -0.287500000000
v 4.133233654223 10.841298435756 -0.287500000000
v 4.112312315677 10.979726386667 -0.287500000000
v 3.894361801158 10.946786388130 -0.287500000000
v 3.915283139704 10.808358437219 0.072500000000
v 4.133233654223 10.841298435756 0.072500000000
v 4.112312315677 10.979726386667 0.072500000000
v 3.894361801158 10.946786388130 0.072500000000
v 4.240668148748 10.906092660955 -0.287500000000
v 4.371490339189 11.083499044072 -0.287500000000
v 4.258813376036 11.166588766510 -0.287500000000
v 4.127991185596 10.989182383392 -0.287500000000
v 4.240668148748 10.906092660955 0.072500000000
v 4.371490339189 11.083499044072 0.072500000000
v 4.258813376036 11.166588766510 0.072500000000
v 4.127991185596 10.989182383392 0.072500000000
v 3.800000000000 11.055000000000 0.117500000000
v 4.120000000000 11.055000000000 0.117500000000
v 4.120000000000 11.405000000000 0.117500000000
v 3.800000000000 11.405000000000 0.117500000000
v 3.800000000000 11.055000000000 0.207500000000
v 4.120000000000 11.055000000000 0.207500000000
v 4.120000000000 11.405000000000 0.207500000000
v 3.800000000000 11.405000000000 0.207500000000
v 3.095171789841 10.716354505255 1.297500000000
v 3.359271642039 10.772490661776 1.297500000000
v 3.084828210159 12.063645494745 1.297500000000
v 2.820728357961 12.007509338224 1.297500000000
v 3.095171789841 10.716354505255 1.807500000000
v 3.359271642039 10.772490661776 1.807500000000
v 3.084828210159 12.063645494745 1.807500000000
v 2.820728357961 12.007509338224 1.807500000000
v 3.675171789841 10.716354505255 1.297500000000
v 3.939271642039 10.772490661776 1.297500000000
v 3.664828210159 12.063645494745 1.297500000000
v 3.400728357961 12.007509338224 1.297500000000
v 3.675171789841 10.716354505255 1.807500000000
v 3.939271642039 10.772490661776 1.807500000000
v 3.664828210159 12.063645494745 1.807500000000
v 3.400728357961 12.007509338224 1.807500000000
v 4.255171789841 10.716354505255 1.297500000000
v 4.519271642039 10.772490661776 1.297500000000
v 4.244828210159 12.063645494745 1.297500000000
v 3.980728357961 12.007509338224 1.297500000000
v 4.255171789841 10.716354505255 1.807500000000
v 4.519271642039 10.772490661776 1.807500000000
v 4.244828210159 12.063645494745 1.807500000000
v 3.980728357961 12.007509338224 1.807500000000
v 4.835171789841 10.716354505255 1.297500000000
v 5.099271642039 10.772490661776 1.297500000000
v 4.824828210159 12.063645494745 1.297500000000
v 4.560728357961 12.007509338224 1.297500000000
v 4.835171789841 10.716354505255 1.807500000000
v 5.099271642039 10.772490661776 1.807500000000
v 4.824828210159 12.063645494745 1.807500000000
v 4.560728357961 12.007509338224 1.807500000000
v 4.015000000000 7.465000000000 -0.302500000000
v 5.365000000000 7.465000000000 -0.302500000000
v 5.365000000000 10.415000000000 -0.302500000000
v 4.015000000000 10.415000000000 -0.302500000000
v 4.015000000000 7.465000000000 1.247500000000
v 5.365000000000 7.465000000000 1.247500000000
v 5.365000000000 10.415000000000 1.247500000000
v 4.015000000000 10.415000000000 1.247500000000
v 3.612535698472 9.809007528439 -1.182500000000
v 5.659726244719 9.701718818141 -1.182500000000
v 5.687464301528 10.230992471561 -1.182500000000
v 3.640273755281 10.338281181859 -1.182500000000
v 3.612535698472 9.809007528439 0.847500000000
v 5.659726244719 9.701718818141 0.847500000000
v 5.687464301528 10.230992471561 0.847500000000
v 3.640273755281 10.338281181859 0.847500000000
v 3.765000000000 9.700000000000 -1.142500000000
v 5.535000000000 9.700000000000 -1.142500000000
v 5.535000000000 9.800000000000 -1.142500000000
v 3.765000000000 9.800000000000 -1.142500000000
v 3.765000000000 9.700000000000 0.707500000000
v 5.535000000000 9.700000000000 0.707500000000
v 5.535000000000 9.800000000000 0.707500000000
v 3.765000000000 9.800000000000 0.707500000000
v 3.705000000000 9.055000000000 -1.182500000000
v 5.755000000000 9.055000000000 -1.182500000000
v 5.755000000000 9.585000000000 -1.182500000000
v 3.705000000000 9.585000000000 -1.182500000000
v 3.705000000000 9.055000000000 0.847500000000
v 5.755000000000 9.055000000000 0.847500000000
v 5.755000000000 9.585000000000 0.847500000000
v 3.705000000000 9.585000000000 0.847500000000
v 3.845000000000 9.000000000000 -1.142500000000
v 5.615000000000 9.000000000000 -1.142500000000
v 5.615000000000 9.100000000000 -1.142500000000
v 3.845000000000 9.100000000000 -1.142500000000
v 3.845000000000 9.000000000000 0.707500000000
v 5.615000000000 9.000000000000 0.707500000000
v 5.615000000000 9.100000000000 0.707500000000
v 3.845000000000 9.100000000000 0.707500000000
v 3.800273755281 8.301718818141 -1.182500000000
v 5.847464301528 8.409007528439 -1.182500000000
v 5.819726244719 8.938281181859 -1.182500000000
v 3.772535698472 8.830992471561 -1.182500000000
v 3.800273755281 8.301718818141 0.847500000000
v 5.847464301528 8.409007528439 0.847500000000
v 5.819726244719 8.938281181859 0.847500000000
v 3.772535698472 8.830992471561 0.847500000000
v 3.925000000000 8.300000000000 -1.142500000000
v 5.695000000000 8.300000000000 -1.142500000000
v 5.695000000000 8.400000000000 -1.142500000000
v 3.925000000000 8.400000000000 -1.142500000000
v 3.925000000000 8.300000000000 0.707500000000
v 5.695000000000 8.300000000000 0.707500000000
v 5.695000000000 8.400000000000 0.707500000000
v 3.925000000000 8.400000000000 0.707500000000
v 3.898315100013 7.549310022878 -1.182500000000
v 5.937084985518 7.763593372577 -1.182500000000
v 5.881684899987 8.290689977122 -1.182500000000
v 3.842915014482 8.076406627423 -1.182500000000
v 3.898315100013 7.549310022878 0.847500000000
v 5.937084985518 7.763593372577 0.847500000000
v 5.881684899987 8.290689977122 0.847500000000
v 3.842915014482 8.076406627423 0.847500000000
v 4.005000000000 7.600000000000 -1.142500000000
v 5.775000000000 7.600000000000 -1.142500000000
v 5.775000000000 7.700000000000 -1.142500000000
v 4.005000000000 7.700000000000 -1.142500000000
v 4.005000000000 7.600000000000 0.707500000000
v 5.775000000000 7.600000000000 0.707500000000
v 5.775000000000 7.700000000000 0.707500000000
v 4.005000000000 7.700000000000 0.707500000000
v 5.759515846152 9.915571764880 0.777939980654
v 5.539654776168 9.907754482392 0.777939980654
v 5.619654776168 7.657754482392 0.607939980654
v 5.839515846152 7.665571764880 0.607939980654
v 5.760345223832 9.892245517608 1.087060019346
v 5.540484153848 9.884428235120 1.087060019346
v 5.620484153848 7.634428235120 0.917060019346
v 5.840345223832 7.642245517608 0.917060019346
v 5.495000000000 6.971207919302 -0.847500000000
v 5.495000000000 7.388792080698 -0.847500000000
v 5.305000000000 7.388792080698 -0.847500000000
v 5.305000000000 6.971207919302 -0.847500000000
v 5.495000000000 6.971207919302 -0.147500000000
v 5.495000000000 7.388792080698 -0.147500000000
v 5.305000000000 7.388792080698 -0.147500000000
v 5.305000000000 6.971207919302 -0.147500000000
v 5.433219644668 7.537943052428 -0.847500000000
v 5.137943052428 7.833219644668 -0.847500000000
v 5.003592764003 7.698869356243 -0.847500000000
v 5.298869356243 7.403592764003 -0.847500000000
v 5.433219644668 7.537943052428 -0.147500000000
v 5.137943052428 7.833219644668 -0.147500000000
v 5.003592764003 7.698869356243 -0.147500000000
v 5.298869356243 7.403592764003 -0.147500000000
v 4.988792080698 7.895000000000 -0.847500000000
v 4.571207919302 7.895000000000 -0.847500000000
v 4.571207919302 7.705000000000 -0.847500000000
v 4.988792080698 7.705000000000 -0.847500000000
v 4.988792080698 7.895000000000 -0.147500000000
v 4.571207919302 7.895000000000 -0.147500000000
v 4.571207919302 7.705000000000 -0.147500000000
v 4.988792080698 7.705000000000 -0.147500000000
v 4.422056947572 7.833219644668 -0.847500000000
v 4.126780355332 7.537943052428 -0.847500000000
v 4.261130643757 7.403592764003 -0.847500000000
v 4.556407235997 7.698869356243 -0.847500000000
v 4.422056947572 7.833219644668 -0.147500000000
v 4.126780355332 7.537943052428 -0.147500000000
v 4.261130643757 7.403592764003 -0.147500000000
v 4.556407235997 7.698869356243 -0.147500000000
v 4.065000000000 7.388792080698 -0.847500000000
v 4.065000000000 6.971207919302 -0.847500000000
v 4.255000000000 6.971207919302 -0.847500000000
v 4.255000000000 7.388792080698 -0.847500000000
v 4.065000000000 7.388792080698 -0.147500000000
v 4.065000000000 6.971207919302 -0.147500000000
v 4.255000000000 6.971207919302 -0.147500000000
v 4.255000000000 7.388792080698 -0.147500000000
v 4.126780355332 6.822056947572 -0.847500000000
v 4.422056947572 6.526780355332 -0.847500000000
v 4.556407235997 6.661130643757 -0.847500000000
v 4.261130643757 6.956407235997 -0.847500000000
v 4.126780355332 6.822056947572 -0.147500000000
v 4.422056947572 6.526780355332 -0.147500000000
v 4.556407235997 6.661130643757 -0.147500000000
v 4.261130643757 6.956407235997 -0.147500000000
v 4.571207919302 6.465000000000 -0.847500000000
v 4.988792080698 6.465000000000 -0.847500000000
v 4.988792080698 6.655000000000 -0.847500000000
v 4.571207919302 6.655000000000 -0.847500000000
v 4.571207919302 6.465000000000 -0.147500000000
v 4.988792080698 6.465000000000 -0.147500000000
v 4.988792080698 6.655000000000 -0.147500000000
v 4.571207919302 6.655000000000 -0.147500000000
v 5.137943052428 6.526780355332 -0.847500000000
v 5.433219644668 6.822056947572 -0.847500000000
v 5.298869356243 6.956407235997 -0.847500000000
v 5.003592764003 6.661130643757 -0.847500000000
v 5.137943052428 6.526780355332 -0.147500000000
v 5.433219644668 6.822056947572 -0.147500000000
v 5.298869356243 6.956407235997 -0.147500000000
v 5.003592764003 6.661130643757 -0.147500000000
v 4.140000000000 6.675000000000 -0.497500000000
v 4.960000000000 6.675000000000 -0.497500000000
v 4.960000000000 7.285000000000 -0.497500000000
v 4.140000000000 7.285000000000 -0.497500000000
v 4.140000000000 6.675000000000 1.122500000000
v 4.960000000000 6.675000000000 1.122500000000
v 4.960000000000 7.285000000000 1.122500000000
v 4.140000000000 7.285000000000 1.122500000000
v 3.762174037012 6.294149986612 -1.127500000000
v 5.909227536734 6.406672292535 -1.127500000000
v 5.877825962988 7.005850013388 -1.127500000000
v 3.730772463266 6.893327707465 -1.127500000000
v 3.762174037012 6.294149986612 1.292500000000
v 5.909227536734 6.406672292535 1.292500000000
v 5.877825962988 7.005850013388 1.292500000000
v 3.730772463266 6.893327707465 1.292500000000
v 3.834104398296 6.755759352745 -1.247500000000
v 5.811390877110 6.859384546106 -1.247500000000
v 5.805895601704 6.964240647255 -1.247500000000
v 3.828609122890 6.860615453894 -1.247500000000
v 3.834104398296 6.755759352745 -1.087500000000
v 5.811390877110 6.859384546106 -1.087500000000
v 5.805895601704 6.964240647255 -1.087500000000
v 3.828609122890 6.860615453894 -1.087500000000
v 3.790000000000 5.550000000000 -1.127500000000
v 6.010000000000 5.550000000000 -1.127500000000
v 6.010000000000 6.150000000000 -1.127500000000
v 3.790000000000 6.150000000000 -1.127500000000
v 3.790000000000 5.550000000000 1.292500000000
v 6.010000000000 5.550000000000 1.292500000000
v 6.010000000000 6.150000000000 1.292500000000
v 3.790000000000 6.150000000000 1.292500000000
v 3.910000000000 6.007500000000 -1.247500000000
v 5.890000000000 6.007500000000 -1.247500000000
v 5.890000000000 6.112500000000 -1.247500000000
v 3.910000000000 6.112500000000 -1.247500000000
v 3.910000000000 6.007500000000 -1.087500000000
v 5.890000000000 6.007500000000 -1.087500000000
v 5.890000000000 6.112500000000 -1.087500000000
v 3.910000000000 6.112500000000 -1.087500000000
v 3.820868395833 4.810335809472 -1.127500000000
v 6.107730030421 4.690486469675 -1.127500000000
v 6.139131604167 5.289664190528 -1.127500000000
v 3.852269969579 5.409513530325 -1.127500000000
v 3.820868395833 4.810335809472 1.292500000000
v 6.107730030421 4.690486469675 1.292500000000
v 6.139131604167 5.289664190528 1.292500000000
v 3.852269969579 5.409513530325 1.292500000000
v 3.988609122890 5.259384546106 -1.247500000000
v 5.965895601704 5.155759352745 -1.247500000000
v 5.971390877110 5.260615453894 -1.247500000000
v 3.994104398296 5.364240647255 -1.247500000000
v 3.988609122890 5.259384546106 -1.087500000000
v 5.965895601704 5.155759352745 -1.087500000000
v 5.971390877110 5.260615453894 -1.087500000000
v 3.994104398296 5.364240647255 -1.087500000000
v 3.855105624485 4.074987018045 -1.127500000000
v 6.202177297554 3.828299844734 -1.127500000000
v 6.264894375515 4.425012981955 -1.127500000000
v 3.917822702446 4.671700155266 -1.127500000000
v 3.855105624485 4.074987018045 1.292500000000
v 6.202177297554 3.828299844734 1.292500000000
v 6.264894375515 4.425012981955 1.292500000000
v 3.917822702446 4.671700155266 1.292500000000
v 4.069935579264 4.511270779128 -1.247500000000
v 6.039088932093 4.304304421858 -1.247500000000
v 6.050064420736 4.408729220872 -1.247500000000
v 4.080911067907 4.615695578142 -1.247500000000
v 4.069935579264 4.511270779128 -1.087500000000
v 6.039088932093 4.304304421858 -1.087500000000
v 6.050064420736 4.408729220872 -1.087500000000
v 4.080911067907 4.615695578142 -1.087500000000
v 5.814468982906 6.655611127447 0.947920801453
v 5.584651544753 6.646448970444 0.947920801453
v 5.704651544753 3.636448970444 0.717920801453
v 5.934468982906 3.645611127447 0.717920801453
v 5.815348455247 6.633551029556 1.237079198547
v 5.585531017094 6.624388872553 1.237079198547
v 5.705531017094 3.614388872553 1.007079198547
v 5.935348455247 3.623551029556 1.007079198547
v 3.812781752851 1.509346179623 -1.387500000000
v 6.369273361823 1.643326227605 -1.387500000000
v 6.267218247149 3.590653820377 -1.387500000000
v 3.710726638177 3.456673772395 -1.387500000000
v 3.812781752851 1.509346179623 1.372500000000
v 6.369273361823 1.643326227605 1.372500000000
v 6.267218247149 3.590653820377 1.372500000000
v 3.710726638177 3.456673772395 1.372500000000
v 3.632560525008 1.429955615589 -1.602500000000
v 6.478654699058 1.280798140296 -1.602500000000
v 6.507439474992 1.830044384411 -1.602500000000
v 3.661345300942 1.979201859704 -1.602500000000
v 3.632560525008 1.429955615589 1.427500000000
v 6.478654699058 1.280798140296 1.427500000000
v 6.507439474992 1.830044384411 1.427500000000
v 3.661345300942 1.979201859704 1.427500000000
v 3.775486514978 1.635300568404 -1.797500000000
v 4.453830069155 1.587866166258 -1.797500000000
v 4.544513485022 2.884699431596 -1.797500000000
v 3.866169930845 2.932133833742 -1.797500000000
v 3.775486514978 1.635300568404 -1.337500000000
v 4.453830069155 1.587866166258 -1.337500000000
v 4.544513485022 2.884699431596 -1.337500000000
v 3.866169930845 2.932133833742 -1.337500000000
v 4.660000000000 1.610000000000 -1.797500000000
v 5.340000000000 1.610000000000 -1.797500000000
v 5.340000000000 2.910000000000 -1.797500000000
v 4.660000000000 2.910000000000 -1.797500000000
v 4.660000000000 1.610000000000 -1.337500000000
v 5.340000000000 1.610000000000 -1.337500000000
v 5.340000000000 2.910000000000 -1.337500000000
v 4.660000000000 2.910000000000 -1.337500000000
v 5.546169930845 1.587866166258 -1.797500000000
v 6.224513485022 1.635300568404 -1.797500000000
v 6.133830069155 2.932133833742 -1.797500000000
v 5.455486514978 2.884699431596 -1.797500000000
v 5.546169930845 1.587866166258 -1.337500000000
v 6.224513485022 1.635300568404 -1.337500000000
v 6.133830069155 2.932133833742 -1.337500000000
v 5.455486514978 2.884699431596 -1.337500000000
v 0.630000000000 3.225000000000 -0.457500000000
v 2.210000000000 3.225000000000 -0.457500000000
v 2.210000000000 5.515000000000 -0.457500000000
v 0.630000000000 5.515000000000 -0.457500000000
v 0.630000000000 3.225000000000 1.382500000000
v 2.210000000000 3.225000000000 1.382500000000
v 2.210000000000 5.515000000000 1.382500000000
v 0.630000000000 5.515000000000 1.382500000000
v 0.418528657696 4.759408665221 -1.137500000000
v 2.453559320226 4.901711871659 -1.137500000000
v 2.421471342304 5.360591334779 -1.137500000000
v 0.386440679774 5.218288128341 -1.137500000000
v 0.418528657696 4.759408665221 1.022500000000
v 2.453559320226 4.901711871659 1.022500000000
v 2.421471342304 5.360591334779 1.022500000000
v 0.386440679774 5.218288128341 1.022500000000
v 0.488528657696 4.139408665221 -1.137500000000
v 2.523559320226 4.281711871659 -1.137500000000
v 2.491471342304 4.740591334779 -1.137500000000
v 0.456440679774 4.598288128341 -1.137500000000
v 0.488528657696 4.139408665221 1.022500000000
v 2.523559320226 4.281711871659 1.022500000000
v 2.491471342304 4.740591334779 1.022500000000
v 0.456440679774 4.598288128341 1.022500000000
v 0.558528657696 3.519408665221 -1.137500000000
v 2.593559320226 3.661711871659 -1.137500000000
v 2.561471342304 4.120591334779 -1.137500000000
v 0.526440679774 3.978288128341 -1.137500000000
v 0.558528657696 3.519408665221 1.022500000000
v 2.593559320226 3.661711871659 1.022500000000
v 2.561471342304 4.120591334779 1.022500000000
v 0.526440679774 3.978288128341 1.022500000000
v 2.315000000000 2.891105076687 -0.832500000000
v 2.315000000000 3.328894923313 -0.832500000000
v 2.085000000000 3.328894923313 -0.832500000000
v 2.085000000000 2.891105076687 -0.832500000000
v 2.315000000000 2.891105076687 -0.282500000000
v 2.315000000000 3.328894923313 -0.282500000000
v 2.085000000000 3.328894923313 -0.282500000000
v 2.085000000000 2.891105076687 -0.282500000000
v 2.245718772250 3.496154602966 -0.832500000000
v 1.936154602966 3.805718772250 -0.832500000000
v 1.773520043293 3.643084212577 -0.832500000000
v 2.083084212577 3.333520043293 -0.832500000000
v 2.245718772250 3.496154602966 -0.282500000000
v 1.936154602966 3.805718772250 -0.282500000000
v 1.773520043293 3.643084212577 -0.282500000000
v 2.083084212577 3.333520043293 -0.282500000000
v 1.768894923313 3.875000000000 -0.832500000000
v 1.331105076687 3.875000000000 -0.832500000000
v 1.331105076687 3.645000000000 -0.832500000000
v 1.768894923313 3.645000000000 -0.832500000000
v 1.768894923313 3.875000000000 -0.282500000000
v 1.331105076687 3.875000000000 -0.282500000000
v 1.331105076687 3.645000000000 -0.282500000000
v 1.768894923313 3.645000000000 -0.282500000000
v 1.163845397034 3.805718772250 -0.832500000000
v 0.854281227750 3.496154602966 -0.832500000000
v 1.016915787423 3.333520043293 -0.832500000000
v 1.326479956707 3.643084212577 -0.832500000000
v 1.163845397034 3.805718772250 -0.282500000000
v 0.854281227750 3.496154602966 -0.282500000000
v 1.016915787423 3.333520043293 -0.282500000000
v 1.326479956707 3.643084212577 -0.282500000000
v 0.785000000000 3.328894923313 -0.832500000000
v 0.785000000000 2.891105076687 -0.832500000000
v 1.015000000000 2.891105076687 -0.832500000000
v 1.015000000000 3.328894923313 -0.832500000000
v 0.785000000000 3.328894923313 -0.282500000000
v 0.785000000000 2.891105076687 -0.282500000000
v 1.015000000000 2.891105076687 -0.282500000000
v 1.015000000000 3.328894923313 -0.282500000000
v 0.854281227750 2.723845397034 -0.832500000000
v 1.163845397034 2.414281227750 -0.832500000000
v 1.326479956707 2.576915787423 -0.832500000000
v 1.016915787423 2.886479956707 -0.832500000000
v 0.854281227750 2.723845397034 -0.282500000000
v 1.163845397034 2.414281227750 -0.282500000000
v 1.326479956707 2.576915787423 -0.282500000000
v 1.016915787423 2.886479956707 -0.282500000000
v 1.331105076687 2.345000000000 -0.832500000000
v 1.768894923313 2.345000000000 -0.832500000000
v 1.768894923313 2.575000000000 -0.832500000000
v 1.331105076687 2.575000000000 -0.832500000000
v 1.331105076687 2.345000000000 -0.282500000000
v 1.768894923313 2.345000000000 -0.282500000000
v 1.768894923313 2.575000000000 -0.282500000000
v 1.331105076687 2.575000000000 -0.282500000000
v 1.936154602966 2.414281227750 -0.832500000000
v 2.245718772250 2.723845397034 -0.832500000000
v 2.083084212577 2.886479956707 -0.832500000000
v 1.773520043293 2.576915787423 -0.832500000000
v 1.936154602966 2.414281227750 -0.282500000000
v 2.245718772250 2.723845397034 -0.282500000000
v 2.083084212577 2.886479956707 -0.282500000000
v 1.773520043293 2.576915787423 -0.282500000000
v 0.870000000000 0.795000000000 -0.492500000000
v 2.390000000000 0.795000000000 -0.492500000000
v 2.390000000000 2.965000000000 -0.492500000000
v 0.870000000000 2.965000000000 -0.492500000000
v 0.870000000000 0.795000000000 1.297500000000
v 2.390000000000 0.795000000000 1.297500000000
v 2.390000000000 2.965000000000 1.297500000000
v 0.870000000000 2.965000000000 1.297500000000
v 0.517043566964 2.399176256665 -1.227500000000
v 2.465855679652 2.331122238095 -1.227500000000
v 2.482956433036 2.820823743335 -1.227500000000
v 0.534144320348 2.888877761905 -1.227500000000
v 0.517043566964 2.399176256665 0.872500000000
v 2.465855679652 2.331122238095 0.872500000000
v 2.482956433036 2.820823743335 0.872500000000
v 0.534144320348 2.888877761905 0.872500000000
v 0.529424336800 1.688021218410 -1.227500000000
v 2.479127342355 1.722053410963 -1.227500000000
v 2.470575663200 2.211978781590 -1.227500000000
v 0.520872657645 2.177946589037 -1.227500000000
v 0.529424336800 1.688021218410 0.872500000000
v 2.479127342355 1.722053410963 0.872500000000
v 2.470575663200 2.211978781590 0.872500000000
v 0.520872657645 2.177946589037 0.872500000000
v 0.544465387064 0.977584245786 -1.227500000000
v 2.489715285071 1.113609369587 -1.227500000000
v 2.455534612936 1.602415754214 -1.227500000000
v 0.510284714929 1.466390630413 -1.227500000000
v 0.544465387064 0.977584245786 0.872500000000
v 2.489715285071 1.113609369587 0.872500000000
v 2.455534612936 1.602415754214 0.872500000000
v 0.510284714929 1.466390630413 0.872500000000
v 0.200000000000 0.000000000000 -1.917500000000
v 2.640000000000 0.000000000000 -1.917500000000
v 2.640000000000 0.840000000000 -1.917500000000
v 0.200000000000 0.840000000000 -1.917500000000
v 0.200000000000 0.000000000000 0.982500000000
v 2.640000000000 0.000000000000 0.982500000000
v 2.640000000000 0.840000000000 0.982500000000
v 0.200000000000 0.840000000000 0.982500000000
v 0.255000000000 0.045000000000 -2.097500000000
v 1.365000000000 0.045000000000 -2.097500000000
v 1.365000000000 0.755000000000 -2.097500000000
v 0.255000000000 0.755000000000 -2.097500000000
v 0.255000000000 0.045000000000 -1.517500000000
v 1.365000000000 0.045000000000 -1.517500000000
v 1.365000000000 0.755000000000 -1.517500000000
v 0.255000000000 0.755000000000 -1.517500000000
v 1.475000000000 0.045000000000 -2.097500000000
v 2.585000000000 0.045000000000 -2.097500000000
v 2.585000000000 0.755000000000 -2.097500000000
v 1.475000000000 0.755000000000 -2.097500000000
v 1.475000000000 0.045000000000 -1.517500000000
v 2.585000000000 0.045000000000 -1.517500000000
v 2.585000000000 0.755000000000 -1.517500000000
v 1.475000000000 0.755000000000 -1.517500000000
v 0.440000000000 0.010000000000 0.812500000000
v 2.400000000000 0.010000000000 0.812500000000
v 2.400000000000 0.990000000000 0.812500000000
v 0.440000000000 0.990000000000 0.812500000000
v 0.440000000000 0.010000000000 1.472500000000
v 2.400000000000 0.010000000000 1.472500000000
v 2.400000000000 0.990000000000 1.472500000000
v 0.440000000000 0.990000000000 1.472500000000
vt 0.000976562500 0.999023437500
vt 0.012363281250 0.999023437500
vt 0.012363281250 0.910937500000
vt 0.000976562500 0.910937500000
vt 0.000976562500 0.999023437500
vt 0.089062500000 0.999023437500
vt 0.089062500000 0.987636718750
vt 0.000976562500 0.987636718750
vt 0.000976562500 0.999023437500
vt 0.058984375000 0.999023437500
vt 0.058984375000 0.987636718750
vt 0.000976562500 0.987636718750
vt 0.000976562500 0.999023437500
vt 0.012363281250 0.999023437500
vt 0.012363281250 0.941015625000
vt 0.000976562500 0.941015625000
vt 0.000976562500 0.999023437500
vt 0.058984375000 0.999023437500
vt 0.058984375000 0.910937500000
vt 0.000976562500 0.910937500000
vt 0.000976562500 0.999023437500
vt 0.089062500000 0.999023437500
vt 0.089062500000 0.941015625000
vt 0.000976562500 0.941015625000
vt 0.427734375000 0.999023437500
vt 0.439121093750 0.999023437500
vt 0.439121093750 0.927050781250
vt 0.427734375000 0.927050781250
vt 0.427734375000 0.999023437500
vt 0.499707031250 0.999023437500
vt 0.499707031250 0.987636718750
vt 0.427734375000 0.987636718750
vt 0.427734375000 0.999023437500
vt 0.479726562500 0.999023437500
vt 0.479726562500 0.987636718750
vt 0.427734375000 0.987636718750
vt 0.427734375000 0.999023437500
vt 0.439121093750 0.999023437500
vt 0.439121093750 0.947031250000
vt 0.427734375000 0.947031250000
vt 0.427734375000 0.999023437500
vt 0.479726562500 0.999023437500
vt 0.479726562500 0.927050781250
vt 0.427734375000 0.927050781250
vt 0.427734375000 0.999023437500
vt 0.499707031250 0.999023437500
vt 0.499707031250 0.947031250000
vt 0.427734375000 0.947031250000
vt 0.571289062500 0.999023437500
vt 0.582675781250 0.999023437500
vt 0.582675781250 0.934570312500
vt 0.571289062500 0.934570312500
vt 0.571289062500 0.999023437500
vt 0.635742187500 0.999023437500
vt 0.635742187500 0.987636718750
vt 0.571289062500 0.987636718750
vt 0.571289062500 0.999023437500
vt 0.617265625000 0.999023437500
vt 0.617265625000 0.987636718750
vt 0.571289062500 0.987636718750
vt 0.571289062500 0.999023437500
vt 0.582675781250 0.999023437500
vt 0.582675781250 0.953046875000
vt 0.571289062500 0.953046875000
vt 0.571289062500 0.999023437500
vt 0.617265625000 0.999023437500
vt 0.617265625000 0.934570312500
vt 0.571289062500 0.934570312500
vt 0.571289062500 0.999023437500
vt 0.635742187500 0.999023437500
vt 0.635742187500 0.953046875000
vt 0.571289062500 0.953046875000
vt 0.280890648284 0.999023437500
vt 0.295574195466 0.999023437500
vt 0.305957031250 0.988640601716
vt 0.305957031250 0.973957054534
vt 0.295574195466 0.963574218750
vt 0.280890648284 0.963574218750
vt 0.270507812500 0.973957054534
vt 0.270507812500 0.988640601716
vt 0.280890648284 0.999023437500
vt 0.295574195466 0.999023437500
vt 0.305957031250 0.988640601716
vt 0.305957031250 0.973957054534
vt 0.295574195466 0.963574218750
vt 0.280890648284 0.963574218750
vt 0.270507812500 0.973957054534
vt 0.270507812500 0.988640601716
vt 0.270507812500 0.999023437500
vt 0.285546875000 0.999023437500
vt 0.285546875000 0.984339890318
vt 0.270507812500 0.984339890318
vt 0.270507812500 0.999023437500
vt 0.285546875000 0.999023437500
vt 0.285546875000 0.984339890318
vt 0.270507812500 0.984339890318
vt 0.270507812500 0.999023437500
vt 0.285546875000 0.999023437500
vt 0.285546875000 0.984339890318
vt 0.270507812500 0.984339890318
vt 0.270507812500 0.999023437500
vt 0.285546875000 0.999023437500
vt 0.285546875000 0.984339890318
vt 0.270507812500 0.984339890318
vt 0.270507812500 0.999023437500
vt 0.285546875000 0.999023437500
vt 0.285546875000 0.984339890318
vt 0.270507812500 0.984339890318
vt 0.270507812500 0.999023437500
vt 0.285546875000 0.999023437500
vt 0.285546875000 0.984339890318
vt 0.270507812500 0.984339890318
vt 0.270507812500 0.999023437500
vt 0.285546875000 0.999023437500
vt 0.285546875000 0.984339890318
vt 0.270507812500 0.984339890318
vt 0.270507812500 0.999023437500
vt 0.285546875000 0.999023437500
vt 0.285546875000 0.984339890318
vt 0.270507812500 0.984339890318
vt 0.091796875000 0.999023437500
vt 0.178808593750 0.999023437500
vt 0.178808593750 0.983554687500
vt 0.091796875000 0.983554687500
vt 0.091796875000 0.999023437500
vt 0.107265625000 0.999023437500
vt 0.107265625000 0.912011718750
vt 0.091796875000 0.912011718750
vt 0.091796875000 0.999023437500
vt 0.105976562500 0.999023437500
vt 0.105976562500 0.912011718750
vt 0.091796875000 0.912011718750
vt 0.091796875000 0.999023437500
vt 0.178808593750 0.999023437500
vt 0.178808593750 0.984843750000
vt 0.091796875000 0.984843750000
vt 0.091796875000 0.999023437500
vt 0.105976562500 0.999023437500
vt 0.105976562500 0.983554687500
vt 0.091796875000 0.983554687500
vt 0.091796875000 0.999023437500
vt 0.107265625000 0.999023437500
vt 0.107265625000 0.984843750000
vt 0.091796875000 0.984843750000
vt 0.353515625000 0.999023437500
vt 0.359960937500 0.999023437500
vt 0.359960937500 0.972167968750
vt 0.353515625000 0.972167968750
vt 0.353515625000 0.999023437500
vt 0.380371093750 0.999023437500
vt 0.380371093750 0.992578125000
vt 0.353515625000 0.992578125000
vt 0.353515625000 0.999023437500
vt 0.363183593750 0.999023437500
vt 0.363183593750 0.992578125000
vt 0.353515625000 0.992578125000
vt 0.353515625000 0.999023437500
vt 0.359960937500 0.999023437500
vt 0.359960937500 0.989355468750
vt 0.353515625000 0.989355468750
vt 0.353515625000 0.999023437500
vt 0.363183593750 0.999023437500
vt 0.363183593750 0.972167968750
vt 0.353515625000 0.972167968750
vt 0.353515625000 0.999023437500
vt 0.380371093750 0.999023437500
vt 0.380371093750 0.989355468750
vt 0.353515625000 0.989355468750
vt 0.637695312500 0.999023437500
vt 0.644140625000 0.999023437500
vt 0.644140625000 0.972167968750
vt 0.637695312500 0.972167968750
vt 0.637695312500 0.999023437500
vt 0.664550781250 0.999023437500
vt 0.664550781250 0.992578125000
vt 0.637695312500 0.992578125000
vt 0.637695312500 0.999023437500
vt 0.647363281250 0.999023437500
vt 0.647363281250 0.992578125000
vt 0.637695312500 0.992578125000
vt 0.637695312500 0.999023437500
vt 0.644140625000 0.999023437500
vt 0.644140625000 0.989355468750
vt 0.637695312500 0.989355468750
vt 0.637695312500 0.999023437500
vt 0.647363281250 0.999023437500
vt 0.647363281250 0.972167968750
vt 0.637695312500 0.972167968750
vt 0.637695312500 0.999023437500
vt 0.664550781250 0.999023437500
vt 0.664550781250 0.989355468750
vt 0.637695312500 0.989355468750
vt 0.637695312500 0.999023437500
vt 0.644140625000 0.999023437500
vt 0.644140625000 0.972167968750
vt 0.637695312500 0.972167968750
vt 0.637695312500 0.999023437500
vt 0.664550781250 0.999023437500
vt 0.664550781250 0.992578125000
vt 0.637695312500 0.992578125000
vt 0.637695312500 0.999023437500
vt 0.647363281250 0.999023437500
vt 0.647363281250 0.992578125000
vt 0.637695312500 0.992578125000
vt 0.637695312500 0.999023437500
vt 0.644140625000 0.999023437500
vt 0.644140625000 0.989355468750
vt 0.637695312500 0.989355468750
vt 0.637695312500 0.999023437500
vt 0.647363281250 0.999023437500
vt 0.647363281250 0.972167968750
vt 0.637695312500 0.972167968750
vt 0.637695312500 0.999023437500
vt 0.664550781250 0.999023437500
vt 0.664550781250 0.989355468750
vt 0.637695312500 0.989355468750
vt 0.353515625000 0.999023437500
vt 0.359960937500 0.999023437500
vt 0.359960937500 0.972167968750
vt 0.353515625000 0.972167968750
vt 0.353515625000 0.999023437500
vt 0.380371093750 0.999023437500
vt 0.380371093750 0.992578125000
vt 0.353515625000 0.992578125000
vt 0.353515625000 0.999023437500
vt 0.363183593750 0.999023437500
vt 0.363183593750 0.992578125000
vt 0.353515625000 0.992578125000
vt 0.353515625000 0.999023437500
vt 0.359960937500 0.999023437500
vt 0.359960937500 0.989355468750
vt 0.353515625000 0.989355468750
vt 0.353515625000 0.999023437500
vt 0.363183593750 0.999023437500
vt 0.363183593750 0.972167968750
vt 0.353515625000 0.972167968750
vt 0.353515625000 0.999023437500
vt 0.380371093750 0.999023437500
vt 0.380371093750 0.989355468750
vt 0.353515625000 0.989355468750
vt 0.637695312500 0.999023437500
vt 0.644140625000 0.999023437500
vt 0.644140625000 0.972167968750
vt 0.637695312500 0.972167968750
vt 0.637695312500 0.999023437500
vt 0.664550781250 0.999023437500
vt 0.664550781250 0.992578125000
vt 0.637695312500 0.992578125000
vt 0.637695312500 0.999023437500
vt 0.647363281250 0.999023437500
vt 0.647363281250 0.992578125000
vt 0.637695312500 0.992578125000
vt 0.637695312500 0.999023437500
vt 0.644140625000 0.999023437500
vt 0.644140625000 0.989355468750
vt 0.637695312500 0.989355468750
vt 0.637695312500 0.999023437500
vt 0.647363281250 0.999023437500
vt 0.647363281250 0.972167968750
vt 0.637695312500 0.972167968750
vt 0.637695312500 0.999023437500
vt 0.664550781250 0.999023437500
vt 0.664550781250 0.989355468750
vt 0.637695312500 0.989355468750
vt 0.637695312500 0.999023437500
vt 0.644140625000 0.999023437500
vt 0.644140625000 0.972167968750
vt 0.637695312500 0.972167968750
vt 0.637695312500 0.999023437500
vt 0.664550781250 0.999023437500
vt 0.664550781250 0.992578125000
vt 0.637695312500 0.992578125000
vt 0.637695312500 0.999023437500
vt 0.647363281250 0.999023437500
vt 0.647363281250 0.992578125000
vt 0.637695312500 0.992578125000
vt 0.637695312500 0.999023437500
vt 0.644140625000 0.999023437500
vt 0.644140625000 0.989355468750
vt 0.637695312500 0.989355468750
vt 0.637695312500 0.999023437500
vt 0.647363281250 0.999023437500
vt 0.647363281250 0.972167968750
vt 0.637695312500 0.972167968750
vt 0.637695312500 0.999023437500
vt 0.664550781250 0.999023437500
vt 0.664550781250 0.989355468750
vt 0.637695312500 0.989355468750
vt 0.353515625000 0.999023437500
vt 0.359960937500 0.999023437500
vt 0.359960937500 0.972167968750
vt 0.353515625000 0.972167968750
vt 0.353515625000 0.999023437500
vt 0.380371093750 0.999023437500
vt 0.380371093750 0.992578125000
vt 0.353515625000 0.992578125000
vt 0.353515625000 0.999023437500
vt 0.363183593750 0.999023437500
vt 0.363183593750 0.992578125000
vt 0.353515625000 0.992578125000
vt 0.353515625000 0.999023437500
vt 0.359960937500 0.999023437500
vt 0.359960937500 0.989355468750
vt 0.353515625000 0.989355468750
vt 0.353515625000 0.999023437500
vt 0.363183593750 0.999023437500
vt 0.363183593750 0.972167968750
vt 0.353515625000 0.972167968750
vt 0.353515625000 0.999023437500
vt 0.380371093750 0.999023437500
vt 0.380371093750 0.989355468750
vt 0.353515625000 0.989355468750
vt 0.181640625000 0.999023437500
vt 0.195390625000 0.999023437500
vt 0.195390625000 0.977109375000
vt 0.181640625000 0.977109375000
vt 0.181640625000 0.999023437500
vt 0.203554687500 0.999023437500
vt 0.203554687500 0.985273437500
vt 0.181640625000 0.985273437500
vt 0.181640625000 0.999023437500
vt 0.235351562500 0.999023437500
vt 0.235351562500 0.985273437500
vt 0.181640625000 0.985273437500
vt 0.181640625000 0.999023437500
vt 0.195390625000 0.999023437500
vt 0.195390625000 0.945312500000
vt 0.181640625000 0.945312500000
vt 0.181640625000 0.999023437500
vt 0.235351562500 0.999023437500
vt 0.235351562500 0.977109375000
vt 0.181640625000 0.977109375000
vt 0.181640625000 0.999023437500
vt 0.203554687500 0.999023437500
vt 0.203554687500 0.945312500000
vt 0.181640625000 0.945312500000
vt 0.353515625000 0.999023437500
vt 0.355664062500 0.999023437500
vt 0.355664062500 0.978828125000
vt 0.353515625000 0.978828125000
vt 0.353515625000 0.999023437500
vt 0.373710937500 0.999023437500
vt 0.373710937500 0.996875000000
vt 0.353515625000 0.996875000000
vt 0.353515625000 0.999023437500
vt 0.358242187500 0.999023437500
vt 0.358242187500 0.996875000000
vt 0.353515625000 0.996875000000
vt 0.353515625000 0.999023437500
vt 0.355664062500 0.999023437500
vt 0.355664062500 0.994296875000
vt 0.353515625000 0.994296875000
vt 0.353515625000 0.999023437500
vt 0.358242187500 0.999023437500
vt 0.358242187500 0.978828125000
vt 0.353515625000 0.978828125000
vt 0.353515625000 0.999023437500
vt 0.373710937500 0.999023437500
vt 0.373710937500 0.994296875000
vt 0.353515625000 0.994296875000
vt 0.501953125000 0.999023437500
vt 0.515703125000 0.999023437500
vt 0.515703125000 0.977109375000
vt 0.501953125000 0.977109375000
vt 0.501953125000 0.999023437500
vt 0.523867187500 0.999023437500
vt 0.523867187500 0.985273437500
vt 0.501953125000 0.985273437500
vt 0.501953125000 0.999023437500
vt 0.555664062500 0.999023437500
vt 0.555664062500 0.985273437500
vt 0.501953125000 0.985273437500
vt 0.501953125000 0.999023437500
vt 0.515703125000 0.999023437500
vt 0.515703125000 0.945312500000
vt 0.501953125000 0.945312500000
vt 0.501953125000 0.999023437500
vt 0.555664062500 0.999023437500
vt 0.555664062500 0.977109375000
vt 0.501953125000 0.977109375000
vt 0.501953125000 0.999023437500
vt 0.523867187500 0.999023437500
vt 0.523867187500 0.945312500000
vt 0.501953125000 0.945312500000
vt 0.637695312500 0.999023437500
vt 0.639843750000 0.999023437500
vt 0.639843750000 0.978828125000
vt 0.637695312500 0.978828125000
vt 0.637695312500 0.999023437500
vt 0.657890625000 0.999023437500
vt 0.657890625000 0.996875000000
vt 0.637695312500 0.996875000000
vt 0.637695312500 0.999023437500
vt 0.642421875000 0.999023437500
vt 0.642421875000 0.996875000000
vt 0.637695312500 0.996875000000
vt 0.637695312500 0.999023437500
vt 0.639843750000 0.999023437500
vt 0.639843750000 0.994296875000
vt 0.637695312500 0.994296875000
vt 0.637695312500 0.999023437500
vt 0.642421875000 0.999023437500
vt 0.642421875000 0.978828125000
vt 0.637695312500 0.978828125000
vt 0.637695312500 0.999023437500
vt 0.657890625000 0.999023437500
vt 0.657890625000 0.994296875000
vt 0.637695312500 0.994296875000
vt 0.181640625000 0.999023437500
vt 0.195390625000 0.999023437500
vt 0.195390625000 0.977109375000
vt 0.181640625000 0.977109375000
vt 0.181640625000 0.999023437500
vt 0.203554687500 0.999023437500
vt 0.203554687500 0.985273437500
vt 0.181640625000 0.985273437500
vt 0.181640625000 0.999023437500
vt 0.235351562500 0.999023437500
vt 0.235351562500 0.985273437500
vt 0.181640625000 0.985273437500
vt 0.181640625000 0.999023437500
vt 0.195390625000 0.999023437500
vt 0.195390625000 0.945312500000
vt 0.181640625000 0.945312500000
vt 0.181640625000 0.999023437500
vt 0.235351562500 0.999023437500
vt 0.235351562500 0.977109375000
vt 0.181640625000 0.977109375000
vt 0.181640625000 0.999023437500
vt 0.203554687500 0.999023437500
vt 0.203554687500 0.945312500000
vt 0.181640625000 0.945312500000
vt 0.353515625000 0.999023437500
vt 0.355664062500 0.999023437500
vt 0.355664062500 0.978828125000
vt 0.353515625000 0.978828125000
vt 0.353515625000 0.999023437500
vt 0.373710937500 0.999023437500
vt 0.373710937500 0.996875000000
vt 0.353515625000 0.996875000000
vt 0.353515625000 0.999023437500
vt 0.358242187500 0.999023437500
vt 0.358242187500 0.996875000000
vt 0.353515625000 0.996875000000
vt 0.353515625000 0.999023437500
vt 0.355664062500 0.999023437500
vt 0.355664062500 0.994296875000
vt 0.353515625000 0.994296875000
vt 0.353515625000 0.999023437500
vt 0.358242187500 0.999023437500
vt 0.358242187500 0.978828125000
vt 0.353515625000 0.978828125000
vt 0.353515625000 0.999023437500
vt 0.373710937500 0.999023437500
vt 0.373710937500 0.994296875000
vt 0.353515625000 0.994296875000
vt 0.353515625000 0.999023437500
vt 0.367265625000 0.999023437500
vt 0.367265625000 0.977109375000
vt 0.353515625000 0.977109375000
vt 0.353515625000 0.999023437500
vt 0.375429687500 0.999023437500
vt 0.375429687500 0.985273437500
vt 0.353515625000 0.985273437500
vt 0.353515625000 0.999023437500
vt 0.407226562500 0.999023437500
vt 0.407226562500 0.985273437500
vt 0.353515625000 0.985273437500
vt 0.353515625000 0.999023437500
vt 0.367265625000 0.999023437500
vt 0.367265625000 0.945312500000
vt 0.353515625000 0.945312500000
vt 0.353515625000 0.999023437500
vt 0.407226562500 0.999023437500
vt 0.407226562500 0.977109375000
vt 0.353515625000 0.977109375000
vt 0.353515625000 0.999023437500
vt 0.375429687500 0.999023437500
vt 0.375429687500 0.945312500000
vt 0.353515625000 0.945312500000
vt 0.637695312500 0.999023437500
vt 0.639843750000 0.999023437500
vt 0.639843750000 0.978828125000
vt 0.637695312500 0.978828125000
vt 0.637695312500 0.999023437500
vt 0.657890625000 0.999023437500
vt 0.657890625000 0.996875000000
vt 0.637695312500 0.996875000000
vt 0.637695312500 0.999023437500
vt 0.642421875000 0.999023437500
vt 0.642421875000 0.996875000000
vt 0.637695312500 0.996875000000
vt 0.637695312500 0.999023437500
vt 0.639843750000 0.999023437500
vt 0.639843750000 0.994296875000
vt 0.637695312500 0.994296875000
vt 0.637695312500 0.999023437500
vt 0.642421875000 0.999023437500
vt 0.642421875000 0.978828125000
vt 0.637695312500 0.978828125000
vt 0.637695312500 0.999023437500
vt 0.657890625000 0.999023437500
vt 0.657890625000 0.994296875000
vt 0.637695312500 0.994296875000
vt 0.181640625000 0.999023437500
vt 0.195390625000 0.999023437500
vt 0.195390625000 0.977109375000
vt 0.181640625000 0.977109375000
vt 0.181640625000 0.999023437500
vt 0.203554687500 0.999023437500
vt 0.203554687500 0.985273437500
vt 0.181640625000 0.985273437500
vt 0.181640625000 0.999023437500
vt 0.235351562500 0.999023437500
vt 0.235351562500 0.985273437500
vt 0.181640625000 0.985273437500
vt 0.181640625000 0.999023437500
vt 0.195390625000 0.999023437500
vt 0.195390625000 0.945312500000
vt 0.181640625000 0.945312500000
vt 0.181640625000 0.999023437500
vt 0.235351562500 0.999023437500
vt 0.235351562500 0.977109375000
vt 0.181640625000 0.977109375000
vt 0.181640625000 0.999023437500
vt 0.203554687500 0.999023437500
vt 0.203554687500 0.945312500000
vt 0.181640625000 0.945312500000
vt 0.353515625000 0.999023437500
vt 0.355664062500 0.999023437500
vt 0.355664062500 0.978828125000
vt 0.353515625000 0.978828125000
vt 0.353515625000 0.999023437500
vt 0.373710937500 0.999023437500
vt 0.373710937500 0.996875000000
vt 0.353515625000 0.996875000000
vt 0.353515625000 0.999023437500
vt 0.358242187500 0.999023437500
vt 0.358242187500 0.996875000000
vt 0.353515625000 0.996875000000
vt 0.353515625000 0.999023437500
vt 0.355664062500 0.999023437500
vt 0.355664062500 0.994296875000
vt 0.353515625000 0.994296875000
vt 0.353515625000 0.999023437500
vt 0.358242187500 0.999023437500
vt 0.358242187500 0.978828125000
vt 0.353515625000 0.978828125000
vt 0.353515625000 0.999023437500
vt 0.373710937500 0.999023437500
vt 0.373710937500 0.994296875000
vt 0.353515625000 0.994296875000
vt 0.501953125000 0.999023437500
vt 0.516132812500 0.999023437500
vt 0.516132812500 0.962929687500
vt 0.501953125000 0.962929687500
vt 0.501953125000 0.999023437500
vt 0.538046875000 0.999023437500
vt 0.538046875000 0.984843750000
vt 0.501953125000 0.984843750000
vt 0.501953125000 0.999023437500
vt 0.517421875000 0.999023437500
vt 0.517421875000 0.984843750000
vt 0.501953125000 0.984843750000
vt 0.501953125000 0.999023437500
vt 0.516132812500 0.999023437500
vt 0.516132812500 0.983554687500
vt 0.501953125000 0.983554687500
vt 0.501953125000 0.999023437500
vt 0.517421875000 0.999023437500
vt 0.517421875000 0.962929687500
vt 0.501953125000 0.962929687500
vt 0.501953125000 0.999023437500
vt 0.538046875000 0.999023437500
vt 0.538046875000 0.983554687500
vt 0.501953125000 0.983554687500
vt 0.353515625000 0.999023437500
vt 0.356308593750 0.999023437500
vt 0.356308593750 0.966178125000
vt 0.353515625000 0.966178125000
vt 0.353515625000 0.999023437500
vt 0.386360937500 0.999023437500
vt 0.386360937500 0.996230468750
vt 0.353515625000 0.996230468750
vt 0.353515625000 0.999023437500
vt 0.356953125000 0.999023437500
vt 0.356953125000 0.996230468750
vt 0.353515625000 0.996230468750
vt 0.353515625000 0.999023437500
vt 0.356308593750 0.999023437500
vt 0.356308593750 0.995585937500
vt 0.353515625000 0.995585937500
vt 0.353515625000 0.999023437500
vt 0.356953125000 0.999023437500
vt 0.356953125000 0.966178125000
vt 0.353515625000 0.966178125000
vt 0.353515625000 0.999023437500
vt 0.386360937500 0.999023437500
vt 0.386360937500 0.995585937500
vt 0.353515625000 0.995585937500
vt 0.637695312500 0.999023437500
vt 0.640058593750 0.999023437500
vt 0.640058593750 0.968704687500
vt 0.637695312500 0.968704687500
vt 0.637695312500 0.999023437500
vt 0.668014062500 0.999023437500
vt 0.668014062500 0.996660156250
vt 0.637695312500 0.996660156250
vt 0.637695312500 0.999023437500
vt 0.650800781250 0.999023437500
vt 0.650800781250 0.996660156250
vt 0.637695312500 0.996660156250
vt 0.637695312500 0.999023437500
vt 0.640058593750 0.999023437500
vt 0.640058593750 0.985917968750
vt 0.637695312500 0.985917968750
vt 0.637695312500 0.999023437500
vt 0.650800781250 0.999023437500
vt 0.650800781250 0.968704687500
vt 0.637695312500 0.968704687500
vt 0.637695312500 0.999023437500
vt 0.668014062500 0.999023437500
vt 0.668014062500 0.985917968750
vt 0.637695312500 0.985917968750
vt 0.181640625000 0.999023437500
vt 0.195820312500 0.999023437500
vt 0.195820312500 0.969375000000
vt 0.181640625000 0.969375000000
vt 0.181640625000 0.999023437500
vt 0.211289062500 0.999023437500
vt 0.211289062500 0.984843750000
vt 0.181640625000 0.984843750000
vt 0.181640625000 0.999023437500
vt 0.197109375000 0.999023437500
vt 0.197109375000 0.984843750000
vt 0.181640625000 0.984843750000
vt 0.181640625000 0.999023437500
vt 0.195820312500 0.999023437500
vt 0.195820312500 0.983554687500
vt 0.181640625000 0.983554687500
vt 0.181640625000 0.999023437500
vt 0.197109375000 0.999023437500
vt 0.197109375000 0.969375000000
vt 0.181640625000 0.969375000000
vt 0.181640625000 0.999023437500
vt 0.211289062500 0.999023437500
vt 0.211289062500 0.983554687500
vt 0.181640625000 0.983554687500
vt 0.353515625000 0.999023437500
vt 0.356308593750 0.999023437500
vt 0.356308593750 0.972043359375
vt 0.353515625000 0.972043359375
vt 0.353515625000 0.999023437500
vt 0.380495703125 0.999023437500
vt 0.380495703125 0.996230468750
vt 0.353515625000 0.996230468750
vt 0.353515625000 0.999023437500
vt 0.356953125000 0.999023437500
vt 0.356953125000 0.996230468750
vt 0.353515625000 0.996230468750
vt 0.353515625000 0.999023437500
vt 0.356308593750 0.999023437500
vt 0.356308593750 0.995585937500
vt 0.353515625000 0.995585937500
vt 0.353515625000 0.999023437500
vt 0.356953125000 0.999023437500
vt 0.356953125000 0.972043359375
vt 0.353515625000 0.972043359375
vt 0.353515625000 0.999023437500
vt 0.380495703125 0.999023437500
vt 0.380495703125 0.995585937500
vt 0.353515625000 0.995585937500
vt 0.637695312500 0.999023437500
vt 0.640058593750 0.999023437500
vt 0.640058593750 0.974118750000
vt 0.637695312500 0.974118750000
vt 0.637695312500 0.999023437500
vt 0.662600000000 0.999023437500
vt 0.662600000000 0.996660156250
vt 0.637695312500 0.996660156250
vt 0.637695312500 0.999023437500
vt 0.650800781250 0.999023437500
vt 0.650800781250 0.996660156250
vt 0.637695312500 0.996660156250
vt 0.637695312500 0.999023437500
vt 0.640058593750 0.999023437500
vt 0.640058593750 0.985917968750
vt 0.637695312500 0.985917968750
vt 0.637695312500 0.999023437500
vt 0.650800781250 0.999023437500
vt 0.650800781250 0.974118750000
vt 0.637695312500 0.974118750000
vt 0.637695312500 0.999023437500
vt 0.662600000000 0.999023437500
vt 0.662600000000 0.985917968750
vt 0.637695312500 0.985917968750
vt 0.501953125000 0.999023437500
vt 0.516132812500 0.999023437500
vt 0.516132812500 0.955625000000
vt 0.501953125000 0.955625000000
vt 0.501953125000 0.999023437500
vt 0.545351562500 0.999023437500
vt 0.545351562500 0.984843750000
vt 0.501953125000 0.984843750000
vt 0.501953125000 0.999023437500
vt 0.517421875000 0.999023437500
vt 0.517421875000 0.984843750000
vt 0.501953125000 0.984843750000
vt 0.501953125000 0.999023437500
vt 0.516132812500 0.999023437500
vt 0.516132812500 0.983554687500
vt 0.501953125000 0.983554687500
vt 0.501953125000 0.999023437500
vt 0.517421875000 0.999023437500
vt 0.517421875000 0.955625000000
vt 0.501953125000 0.955625000000
vt 0.501953125000 0.999023437500
vt 0.545351562500 0.999023437500
vt 0.545351562500 0.983554687500
vt 0.501953125000 0.983554687500
vt 0.353515625000 0.999023437500
vt 0.356308593750 0.999023437500
vt 0.356308593750 0.959530859375
vt 0.353515625000 0.959530859375
vt 0.353515625000 0.999023437500
vt 0.393008203125 0.999023437500
vt 0.393008203125 0.996230468750
vt 0.353515625000 0.996230468750
vt 0.353515625000 0.999023437500
vt 0.356953125000 0.999023437500
vt 0.356953125000 0.996230468750
vt 0.353515625000 0.996230468750
vt 0.353515625000 0.999023437500
vt 0.356308593750 0.999023437500
vt 0.356308593750 0.995585937500
vt 0.353515625000 0.995585937500
vt 0.353515625000 0.999023437500
vt 0.356953125000 0.999023437500
vt 0.356953125000 0.959530859375
vt 0.353515625000 0.959530859375
vt 0.353515625000 0.999023437500
vt 0.393008203125 0.999023437500
vt 0.393008203125 0.995585937500
vt 0.353515625000 0.995585937500
vt 0.637695312500 0.999023437500
vt 0.640058593750 0.999023437500
vt 0.640058593750 0.962568750000
vt 0.637695312500 0.962568750000
vt 0.637695312500 0.999023437500
vt 0.674150000000 0.999023437500
vt 0.674150000000 0.996660156250
vt 0.637695312500 0.996660156250
vt 0.637695312500 0.999023437500
vt 0.650800781250 0.999023437500
vt 0.650800781250 0.996660156250
vt 0.637695312500 0.996660156250
vt 0.637695312500 0.999023437500
vt 0.640058593750 0.999023437500
vt 0.640058593750 0.985917968750
vt 0.637695312500 0.985917968750
vt 0.637695312500 0.999023437500
vt 0.650800781250 0.999023437500
vt 0.650800781250 0.962568750000
vt 0.637695312500 0.962568750000
vt 0.637695312500 0.999023437500
vt 0.674150000000 0.999023437500
vt 0.674150000000 0.985917968750
vt 0.637695312500 0.985917968750
vt 0.270507812500 0.999023437500
vt 0.351144084290 0.999023437500
vt 0.351144084290 0.993867187500
vt 0.270507812500 0.993867187500
vt 0.270507812500 0.999023437500
vt 0.275664062500 0.999023437500
vt 0.275664062500 0.918387165710
vt 0.270507812500 0.918387165710
vt 0.270507812500 0.999023437500
vt 0.276953125000 0.999023437500
vt 0.276953125000 0.918387165710
vt 0.270507812500 0.918387165710
vt 0.270507812500 0.999023437500
vt 0.351144084290 0.999023437500
vt 0.351144084290 0.992578125000
vt 0.270507812500 0.992578125000
vt 0.270507812500 0.999023437500
vt 0.276953125000 0.999023437500
vt 0.276953125000 0.993867187500
vt 0.270507812500 0.993867187500
vt 0.270507812500 0.999023437500
vt 0.275664062500 0.999023437500
vt 0.275664062500 0.992578125000
vt 0.270507812500 0.992578125000
vt 0.353515625000 0.999023437500
vt 0.399707031250 0.999023437500
vt 0.399707031250 0.995156250000
vt 0.353515625000 0.995156250000
vt 0.353515625000 0.999023437500
vt 0.357382812500 0.999023437500
vt 0.357382812500 0.952832031250
vt 0.353515625000 0.952832031250
vt 0.353515625000 0.999023437500
vt 0.358242187500 0.999023437500
vt 0.358242187500 0.952832031250
vt 0.353515625000 0.952832031250
vt 0.353515625000 0.999023437500
vt 0.399707031250 0.999023437500
vt 0.399707031250 0.994296875000
vt 0.353515625000 0.994296875000
vt 0.353515625000 0.999023437500
vt 0.358242187500 0.999023437500
vt 0.358242187500 0.995156250000
vt 0.353515625000 0.995156250000
vt 0.353515625000 0.999023437500
vt 0.357382812500 0.999023437500
vt 0.357382812500 0.994296875000
vt 0.353515625000 0.994296875000
vt 0.181640625000 0.999023437500
vt 0.195390625000 0.999023437500
vt 0.195390625000 0.977109375000
vt 0.181640625000 0.977109375000
vt 0.181640625000 0.999023437500
vt 0.203554687500 0.999023437500
vt 0.203554687500 0.985273437500
vt 0.181640625000 0.985273437500
vt 0.181640625000 0.999023437500
vt 0.235351562500 0.999023437500
vt 0.235351562500 0.985273437500
vt 0.181640625000 0.985273437500
vt 0.181640625000 0.999023437500
vt 0.195390625000 0.999023437500
vt 0.195390625000 0.945312500000
vt 0.181640625000 0.945312500000
vt 0.181640625000 0.999023437500
vt 0.235351562500 0.999023437500
vt 0.235351562500 0.977109375000
vt 0.181640625000 0.977109375000
vt 0.181640625000 0.999023437500
vt 0.203554687500 0.999023437500
vt 0.203554687500 0.945312500000
vt 0.181640625000 0.945312500000
vt 0.353515625000 0.999023437500
vt 0.355664062500 0.999023437500
vt 0.355664062500 0.978828125000
vt 0.353515625000 0.978828125000
vt 0.353515625000 0.999023437500
vt 0.373710937500 0.999023437500
vt 0.373710937500 0.996875000000
vt 0.353515625000 0.996875000000
vt 0.353515625000 0.999023437500
vt 0.358242187500 0.999023437500
vt 0.358242187500 0.996875000000
vt 0.353515625000 0.996875000000
vt 0.353515625000 0.999023437500
vt 0.355664062500 0.999023437500
vt 0.355664062500 0.994296875000
vt 0.353515625000 0.994296875000
vt 0.353515625000 0.999023437500
vt 0.358242187500 0.999023437500
vt 0.358242187500 0.978828125000
vt 0.353515625000 0.978828125000
vt 0.353515625000 0.999023437500
vt 0.373710937500 0.999023437500
vt 0.373710937500 0.994296875000
vt 0.353515625000 0.994296875000
vt 0.501953125000 0.999023437500
vt 0.515703125000 0.999023437500
vt 0.515703125000 0.977109375000
vt 0.501953125000 0.977109375000
vt 0.501953125000 0.999023437500
vt 0.523867187500 0.999023437500
vt 0.523867187500 0.985273437500
vt 0.501953125000 0.985273437500
vt 0.501953125000 0.999023437500
vt 0.555664062500 0.999023437500
vt 0.555664062500 0.985273437500
vt 0.501953125000 0.985273437500
vt 0.501953125000 0.999023437500
vt 0.515703125000 0.999023437500
vt 0.515703125000 0.945312500000
vt 0.501953125000 0.945312500000
vt 0.501953125000 0.999023437500
vt 0.555664062500 0.999023437500
vt 0.555664062500 0.977109375000
vt 0.501953125000 0.977109375000
vt 0.501953125000 0.999023437500
vt 0.523867187500 0.999023437500
vt 0.523867187500 0.945312500000
vt 0.501953125000 0.945312500000
vt 0.637695312500 0.999023437500
vt 0.639843750000 0.999023437500
vt 0.639843750000 0.978828125000
vt 0.637695312500 0.978828125000
vt 0.637695312500 0.999023437500
vt 0.657890625000 0.999023437500
vt 0.657890625000 0.996875000000
vt 0.637695312500 0.996875000000
vt 0.637695312500 0.999023437500
vt 0.642421875000 0.999023437500
vt 0.642421875000 0.996875000000
vt 0.637695312500 0.996875000000
vt 0.637695312500 0.999023437500
vt 0.639843750000 0.999023437500
vt 0.639843750000 0.994296875000
vt 0.637695312500 0.994296875000
vt 0.637695312500 0.999023437500
vt 0.642421875000 0.999023437500
vt 0.642421875000 0.978828125000
vt 0.637695312500 0.978828125000
vt 0.637695312500 0.999023437500
vt 0.657890625000 0.999023437500
vt 0.657890625000 0.994296875000
vt 0.637695312500 0.994296875000
vt 0.181640625000 0.999023437500
vt 0.195390625000 0.999023437500
vt 0.195390625000 0.977109375000
vt 0.181640625000 0.977109375000
vt 0.181640625000 0.999023437500
vt 0.203554687500 0.999023437500
vt 0.203554687500 0.985273437500
vt 0.181640625000 0.985273437500
vt 0.181640625000 0.999023437500
vt 0.235351562500 0.999023437500
vt 0.235351562500 0.985273437500
vt 0.181640625000 0.985273437500
vt 0.181640625000 0.999023437500
vt 0.195390625000 0.999023437500
vt 0.195390625000 0.945312500000
vt 0.181640625000 0.945312500000
vt 0.181640625000 0.999023437500
vt 0.235351562500 0.999023437500
vt 0.235351562500 0.977109375000
vt 0.181640625000 0.977109375000
vt 0.181640625000 0.999023437500
vt 0.203554687500 0.999023437500
vt 0.203554687500 0.945312500000
vt 0.181640625000 0.945312500000
vt 0.353515625000 0.999023437500
vt 0.355664062500 0.999023437500
vt 0.355664062500 0.978828125000
vt 0.353515625000 0.978828125000
vt 0.353515625000 0.999023437500
vt 0.373710937500 0.999023437500
vt 0.373710937500 0.996875000000
vt 0.353515625000 0.996875000000
vt 0.353515625000 0.999023437500
vt 0.358242187500 0.999023437500
vt 0.358242187500 0.996875000000
vt 0.353515625000 0.996875000000
vt 0.353515625000 0.999023437500
vt 0.355664062500 0.999023437500
vt 0.355664062500 0.994296875000
vt 0.353515625000 0.994296875000
vt 0.353515625000 0.999023437500
vt 0.358242187500 0.999023437500
vt 0.358242187500 0.978828125000
vt 0.353515625000 0.978828125000
vt 0.353515625000 0.999023437500
vt 0.373710937500 0.999023437500
vt 0.373710937500 0.994296875000
vt 0.353515625000 0.994296875000
vt 0.353515625000 0.999023437500
vt 0.367265625000 0.999023437500
vt 0.367265625000 0.977109375000
vt 0.353515625000 0.977109375000
vt 0.353515625000 0.999023437500
vt 0.375429687500 0.999023437500
vt 0.375429687500 0.985273437500
vt 0.353515625000 0.985273437500
vt 0.353515625000 0.999023437500
vt 0.407226562500 0.999023437500
vt 0.407226562500 0.985273437500
vt 0.353515625000 0.985273437500
vt 0.353515625000 0.999023437500
vt 0.367265625000 0.999023437500
vt 0.367265625000 0.945312500000
vt 0.353515625000 0.945312500000
vt 0.353515625000 0.999023437500
vt 0.407226562500 0.999023437500
vt 0.407226562500 0.977109375000
vt 0.353515625000 0.977109375000
vt 0.353515625000 0.999023437500
vt 0.375429687500 0.999023437500
vt 0.375429687500 0.945312500000
vt 0.353515625000 0.945312500000
vt 0.637695312500 0.999023437500
vt 0.639843750000 0.999023437500
vt 0.639843750000 0.978828125000
vt 0.637695312500 0.978828125000
vt 0.637695312500 0.999023437500
vt 0.657890625000 0.999023437500
vt 0.657890625000 0.996875000000
vt 0.637695312500 0.996875000000
vt 0.637695312500 0.999023437500
vt 0.642421875000 0.999023437500
vt 0.642421875000 0.996875000000
vt 0.637695312500 0.996875000000
vt 0.637695312500 0.999023437500
vt 0.639843750000 0.999023437500
vt 0.639843750000 0.994296875000
vt 0.637695312500 0.994296875000
vt 0.637695312500 0.999023437500
vt 0.642421875000 0.999023437500
vt 0.642421875000 0.978828125000
vt 0.637695312500 0.978828125000
vt 0.637695312500 0.999023437500
vt 0.657890625000 0.999023437500
vt 0.657890625000 0.994296875000
vt 0.637695312500 0.994296875000
vt 0.181640625000 0.999023437500
vt 0.195390625000 0.999023437500
vt 0.195390625000 0.977109375000
vt 0.181640625000 0.977109375000
vt 0.181640625000 0.999023437500
vt 0.203554687500 0.999023437500
vt 0.203554687500 0.985273437500
vt 0.181640625000 0.985273437500
vt 0.181640625000 0.999023437500
vt 0.235351562500 0.999023437500
vt 0.235351562500 0.985273437500
vt 0.181640625000 0.985273437500
vt 0.181640625000 0.999023437500
vt 0.195390625000 0.999023437500
vt 0.195390625000 0.945312500000
vt 0.181640625000 0.945312500000
vt 0.181640625000 0.999023437500
vt 0.235351562500 0.999023437500
vt 0.235351562500 0.977109375000
vt 0.181640625000 0.977109375000
vt 0.181640625000 0.999023437500
vt 0.203554687500 0.999023437500
vt 0.203554687500 0.945312500000
vt 0.181640625000 0.945312500000
vt 0.353515625000 0.999023437500
vt 0.355664062500 0.999023437500
vt 0.355664062500 0.978828125000
vt 0.353515625000 0.978828125000
vt 0.353515625000 0.999023437500
vt 0.373710937500 0.999023437500
vt 0.373710937500 0.996875000000
vt 0.353515625000 0.996875000000
vt 0.353515625000 0.999023437500
vt 0.358242187500 0.999023437500
vt 0.358242187500 0.996875000000
vt 0.353515625000 0.996875000000
vt 0.353515625000 0.999023437500
vt 0.355664062500 0.999023437500
vt 0.355664062500 0.994296875000
vt 0.353515625000 0.994296875000
vt 0.353515625000 0.999023437500
vt 0.358242187500 0.999023437500
vt 0.358242187500 0.978828125000
vt 0.353515625000 0.978828125000
vt 0.353515625000 0.999023437500
vt 0.373710937500 0.999023437500
vt 0.373710937500 0.994296875000
vt 0.353515625000 0.994296875000
vt 0.501953125000 0.999023437500
vt 0.516132812500 0.999023437500
vt 0.516132812500 0.962929687500
vt 0.501953125000 0.962929687500
vt 0.501953125000 0.999023437500
vt 0.538046875000 0.999023437500
vt 0.538046875000 0.984843750000
vt 0.501953125000 0.984843750000
vt 0.501953125000 0.999023437500
vt 0.517421875000 0.999023437500
vt 0.517421875000 0.984843750000
vt 0.501953125000 0.984843750000
vt 0.501953125000 0.999023437500
vt 0.516132812500 0.999023437500
vt 0.516132812500 0.983554687500
vt 0.501953125000 0.983554687500
vt 0.501953125000 0.999023437500
vt 0.517421875000 0.999023437500
vt 0.517421875000 0.962929687500
vt 0.501953125000 0.962929687500
vt 0.501953125000 0.999023437500
vt 0.538046875000 0.999023437500
vt 0.538046875000 0.983554687500
vt 0.501953125000 0.983554687500
vt 0.353515625000 0.999023437500
vt 0.356308593750 0.999023437500
vt 0.356308593750 0.966178125000
vt 0.353515625000 0.966178125000
vt 0.353515625000 0.999023437500
vt 0.386360937500 0.999023437500
vt 0.386360937500 0.996230468750
vt 0.353515625000 0.996230468750
vt 0.353515625000 0.999023437500
vt 0.356953125000 0.999023437500
vt 0.356953125000 0.996230468750
vt 0.353515625000 0.996230468750
vt 0.353515625000 0.999023437500
vt 0.356308593750 0.999023437500
vt 0.356308593750 0.995585937500
vt 0.353515625000 0.995585937500
vt 0.353515625000 0.999023437500
vt 0.356953125000 0.999023437500
vt 0.356953125000 0.966178125000
vt 0.353515625000 0.966178125000
vt 0.353515625000 0.999023437500
vt 0.386360937500 0.999023437500
vt 0.386360937500 0.995585937500
vt 0.353515625000 0.995585937500
vt 0.637695312500 0.999023437500
vt 0.640058593750 0.999023437500
vt 0.640058593750 0.968704687500
vt 0.637695312500 0.968704687500
vt 0.637695312500 0.999023437500
vt 0.668014062500 0.999023437500
vt 0.668014062500 0.996660156250
vt 0.637695312500 0.996660156250
vt 0.637695312500 0.999023437500
vt 0.650800781250 0.999023437500
vt 0.650800781250 0.996660156250
vt 0.637695312500 0.996660156250
vt 0.637695312500 0.999023437500
vt 0.640058593750 0.999023437500
vt 0.640058593750 0.985917968750
vt 0.637695312500 0.985917968750
vt 0.637695312500 0.999023437500
vt 0.650800781250 0.999023437500
vt 0.650800781250 0.968704687500
vt 0.637695312500 0.968704687500
vt 0.637695312500 0.999023437500
vt 0.668014062500 0.999023437500
vt 0.668014062500 0.985917968750
vt 0.637695312500 0.985917968750
vt 0.181640625000 0.999023437500
vt 0.195820312500 0.999023437500
vt 0.195820312500 0.969375000000
vt 0.181640625000 0.969375000000
vt 0.181640625000 0.999023437500
vt 0.211289062500 0.999023437500
vt 0.211289062500 0.984843750000
vt 0.181640625000 0.984843750000
vt 0.181640625000 0.999023437500
vt 0.197109375000 0.999023437500
vt 0.197109375000 0.984843750000
vt 0.181640625000 0.984843750000
vt 0.181640625000 0.999023437500
vt 0.195820312500 0.999023437500
vt 0.195820312500 0.983554687500
vt 0.181640625000 0.983554687500
vt 0.181640625000 0.999023437500
vt 0.197109375000 0.999023437500
vt 0.197109375000 0.969375000000
vt 0.181640625000 0.969375000000
vt 0.181640625000 0.999023437500
vt 0.211289062500 0.999023437500
vt 0.211289062500 0.983554687500
vt 0.181640625000 0.983554687500
vt 0.353515625000 0.999023437500
vt 0.356308593750 0.999023437500
vt 0.356308593750 0.972043359375
vt 0.353515625000 0.972043359375
vt 0.353515625000 0.999023437500
vt 0.380495703125 0.999023437500
vt 0.380495703125 0.996230468750
vt 0.353515625000 0.996230468750
vt 0.353515625000 0.999023437500
vt 0.356953125000 0.999023437500
vt 0.356953125000 0.996230468750
vt 0.353515625000 0.996230468750
vt 0.353515625000 0.999023437500
vt 0.356308593750 0.999023437500
vt 0.356308593750 0.995585937500
vt 0.353515625000 0.995585937500
vt 0.353515625000 0.999023437500
vt 0.356953125000 0.999023437500
vt 0.356953125000 0.972043359375
vt 0.353515625000 0.972043359375
vt 0.353515625000 0.999023437500
vt 0.380495703125 0.999023437500
vt 0.380495703125 0.995585937500
vt 0.353515625000 0.995585937500
vt 0.637695312500 0.999023437500
vt 0.640058593750 0.999023437500
vt 0.640058593750 0.974118750000
vt 0.637695312500 0.974118750000
vt 0.637695312500 0.999023437500
vt 0.662600000000 0.999023437500
vt 0.662600000000 0.996660156250
vt 0.637695312500 0.996660156250
vt 0.637695312500 0.999023437500
vt 0.650800781250 0.999023437500
vt 0.650800781250 0.996660156250
vt 0.637695312500 0.996660156250
vt 0.637695312500 0.999023437500
vt 0.640058593750 0.999023437500
vt 0.640058593750 0.985917968750
vt 0.637695312500 0.985917968750
vt 0.637695312500 0.999023437500
vt 0.650800781250 0.999023437500
vt 0.650800781250 0.974118750000
vt 0.637695312500 0.974118750000
vt 0.637695312500 0.999023437500
vt 0.662600000000 0.999023437500
vt 0.662600000000 0.985917968750
vt 0.637695312500 0.985917968750
vt 0.501953125000 0.999023437500
vt 0.516132812500 0.999023437500
vt 0.516132812500 0.955625000000
vt 0.501953125000 0.955625000000
vt 0.501953125000 0.999023437500
vt 0.545351562500 0.999023437500
vt 0.545351562500 0.984843750000
vt 0.501953125000 0.984843750000
vt 0.501953125000 0.999023437500
vt 0.517421875000 0.999023437500
vt 0.517421875000 0.984843750000
vt 0.501953125000 0.984843750000
vt 0.501953125000 0.999023437500
vt 0.516132812500 0.999023437500
vt 0.516132812500 0.983554687500
vt 0.501953125000 0.983554687500
vt 0.501953125000 0.999023437500
vt 0.517421875000 0.999023437500
vt 0.517421875000 0.955625000000
vt 0.501953125000 0.955625000000
vt 0.501953125000 0.999023437500
vt 0.545351562500 0.999023437500
vt 0.545351562500 0.983554687500
vt 0.501953125000 0.983554687500
vt 0.353515625000 0.999023437500
vt 0.356308593750 0.999023437500
vt 0.356308593750 0.959530859375
vt 0.353515625000 0.959530859375
vt 0.353515625000 0.999023437500
vt 0.393008203125 0.999023437500
vt 0.393008203125 0.996230468750
vt 0.353515625000 0.996230468750
vt 0.353515625000 0.999023437500
vt 0.356953125000 0.999023437500
vt 0.356953125000 0.996230468750
vt 0.353515625000 0.996230468750
vt 0.353515625000 0.999023437500
vt 0.356308593750 0.999023437500
vt 0.356308593750 0.995585937500
vt 0.353515625000 0.995585937500
vt 0.353515625000 0.999023437500
vt 0.356953125000 0.999023437500
vt 0.356953125000 0.959530859375
vt 0.353515625000 0.959530859375
vt 0.353515625000 0.999023437500
vt 0.393008203125 0.999023437500
vt 0.393008203125 0.995585937500
vt 0.353515625000 0.995585937500
vt 0.637695312500 0.999023437500
vt 0.640058593750 0.999023437500
vt 0.640058593750 0.962568750000
vt 0.637695312500 0.962568750000
vt 0.637695312500 0.999023437500
vt 0.674150000000 0.999023437500
vt 0.674150000000 0.996660156250
vt 0.637695312500 0.996660156250
vt 0.637695312500 0.999023437500
vt 0.650800781250 0.999023437500
vt 0.650800781250 0.996660156250
vt 0.637695312500 0.996660156250
vt 0.637695312500 0.999023437500
vt 0.640058593750 0.999023437500
vt 0.640058593750 0.985917968750
vt 0.637695312500 0.985917968750
vt 0.637695312500 0.999023437500
vt 0.650800781250 0.999023437500
vt 0.650800781250 0.962568750000
vt 0.637695312500 0.962568750000
vt 0.637695312500 0.999023437500
vt 0.674150000000 0.999023437500
vt 0.674150000000 0.985917968750
vt 0.637695312500 0.985917968750
vt 0.270507812500 0.999023437500
vt 0.351144084290 0.999023437500
vt 0.351144084290 0.993867187500
vt 0.270507812500 0.993867187500
vt 0.270507812500 0.999023437500
vt 0.275664062500 0.999023437500
vt 0.275664062500 0.918387165710
vt 0.270507812500 0.918387165710
vt 0.270507812500 0.999023437500
vt 0.276953125000 0.999023437500
vt 0.276953125000 0.918387165710
vt 0.270507812500 0.918387165710
vt 0.270507812500 0.999023437500
vt 0.351144084290 0.999023437500
vt 0.351144084290 0.992578125000
vt 0.270507812500 0.992578125000
vt 0.270507812500 0.999023437500
vt 0.276953125000 0.999023437500
vt 0.276953125000 0.993867187500
vt 0.270507812500 0.993867187500
vt 0.270507812500 0.999023437500
vt 0.275664062500 0.999023437500
vt 0.275664062500 0.992578125000
vt 0.270507812500 0.992578125000
vt 0.353515625000 0.999023437500
vt 0.399707031250 0.999023437500
vt 0.399707031250 0.995156250000
vt 0.353515625000 0.995156250000
vt 0.353515625000 0.999023437500
vt 0.357382812500 0.999023437500
vt 0.357382812500 0.952832031250
vt 0.353515625000 0.952832031250
vt 0.353515625000 0.999023437500
vt 0.358242187500 0.999023437500
vt 0.358242187500 0.952832031250
vt 0.353515625000 0.952832031250
vt 0.353515625000 0.999023437500
vt 0.399707031250 0.999023437500
vt 0.399707031250 0.994296875000
vt 0.353515625000 0.994296875000
vt 0.353515625000 0.999023437500
vt 0.358242187500 0.999023437500
vt 0.358242187500 0.995156250000
vt 0.353515625000 0.995156250000
vt 0.353515625000 0.999023437500
vt 0.357382812500 0.999023437500
vt 0.357382812500 0.994296875000
vt 0.353515625000 0.994296875000
vt 0.637695312500 0.999023437500
vt 0.642851562500 0.999023437500
vt 0.642851562500 0.989236842357
vt 0.637695312500 0.989236842357
vt 0.637695312500 0.999023437500
vt 0.647481907643 0.999023437500
vt 0.647481907643 0.993867187500
vt 0.637695312500 0.993867187500
vt 0.637695312500 0.999023437500
vt 0.645214843750 0.999023437500
vt 0.645214843750 0.993867187500
vt 0.637695312500 0.993867187500
vt 0.637695312500 0.999023437500
vt 0.642851562500 0.999023437500
vt 0.642851562500 0.991503906250
vt 0.637695312500 0.991503906250
vt 0.637695312500 0.999023437500
vt 0.645214843750 0.999023437500
vt 0.645214843750 0.989236842357
vt 0.637695312500 0.989236842357
vt 0.637695312500 0.999023437500
vt 0.647481907643 0.999023437500
vt 0.647481907643 0.991503906250
vt 0.637695312500 0.991503906250
vt 0.637695312500 0.999023437500
vt 0.642851562500 0.999023437500
vt 0.642851562500 0.989236842357
vt 0.637695312500 0.989236842357
vt 0.637695312500 0.999023437500
vt 0.647481907643 0.999023437500
vt 0.647481907643 0.993867187500
vt 0.637695312500 0.993867187500
vt 0.637695312500 0.999023437500
vt 0.645214843750 0.999023437500
vt 0.645214843750 0.993867187500
vt 0.637695312500 0.993867187500
vt 0.637695312500 0.999023437500
vt 0.642851562500 0.999023437500
vt 0.642851562500 0.991503906250
vt 0.637695312500 0.991503906250
vt 0.637695312500 0.999023437500
vt 0.645214843750 0.999023437500
vt 0.645214843750 0.989236842357
vt 0.637695312500 0.989236842357
vt 0.637695312500 0.999023437500
vt 0.647481907643 0.999023437500
vt 0.647481907643 0.991503906250
vt 0.637695312500 0.991503906250
vt 0.637695312500 0.999023437500
vt 0.642851562500 0.999023437500
vt 0.642851562500 0.989236842357
vt 0.637695312500 0.989236842357
vt 0.637695312500 0.999023437500
vt 0.647481907643 0.999023437500
vt 0.647481907643 0.993867187500
vt 0.637695312500 0.993867187500
vt 0.637695312500 0.999023437500
vt 0.645214843750 0.999023437500
vt 0.645214843750 0.993867187500
vt 0.637695312500 0.993867187500
vt 0.637695312500 0.999023437500
vt 0.642851562500 0.999023437500
vt 0.642851562500 0.991503906250
vt 0.637695312500 0.991503906250
vt 0.637695312500 0.999023437500
vt 0.645214843750 0.999023437500
vt 0.645214843750 0.989236842357
vt 0.637695312500 0.989236842357
vt 0.637695312500 0.999023437500
vt 0.647481907643 0.999023437500
vt 0.647481907643 0.991503906250
vt 0.637695312500 0.991503906250
vt 0.637695312500 0.999023437500
vt 0.642851562500 0.999023437500
vt 0.642851562500 0.989236842357
vt 0.637695312500 0.989236842357
vt 0.637695312500 0.999023437500
vt 0.647481907643 0.999023437500
vt 0.647481907643 0.993867187500
vt 0.637695312500 0.993867187500
vt 0.637695312500 0.999023437500
vt 0.645214843750 0.999023437500
vt 0.645214843750 0.993867187500
vt 0.637695312500 0.993867187500
vt 0.637695312500 0.999023437500
vt 0.642851562500 0.999023437500
vt 0.642851562500 0.991503906250
vt 0.637695312500 0.991503906250
vt 0.637695312500 0.999023437500
vt 0.645214843750 0.999023437500
vt 0.645214843750 0.989236842357
vt 0.637695312500 0.989236842357
vt 0.637695312500 0.999023437500
vt 0.647481907643 0.999023437500
vt 0.647481907643 0.991503906250
vt 0.637695312500 0.991503906250
vt 0.637695312500 0.999023437500
vt 0.642851562500 0.999023437500
vt 0.642851562500 0.989236842357
vt 0.637695312500 0.989236842357
vt 0.637695312500 0.999023437500
vt 0.647481907643 0.999023437500
vt 0.647481907643 0.993867187500
vt 0.637695312500 0.993867187500
vt 0.637695312500 0.999023437500
vt 0.645214843750 0.999023437500
vt 0.645214843750 0.993867187500
vt 0.637695312500 0.993867187500
vt 0.637695312500 0.999023437500
vt 0.642851562500 0.999023437500
vt 0.642851562500 0.991503906250
vt 0.637695312500 0.991503906250
vt 0.637695312500 0.999023437500
vt 0.645214843750 0.999023437500
vt 0.645214843750 0.989236842357
vt 0.637695312500 0.989236842357
vt 0.637695312500 0.999023437500
vt 0.647481907643 0.999023437500
vt 0.647481907643 0.991503906250
vt 0.637695312500 0.991503906250
vt 0.637695312500 0.999023437500
vt 0.642851562500 0.999023437500
vt 0.642851562500 0.989236842357
vt 0.637695312500 0.989236842357
vt 0.637695312500 0.999023437500
vt 0.647481907643 0.999023437500
vt 0.647481907643 0.993867187500
vt 0.637695312500 0.993867187500
vt 0.637695312500 0.999023437500
vt 0.645214843750 0.999023437500
vt 0.645214843750 0.993867187500
vt 0.637695312500 0.993867187500
vt 0.637695312500 0.999023437500
vt 0.642851562500 0.999023437500
vt 0.642851562500 0.991503906250
vt 0.637695312500 0.991503906250
vt 0.637695312500 0.999023437500
vt 0.645214843750 0.999023437500
vt 0.645214843750 0.989236842357
vt 0.637695312500 0.989236842357
vt 0.637695312500 0.999023437500
vt 0.647481907643 0.999023437500
vt 0.647481907643 0.991503906250
vt 0.637695312500 0.991503906250
vt 0.637695312500 0.999023437500
vt 0.642851562500 0.999023437500
vt 0.642851562500 0.989236842357
vt 0.637695312500 0.989236842357
vt 0.637695312500 0.999023437500
vt 0.647481907643 0.999023437500
vt 0.647481907643 0.993867187500
vt 0.637695312500 0.993867187500
vt 0.637695312500 0.999023437500
vt 0.645214843750 0.999023437500
vt 0.645214843750 0.993867187500
vt 0.637695312500 0.993867187500
vt 0.637695312500 0.999023437500
vt 0.642851562500 0.999023437500
vt 0.642851562500 0.991503906250
vt 0.637695312500 0.991503906250
vt 0.637695312500 0.999023437500
vt 0.645214843750 0.999023437500
vt 0.645214843750 0.989236842357
vt 0.637695312500 0.989236842357
vt 0.637695312500 0.999023437500
vt 0.647481907643 0.999023437500
vt 0.647481907643 0.991503906250
vt 0.637695312500 0.991503906250
vt 0.637695312500 0.999023437500
vt 0.642851562500 0.999023437500
vt 0.642851562500 0.989236842357
vt 0.637695312500 0.989236842357
vt 0.637695312500 0.999023437500
vt 0.647481907643 0.999023437500
vt 0.647481907643 0.993867187500
vt 0.637695312500 0.993867187500
vt 0.637695312500 0.999023437500
vt 0.645214843750 0.999023437500
vt 0.645214843750 0.993867187500
vt 0.637695312500 0.993867187500
vt 0.637695312500 0.999023437500
vt 0.642851562500 0.999023437500
vt 0.642851562500 0.991503906250
vt 0.637695312500 0.991503906250
vt 0.637695312500 0.999023437500
vt 0.645214843750 0.999023437500
vt 0.645214843750 0.989236842357
vt 0.637695312500 0.989236842357
vt 0.637695312500 0.999023437500
vt 0.647481907643 0.999023437500
vt 0.647481907643 0.991503906250
vt 0.637695312500 0.991503906250
vt 0.637695312500 0.999023437500
vt 0.642851562500 0.999023437500
vt 0.642851562500 0.989236842357
vt 0.637695312500 0.989236842357
vt 0.637695312500 0.999023437500
vt 0.647481907643 0.999023437500
vt 0.647481907643 0.993867187500
vt 0.637695312500 0.993867187500
vt 0.637695312500 0.999023437500
vt 0.645214843750 0.999023437500
vt 0.645214843750 0.993867187500
vt 0.637695312500 0.993867187500
vt 0.637695312500 0.999023437500
vt 0.642851562500 0.999023437500
vt 0.642851562500 0.991503906250
vt 0.637695312500 0.991503906250
vt 0.637695312500 0.999023437500
vt 0.645214843750 0.999023437500
vt 0.645214843750 0.989236842357
vt 0.637695312500 0.989236842357
vt 0.637695312500 0.999023437500
vt 0.647481907643 0.999023437500
vt 0.647481907643 0.991503906250
vt 0.637695312500 0.991503906250
vt 0.637695312500 0.999023437500
vt 0.642851562500 0.999023437500
vt 0.642851562500 0.989236842357
vt 0.637695312500 0.989236842357
vt 0.637695312500 0.999023437500
vt 0.647481907643 0.999023437500
vt 0.647481907643 0.993867187500
vt 0.637695312500 0.993867187500
vt 0.637695312500 0.999023437500
vt 0.645214843750 0.999023437500
vt 0.645214843750 0.993867187500
vt 0.637695312500 0.993867187500
vt 0.637695312500 0.999023437500
vt 0.642851562500 0.999023437500
vt 0.642851562500 0.991503906250
vt 0.637695312500 0.991503906250
vt 0.637695312500 0.999023437500
vt 0.645214843750 0.999023437500
vt 0.645214843750 0.989236842357
vt 0.637695312500 0.989236842357
vt 0.637695312500 0.999023437500
vt 0.647481907643 0.999023437500
vt 0.647481907643 0.991503906250
vt 0.637695312500 0.991503906250
vt 0.637695312500 0.999023437500
vt 0.642851562500 0.999023437500
vt 0.642851562500 0.989236842357
vt 0.637695312500 0.989236842357
vt 0.637695312500 0.999023437500
vt 0.647481907643 0.999023437500
vt 0.647481907643 0.993867187500
vt 0.637695312500 0.993867187500
vt 0.637695312500 0.999023437500
vt 0.645214843750 0.999023437500
vt 0.645214843750 0.993867187500
vt 0.637695312500 0.993867187500
vt 0.637695312500 0.999023437500
vt 0.642851562500 0.999023437500
vt 0.642851562500 0.991503906250
vt 0.637695312500 0.991503906250
vt 0.637695312500 0.999023437500
vt 0.645214843750 0.999023437500
vt 0.645214843750 0.989236842357
vt 0.637695312500 0.989236842357
vt 0.637695312500 0.999023437500
vt 0.647481907643 0.999023437500
vt 0.647481907643 0.991503906250
vt 0.637695312500 0.991503906250
vt 0.637695312500 0.999023437500
vt 0.642851562500 0.999023437500
vt 0.642851562500 0.989236842357
vt 0.637695312500 0.989236842357
vt 0.637695312500 0.999023437500
vt 0.647481907643 0.999023437500
vt 0.647481907643 0.993867187500
vt 0.637695312500 0.993867187500
vt 0.637695312500 0.999023437500
vt 0.645214843750 0.999023437500
vt 0.645214843750 0.993867187500
vt 0.637695312500 0.993867187500
vt 0.637695312500 0.999023437500
vt 0.642851562500 0.999023437500
vt 0.642851562500 0.991503906250
vt 0.637695312500 0.991503906250
vt 0.637695312500 0.999023437500
vt 0.645214843750 0.999023437500
vt 0.645214843750 0.989236842357
vt 0.637695312500 0.989236842357
vt 0.637695312500 0.999023437500
vt 0.647481907643 0.999023437500
vt 0.647481907643 0.991503906250
vt 0.637695312500 0.991503906250
vt 0.270507812500 0.999023437500
vt 0.273515625000 0.999023437500
vt 0.273515625000 0.989194633631
vt 0.270507812500 0.989194633631
vt 0.270507812500 0.999023437500
vt 0.280336616369 0.999023437500
vt 0.280336616369 0.996015625000
vt 0.270507812500 0.996015625000
vt 0.270507812500 0.999023437500
vt 0.274804687500 0.999023437500
vt 0.274804687500 0.996015625000
vt 0.270507812500 0.996015625000
vt 0.270507812500 0.999023437500
vt 0.273515625000 0.999023437500
vt 0.273515625000 0.994726562500
vt 0.270507812500 0.994726562500
vt 0.270507812500 0.999023437500
vt 0.274804687500 0.999023437500
vt 0.274804687500 0.989194633631
vt 0.270507812500 0.989194633631
vt 0.270507812500 0.999023437500
vt 0.280336616369 0.999023437500
vt 0.280336616369 0.994726562500
vt 0.270507812500 0.994726562500
vt 0.270507812500 0.999023437500
vt 0.273515625000 0.999023437500
vt 0.273515625000 0.989194633631
vt 0.270507812500 0.989194633631
vt 0.270507812500 0.999023437500
vt 0.280336616369 0.999023437500
vt 0.280336616369 0.996015625000
vt 0.270507812500 0.996015625000
vt 0.270507812500 0.999023437500
vt 0.274804687500 0.999023437500
vt 0.274804687500 0.996015625000
vt 0.270507812500 0.996015625000
vt 0.270507812500 0.999023437500
vt 0.273515625000 0.999023437500
vt 0.273515625000 0.994726562500
vt 0.270507812500 0.994726562500
vt 0.270507812500 0.999023437500
vt 0.274804687500 0.999023437500
vt 0.274804687500 0.989194633631
vt 0.270507812500 0.989194633631
vt 0.270507812500 0.999023437500
vt 0.280336616369 0.999023437500
vt 0.280336616369 0.994726562500
vt 0.270507812500 0.994726562500
vt 0.270507812500 0.999023437500
vt 0.273515625000 0.999023437500
vt 0.273515625000 0.989194633631
vt 0.270507812500 0.989194633631
vt 0.270507812500 0.999023437500
vt 0.280336616369 0.999023437500
vt 0.280336616369 0.996015625000
vt 0.270507812500 0.996015625000
vt 0.270507812500 0.999023437500
vt 0.274804687500 0.999023437500
vt 0.274804687500 0.996015625000
vt 0.270507812500 0.996015625000
vt 0.270507812500 0.999023437500
vt 0.273515625000 0.999023437500
vt 0.273515625000 0.994726562500
vt 0.270507812500 0.994726562500
vt 0.270507812500 0.999023437500
vt 0.274804687500 0.999023437500
vt 0.274804687500 0.989194633631
vt 0.270507812500 0.989194633631
vt 0.270507812500 0.999023437500
vt 0.280336616369 0.999023437500
vt 0.280336616369 0.994726562500
vt 0.270507812500 0.994726562500
vt 0.270507812500 0.999023437500
vt 0.273515625000 0.999023437500
vt 0.273515625000 0.989194633631
vt 0.270507812500 0.989194633631
vt 0.270507812500 0.999023437500
vt 0.280336616369 0.999023437500
vt 0.280336616369 0.996015625000
vt 0.270507812500 0.996015625000
vt 0.270507812500 0.999023437500
vt 0.274804687500 0.999023437500
vt 0.274804687500 0.996015625000
vt 0.270507812500 0.996015625000
vt 0.270507812500 0.999023437500
vt 0.273515625000 0.999023437500
vt 0.273515625000 0.994726562500
vt 0.270507812500 0.994726562500
vt 0.270507812500 0.999023437500
vt 0.274804687500 0.999023437500
vt 0.274804687500 0.989194633631
vt 0.270507812500 0.989194633631
vt 0.270507812500 0.999023437500
vt 0.280336616369 0.999023437500
vt 0.280336616369 0.994726562500
vt 0.270507812500 0.994726562500
vt 0.270507812500 0.999023437500
vt 0.273515625000 0.999023437500
vt 0.273515625000 0.989194633631
vt 0.270507812500 0.989194633631
vt 0.270507812500 0.999023437500
vt 0.280336616369 0.999023437500
vt 0.280336616369 0.996015625000
vt 0.270507812500 0.996015625000
vt 0.270507812500 0.999023437500
vt 0.274804687500 0.999023437500
vt 0.274804687500 0.996015625000
vt 0.270507812500 0.996015625000
vt 0.270507812500 0.999023437500
vt 0.273515625000 0.999023437500
vt 0.273515625000 0.994726562500
vt 0.270507812500 0.994726562500
vt 0.270507812500 0.999023437500
vt 0.274804687500 0.999023437500
vt 0.274804687500 0.989194633631
vt 0.270507812500 0.989194633631
vt 0.270507812500 0.999023437500
vt 0.280336616369 0.999023437500
vt 0.280336616369 0.994726562500
vt 0.270507812500 0.994726562500
vt 0.270507812500 0.999023437500
vt 0.273515625000 0.999023437500
vt 0.273515625000 0.989194633631
vt 0.270507812500 0.989194633631
vt 0.270507812500 0.999023437500
vt 0.280336616369 0.999023437500
vt 0.280336616369 0.996015625000
vt 0.270507812500 0.996015625000
vt 0.270507812500 0.999023437500
vt 0.274804687500 0.999023437500
vt 0.274804687500 0.996015625000
vt 0.270507812500 0.996015625000
vt 0.270507812500 0.999023437500
vt 0.273515625000 0.999023437500
vt 0.273515625000 0.994726562500
vt 0.270507812500 0.994726562500
vt 0.270507812500 0.999023437500
vt 0.274804687500 0.999023437500
vt 0.274804687500 0.989194633631
vt 0.270507812500 0.989194633631
vt 0.270507812500 0.999023437500
vt 0.280336616369 0.999023437500
vt 0.280336616369 0.994726562500
vt 0.270507812500 0.994726562500
vt 0.270507812500 0.999023437500
vt 0.273515625000 0.999023437500
vt 0.273515625000 0.989194633631
vt 0.270507812500 0.989194633631
vt 0.270507812500 0.999023437500
vt 0.280336616369 0.999023437500
vt 0.280336616369 0.996015625000
vt 0.270507812500 0.996015625000
vt 0.270507812500 0.999023437500
vt 0.274804687500 0.999023437500
vt 0.274804687500 0.996015625000
vt 0.270507812500 0.996015625000
vt 0.270507812500 0.999023437500
vt 0.273515625000 0.999023437500
vt 0.273515625000 0.994726562500
vt 0.270507812500 0.994726562500
vt 0.270507812500 0.999023437500
vt 0.274804687500 0.999023437500
vt 0.274804687500 0.989194633631
vt 0.270507812500 0.989194633631
vt 0.270507812500 0.999023437500
vt 0.280336616369 0.999023437500
vt 0.280336616369 0.994726562500
vt 0.270507812500 0.994726562500
vt 0.270507812500 0.999023437500
vt 0.273515625000 0.999023437500
vt 0.273515625000 0.989194633631
vt 0.270507812500 0.989194633631
vt 0.270507812500 0.999023437500
vt 0.280336616369 0.999023437500
vt 0.280336616369 0.996015625000
vt 0.270507812500 0.996015625000
vt 0.270507812500 0.999023437500
vt 0.274804687500 0.999023437500
vt 0.274804687500 0.996015625000
vt 0.270507812500 0.996015625000
vt 0.270507812500 0.999023437500
vt 0.273515625000 0.999023437500
vt 0.273515625000 0.994726562500
vt 0.270507812500 0.994726562500
vt 0.270507812500 0.999023437500
vt 0.274804687500 0.999023437500
vt 0.274804687500 0.989194633631
vt 0.270507812500 0.989194633631
vt 0.270507812500 0.999023437500
vt 0.280336616369 0.999023437500
vt 0.280336616369 0.994726562500
vt 0.270507812500 0.994726562500
vt 0.270507812500 0.999023437500
vt 0.273515625000 0.999023437500
vt 0.273515625000 0.989194633631
vt 0.270507812500 0.989194633631
vt 0.270507812500 0.999023437500
vt 0.280336616369 0.999023437500
vt 0.280336616369 0.996015625000
vt 0.270507812500 0.996015625000
vt 0.270507812500 0.999023437500
vt 0.274804687500 0.999023437500
vt 0.274804687500 0.996015625000
vt 0.270507812500 0.996015625000
vt 0.270507812500 0.999023437500
vt 0.273515625000 0.999023437500
vt 0.273515625000 0.994726562500
vt 0.270507812500 0.994726562500
vt 0.270507812500 0.999023437500
vt 0.274804687500 0.999023437500
vt 0.274804687500 0.989194633631
vt 0.270507812500 0.989194633631
vt 0.270507812500 0.999023437500
vt 0.280336616369 0.999023437500
vt 0.280336616369 0.994726562500
vt 0.270507812500 0.994726562500
vt 0.096002607073 0.999023437500
vt 0.101520778790 0.999023437500
vt 0.105296879242 0.995123530475
vt 0.105118919998 0.989608229069
vt 0.101091147169 0.985708322044
vt 0.095572975453 0.985708322044
vt 0.091796875000 0.989608229069
vt 0.091974834244 0.995123530475
vt 0.096002607073 0.999023437500
vt 0.101520778790 0.999023437500
vt 0.105296879242 0.995123530475
vt 0.105118919998 0.989608229069
vt 0.101091147169 0.985708322044
vt 0.095572975453 0.985708322044
vt 0.091796875000 0.989608229069
vt 0.091974834244 0.995123530475
vt 0.091796875000 0.999023437500
vt 0.117578125000 0.999023437500
vt 0.117578125000 0.993505265783
vt 0.091796875000 0.993505265783
vt 0.091796875000 0.999023437500
vt 0.117578125000 0.999023437500
vt 0.117578125000 0.993594974602
vt 0.091796875000 0.993594974602
vt 0.091796875000 0.999023437500
vt 0.117578125000 0.999023437500
vt 0.117578125000 0.993505265783
vt 0.091796875000 0.993505265783
vt 0.091796875000 0.999023437500
vt 0.117578125000 0.999023437500
vt 0.117578125000 0.993416992212
vt 0.091796875000 0.993416992212
vt 0.091796875000 0.999023437500
vt 0.117578125000 0.999023437500
vt 0.117578125000 0.993505265783
vt 0.091796875000 0.993505265783
vt 0.091796875000 0.999023437500
vt 0.117578125000 0.999023437500
vt 0.117578125000 0.993594974602
vt 0.091796875000 0.993594974602
vt 0.091796875000 0.999023437500
vt 0.117578125000 0.999023437500
vt 0.117578125000 0.993505265783
vt 0.091796875000 0.993505265783
vt 0.091796875000 0.999023437500
vt 0.117578125000 0.999023437500
vt 0.117578125000 0.993416992212
vt 0.091796875000 0.993416992212
vt 0.686523437500 0.999023437500
vt 0.692539062500 0.999023437500
vt 0.692539062500 0.996445312500
vt 0.686523437500 0.996445312500
vt 0.270507812500 0.999023437500
vt 0.273085937500 0.999023437500
vt 0.273085937500 0.993007812500
vt 0.270507812500 0.993007812500
vt 0.270507812500 0.999023437500
vt 0.272226562500 0.999023437500
vt 0.272226562500 0.993007812500
vt 0.270507812500 0.993007812500
vt 0.270507812500 0.999023437500
vt 0.276523437500 0.999023437500
vt 0.276523437500 0.997304687500
vt 0.270507812500 0.997304687500
vt 0.270507812500 0.999023437500
vt 0.272226562500 0.999023437500
vt 0.272226562500 0.996445312500
vt 0.270507812500 0.996445312500
vt 0.270507812500 0.999023437500
vt 0.273085937500 0.999023437500
vt 0.273085937500 0.997304687500
vt 0.270507812500 0.997304687500
vt 0.686523437500 0.999023437500
vt 0.692539062500 0.999023437500
vt 0.692539062500 0.996445312500
vt 0.686523437500 0.996445312500
vt 0.270507812500 0.999023437500
vt 0.273085937500 0.999023437500
vt 0.273085937500 0.993007812500
vt 0.270507812500 0.993007812500
vt 0.270507812500 0.999023437500
vt 0.272226562500 0.999023437500
vt 0.272226562500 0.993007812500
vt 0.270507812500 0.993007812500
vt 0.270507812500 0.999023437500
vt 0.276523437500 0.999023437500
vt 0.276523437500 0.997304687500
vt 0.270507812500 0.997304687500
vt 0.270507812500 0.999023437500
vt 0.272226562500 0.999023437500
vt 0.272226562500 0.996445312500
vt 0.270507812500 0.996445312500
vt 0.270507812500 0.999023437500
vt 0.273085937500 0.999023437500
vt 0.273085937500 0.997304687500
vt 0.270507812500 0.997304687500
vt 0.686523437500 0.999023437500
vt 0.692539062500 0.999023437500
vt 0.692539062500 0.996445312500
vt 0.686523437500 0.996445312500
vt 0.270507812500 0.999023437500
vt 0.273085937500 0.999023437500
vt 0.273085937500 0.993007812500
vt 0.270507812500 0.993007812500
vt 0.270507812500 0.999023437500
vt 0.272226562500 0.999023437500
vt 0.272226562500 0.993007812500
vt 0.270507812500 0.993007812500
vt 0.270507812500 0.999023437500
vt 0.276523437500 0.999023437500
vt 0.276523437500 0.997304687500
vt 0.270507812500 0.997304687500
vt 0.270507812500 0.999023437500
vt 0.272226562500 0.999023437500
vt 0.272226562500 0.996445312500
vt 0.270507812500 0.996445312500
vt 0.270507812500 0.999023437500
vt 0.273085937500 0.999023437500
vt 0.273085937500 0.997304687500
vt 0.270507812500 0.997304687500
vt 0.181640625000 0.999023437500
vt 0.195605468750 0.999023437500
vt 0.195605468750 0.912656250000
vt 0.181640625000 0.912656250000
vt 0.181640625000 0.999023437500
vt 0.268007812500 0.999023437500
vt 0.268007812500 0.985058593750
vt 0.181640625000 0.985058593750
vt 0.181640625000 0.999023437500
vt 0.238359375000 0.999023437500
vt 0.238359375000 0.985058593750
vt 0.181640625000 0.985058593750
vt 0.181640625000 0.999023437500
vt 0.195605468750 0.999023437500
vt 0.195605468750 0.942304687500
vt 0.181640625000 0.942304687500
vt 0.181640625000 0.999023437500
vt 0.238359375000 0.999023437500
vt 0.238359375000 0.912656250000
vt 0.181640625000 0.912656250000
vt 0.181640625000 0.999023437500
vt 0.268007812500 0.999023437500
vt 0.268007812500 0.942304687500
vt 0.181640625000 0.942304687500
vt 0.181640625000 0.999023437500
vt 0.245090499197 0.999023437500
vt 0.232919937453 0.956859315642
vt 0.181640625000 0.999023437500
vt 0.225526109448 0.999023437500
vt 0.207929844503 0.938062318780
vt 0.181640625000 0.999023437500
vt 0.235351562500 0.999023437500
vt 0.235351562500 0.935573563303
vt 0.181640625000 0.935573563303
vt 0.181640625000 0.999023437500
vt 0.235351562500 0.999023437500
vt 0.235351562500 0.955137953052
vt 0.181640625000 0.955137953052
vt 0.181640625000 0.999023437500
vt 0.235351562500 0.999023437500
vt 0.235351562500 0.932635328190
vt 0.181640625000 0.932635328190
vt 0.353515625000 0.999023437500
vt 0.409788694949 0.999023437500
vt 0.398992599232 0.963400915019
vt 0.353515625000 0.999023437500
vt 0.390738195984 0.999023437500
vt 0.374416662210 0.945169320324
vt 0.353515625000 0.999023437500
vt 0.356953125000 0.999023437500
vt 0.356953125000 0.942750367551
vt 0.353515625000 0.942750367551
vt 0.353515625000 0.999023437500
vt 0.356953125000 0.999023437500
vt 0.356953125000 0.961800866516
vt 0.353515625000 0.961800866516
vt 0.353515625000 0.999023437500
vt 0.356953125000 0.999023437500
vt 0.356953125000 0.941255632511
vt 0.353515625000 0.941255632511
vt 0.501953125000 0.999023437500
vt 0.558226194949 0.999023437500
vt 0.547430099232 0.963400915019
vt 0.501953125000 0.999023437500
vt 0.539175695984 0.999023437500
vt 0.522854162210 0.945169320324
vt 0.501953125000 0.999023437500
vt 0.505390625000 0.999023437500
vt 0.505390625000 0.942750367551
vt 0.501953125000 0.942750367551
vt 0.501953125000 0.999023437500
vt 0.505390625000 0.999023437500
vt 0.505390625000 0.961800866516
vt 0.501953125000 0.961800866516
vt 0.501953125000 0.999023437500
vt 0.505390625000 0.999023437500
vt 0.505390625000 0.941255632511
vt 0.501953125000 0.941255632511
vt 0.637695312500 0.999023437500
vt 0.644355468750 0.999023437500
vt 0.644355468750 0.971093750000
vt 0.637695312500 0.971093750000
vt 0.637695312500 0.999023437500
vt 0.665625000000 0.999023437500
vt 0.665625000000 0.992363281250
vt 0.637695312500 0.992363281250
vt 0.637695312500 0.999023437500
vt 0.648437500000 0.999023437500
vt 0.648437500000 0.992363281250
vt 0.637695312500 0.992363281250
vt 0.637695312500 0.999023437500
vt 0.644355468750 0.999023437500
vt 0.644355468750 0.988281250000
vt 0.637695312500 0.988281250000
vt 0.637695312500 0.999023437500
vt 0.648437500000 0.999023437500
vt 0.648437500000 0.971093750000
vt 0.637695312500 0.971093750000
vt 0.637695312500 0.999023437500
vt 0.665625000000 0.999023437500
vt 0.665625000000 0.988281250000
vt 0.637695312500 0.988281250000
vt 0.181640625000 0.999023437500
vt 0.186367187500 0.999023437500
vt 0.186367187500 0.922109375000
vt 0.181640625000 0.922109375000
vt 0.181640625000 0.999023437500
vt 0.258554687500 0.999023437500
vt 0.258554687500 0.994296875000
vt 0.181640625000 0.994296875000
vt 0.181640625000 0.999023437500
vt 0.251250000000 0.999023437500
vt 0.251250000000 0.994296875000
vt 0.181640625000 0.994296875000
vt 0.181640625000 0.999023437500
vt 0.186367187500 0.999023437500
vt 0.186367187500 0.929414062500
vt 0.181640625000 0.929414062500
vt 0.181640625000 0.999023437500
vt 0.251250000000 0.999023437500
vt 0.251250000000 0.922109375000
vt 0.181640625000 0.922109375000
vt 0.181640625000 0.999023437500
vt 0.258554687500 0.999023437500
vt 0.258554687500 0.929414062500
vt 0.181640625000 0.929414062500
vt 0.353515625000 0.999023437500
vt 0.358242187500 0.999023437500
vt 0.358242187500 0.927265625000
vt 0.353515625000 0.927265625000
vt 0.353515625000 0.999023437500
vt 0.425273437500 0.999023437500
vt 0.425273437500 0.994296875000
vt 0.353515625000 0.994296875000
vt 0.353515625000 0.999023437500
vt 0.419687500000 0.999023437500
vt 0.419687500000 0.994296875000
vt 0.353515625000 0.994296875000
vt 0.353515625000 0.999023437500
vt 0.358242187500 0.999023437500
vt 0.358242187500 0.932851562500
vt 0.353515625000 0.932851562500
vt 0.353515625000 0.999023437500
vt 0.419687500000 0.999023437500
vt 0.419687500000 0.927265625000
vt 0.353515625000 0.927265625000
vt 0.353515625000 0.999023437500
vt 0.425273437500 0.999023437500
vt 0.425273437500 0.932851562500
vt 0.353515625000 0.932851562500
vt 0.501953125000 0.999023437500
vt 0.506679687500 0.999023437500
vt 0.506679687500 0.932421875000
vt 0.501953125000 0.932421875000
vt 0.501953125000 0.999023437500
vt 0.568554687500 0.999023437500
vt 0.568554687500 0.994296875000
vt 0.501953125000 0.994296875000
vt 0.501953125000 0.999023437500
vt 0.564687500000 0.999023437500
vt 0.564687500000 0.994296875000
vt 0.501953125000 0.994296875000
vt 0.501953125000 0.999023437500
vt 0.506679687500 0.999023437500
vt 0.506679687500 0.936289062500
vt 0.501953125000 0.936289062500
vt 0.501953125000 0.999023437500
vt 0.564687500000 0.999023437500
vt 0.564687500000 0.932421875000
vt 0.501953125000 0.932421875000
vt 0.501953125000 0.999023437500
vt 0.568554687500 0.999023437500
vt 0.568554687500 0.936289062500
vt 0.501953125000 0.936289062500
vt 0.181640625000 0.999023437500
vt 0.191523437500 0.999023437500
vt 0.191523437500 0.927050781250
vt 0.181640625000 0.927050781250
vt 0.181640625000 0.999023437500
vt 0.253613281250 0.999023437500
vt 0.253613281250 0.989140625000
vt 0.181640625000 0.989140625000
vt 0.181640625000 0.999023437500
vt 0.247597656250 0.999023437500
vt 0.247597656250 0.989140625000
vt 0.181640625000 0.989140625000
vt 0.181640625000 0.999023437500
vt 0.191523437500 0.999023437500
vt 0.191523437500 0.933066406250
vt 0.181640625000 0.933066406250
vt 0.181640625000 0.999023437500
vt 0.247597656250 0.999023437500
vt 0.247597656250 0.927050781250
vt 0.181640625000 0.927050781250
vt 0.181640625000 0.999023437500
vt 0.253613281250 0.999023437500
vt 0.253613281250 0.933066406250
vt 0.181640625000 0.933066406250
vt 0.501953125000 0.999023437500
vt 0.534179687500 0.999023437500
vt 0.534179687500 0.991289062500
vt 0.501953125000 0.991289062500
vt 0.501953125000 0.999023437500
vt 0.509687500000 0.999023437500
vt 0.509687500000 0.966796875000
vt 0.501953125000 0.966796875000
vt 0.501953125000 0.999023437500
vt 0.557167968750 0.999023437500
vt 0.557167968750 0.966796875000
vt 0.501953125000 0.966796875000
vt 0.501953125000 0.999023437500
vt 0.534179687500 0.999023437500
vt 0.534179687500 0.943808593750
vt 0.501953125000 0.943808593750
vt 0.501953125000 0.999023437500
vt 0.557167968750 0.999023437500
vt 0.557167968750 0.991289062500
vt 0.501953125000 0.991289062500
vt 0.501953125000 0.999023437500
vt 0.509687500000 0.999023437500
vt 0.509687500000 0.943808593750
vt 0.501953125000 0.943808593750
vt 0.501953125000 0.999023437500
vt 0.534179687500 0.999023437500
vt 0.534179687500 0.991289062500
vt 0.501953125000 0.991289062500
vt 0.501953125000 0.999023437500
vt 0.509687500000 0.999023437500
vt 0.509687500000 0.966796875000
vt 0.501953125000 0.966796875000
vt 0.501953125000 0.999023437500
vt 0.557167968750 0.999023437500
vt 0.557167968750 0.966796875000
vt 0.501953125000 0.966796875000
vt 0.501953125000 0.999023437500
vt 0.534179687500 0.999023437500
vt 0.534179687500 0.943808593750
vt 0.501953125000 0.943808593750
vt 0.501953125000 0.999023437500
vt 0.557167968750 0.999023437500
vt 0.557167968750 0.991289062500
vt 0.501953125000 0.991289062500
vt 0.501953125000 0.999023437500
vt 0.509687500000 0.999023437500
vt 0.509687500000 0.943808593750
vt 0.501953125000 0.943808593750
vt 0.637695312500 0.999023437500
vt 0.641777343750 0.999023437500
vt 0.641777343750 0.990196604955
vt 0.637695312500 0.990196604955
vt 0.637695312500 0.999023437500
vt 0.646522145045 0.999023437500
vt 0.646522145045 0.994941406250
vt 0.637695312500 0.994941406250
vt 0.637695312500 0.999023437500
vt 0.649726562500 0.999023437500
vt 0.649726562500 0.994941406250
vt 0.637695312500 0.994941406250
vt 0.637695312500 0.999023437500
vt 0.641777343750 0.999023437500
vt 0.641777343750 0.986992187500
vt 0.637695312500 0.986992187500
vt 0.637695312500 0.999023437500
vt 0.649726562500 0.999023437500
vt 0.649726562500 0.990196604955
vt 0.637695312500 0.990196604955
vt 0.637695312500 0.999023437500
vt 0.646522145045 0.999023437500
vt 0.646522145045 0.986992187500
vt 0.637695312500 0.986992187500
vt 0.637695312500 0.999023437500
vt 0.641777343750 0.999023437500
vt 0.641777343750 0.990196604955
vt 0.637695312500 0.990196604955
vt 0.637695312500 0.999023437500
vt 0.646522145045 0.999023437500
vt 0.646522145045 0.994941406250
vt 0.637695312500 0.994941406250
vt 0.637695312500 0.999023437500
vt 0.649726562500 0.999023437500
vt 0.649726562500 0.994941406250
vt 0.637695312500 0.994941406250
vt 0.637695312500 0.999023437500
vt 0.641777343750 0.999023437500
vt 0.641777343750 0.986992187500
vt 0.637695312500 0.986992187500
vt 0.637695312500 0.999023437500
vt 0.649726562500 0.999023437500
vt 0.649726562500 0.990196604955
vt 0.637695312500 0.990196604955
vt 0.637695312500 0.999023437500
vt 0.646522145045 0.999023437500
vt 0.646522145045 0.986992187500
vt 0.637695312500 0.986992187500
vt 0.637695312500 0.999023437500
vt 0.641777343750 0.999023437500
vt 0.641777343750 0.990196604955
vt 0.637695312500 0.990196604955
vt 0.637695312500 0.999023437500
vt 0.646522145045 0.999023437500
vt 0.646522145045 0.994941406250
vt 0.637695312500 0.994941406250
vt 0.637695312500 0.999023437500
vt 0.649726562500 0.999023437500
vt 0.649726562500 0.994941406250
vt 0.637695312500 0.994941406250
vt 0.637695312500 0.999023437500
vt 0.641777343750 0.999023437500
vt 0.641777343750 0.986992187500
vt 0.637695312500 0.986992187500
vt 0.637695312500 0.999023437500
vt 0.649726562500 0.999023437500
vt 0.649726562500 0.990196604955
vt 0.637695312500 0.990196604955
vt 0.637695312500 0.999023437500
vt 0.646522145045 0.999023437500
vt 0.646522145045 0.986992187500
vt 0.637695312500 0.986992187500
vt 0.637695312500 0.999023437500
vt 0.641777343750 0.999023437500
vt 0.641777343750 0.990196604955
vt 0.637695312500 0.990196604955
vt 0.637695312500 0.999023437500
vt 0.646522145045 0.999023437500
vt 0.646522145045 0.994941406250
vt 0.637695312500 0.994941406250
vt 0.637695312500 0.999023437500
vt 0.649726562500 0.999023437500
vt 0.649726562500 0.994941406250
vt 0.637695312500 0.994941406250
vt 0.637695312500 0.999023437500
vt 0.641777343750 0.999023437500
vt 0.641777343750 0.986992187500
vt 0.637695312500 0.986992187500
vt 0.637695312500 0.999023437500
vt 0.649726562500 0.999023437500
vt 0.649726562500 0.990196604955
vt 0.637695312500 0.990196604955
vt 0.637695312500 0.999023437500
vt 0.646522145045 0.999023437500
vt 0.646522145045 0.986992187500
vt 0.637695312500 0.986992187500
vt 0.637695312500 0.999023437500
vt 0.641777343750 0.999023437500
vt 0.641777343750 0.990196604955
vt 0.637695312500 0.990196604955
vt 0.637695312500 0.999023437500
vt 0.646522145045 0.999023437500
vt 0.646522145045 0.994941406250
vt 0.637695312500 0.994941406250
vt 0.637695312500 0.999023437500
vt 0.649726562500 0.999023437500
vt 0.649726562500 0.994941406250
vt 0.637695312500 0.994941406250
vt 0.637695312500 0.999023437500
vt 0.641777343750 0.999023437500
vt 0.641777343750 0.986992187500
vt 0.637695312500 0.986992187500
vt 0.637695312500 0.999023437500
vt 0.649726562500 0.999023437500
vt 0.649726562500 0.990196604955
vt 0.637695312500 0.990196604955
vt 0.637695312500 0.999023437500
vt 0.646522145045 0.999023437500
vt 0.646522145045 0.986992187500
vt 0.637695312500 0.986992187500
vt 0.637695312500 0.999023437500
vt 0.641777343750 0.999023437500
vt 0.641777343750 0.990196604955
vt 0.637695312500 0.990196604955
vt 0.637695312500 0.999023437500
vt 0.646522145045 0.999023437500
vt 0.646522145045 0.994941406250
vt 0.637695312500 0.994941406250
vt 0.637695312500 0.999023437500
vt 0.649726562500 0.999023437500
vt 0.649726562500 0.994941406250
vt 0.637695312500 0.994941406250
vt 0.637695312500 0.999023437500
vt 0.641777343750 0.999023437500
vt 0.641777343750 0.986992187500
vt 0.637695312500 0.986992187500
vt 0.637695312500 0.999023437500
vt 0.649726562500 0.999023437500
vt 0.649726562500 0.990196604955
vt 0.637695312500 0.990196604955
vt 0.637695312500 0.999023437500
vt 0.646522145045 0.999023437500
vt 0.646522145045 0.986992187500
vt 0.637695312500 0.986992187500
vt 0.637695312500 0.999023437500
vt 0.641777343750 0.999023437500
vt 0.641777343750 0.990196604955
vt 0.637695312500 0.990196604955
vt 0.637695312500 0.999023437500
vt 0.646522145045 0.999023437500
vt 0.646522145045 0.994941406250
vt 0.637695312500 0.994941406250
vt 0.637695312500 0.999023437500
vt 0.649726562500 0.999023437500
vt 0.649726562500 0.994941406250
vt 0.637695312500 0.994941406250
vt 0.637695312500 0.999023437500
vt 0.641777343750 0.999023437500
vt 0.641777343750 0.986992187500
vt 0.637695312500 0.986992187500
vt 0.637695312500 0.999023437500
vt 0.649726562500 0.999023437500
vt 0.649726562500 0.990196604955
vt 0.637695312500 0.990196604955
vt 0.637695312500 0.999023437500
vt 0.646522145045 0.999023437500
vt 0.646522145045 0.986992187500
vt 0.637695312500 0.986992187500
vt 0.637695312500 0.999023437500
vt 0.641777343750 0.999023437500
vt 0.641777343750 0.990196604955
vt 0.637695312500 0.990196604955
vt 0.637695312500 0.999023437500
vt 0.646522145045 0.999023437500
vt 0.646522145045 0.994941406250
vt 0.637695312500 0.994941406250
vt 0.637695312500 0.999023437500
vt 0.649726562500 0.999023437500
vt 0.649726562500 0.994941406250
vt 0.637695312500 0.994941406250
vt 0.637695312500 0.999023437500
vt 0.641777343750 0.999023437500
vt 0.641777343750 0.986992187500
vt 0.637695312500 0.986992187500
vt 0.637695312500 0.999023437500
vt 0.649726562500 0.999023437500
vt 0.649726562500 0.990196604955
vt 0.637695312500 0.990196604955
vt 0.637695312500 0.999023437500
vt 0.646522145045 0.999023437500
vt 0.646522145045 0.986992187500
vt 0.637695312500 0.986992187500
vt 0.353515625000 0.999023437500
vt 0.356523437500 0.999023437500
vt 0.356523437500 0.994287730024
vt 0.353515625000 0.994287730024
vt 0.353515625000 0.999023437500
vt 0.358251332476 0.999023437500
vt 0.358251332476 0.996015625000
vt 0.353515625000 0.996015625000
vt 0.353515625000 0.999023437500
vt 0.361250000000 0.999023437500
vt 0.361250000000 0.996015625000
vt 0.353515625000 0.996015625000
vt 0.353515625000 0.999023437500
vt 0.356523437500 0.999023437500
vt 0.356523437500 0.991289062500
vt 0.353515625000 0.991289062500
vt 0.353515625000 0.999023437500
vt 0.361250000000 0.999023437500
vt 0.361250000000 0.994287730024
vt 0.353515625000 0.994287730024
vt 0.353515625000 0.999023437500
vt 0.358251332476 0.999023437500
vt 0.358251332476 0.991289062500
vt 0.353515625000 0.991289062500
vt 0.353515625000 0.999023437500
vt 0.356523437500 0.999023437500
vt 0.356523437500 0.994287730024
vt 0.353515625000 0.994287730024
vt 0.353515625000 0.999023437500
vt 0.358251332476 0.999023437500
vt 0.358251332476 0.996015625000
vt 0.353515625000 0.996015625000
vt 0.353515625000 0.999023437500
vt 0.361250000000 0.999023437500
vt 0.361250000000 0.996015625000
vt 0.353515625000 0.996015625000
vt 0.353515625000 0.999023437500
vt 0.356523437500 0.999023437500
vt 0.356523437500 0.991289062500
vt 0.353515625000 0.991289062500
vt 0.353515625000 0.999023437500
vt 0.361250000000 0.999023437500
vt 0.361250000000 0.994287730024
vt 0.353515625000 0.994287730024
vt 0.353515625000 0.999023437500
vt 0.358251332476 0.999023437500
vt 0.358251332476 0.991289062500
vt 0.353515625000 0.991289062500
vt 0.353515625000 0.999023437500
vt 0.356523437500 0.999023437500
vt 0.356523437500 0.994287730024
vt 0.353515625000 0.994287730024
vt 0.353515625000 0.999023437500
vt 0.358251332476 0.999023437500
vt 0.358251332476 0.996015625000
vt 0.353515625000 0.996015625000
vt 0.353515625000 0.999023437500
vt 0.361250000000 0.999023437500
vt 0.361250000000 0.996015625000
vt 0.353515625000 0.996015625000
vt 0.353515625000 0.999023437500
vt 0.356523437500 0.999023437500
vt 0.356523437500 0.991289062500
vt 0.353515625000 0.991289062500
vt 0.353515625000 0.999023437500
vt 0.361250000000 0.999023437500
vt 0.361250000000 0.994287730024
vt 0.353515625000 0.994287730024
vt 0.353515625000 0.999023437500
vt 0.358251332476 0.999023437500
vt 0.358251332476 0.991289062500
vt 0.353515625000 0.991289062500
vt 0.353515625000 0.999023437500
vt 0.356523437500 0.999023437500
vt 0.356523437500 0.994287730024
vt 0.353515625000 0.994287730024
vt 0.353515625000 0.999023437500
vt 0.358251332476 0.999023437500
vt 0.358251332476 0.996015625000
vt 0.353515625000 0.996015625000
vt 0.353515625000 0.999023437500
vt 0.361250000000 0.999023437500
vt 0.361250000000 0.996015625000
vt 0.353515625000 0.996015625000
vt 0.353515625000 0.999023437500
vt 0.356523437500 0.999023437500
vt 0.356523437500 0.991289062500
vt 0.353515625000 0.991289062500
vt 0.353515625000 0.999023437500
vt 0.361250000000 0.999023437500
vt 0.361250000000 0.994287730024
vt 0.353515625000 0.994287730024
vt 0.353515625000 0.999023437500
vt 0.358251332476 0.999023437500
vt 0.358251332476 0.991289062500
vt 0.353515625000 0.991289062500
vt 0.353515625000 0.999023437500
vt 0.356523437500 0.999023437500
vt 0.356523437500 0.994287730024
vt 0.353515625000 0.994287730024
vt 0.353515625000 0.999023437500
vt 0.358251332476 0.999023437500
vt 0.358251332476 0.996015625000
vt 0.353515625000 0.996015625000
vt 0.353515625000 0.999023437500
vt 0.361250000000 0.999023437500
vt 0.361250000000 0.996015625000
vt 0.353515625000 0.996015625000
vt 0.353515625000 0.999023437500
vt 0.356523437500 0.999023437500
vt 0.356523437500 0.991289062500
vt 0.353515625000 0.991289062500
vt 0.353515625000 0.999023437500
vt 0.361250000000 0.999023437500
vt 0.361250000000 0.994287730024
vt 0.353515625000 0.994287730024
vt 0.353515625000 0.999023437500
vt 0.358251332476 0.999023437500
vt 0.358251332476 0.991289062500
vt 0.353515625000 0.991289062500
vt 0.353515625000 0.999023437500
vt 0.356523437500 0.999023437500
vt 0.356523437500 0.994287730024
vt 0.353515625000 0.994287730024
vt 0.353515625000 0.999023437500
vt 0.358251332476 0.999023437500
vt 0.358251332476 0.996015625000
vt 0.353515625000 0.996015625000
vt 0.353515625000 0.999023437500
vt 0.361250000000 0.999023437500
vt 0.361250000000 0.996015625000
vt 0.353515625000 0.996015625000
vt 0.353515625000 0.999023437500
vt 0.356523437500 0.999023437500
vt 0.356523437500 0.991289062500
vt 0.353515625000 0.991289062500
vt 0.353515625000 0.999023437500
vt 0.361250000000 0.999023437500
vt 0.361250000000 0.994287730024
vt 0.353515625000 0.994287730024
vt 0.353515625000 0.999023437500
vt 0.358251332476 0.999023437500
vt 0.358251332476 0.991289062500
vt 0.353515625000 0.991289062500
vt 0.353515625000 0.999023437500
vt 0.356523437500 0.999023437500
vt 0.356523437500 0.994287730024
vt 0.353515625000 0.994287730024
vt 0.353515625000 0.999023437500
vt 0.358251332476 0.999023437500
vt 0.358251332476 0.996015625000
vt 0.353515625000 0.996015625000
vt 0.353515625000 0.999023437500
vt 0.361250000000 0.999023437500
vt 0.361250000000 0.996015625000
vt 0.353515625000 0.996015625000
vt 0.353515625000 0.999023437500
vt 0.356523437500 0.999023437500
vt 0.356523437500 0.991289062500
vt 0.353515625000 0.991289062500
vt 0.353515625000 0.999023437500
vt 0.361250000000 0.999023437500
vt 0.361250000000 0.994287730024
vt 0.353515625000 0.994287730024
vt 0.353515625000 0.999023437500
vt 0.358251332476 0.999023437500
vt 0.358251332476 0.991289062500
vt 0.353515625000 0.991289062500
vt 0.353515625000 0.999023437500
vt 0.356523437500 0.999023437500
vt 0.356523437500 0.994287730024
vt 0.353515625000 0.994287730024
vt 0.353515625000 0.999023437500
vt 0.358251332476 0.999023437500
vt 0.358251332476 0.996015625000
vt 0.353515625000 0.996015625000
vt 0.353515625000 0.999023437500
vt 0.361250000000 0.999023437500
vt 0.361250000000 0.996015625000
vt 0.353515625000 0.996015625000
vt 0.353515625000 0.999023437500
vt 0.356523437500 0.999023437500
vt 0.356523437500 0.991289062500
vt 0.353515625000 0.991289062500
vt 0.353515625000 0.999023437500
vt 0.361250000000 0.999023437500
vt 0.361250000000 0.994287730024
vt 0.353515625000 0.994287730024
vt 0.353515625000 0.999023437500
vt 0.358251332476 0.999023437500
vt 0.358251332476 0.991289062500
vt 0.353515625000 0.991289062500
vt 0.686523437500 0.999023437500
vt 0.694042968750 0.999023437500
vt 0.694042968750 0.992148437500
vt 0.686523437500 0.992148437500
vt 0.270507812500 0.999023437500
vt 0.277382812500 0.999023437500
vt 0.277382812500 0.991503906250
vt 0.270507812500 0.991503906250
vt 0.270507812500 0.999023437500
vt 0.272441406250 0.999023437500
vt 0.272441406250 0.991503906250
vt 0.270507812500 0.991503906250
vt 0.270507812500 0.999023437500
vt 0.278027343750 0.999023437500
vt 0.278027343750 0.997089843750
vt 0.270507812500 0.997089843750
vt 0.270507812500 0.999023437500
vt 0.272441406250 0.999023437500
vt 0.272441406250 0.992148437500
vt 0.270507812500 0.992148437500
vt 0.270507812500 0.999023437500
vt 0.277382812500 0.999023437500
vt 0.277382812500 0.997089843750
vt 0.270507812500 0.997089843750
vt 0.181640625000 0.999023437500
vt 0.210000000000 0.999023437500
vt 0.210000000000 0.993222656250
vt 0.181640625000 0.993222656250
vt 0.181640625000 0.999023437500
vt 0.187441406250 0.999023437500
vt 0.187441406250 0.970664062500
vt 0.181640625000 0.970664062500
vt 0.181640625000 0.999023437500
vt 0.192597656250 0.999023437500
vt 0.192597656250 0.970664062500
vt 0.181640625000 0.970664062500
vt 0.181640625000 0.999023437500
vt 0.210000000000 0.999023437500
vt 0.210000000000 0.988066406250
vt 0.181640625000 0.988066406250
vt 0.181640625000 0.999023437500
vt 0.192597656250 0.999023437500
vt 0.192597656250 0.993222656250
vt 0.181640625000 0.993222656250
vt 0.181640625000 0.999023437500
vt 0.187441406250 0.999023437500
vt 0.187441406250 0.988066406250
vt 0.181640625000 0.988066406250
vt 0.637695312500 0.999023437500
vt 0.666054687500 0.999023437500
vt 0.666054687500 0.993222656250
vt 0.637695312500 0.993222656250
vt 0.637695312500 0.999023437500
vt 0.643496093750 0.999023437500
vt 0.643496093750 0.970664062500
vt 0.637695312500 0.970664062500
vt 0.637695312500 0.999023437500
vt 0.648652343750 0.999023437500
vt 0.648652343750 0.970664062500
vt 0.637695312500 0.970664062500
vt 0.637695312500 0.999023437500
vt 0.666054687500 0.999023437500
vt 0.666054687500 0.988066406250
vt 0.637695312500 0.988066406250
vt 0.637695312500 0.999023437500
vt 0.648652343750 0.999023437500
vt 0.648652343750 0.993222656250
vt 0.637695312500 0.993222656250
vt 0.637695312500 0.999023437500
vt 0.643496093750 0.999023437500
vt 0.643496093750 0.988066406250
vt 0.637695312500 0.988066406250
vt 0.181640625000 0.999023437500
vt 0.210000000000 0.999023437500
vt 0.210000000000 0.993222656250
vt 0.181640625000 0.993222656250
vt 0.181640625000 0.999023437500
vt 0.187441406250 0.999023437500
vt 0.187441406250 0.970664062500
vt 0.181640625000 0.970664062500
vt 0.181640625000 0.999023437500
vt 0.192597656250 0.999023437500
vt 0.192597656250 0.970664062500
vt 0.181640625000 0.970664062500
vt 0.181640625000 0.999023437500
vt 0.210000000000 0.999023437500
vt 0.210000000000 0.988066406250
vt 0.181640625000 0.988066406250
vt 0.181640625000 0.999023437500
vt 0.192597656250 0.999023437500
vt 0.192597656250 0.993222656250
vt 0.181640625000 0.993222656250
vt 0.181640625000 0.999023437500
vt 0.187441406250 0.999023437500
vt 0.187441406250 0.988066406250
vt 0.181640625000 0.988066406250
vt 0.637695312500 0.999023437500
vt 0.666054687500 0.999023437500
vt 0.666054687500 0.993222656250
vt 0.637695312500 0.993222656250
vt 0.637695312500 0.999023437500
vt 0.643496093750 0.999023437500
vt 0.643496093750 0.970664062500
vt 0.637695312500 0.970664062500
vt 0.637695312500 0.999023437500
vt 0.648652343750 0.999023437500
vt 0.648652343750 0.970664062500
vt 0.637695312500 0.970664062500
vt 0.637695312500 0.999023437500
vt 0.666054687500 0.999023437500
vt 0.666054687500 0.988066406250
vt 0.637695312500 0.988066406250
vt 0.637695312500 0.999023437500
vt 0.648652343750 0.999023437500
vt 0.648652343750 0.993222656250
vt 0.637695312500 0.993222656250
vt 0.637695312500 0.999023437500
vt 0.643496093750 0.999023437500
vt 0.643496093750 0.988066406250
vt 0.637695312500 0.988066406250
vt 0.091796875000 0.999023437500
vt 0.155175781250 0.999023437500
vt 0.155175781250 0.970019531250
vt 0.091796875000 0.970019531250
vt 0.091796875000 0.999023437500
vt 0.120800781250 0.999023437500
vt 0.120800781250 0.935644531250
vt 0.091796875000 0.935644531250
vt 0.091796875000 0.999023437500
vt 0.125097656250 0.999023437500
vt 0.125097656250 0.935644531250
vt 0.091796875000 0.935644531250
vt 0.091796875000 0.999023437500
vt 0.155175781250 0.999023437500
vt 0.155175781250 0.965722656250
vt 0.091796875000 0.965722656250
vt 0.091796875000 0.999023437500
vt 0.125097656250 0.999023437500
vt 0.125097656250 0.970019531250
vt 0.091796875000 0.970019531250
vt 0.091796875000 0.999023437500
vt 0.120800781250 0.999023437500
vt 0.120800781250 0.965722656250
vt 0.091796875000 0.965722656250
vt 0.181640625000 0.999023437500
vt 0.193027343750 0.999023437500
vt 0.193027343750 0.954980468750
vt 0.181640625000 0.954980468750
vt 0.181640625000 0.999023437500
vt 0.225683593750 0.999023437500
vt 0.225683593750 0.987636718750
vt 0.181640625000 0.987636718750
vt 0.181640625000 0.999023437500
vt 0.225253906250 0.999023437500
vt 0.225253906250 0.987636718750
vt 0.181640625000 0.987636718750
vt 0.181640625000 0.999023437500
vt 0.193027343750 0.999023437500
vt 0.193027343750 0.955410156250
vt 0.181640625000 0.955410156250
vt 0.181640625000 0.999023437500
vt 0.225253906250 0.999023437500
vt 0.225253906250 0.954980468750
vt 0.181640625000 0.954980468750
vt 0.181640625000 0.999023437500
vt 0.225683593750 0.999023437500
vt 0.225683593750 0.955410156250
vt 0.181640625000 0.955410156250
vt 0.637695312500 0.999023437500
vt 0.639843750000 0.999023437500
vt 0.639843750000 0.960996093750
vt 0.637695312500 0.960996093750
vt 0.637695312500 0.999023437500
vt 0.675722656250 0.999023437500
vt 0.675722656250 0.996875000000
vt 0.637695312500 0.996875000000
vt 0.637695312500 0.999023437500
vt 0.677441406250 0.999023437500
vt 0.677441406250 0.996875000000
vt 0.637695312500 0.996875000000
vt 0.637695312500 0.999023437500
vt 0.639843750000 0.999023437500
vt 0.639843750000 0.959277343750
vt 0.637695312500 0.959277343750
vt 0.637695312500 0.999023437500
vt 0.677441406250 0.999023437500
vt 0.677441406250 0.960996093750
vt 0.637695312500 0.960996093750
vt 0.637695312500 0.999023437500
vt 0.675722656250 0.999023437500
vt 0.675722656250 0.959277343750
vt 0.637695312500 0.959277343750
vt 0.501953125000 0.999023437500
vt 0.513339843750 0.999023437500
vt 0.513339843750 0.954980468750
vt 0.501953125000 0.954980468750
vt 0.501953125000 0.999023437500
vt 0.545996093750 0.999023437500
vt 0.545996093750 0.987636718750
vt 0.501953125000 0.987636718750
vt 0.501953125000 0.999023437500
vt 0.545566406250 0.999023437500
vt 0.545566406250 0.987636718750
vt 0.501953125000 0.987636718750
vt 0.501953125000 0.999023437500
vt 0.513339843750 0.999023437500
vt 0.513339843750 0.955410156250
vt 0.501953125000 0.955410156250
vt 0.501953125000 0.999023437500
vt 0.545566406250 0.999023437500
vt 0.545566406250 0.954980468750
vt 0.501953125000 0.954980468750
vt 0.501953125000 0.999023437500
vt 0.545996093750 0.999023437500
vt 0.545996093750 0.955410156250
vt 0.501953125000 0.955410156250
vt 0.637695312500 0.999023437500
vt 0.639843750000 0.999023437500
vt 0.639843750000 0.960996093750
vt 0.637695312500 0.960996093750
vt 0.637695312500 0.999023437500
vt 0.675722656250 0.999023437500
vt 0.675722656250 0.996875000000
vt 0.637695312500 0.996875000000
vt 0.637695312500 0.999023437500
vt 0.677441406250 0.999023437500
vt 0.677441406250 0.996875000000
vt 0.637695312500 0.996875000000
vt 0.637695312500 0.999023437500
vt 0.639843750000 0.999023437500
vt 0.639843750000 0.959277343750
vt 0.637695312500 0.959277343750
vt 0.637695312500 0.999023437500
vt 0.677441406250 0.999023437500
vt 0.677441406250 0.960996093750
vt 0.637695312500 0.960996093750
vt 0.637695312500 0.999023437500
vt 0.675722656250 0.999023437500
vt 0.675722656250 0.959277343750
vt 0.637695312500 0.959277343750
vt 0.181640625000 0.999023437500
vt 0.193027343750 0.999023437500
vt 0.193027343750 0.954980468750
vt 0.181640625000 0.954980468750
vt 0.181640625000 0.999023437500
vt 0.225683593750 0.999023437500
vt 0.225683593750 0.987636718750
vt 0.181640625000 0.987636718750
vt 0.181640625000 0.999023437500
vt 0.225253906250 0.999023437500
vt 0.225253906250 0.987636718750
vt 0.181640625000 0.987636718750
vt 0.181640625000 0.999023437500
vt 0.193027343750 0.999023437500
vt 0.193027343750 0.955410156250
vt 0.181640625000 0.955410156250
vt 0.181640625000 0.999023437500
vt 0.225253906250 0.999023437500
vt 0.225253906250 0.954980468750
vt 0.181640625000 0.954980468750
vt 0.181640625000 0.999023437500
vt 0.225683593750 0.999023437500
vt 0.225683593750 0.955410156250
vt 0.181640625000 0.955410156250
vt 0.637695312500 0.999023437500
vt 0.639843750000 0.999023437500
vt 0.639843750000 0.960996093750
vt 0.637695312500 0.960996093750
vt 0.637695312500 0.999023437500
vt 0.675722656250 0.999023437500
vt 0.675722656250 0.996875000000
vt 0.637695312500 0.996875000000
vt 0.637695312500 0.999023437500
vt 0.677441406250 0.999023437500
vt 0.677441406250 0.996875000000
vt 0.637695312500 0.996875000000
vt 0.637695312500 0.999023437500
vt 0.639843750000 0.999023437500
vt 0.639843750000 0.959277343750
vt 0.637695312500 0.959277343750
vt 0.637695312500 0.999023437500
vt 0.677441406250 0.999023437500
vt 0.677441406250 0.960996093750
vt 0.637695312500 0.960996093750
vt 0.637695312500 0.999023437500
vt 0.675722656250 0.999023437500
vt 0.675722656250 0.959277343750
vt 0.637695312500 0.959277343750
vt 0.353515625000 0.999023437500
vt 0.364902343750 0.999023437500
vt 0.364902343750 0.954980468750
vt 0.353515625000 0.954980468750
vt 0.353515625000 0.999023437500
vt 0.397558593750 0.999023437500
vt 0.397558593750 0.987636718750
vt 0.353515625000 0.987636718750
vt 0.353515625000 0.999023437500
vt 0.397128906250 0.999023437500
vt 0.397128906250 0.987636718750
vt 0.353515625000 0.987636718750
vt 0.353515625000 0.999023437500
vt 0.364902343750 0.999023437500
vt 0.364902343750 0.955410156250
vt 0.353515625000 0.955410156250
vt 0.353515625000 0.999023437500
vt 0.397128906250 0.999023437500
vt 0.397128906250 0.954980468750
vt 0.353515625000 0.954980468750
vt 0.353515625000 0.999023437500
vt 0.397558593750 0.999023437500
vt 0.397558593750 0.955410156250
vt 0.353515625000 0.955410156250
vt 0.637695312500 0.999023437500
vt 0.639843750000 0.999023437500
vt 0.639843750000 0.960996093750
vt 0.637695312500 0.960996093750
vt 0.637695312500 0.999023437500
vt 0.675722656250 0.999023437500
vt 0.675722656250 0.996875000000
vt 0.637695312500 0.996875000000
vt 0.637695312500 0.999023437500
vt 0.677441406250 0.999023437500
vt 0.677441406250 0.996875000000
vt 0.637695312500 0.996875000000
vt 0.637695312500 0.999023437500
vt 0.639843750000 0.999023437500
vt 0.639843750000 0.959277343750
vt 0.637695312500 0.959277343750
vt 0.637695312500 0.999023437500
vt 0.677441406250 0.999023437500
vt 0.677441406250 0.960996093750
vt 0.637695312500 0.960996093750
vt 0.637695312500 0.999023437500
vt 0.675722656250 0.999023437500
vt 0.675722656250 0.959277343750
vt 0.637695312500 0.959277343750
vt 0.270507812500 0.999023437500
vt 0.319015896468 0.999023437500
vt 0.319015896468 0.994296875000
vt 0.270507812500 0.994296875000
vt 0.270507812500 0.999023437500
vt 0.275234375000 0.999023437500
vt 0.275234375000 0.950515353532
vt 0.270507812500 0.950515353532
vt 0.270507812500 0.999023437500
vt 0.277167968750 0.999023437500
vt 0.277167968750 0.950515353532
vt 0.270507812500 0.950515353532
vt 0.270507812500 0.999023437500
vt 0.319015896468 0.999023437500
vt 0.319015896468 0.992363281250
vt 0.270507812500 0.992363281250
vt 0.270507812500 0.999023437500
vt 0.277167968750 0.999023437500
vt 0.277167968750 0.994296875000
vt 0.270507812500 0.994296875000
vt 0.270507812500 0.999023437500
vt 0.275234375000 0.999023437500
vt 0.275234375000 0.992363281250
vt 0.270507812500 0.992363281250
vt 0.637695312500 0.999023437500
vt 0.641777343750 0.999023437500
vt 0.641777343750 0.990051902782
vt 0.637695312500 0.990051902782
vt 0.637695312500 0.999023437500
vt 0.646666847218 0.999023437500
vt 0.646666847218 0.994941406250
vt 0.637695312500 0.994941406250
vt 0.637695312500 0.999023437500
vt 0.652734375000 0.999023437500
vt 0.652734375000 0.994941406250
vt 0.637695312500 0.994941406250
vt 0.637695312500 0.999023437500
vt 0.641777343750 0.999023437500
vt 0.641777343750 0.983984375000
vt 0.637695312500 0.983984375000
vt 0.637695312500 0.999023437500
vt 0.652734375000 0.999023437500
vt 0.652734375000 0.990051902782
vt 0.637695312500 0.990051902782
vt 0.637695312500 0.999023437500
vt 0.646666847218 0.999023437500
vt 0.646666847218 0.983984375000
vt 0.637695312500 0.983984375000
vt 0.637695312500 0.999023437500
vt 0.641777343750 0.999023437500
vt 0.641777343750 0.990051902782
vt 0.637695312500 0.990051902782
vt 0.637695312500 0.999023437500
vt 0.646666847218 0.999023437500
vt 0.646666847218 0.994941406250
vt 0.637695312500 0.994941406250
vt 0.637695312500 0.999023437500
vt 0.652734375000 0.999023437500
vt 0.652734375000 0.994941406250
vt 0.637695312500 0.994941406250
vt 0.637695312500 0.999023437500
vt 0.641777343750 0.999023437500
vt 0.641777343750 0.983984375000
vt 0.637695312500 0.983984375000
vt 0.637695312500 0.999023437500
vt 0.652734375000 0.999023437500
vt 0.652734375000 0.990051902782
vt 0.637695312500 0.990051902782
vt 0.637695312500 0.999023437500
vt 0.646666847218 0.999023437500
vt 0.646666847218 0.983984375000
vt 0.637695312500 0.983984375000
vt 0.637695312500 0.999023437500
vt 0.641777343750 0.999023437500
vt 0.641777343750 0.990051902782
vt 0.637695312500 0.990051902782
vt 0.637695312500 0.999023437500
vt 0.646666847218 0.999023437500
vt 0.646666847218 0.994941406250
vt 0.637695312500 0.994941406250
vt 0.637695312500 0.999023437500
vt 0.652734375000 0.999023437500
vt 0.652734375000 0.994941406250
vt 0.637695312500 0.994941406250
vt 0.637695312500 0.999023437500
vt 0.641777343750 0.999023437500
vt 0.641777343750 0.983984375000
vt 0.637695312500 0.983984375000
vt 0.637695312500 0.999023437500
vt 0.652734375000 0.999023437500
vt 0.652734375000 0.990051902782
vt 0.637695312500 0.990051902782
vt 0.637695312500 0.999023437500
vt 0.646666847218 0.999023437500
vt 0.646666847218 0.983984375000
vt 0.637695312500 0.983984375000
vt 0.637695312500 0.999023437500
vt 0.641777343750 0.999023437500
vt 0.641777343750 0.990051902782
vt 0.637695312500 0.990051902782
vt 0.637695312500 0.999023437500
vt 0.646666847218 0.999023437500
vt 0.646666847218 0.994941406250
vt 0.637695312500 0.994941406250
vt 0.637695312500 0.999023437500
vt 0.652734375000 0.999023437500
vt 0.652734375000 0.994941406250
vt 0.637695312500 0.994941406250
vt 0.637695312500 0.999023437500
vt 0.641777343750 0.999023437500
vt 0.641777343750 0.983984375000
vt 0.637695312500 0.983984375000
vt 0.637695312500 0.999023437500
vt 0.652734375000 0.999023437500
vt 0.652734375000 0.990051902782
vt 0.637695312500 0.990051902782
vt 0.637695312500 0.999023437500
vt 0.646666847218 0.999023437500
vt 0.646666847218 0.983984375000
vt 0.637695312500 0.983984375000
vt 0.637695312500 0.999023437500
vt 0.641777343750 0.999023437500
vt 0.641777343750 0.990051902782
vt 0.637695312500 0.990051902782
vt 0.637695312500 0.999023437500
vt 0.646666847218 0.999023437500
vt 0.646666847218 0.994941406250
vt 0.637695312500 0.994941406250
vt 0.637695312500 0.999023437500
vt 0.652734375000 0.999023437500
vt 0.652734375000 0.994941406250
vt 0.637695312500 0.994941406250
vt 0.637695312500 0.999023437500
vt 0.641777343750 0.999023437500
vt 0.641777343750 0.983984375000
vt 0.637695312500 0.983984375000
vt 0.637695312500 0.999023437500
vt 0.652734375000 0.999023437500
vt 0.652734375000 0.990051902782
vt 0.637695312500 0.990051902782
vt 0.637695312500 0.999023437500
vt 0.646666847218 0.999023437500
vt 0.646666847218 0.983984375000
vt 0.637695312500 0.983984375000
vt 0.637695312500 0.999023437500
vt 0.641777343750 0.999023437500
vt 0.641777343750 0.990051902782
vt 0.637695312500 0.990051902782
vt 0.637695312500 0.999023437500
vt 0.646666847218 0.999023437500
vt 0.646666847218 0.994941406250
vt 0.637695312500 0.994941406250
vt 0.637695312500 0.999023437500
vt 0.652734375000 0.999023437500
vt 0.652734375000 0.994941406250
vt 0.637695312500 0.994941406250
vt 0.637695312500 0.999023437500
vt 0.641777343750 0.999023437500
vt 0.641777343750 0.983984375000
vt 0.637695312500 0.983984375000
vt 0.637695312500 0.999023437500
vt 0.652734375000 0.999023437500
vt 0.652734375000 0.990051902782
vt 0.637695312500 0.990051902782
vt 0.637695312500 0.999023437500
vt 0.646666847218 0.999023437500
vt 0.646666847218 0.983984375000
vt 0.637695312500 0.983984375000
vt 0.637695312500 0.999023437500
vt 0.641777343750 0.999023437500
vt 0.641777343750 0.990051902782
vt 0.637695312500 0.990051902782
vt 0.637695312500 0.999023437500
vt 0.646666847218 0.999023437500
vt 0.646666847218 0.994941406250
vt 0.637695312500 0.994941406250
vt 0.637695312500 0.999023437500
vt 0.652734375000 0.999023437500
vt 0.652734375000 0.994941406250
vt 0.637695312500 0.994941406250
vt 0.637695312500 0.999023437500
vt 0.641777343750 0.999023437500
vt 0.641777343750 0.983984375000
vt 0.637695312500 0.983984375000
vt 0.637695312500 0.999023437500
vt 0.652734375000 0.999023437500
vt 0.652734375000 0.990051902782
vt 0.637695312500 0.990051902782
vt 0.637695312500 0.999023437500
vt 0.646666847218 0.999023437500
vt 0.646666847218 0.983984375000
vt 0.637695312500 0.983984375000
vt 0.637695312500 0.999023437500
vt 0.641777343750 0.999023437500
vt 0.641777343750 0.990051902782
vt 0.637695312500 0.990051902782
vt 0.637695312500 0.999023437500
vt 0.646666847218 0.999023437500
vt 0.646666847218 0.994941406250
vt 0.637695312500 0.994941406250
vt 0.637695312500 0.999023437500
vt 0.652734375000 0.999023437500
vt 0.652734375000 0.994941406250
vt 0.637695312500 0.994941406250
vt 0.637695312500 0.999023437500
vt 0.641777343750 0.999023437500
vt 0.641777343750 0.983984375000
vt 0.637695312500 0.983984375000
vt 0.637695312500 0.999023437500
vt 0.652734375000 0.999023437500
vt 0.652734375000 0.990051902782
vt 0.637695312500 0.990051902782
vt 0.637695312500 0.999023437500
vt 0.646666847218 0.999023437500
vt 0.646666847218 0.983984375000
vt 0.637695312500 0.983984375000
vt 0.270507812500 0.999023437500
vt 0.283613281250 0.999023437500
vt 0.283613281250 0.981406250000
vt 0.270507812500 0.981406250000
vt 0.270507812500 0.999023437500
vt 0.288125000000 0.999023437500
vt 0.288125000000 0.985917968750
vt 0.270507812500 0.985917968750
vt 0.270507812500 0.999023437500
vt 0.305312500000 0.999023437500
vt 0.305312500000 0.985917968750
vt 0.270507812500 0.985917968750
vt 0.270507812500 0.999023437500
vt 0.283613281250 0.999023437500
vt 0.283613281250 0.964218750000
vt 0.270507812500 0.964218750000
vt 0.270507812500 0.999023437500
vt 0.305312500000 0.999023437500
vt 0.305312500000 0.981406250000
vt 0.270507812500 0.981406250000
vt 0.270507812500 0.999023437500
vt 0.288125000000 0.999023437500
vt 0.288125000000 0.964218750000
vt 0.270507812500 0.964218750000
vt 0.501953125000 0.999023437500
vt 0.514843750000 0.999023437500
vt 0.514843750000 0.952832031250
vt 0.501953125000 0.952832031250
vt 0.501953125000 0.999023437500
vt 0.548144531250 0.999023437500
vt 0.548144531250 0.986132812500
vt 0.501953125000 0.986132812500
vt 0.501953125000 0.999023437500
vt 0.553945312500 0.999023437500
vt 0.553945312500 0.986132812500
vt 0.501953125000 0.986132812500
vt 0.501953125000 0.999023437500
vt 0.514843750000 0.999023437500
vt 0.514843750000 0.947031250000
vt 0.501953125000 0.947031250000
vt 0.501953125000 0.999023437500
vt 0.553945312500 0.999023437500
vt 0.553945312500 0.952832031250
vt 0.501953125000 0.952832031250
vt 0.501953125000 0.999023437500
vt 0.548144531250 0.999023437500
vt 0.548144531250 0.947031250000
vt 0.501953125000 0.947031250000
vt 0.637695312500 0.999023437500
vt 0.639951171875 0.999023437500
vt 0.639951171875 0.956484375000
vt 0.637695312500 0.956484375000
vt 0.637695312500 0.999023437500
vt 0.680234375000 0.999023437500
vt 0.680234375000 0.996767578125
vt 0.637695312500 0.996767578125
vt 0.637695312500 0.999023437500
vt 0.641132812500 0.999023437500
vt 0.641132812500 0.996767578125
vt 0.637695312500 0.996767578125
vt 0.637695312500 0.999023437500
vt 0.639951171875 0.999023437500
vt 0.639951171875 0.995585937500
vt 0.637695312500 0.995585937500
vt 0.637695312500 0.999023437500
vt 0.641132812500 0.999023437500
vt 0.641132812500 0.956484375000
vt 0.637695312500 0.956484375000
vt 0.637695312500 0.999023437500
vt 0.680234375000 0.999023437500
vt 0.680234375000 0.995585937500
vt 0.637695312500 0.995585937500
vt 0.181640625000 0.999023437500
vt 0.194531250000 0.999023437500
vt 0.194531250000 0.951328125000
vt 0.181640625000 0.951328125000
vt 0.181640625000 0.999023437500
vt 0.229335937500 0.999023437500
vt 0.229335937500 0.986132812500
vt 0.181640625000 0.986132812500
vt 0.181640625000 0.999023437500
vt 0.233632812500 0.999023437500
vt 0.233632812500 0.986132812500
vt 0.181640625000 0.986132812500
vt 0.181640625000 0.999023437500
vt 0.194531250000 0.999023437500
vt 0.194531250000 0.947031250000
vt 0.181640625000 0.947031250000
vt 0.181640625000 0.999023437500
vt 0.233632812500 0.999023437500
vt 0.233632812500 0.951328125000
vt 0.181640625000 0.951328125000
vt 0.181640625000 0.999023437500
vt 0.229335937500 0.999023437500
vt 0.229335937500 0.947031250000
vt 0.181640625000 0.947031250000
vt 0.637695312500 0.999023437500
vt 0.639951171875 0.999023437500
vt 0.639951171875 0.956484375000
vt 0.637695312500 0.956484375000
vt 0.637695312500 0.999023437500
vt 0.680234375000 0.999023437500
vt 0.680234375000 0.996767578125
vt 0.637695312500 0.996767578125
vt 0.637695312500 0.999023437500
vt 0.641132812500 0.999023437500
vt 0.641132812500 0.996767578125
vt 0.637695312500 0.996767578125
vt 0.637695312500 0.999023437500
vt 0.639951171875 0.999023437500
vt 0.639951171875 0.995585937500
vt 0.637695312500 0.995585937500
vt 0.637695312500 0.999023437500
vt 0.641132812500 0.999023437500
vt 0.641132812500 0.956484375000
vt 0.637695312500 0.956484375000
vt 0.637695312500 0.999023437500
vt 0.680234375000 0.999023437500
vt 0.680234375000 0.995585937500
vt 0.637695312500 0.995585937500
vt 0.353515625000 0.999023437500
vt 0.366406250000 0.999023437500
vt 0.366406250000 0.949824218750
vt 0.353515625000 0.949824218750
vt 0.353515625000 0.999023437500
vt 0.402714843750 0.999023437500
vt 0.402714843750 0.986132812500
vt 0.353515625000 0.986132812500
vt 0.353515625000 0.999023437500
vt 0.405507812500 0.999023437500
vt 0.405507812500 0.986132812500
vt 0.353515625000 0.986132812500
vt 0.353515625000 0.999023437500
vt 0.366406250000 0.999023437500
vt 0.366406250000 0.947031250000
vt 0.353515625000 0.947031250000
vt 0.353515625000 0.999023437500
vt 0.405507812500 0.999023437500
vt 0.405507812500 0.949824218750
vt 0.353515625000 0.949824218750
vt 0.353515625000 0.999023437500
vt 0.402714843750 0.999023437500
vt 0.402714843750 0.947031250000
vt 0.353515625000 0.947031250000
vt 0.637695312500 0.999023437500
vt 0.639951171875 0.999023437500
vt 0.639951171875 0.956484375000
vt 0.637695312500 0.956484375000
vt 0.637695312500 0.999023437500
vt 0.680234375000 0.999023437500
vt 0.680234375000 0.996767578125
vt 0.637695312500 0.996767578125
vt 0.637695312500 0.999023437500
vt 0.641132812500 0.999023437500
vt 0.641132812500 0.996767578125
vt 0.637695312500 0.996767578125
vt 0.637695312500 0.999023437500
vt 0.639951171875 0.999023437500
vt 0.639951171875 0.995585937500
vt 0.637695312500 0.995585937500
vt 0.637695312500 0.999023437500
vt 0.641132812500 0.999023437500
vt 0.641132812500 0.956484375000
vt 0.637695312500 0.956484375000
vt 0.637695312500 0.999023437500
vt 0.680234375000 0.999023437500
vt 0.680234375000 0.995585937500
vt 0.637695312500 0.995585937500
vt 0.181640625000 0.999023437500
vt 0.194531250000 0.999023437500
vt 0.194531250000 0.948320312500
vt 0.181640625000 0.948320312500
vt 0.181640625000 0.999023437500
vt 0.232343750000 0.999023437500
vt 0.232343750000 0.986132812500
vt 0.181640625000 0.986132812500
vt 0.181640625000 0.999023437500
vt 0.233632812500 0.999023437500
vt 0.233632812500 0.986132812500
vt 0.181640625000 0.986132812500
vt 0.181640625000 0.999023437500
vt 0.194531250000 0.999023437500
vt 0.194531250000 0.947031250000
vt 0.181640625000 0.947031250000
vt 0.181640625000 0.999023437500
vt 0.233632812500 0.999023437500
vt 0.233632812500 0.948320312500
vt 0.181640625000 0.948320312500
vt 0.181640625000 0.999023437500
vt 0.232343750000 0.999023437500
vt 0.232343750000 0.947031250000
vt 0.181640625000 0.947031250000
vt 0.637695312500 0.999023437500
vt 0.639951171875 0.999023437500
vt 0.639951171875 0.956484375000
vt 0.637695312500 0.956484375000
vt 0.637695312500 0.999023437500
vt 0.680234375000 0.999023437500
vt 0.680234375000 0.996767578125
vt 0.637695312500 0.996767578125
vt 0.637695312500 0.999023437500
vt 0.641132812500 0.999023437500
vt 0.641132812500 0.996767578125
vt 0.637695312500 0.996767578125
vt 0.637695312500 0.999023437500
vt 0.639951171875 0.999023437500
vt 0.639951171875 0.995585937500
vt 0.637695312500 0.995585937500
vt 0.637695312500 0.999023437500
vt 0.641132812500 0.999023437500
vt 0.641132812500 0.956484375000
vt 0.637695312500 0.956484375000
vt 0.637695312500 0.999023437500
vt 0.680234375000 0.999023437500
vt 0.680234375000 0.995585937500
vt 0.637695312500 0.995585937500
vt 0.270507812500 0.999023437500
vt 0.335415519334 0.999023437500
vt 0.335415519334 0.994082031250
vt 0.270507812500 0.994082031250
vt 0.270507812500 0.999023437500
vt 0.275449218750 0.999023437500
vt 0.275449218750 0.934115730666
vt 0.270507812500 0.934115730666
vt 0.270507812500 0.999023437500
vt 0.276738281250 0.999023437500
vt 0.276738281250 0.934115730666
vt 0.270507812500 0.934115730666
vt 0.270507812500 0.999023437500
vt 0.335415519334 0.999023437500
vt 0.335415519334 0.992792968750
vt 0.270507812500 0.992792968750
vt 0.270507812500 0.999023437500
vt 0.276738281250 0.999023437500
vt 0.276738281250 0.994082031250
vt 0.270507812500 0.994082031250
vt 0.270507812500 0.999023437500
vt 0.275449218750 0.999023437500
vt 0.275449218750 0.992792968750
vt 0.270507812500 0.992792968750
vt 0.181640625000 0.999023437500
vt 0.223535156250 0.999023437500
vt 0.223535156250 0.944023437500
vt 0.181640625000 0.944023437500
vt 0.181640625000 0.999023437500
vt 0.236640625000 0.999023437500
vt 0.236640625000 0.957128906250
vt 0.181640625000 0.957128906250
vt 0.181640625000 0.999023437500
vt 0.240937500000 0.999023437500
vt 0.240937500000 0.957128906250
vt 0.181640625000 0.957128906250
vt 0.181640625000 0.999023437500
vt 0.223535156250 0.999023437500
vt 0.223535156250 0.939726562500
vt 0.181640625000 0.939726562500
vt 0.181640625000 0.999023437500
vt 0.240937500000 0.999023437500
vt 0.240937500000 0.944023437500
vt 0.181640625000 0.944023437500
vt 0.181640625000 0.999023437500
vt 0.236640625000 0.999023437500
vt 0.236640625000 0.939726562500
vt 0.181640625000 0.939726562500
vt 0.501953125000 0.999023437500
vt 0.513769531250 0.999023437500
vt 0.513769531250 0.937792968750
vt 0.501953125000 0.937792968750
vt 0.501953125000 0.999023437500
vt 0.563183593750 0.999023437500
vt 0.563183593750 0.987207031250
vt 0.501953125000 0.987207031250
vt 0.501953125000 0.999023437500
vt 0.567050781250 0.999023437500
vt 0.567050781250 0.987207031250
vt 0.501953125000 0.987207031250
vt 0.501953125000 0.999023437500
vt 0.513769531250 0.999023437500
vt 0.513769531250 0.933925781250
vt 0.501953125000 0.933925781250
vt 0.501953125000 0.999023437500
vt 0.567050781250 0.999023437500
vt 0.567050781250 0.937792968750
vt 0.501953125000 0.937792968750
vt 0.501953125000 0.999023437500
vt 0.563183593750 0.999023437500
vt 0.563183593750 0.933925781250
vt 0.501953125000 0.933925781250
vt 0.637695312500 0.999023437500
vt 0.665625000000 0.999023437500
vt 0.665625000000 0.984414062500
vt 0.637695312500 0.984414062500
vt 0.637695312500 0.999023437500
vt 0.652304687500 0.999023437500
vt 0.652304687500 0.971093750000
vt 0.637695312500 0.971093750000
vt 0.637695312500 0.999023437500
vt 0.647578125000 0.999023437500
vt 0.647578125000 0.971093750000
vt 0.637695312500 0.971093750000
vt 0.637695312500 0.999023437500
vt 0.665625000000 0.999023437500
vt 0.665625000000 0.989140625000
vt 0.637695312500 0.989140625000
vt 0.637695312500 0.999023437500
vt 0.647578125000 0.999023437500
vt 0.647578125000 0.984414062500
vt 0.637695312500 0.984414062500
vt 0.637695312500 0.999023437500
vt 0.652304687500 0.999023437500
vt 0.652304687500 0.989140625000
vt 0.637695312500 0.989140625000
vt 0.353515625000 0.999023437500
vt 0.381445312500 0.999023437500
vt 0.381445312500 0.984414062500
vt 0.353515625000 0.984414062500
vt 0.353515625000 0.999023437500
vt 0.368125000000 0.999023437500
vt 0.368125000000 0.971093750000
vt 0.353515625000 0.971093750000
vt 0.353515625000 0.999023437500
vt 0.363398437500 0.999023437500
vt 0.363398437500 0.971093750000
vt 0.353515625000 0.971093750000
vt 0.353515625000 0.999023437500
vt 0.381445312500 0.999023437500
vt 0.381445312500 0.989140625000
vt 0.353515625000 0.989140625000
vt 0.353515625000 0.999023437500
vt 0.363398437500 0.999023437500
vt 0.363398437500 0.984414062500
vt 0.353515625000 0.984414062500
vt 0.353515625000 0.999023437500
vt 0.368125000000 0.999023437500
vt 0.368125000000 0.989140625000
vt 0.353515625000 0.989140625000
vt 0.637695312500 0.999023437500
vt 0.665625000000 0.999023437500
vt 0.665625000000 0.984414062500
vt 0.637695312500 0.984414062500
vt 0.637695312500 0.999023437500
vt 0.652304687500 0.999023437500
vt 0.652304687500 0.971093750000
vt 0.637695312500 0.971093750000
vt 0.637695312500 0.999023437500
vt 0.647578125000 0.999023437500
vt 0.647578125000 0.971093750000
vt 0.637695312500 0.971093750000
vt 0.637695312500 0.999023437500
vt 0.665625000000 0.999023437500
vt 0.665625000000 0.989140625000
vt 0.637695312500 0.989140625000
vt 0.637695312500 0.999023437500
vt 0.647578125000 0.999023437500
vt 0.647578125000 0.984414062500
vt 0.637695312500 0.984414062500
vt 0.637695312500 0.999023437500
vt 0.652304687500 0.999023437500
vt 0.652304687500 0.989140625000
vt 0.637695312500 0.989140625000
vt 0.091796875000 0.999023437500
vt 0.140996093750 0.999023437500
vt 0.140996093750 0.965078125000
vt 0.091796875000 0.965078125000
vt 0.091796875000 0.999023437500
vt 0.125742187500 0.999023437500
vt 0.125742187500 0.949824218750
vt 0.091796875000 0.949824218750
vt 0.091796875000 0.999023437500
vt 0.131328125000 0.999023437500
vt 0.131328125000 0.949824218750
vt 0.091796875000 0.949824218750
vt 0.091796875000 0.999023437500
vt 0.140996093750 0.999023437500
vt 0.140996093750 0.959492187500
vt 0.091796875000 0.959492187500
vt 0.091796875000 0.999023437500
vt 0.131328125000 0.999023437500
vt 0.131328125000 0.965078125000
vt 0.091796875000 0.965078125000
vt 0.091796875000 0.999023437500
vt 0.125742187500 0.999023437500
vt 0.125742187500 0.959492187500
vt 0.091796875000 0.959492187500
vt 0.181640625000 0.999023437500
vt 0.191523437500 0.999023437500
vt 0.191523437500 0.955195312500
vt 0.181640625000 0.955195312500
vt 0.181640625000 0.999023437500
vt 0.225468750000 0.999023437500
vt 0.225468750000 0.989140625000
vt 0.181640625000 0.989140625000
vt 0.181640625000 0.999023437500
vt 0.228046875000 0.999023437500
vt 0.228046875000 0.989140625000
vt 0.181640625000 0.989140625000
vt 0.181640625000 0.999023437500
vt 0.191523437500 0.999023437500
vt 0.191523437500 0.952617187500
vt 0.181640625000 0.952617187500
vt 0.181640625000 0.999023437500
vt 0.228046875000 0.999023437500
vt 0.228046875000 0.955195312500
vt 0.181640625000 0.955195312500
vt 0.181640625000 0.999023437500
vt 0.225468750000 0.999023437500
vt 0.225468750000 0.952617187500
vt 0.181640625000 0.952617187500
vt 0.637695312500 0.999023437500
vt 0.647578125000 0.999023437500
vt 0.647578125000 0.955195312500
vt 0.637695312500 0.955195312500
vt 0.637695312500 0.999023437500
vt 0.681523437500 0.999023437500
vt 0.681523437500 0.989140625000
vt 0.637695312500 0.989140625000
vt 0.637695312500 0.999023437500
vt 0.684101562500 0.999023437500
vt 0.684101562500 0.989140625000
vt 0.637695312500 0.989140625000
vt 0.637695312500 0.999023437500
vt 0.647578125000 0.999023437500
vt 0.647578125000 0.952617187500
vt 0.637695312500 0.952617187500
vt 0.637695312500 0.999023437500
vt 0.684101562500 0.999023437500
vt 0.684101562500 0.955195312500
vt 0.637695312500 0.955195312500
vt 0.637695312500 0.999023437500
vt 0.681523437500 0.999023437500
vt 0.681523437500 0.952617187500
vt 0.637695312500 0.952617187500
vt 0.501953125000 0.999023437500
vt 0.511835937500 0.999023437500
vt 0.511835937500 0.955195312500
vt 0.501953125000 0.955195312500
vt 0.501953125000 0.999023437500
vt 0.545781250000 0.999023437500
vt 0.545781250000 0.989140625000
vt 0.501953125000 0.989140625000
vt 0.501953125000 0.999023437500
vt 0.548359375000 0.999023437500
vt 0.548359375000 0.989140625000
vt 0.501953125000 0.989140625000
vt 0.501953125000 0.999023437500
vt 0.511835937500 0.999023437500
vt 0.511835937500 0.952617187500
vt 0.501953125000 0.952617187500
vt 0.501953125000 0.999023437500
vt 0.548359375000 0.999023437500
vt 0.548359375000 0.955195312500
vt 0.501953125000 0.955195312500
vt 0.501953125000 0.999023437500
vt 0.545781250000 0.999023437500
vt 0.545781250000 0.952617187500
vt 0.501953125000 0.952617187500
vt 0.353515625000 0.999023437500
vt 0.358457031250 0.999023437500
vt 0.358457031250 0.989617796264
vt 0.353515625000 0.989617796264
vt 0.353515625000 0.999023437500
vt 0.362921266236 0.999023437500
vt 0.362921266236 0.994082031250
vt 0.353515625000 0.994082031250
vt 0.353515625000 0.999023437500
vt 0.365332031250 0.999023437500
vt 0.365332031250 0.994082031250
vt 0.353515625000 0.994082031250
vt 0.353515625000 0.999023437500
vt 0.358457031250 0.999023437500
vt 0.358457031250 0.987207031250
vt 0.353515625000 0.987207031250
vt 0.353515625000 0.999023437500
vt 0.365332031250 0.999023437500
vt 0.365332031250 0.989617796264
vt 0.353515625000 0.989617796264
vt 0.353515625000 0.999023437500
vt 0.362921266236 0.999023437500
vt 0.362921266236 0.987207031250
vt 0.353515625000 0.987207031250
vt 0.353515625000 0.999023437500
vt 0.358457031250 0.999023437500
vt 0.358457031250 0.989617796264
vt 0.353515625000 0.989617796264
vt 0.353515625000 0.999023437500
vt 0.362921266236 0.999023437500
vt 0.362921266236 0.994082031250
vt 0.353515625000 0.994082031250
vt 0.353515625000 0.999023437500
vt 0.365332031250 0.999023437500
vt 0.365332031250 0.994082031250
vt 0.353515625000 0.994082031250
vt 0.353515625000 0.999023437500
vt 0.358457031250 0.999023437500
vt 0.358457031250 0.987207031250
vt 0.353515625000 0.987207031250
vt 0.353515625000 0.999023437500
vt 0.365332031250 0.999023437500
vt 0.365332031250 0.989617796264
vt 0.353515625000 0.989617796264
vt 0.353515625000 0.999023437500
vt 0.362921266236 0.999023437500
vt 0.362921266236 0.987207031250
vt 0.353515625000 0.987207031250
vt 0.353515625000 0.999023437500
vt 0.358457031250 0.999023437500
vt 0.358457031250 0.989617796264
vt 0.353515625000 0.989617796264
vt 0.353515625000 0.999023437500
vt 0.362921266236 0.999023437500
vt 0.362921266236 0.994082031250
vt 0.353515625000 0.994082031250
vt 0.353515625000 0.999023437500
vt 0.365332031250 0.999023437500
vt 0.365332031250 0.994082031250
vt 0.353515625000 0.994082031250
vt 0.353515625000 0.999023437500
vt 0.358457031250 0.999023437500
vt 0.358457031250 0.987207031250
vt 0.353515625000 0.987207031250
vt 0.353515625000 0.999023437500
vt 0.365332031250 0.999023437500
vt 0.365332031250 0.989617796264
vt 0.353515625000 0.989617796264
vt 0.353515625000 0.999023437500
vt 0.362921266236 0.999023437500
vt 0.362921266236 0.987207031250
vt 0.353515625000 0.987207031250
vt 0.353515625000 0.999023437500
vt 0.358457031250 0.999023437500
vt 0.358457031250 0.989617796264
vt 0.353515625000 0.989617796264
vt 0.353515625000 0.999023437500
vt 0.362921266236 0.999023437500
vt 0.362921266236 0.994082031250
vt 0.353515625000 0.994082031250
vt 0.353515625000 0.999023437500
vt 0.365332031250 0.999023437500
vt 0.365332031250 0.994082031250
vt 0.353515625000 0.994082031250
vt 0.353515625000 0.999023437500
vt 0.358457031250 0.999023437500
vt 0.358457031250 0.987207031250
vt 0.353515625000 0.987207031250
vt 0.353515625000 0.999023437500
vt 0.365332031250 0.999023437500
vt 0.365332031250 0.989617796264
vt 0.353515625000 0.989617796264
vt 0.353515625000 0.999023437500
vt 0.362921266236 0.999023437500
vt 0.362921266236 0.987207031250
vt 0.353515625000 0.987207031250
vt 0.353515625000 0.999023437500
vt 0.358457031250 0.999023437500
vt 0.358457031250 0.989617796264
vt 0.353515625000 0.989617796264
vt 0.353515625000 0.999023437500
vt 0.362921266236 0.999023437500
vt 0.362921266236 0.994082031250
vt 0.353515625000 0.994082031250
vt 0.353515625000 0.999023437500
vt 0.365332031250 0.999023437500
vt 0.365332031250 0.994082031250
vt 0.353515625000 0.994082031250
vt 0.353515625000 0.999023437500
vt 0.358457031250 0.999023437500
vt 0.358457031250 0.987207031250
vt 0.353515625000 0.987207031250
vt 0.353515625000 0.999023437500
vt 0.365332031250 0.999023437500
vt 0.365332031250 0.989617796264
vt 0.353515625000 0.989617796264
vt 0.353515625000 0.999023437500
vt 0.362921266236 0.999023437500
vt 0.362921266236 0.987207031250
vt 0.353515625000 0.987207031250
vt 0.353515625000 0.999023437500
vt 0.358457031250 0.999023437500
vt 0.358457031250 0.989617796264
vt 0.353515625000 0.989617796264
vt 0.353515625000 0.999023437500
vt 0.362921266236 0.999023437500
vt 0.362921266236 0.994082031250
vt 0.353515625000 0.994082031250
vt 0.353515625000 0.999023437500
vt 0.365332031250 0.999023437500
vt 0.365332031250 0.994082031250
vt 0.353515625000 0.994082031250
vt 0.353515625000 0.999023437500
vt 0.358457031250 0.999023437500
vt 0.358457031250 0.987207031250
vt 0.353515625000 0.987207031250
vt 0.353515625000 0.999023437500
vt 0.365332031250 0.999023437500
vt 0.365332031250 0.989617796264
vt 0.353515625000 0.989617796264
vt 0.353515625000 0.999023437500
vt 0.362921266236 0.999023437500
vt 0.362921266236 0.987207031250
vt 0.353515625000 0.987207031250
vt 0.353515625000 0.999023437500
vt 0.358457031250 0.999023437500
vt 0.358457031250 0.989617796264
vt 0.353515625000 0.989617796264
vt 0.353515625000 0.999023437500
vt 0.362921266236 0.999023437500
vt 0.362921266236 0.994082031250
vt 0.353515625000 0.994082031250
vt 0.353515625000 0.999023437500
vt 0.365332031250 0.999023437500
vt 0.365332031250 0.994082031250
vt 0.353515625000 0.994082031250
vt 0.353515625000 0.999023437500
vt 0.358457031250 0.999023437500
vt 0.358457031250 0.987207031250
vt 0.353515625000 0.987207031250
vt 0.353515625000 0.999023437500
vt 0.365332031250 0.999023437500
vt 0.365332031250 0.989617796264
vt 0.353515625000 0.989617796264
vt 0.353515625000 0.999023437500
vt 0.362921266236 0.999023437500
vt 0.362921266236 0.987207031250
vt 0.353515625000 0.987207031250
vt 0.353515625000 0.999023437500
vt 0.358457031250 0.999023437500
vt 0.358457031250 0.989617796264
vt 0.353515625000 0.989617796264
vt 0.353515625000 0.999023437500
vt 0.362921266236 0.999023437500
vt 0.362921266236 0.994082031250
vt 0.353515625000 0.994082031250
vt 0.353515625000 0.999023437500
vt 0.365332031250 0.999023437500
vt 0.365332031250 0.994082031250
vt 0.353515625000 0.994082031250
vt 0.353515625000 0.999023437500
vt 0.358457031250 0.999023437500
vt 0.358457031250 0.987207031250
vt 0.353515625000 0.987207031250
vt 0.353515625000 0.999023437500
vt 0.365332031250 0.999023437500
vt 0.365332031250 0.989617796264
vt 0.353515625000 0.989617796264
vt 0.353515625000 0.999023437500
vt 0.362921266236 0.999023437500
vt 0.362921266236 0.987207031250
vt 0.353515625000 0.987207031250
vt 0.091796875000 0.999023437500
vt 0.138417968750 0.999023437500
vt 0.138417968750 0.966367187500
vt 0.091796875000 0.966367187500
vt 0.091796875000 0.999023437500
vt 0.124453125000 0.999023437500
vt 0.124453125000 0.952402343750
vt 0.091796875000 0.952402343750
vt 0.091796875000 0.999023437500
vt 0.130253906250 0.999023437500
vt 0.130253906250 0.952402343750
vt 0.091796875000 0.952402343750
vt 0.091796875000 0.999023437500
vt 0.138417968750 0.999023437500
vt 0.138417968750 0.960566406250
vt 0.091796875000 0.960566406250
vt 0.091796875000 0.999023437500
vt 0.130253906250 0.999023437500
vt 0.130253906250 0.966367187500
vt 0.091796875000 0.966367187500
vt 0.091796875000 0.999023437500
vt 0.124453125000 0.999023437500
vt 0.124453125000 0.960566406250
vt 0.091796875000 0.960566406250
vt 0.181640625000 0.999023437500
vt 0.192167968750 0.999023437500
vt 0.192167968750 0.957128906250
vt 0.181640625000 0.957128906250
vt 0.181640625000 0.999023437500
vt 0.223535156250 0.999023437500
vt 0.223535156250 0.988496093750
vt 0.181640625000 0.988496093750
vt 0.181640625000 0.999023437500
vt 0.226757812500 0.999023437500
vt 0.226757812500 0.988496093750
vt 0.181640625000 0.988496093750
vt 0.181640625000 0.999023437500
vt 0.192167968750 0.999023437500
vt 0.192167968750 0.953906250000
vt 0.181640625000 0.953906250000
vt 0.181640625000 0.999023437500
vt 0.226757812500 0.999023437500
vt 0.226757812500 0.957128906250
vt 0.181640625000 0.957128906250
vt 0.181640625000 0.999023437500
vt 0.223535156250 0.999023437500
vt 0.223535156250 0.953906250000
vt 0.181640625000 0.953906250000
vt 0.501953125000 0.999023437500
vt 0.512480468750 0.999023437500
vt 0.512480468750 0.957128906250
vt 0.501953125000 0.957128906250
vt 0.501953125000 0.999023437500
vt 0.543847656250 0.999023437500
vt 0.543847656250 0.988496093750
vt 0.501953125000 0.988496093750
vt 0.501953125000 0.999023437500
vt 0.547070312500 0.999023437500
vt 0.547070312500 0.988496093750
vt 0.501953125000 0.988496093750
vt 0.501953125000 0.999023437500
vt 0.512480468750 0.999023437500
vt 0.512480468750 0.953906250000
vt 0.501953125000 0.953906250000
vt 0.501953125000 0.999023437500
vt 0.547070312500 0.999023437500
vt 0.547070312500 0.957128906250
vt 0.501953125000 0.957128906250
vt 0.501953125000 0.999023437500
vt 0.543847656250 0.999023437500
vt 0.543847656250 0.953906250000
vt 0.501953125000 0.953906250000
vt 0.181640625000 0.999023437500
vt 0.192167968750 0.999023437500
vt 0.192167968750 0.957128906250
vt 0.181640625000 0.957128906250
vt 0.181640625000 0.999023437500
vt 0.223535156250 0.999023437500
vt 0.223535156250 0.988496093750
vt 0.181640625000 0.988496093750
vt 0.181640625000 0.999023437500
vt 0.226757812500 0.999023437500
vt 0.226757812500 0.988496093750
vt 0.181640625000 0.988496093750
vt 0.181640625000 0.999023437500
vt 0.192167968750 0.999023437500
vt 0.192167968750 0.953906250000
vt 0.181640625000 0.953906250000
vt 0.181640625000 0.999023437500
vt 0.226757812500 0.999023437500
vt 0.226757812500 0.957128906250
vt 0.181640625000 0.957128906250
vt 0.181640625000 0.999023437500
vt 0.223535156250 0.999023437500
vt 0.223535156250 0.953906250000
vt 0.181640625000 0.953906250000
vt 0.501953125000 0.999023437500
vt 0.520000000000 0.999023437500
vt 0.520000000000 0.946601562500
vt 0.501953125000 0.946601562500
vt 0.501953125000 0.999023437500
vt 0.554375000000 0.999023437500
vt 0.554375000000 0.980976562500
vt 0.501953125000 0.980976562500
vt 0.501953125000 0.999023437500
vt 0.564257812500 0.999023437500
vt 0.564257812500 0.980976562500
vt 0.501953125000 0.980976562500
vt 0.501953125000 0.999023437500
vt 0.520000000000 0.999023437500
vt 0.520000000000 0.936718750000
vt 0.501953125000 0.936718750000
vt 0.501953125000 0.999023437500
vt 0.564257812500 0.999023437500
vt 0.564257812500 0.946601562500
vt 0.501953125000 0.946601562500
vt 0.501953125000 0.999023437500
vt 0.554375000000 0.999023437500
vt 0.554375000000 0.936718750000
vt 0.501953125000 0.936718750000
vt 0.181640625000 0.999023437500
vt 0.196894531250 0.999023437500
vt 0.196894531250 0.975175781250
vt 0.181640625000 0.975175781250
vt 0.181640625000 0.999023437500
vt 0.205488281250 0.999023437500
vt 0.205488281250 0.983769531250
vt 0.181640625000 0.983769531250
vt 0.181640625000 0.999023437500
vt 0.194101562500 0.999023437500
vt 0.194101562500 0.983769531250
vt 0.181640625000 0.983769531250
vt 0.181640625000 0.999023437500
vt 0.196894531250 0.999023437500
vt 0.196894531250 0.986562500000
vt 0.181640625000 0.986562500000
vt 0.181640625000 0.999023437500
vt 0.194101562500 0.999023437500
vt 0.194101562500 0.975175781250
vt 0.181640625000 0.975175781250
vt 0.181640625000 0.999023437500
vt 0.205488281250 0.999023437500
vt 0.205488281250 0.986562500000
vt 0.181640625000 0.986562500000
vt 0.181640625000 0.999023437500
vt 0.196894531250 0.999023437500
vt 0.196894531250 0.975175781250
vt 0.181640625000 0.975175781250
vt 0.181640625000 0.999023437500
vt 0.205488281250 0.999023437500
vt 0.205488281250 0.983769531250
vt 0.181640625000 0.983769531250
vt 0.181640625000 0.999023437500
vt 0.194101562500 0.999023437500
vt 0.194101562500 0.983769531250
vt 0.181640625000 0.983769531250
vt 0.181640625000 0.999023437500
vt 0.196894531250 0.999023437500
vt 0.196894531250 0.986562500000
vt 0.181640625000 0.986562500000
vt 0.181640625000 0.999023437500
vt 0.194101562500 0.999023437500
vt 0.194101562500 0.975175781250
vt 0.181640625000 0.975175781250
vt 0.181640625000 0.999023437500
vt 0.205488281250 0.999023437500
vt 0.205488281250 0.986562500000
vt 0.181640625000 0.986562500000
vt 0.637695312500 0.999023437500
vt 0.658750000000 0.999023437500
vt 0.658750000000 0.956914062500
vt 0.637695312500 0.956914062500
vt 0.637695312500 0.999023437500
vt 0.679804687500 0.999023437500
vt 0.679804687500 0.977968750000
vt 0.637695312500 0.977968750000
vt 0.637695312500 0.999023437500
vt 0.651875000000 0.999023437500
vt 0.651875000000 0.977968750000
vt 0.637695312500 0.977968750000
vt 0.637695312500 0.999023437500
vt 0.658750000000 0.999023437500
vt 0.658750000000 0.984843750000
vt 0.637695312500 0.984843750000
vt 0.637695312500 0.999023437500
vt 0.651875000000 0.999023437500
vt 0.651875000000 0.956914062500
vt 0.637695312500 0.956914062500
vt 0.637695312500 0.999023437500
vt 0.679804687500 0.999023437500
vt 0.679804687500 0.984843750000
vt 0.637695312500 0.984843750000
vt 0.181640625000 0.999023437500
vt 0.186367187500 0.999023437500
vt 0.186367187500 0.922109375000
vt 0.181640625000 0.922109375000
vt 0.181640625000 0.999023437500
vt 0.258554687500 0.999023437500
vt 0.258554687500 0.994296875000
vt 0.181640625000 0.994296875000
vt 0.181640625000 0.999023437500
vt 0.251250000000 0.999023437500
vt 0.251250000000 0.994296875000
vt 0.181640625000 0.994296875000
vt 0.181640625000 0.999023437500
vt 0.186367187500 0.999023437500
vt 0.186367187500 0.929414062500
vt 0.181640625000 0.929414062500
vt 0.181640625000 0.999023437500
vt 0.251250000000 0.999023437500
vt 0.251250000000 0.922109375000
vt 0.181640625000 0.922109375000
vt 0.181640625000 0.999023437500
vt 0.258554687500 0.999023437500
vt 0.258554687500 0.929414062500
vt 0.181640625000 0.929414062500
vt 0.353515625000 0.999023437500
vt 0.358242187500 0.999023437500
vt 0.358242187500 0.927265625000
vt 0.353515625000 0.927265625000
vt 0.353515625000 0.999023437500
vt 0.425273437500 0.999023437500
vt 0.425273437500 0.994296875000
vt 0.353515625000 0.994296875000
vt 0.353515625000 0.999023437500
vt 0.419687500000 0.999023437500
vt 0.419687500000 0.994296875000
vt 0.353515625000 0.994296875000
vt 0.353515625000 0.999023437500
vt 0.358242187500 0.999023437500
vt 0.358242187500 0.932851562500
vt 0.353515625000 0.932851562500
vt 0.353515625000 0.999023437500
vt 0.419687500000 0.999023437500
vt 0.419687500000 0.927265625000
vt 0.353515625000 0.927265625000
vt 0.353515625000 0.999023437500
vt 0.425273437500 0.999023437500
vt 0.425273437500 0.932851562500
vt 0.353515625000 0.932851562500
vt 0.501953125000 0.999023437500
vt 0.506679687500 0.999023437500
vt 0.506679687500 0.932421875000
vt 0.501953125000 0.932421875000
vt 0.501953125000 0.999023437500
vt 0.568554687500 0.999023437500
vt 0.568554687500 0.994296875000
vt 0.501953125000 0.994296875000
vt 0.501953125000 0.999023437500
vt 0.564687500000 0.999023437500
vt 0.564687500000 0.994296875000
vt 0.501953125000 0.994296875000
vt 0.501953125000 0.999023437500
vt 0.506679687500 0.999023437500
vt 0.506679687500 0.936289062500
vt 0.501953125000 0.936289062500
vt 0.501953125000 0.999023437500
vt 0.564687500000 0.999023437500
vt 0.564687500000 0.932421875000
vt 0.501953125000 0.932421875000
vt 0.501953125000 0.999023437500
vt 0.568554687500 0.999023437500
vt 0.568554687500 0.936289062500
vt 0.501953125000 0.936289062500
vt 0.181640625000 0.999023437500
vt 0.191523437500 0.999023437500
vt 0.191523437500 0.927050781250
vt 0.181640625000 0.927050781250
vt 0.181640625000 0.999023437500
vt 0.253613281250 0.999023437500
vt 0.253613281250 0.989140625000
vt 0.181640625000 0.989140625000
vt 0.181640625000 0.999023437500
vt 0.247597656250 0.999023437500
vt 0.247597656250 0.989140625000
vt 0.181640625000 0.989140625000
vt 0.181640625000 0.999023437500
vt 0.191523437500 0.999023437500
vt 0.191523437500 0.933066406250
vt 0.181640625000 0.933066406250
vt 0.181640625000 0.999023437500
vt 0.247597656250 0.999023437500
vt 0.247597656250 0.927050781250
vt 0.181640625000 0.927050781250
vt 0.181640625000 0.999023437500
vt 0.253613281250 0.999023437500
vt 0.253613281250 0.933066406250
vt 0.181640625000 0.933066406250
vt 0.501953125000 0.999023437500
vt 0.534179687500 0.999023437500
vt 0.534179687500 0.991289062500
vt 0.501953125000 0.991289062500
vt 0.501953125000 0.999023437500
vt 0.509687500000 0.999023437500
vt 0.509687500000 0.966796875000
vt 0.501953125000 0.966796875000
vt 0.501953125000 0.999023437500
vt 0.557167968750 0.999023437500
vt 0.557167968750 0.966796875000
vt 0.501953125000 0.966796875000
vt 0.501953125000 0.999023437500
vt 0.534179687500 0.999023437500
vt 0.534179687500 0.943808593750
vt 0.501953125000 0.943808593750
vt 0.501953125000 0.999023437500
vt 0.557167968750 0.999023437500
vt 0.557167968750 0.991289062500
vt 0.501953125000 0.991289062500
vt 0.501953125000 0.999023437500
vt 0.509687500000 0.999023437500
vt 0.509687500000 0.943808593750
vt 0.501953125000 0.943808593750
vt 0.501953125000 0.999023437500
vt 0.534179687500 0.999023437500
vt 0.534179687500 0.991289062500
vt 0.501953125000 0.991289062500
vt 0.501953125000 0.999023437500
vt 0.509687500000 0.999023437500
vt 0.509687500000 0.966796875000
vt 0.501953125000 0.966796875000
vt 0.501953125000 0.999023437500
vt 0.557167968750 0.999023437500
vt 0.557167968750 0.966796875000
vt 0.501953125000 0.966796875000
vt 0.501953125000 0.999023437500
vt 0.534179687500 0.999023437500
vt 0.534179687500 0.943808593750
vt 0.501953125000 0.943808593750
vt 0.501953125000 0.999023437500
vt 0.557167968750 0.999023437500
vt 0.557167968750 0.991289062500
vt 0.501953125000 0.991289062500
vt 0.501953125000 0.999023437500
vt 0.509687500000 0.999023437500
vt 0.509687500000 0.943808593750
vt 0.501953125000 0.943808593750
vt 0.637695312500 0.999023437500
vt 0.641777343750 0.999023437500
vt 0.641777343750 0.990196604955
vt 0.637695312500 0.990196604955
vt 0.637695312500 0.999023437500
vt 0.646522145045 0.999023437500
vt 0.646522145045 0.994941406250
vt 0.637695312500 0.994941406250
vt 0.637695312500 0.999023437500
vt 0.649726562500 0.999023437500
vt 0.649726562500 0.994941406250
vt 0.637695312500 0.994941406250
vt 0.637695312500 0.999023437500
vt 0.641777343750 0.999023437500
vt 0.641777343750 0.986992187500
vt 0.637695312500 0.986992187500
vt 0.637695312500 0.999023437500
vt 0.649726562500 0.999023437500
vt 0.649726562500 0.990196604955
vt 0.637695312500 0.990196604955
vt 0.637695312500 0.999023437500
vt 0.646522145045 0.999023437500
vt 0.646522145045 0.986992187500
vt 0.637695312500 0.986992187500
vt 0.637695312500 0.999023437500
vt 0.641777343750 0.999023437500
vt 0.641777343750 0.990196604955
vt 0.637695312500 0.990196604955
vt 0.637695312500 0.999023437500
vt 0.646522145045 0.999023437500
vt 0.646522145045 0.994941406250
vt 0.637695312500 0.994941406250
vt 0.637695312500 0.999023437500
vt 0.649726562500 0.999023437500
vt 0.649726562500 0.994941406250
vt 0.637695312500 0.994941406250
vt 0.637695312500 0.999023437500
vt 0.641777343750 0.999023437500
vt 0.641777343750 0.986992187500
vt 0.637695312500 0.986992187500
vt 0.637695312500 0.999023437500
vt 0.649726562500 0.999023437500
vt 0.649726562500 0.990196604955
vt 0.637695312500 0.990196604955
vt 0.637695312500 0.999023437500
vt 0.646522145045 0.999023437500
vt 0.646522145045 0.986992187500
vt 0.637695312500 0.986992187500
vt 0.637695312500 0.999023437500
vt 0.641777343750 0.999023437500
vt 0.641777343750 0.990196604955
vt 0.637695312500 0.990196604955
vt 0.637695312500 0.999023437500
vt 0.646522145045 0.999023437500
vt 0.646522145045 0.994941406250
vt 0.637695312500 0.994941406250
vt 0.637695312500 0.999023437500
vt 0.649726562500 0.999023437500
vt 0.649726562500 0.994941406250
vt 0.637695312500 0.994941406250
vt 0.637695312500 0.999023437500
vt 0.641777343750 0.999023437500
vt 0.641777343750 0.986992187500
vt 0.637695312500 0.986992187500
vt 0.637695312500 0.999023437500
vt 0.649726562500 0.999023437500
vt 0.649726562500 0.990196604955
vt 0.637695312500 0.990196604955
vt 0.637695312500 0.999023437500
vt 0.646522145045 0.999023437500
vt 0.646522145045 0.986992187500
vt 0.637695312500 0.986992187500
vt 0.637695312500 0.999023437500
vt 0.641777343750 0.999023437500
vt 0.641777343750 0.990196604955
vt 0.637695312500 0.990196604955
vt 0.637695312500 0.999023437500
vt 0.646522145045 0.999023437500
vt 0.646522145045 0.994941406250
vt 0.637695312500 0.994941406250
vt 0.637695312500 0.999023437500
vt 0.649726562500 0.999023437500
vt 0.649726562500 0.994941406250
vt 0.637695312500 0.994941406250
vt 0.637695312500 0.999023437500
vt 0.641777343750 0.999023437500
vt 0.641777343750 0.986992187500
vt 0.637695312500 0.986992187500
vt 0.637695312500 0.999023437500
vt 0.649726562500 0.999023437500
vt 0.649726562500 0.990196604955
vt 0.637695312500 0.990196604955
vt 0.637695312500 0.999023437500
vt 0.646522145045 0.999023437500
vt 0.646522145045 0.986992187500
vt 0.637695312500 0.986992187500
vt 0.637695312500 0.999023437500
vt 0.641777343750 0.999023437500
vt 0.641777343750 0.990196604955
vt 0.637695312500 0.990196604955
vt 0.637695312500 0.999023437500
vt 0.646522145045 0.999023437500
vt 0.646522145045 0.994941406250
vt 0.637695312500 0.994941406250
vt 0.637695312500 0.999023437500
vt 0.649726562500 0.999023437500
vt 0.649726562500 0.994941406250
vt 0.637695312500 0.994941406250
vt 0.637695312500 0.999023437500
vt 0.641777343750 0.999023437500
vt 0.641777343750 0.986992187500
vt 0.637695312500 0.986992187500
vt 0.637695312500 0.999023437500
vt 0.649726562500 0.999023437500
vt 0.649726562500 0.990196604955
vt 0.637695312500 0.990196604955
vt 0.637695312500 0.999023437500
vt 0.646522145045 0.999023437500
vt 0.646522145045 0.986992187500
vt 0.637695312500 0.986992187500
vt 0.637695312500 0.999023437500
vt 0.641777343750 0.999023437500
vt 0.641777343750 0.990196604955
vt 0.637695312500 0.990196604955
vt 0.637695312500 0.999023437500
vt 0.646522145045 0.999023437500
vt 0.646522145045 0.994941406250
vt 0.637695312500 0.994941406250
vt 0.637695312500 0.999023437500
vt 0.649726562500 0.999023437500
vt 0.649726562500 0.994941406250
vt 0.637695312500 0.994941406250
vt 0.637695312500 0.999023437500
vt 0.641777343750 0.999023437500
vt 0.641777343750 0.986992187500
vt 0.637695312500 0.986992187500
vt 0.637695312500 0.999023437500
vt 0.649726562500 0.999023437500
vt 0.649726562500 0.990196604955
vt 0.637695312500 0.990196604955
vt 0.637695312500 0.999023437500
vt 0.646522145045 0.999023437500
vt 0.646522145045 0.986992187500
vt 0.637695312500 0.986992187500
vt 0.637695312500 0.999023437500
vt 0.641777343750 0.999023437500
vt 0.641777343750 0.990196604955
vt 0.637695312500 0.990196604955
vt 0.637695312500 0.999023437500
vt 0.646522145045 0.999023437500
vt 0.646522145045 0.994941406250
vt 0.637695312500 0.994941406250
vt 0.637695312500 0.999023437500
vt 0.649726562500 0.999023437500
vt 0.649726562500 0.994941406250
vt 0.637695312500 0.994941406250
vt 0.637695312500 0.999023437500
vt 0.641777343750 0.999023437500
vt 0.641777343750 0.986992187500
vt 0.637695312500 0.986992187500
vt 0.637695312500 0.999023437500
vt 0.649726562500 0.999023437500
vt 0.649726562500 0.990196604955
vt 0.637695312500 0.990196604955
vt 0.637695312500 0.999023437500
vt 0.646522145045 0.999023437500
vt 0.646522145045 0.986992187500
vt 0.637695312500 0.986992187500
vt 0.637695312500 0.999023437500
vt 0.641777343750 0.999023437500
vt 0.641777343750 0.990196604955
vt 0.637695312500 0.990196604955
vt 0.637695312500 0.999023437500
vt 0.646522145045 0.999023437500
vt 0.646522145045 0.994941406250
vt 0.637695312500 0.994941406250
vt 0.637695312500 0.999023437500
vt 0.649726562500 0.999023437500
vt 0.649726562500 0.994941406250
vt 0.637695312500 0.994941406250
vt 0.637695312500 0.999023437500
vt 0.641777343750 0.999023437500
vt 0.641777343750 0.986992187500
vt 0.637695312500 0.986992187500
vt 0.637695312500 0.999023437500
vt 0.649726562500 0.999023437500
vt 0.649726562500 0.990196604955
vt 0.637695312500 0.990196604955
vt 0.637695312500 0.999023437500
vt 0.646522145045 0.999023437500
vt 0.646522145045 0.986992187500
vt 0.637695312500 0.986992187500
vt 0.353515625000 0.999023437500
vt 0.356523437500 0.999023437500
vt 0.356523437500 0.994287730024
vt 0.353515625000 0.994287730024
vt 0.353515625000 0.999023437500
vt 0.358251332476 0.999023437500
vt 0.358251332476 0.996015625000
vt 0.353515625000 0.996015625000
vt 0.353515625000 0.999023437500
vt 0.361250000000 0.999023437500
vt 0.361250000000 0.996015625000
vt 0.353515625000 0.996015625000
vt 0.353515625000 0.999023437500
vt 0.356523437500 0.999023437500
vt 0.356523437500 0.991289062500
vt 0.353515625000 0.991289062500
vt 0.353515625000 0.999023437500
vt 0.361250000000 0.999023437500
vt 0.361250000000 0.994287730024
vt 0.353515625000 0.994287730024
vt 0.353515625000 0.999023437500
vt 0.358251332476 0.999023437500
vt 0.358251332476 0.991289062500
vt 0.353515625000 0.991289062500
vt 0.353515625000 0.999023437500
vt 0.356523437500 0.999023437500
vt 0.356523437500 0.994287730024
vt 0.353515625000 0.994287730024
vt 0.353515625000 0.999023437500
vt 0.358251332476 0.999023437500
vt 0.358251332476 0.996015625000
vt 0.353515625000 0.996015625000
vt 0.353515625000 0.999023437500
vt 0.361250000000 0.999023437500
vt 0.361250000000 0.996015625000
vt 0.353515625000 0.996015625000
vt 0.353515625000 0.999023437500
vt 0.356523437500 0.999023437500
vt 0.356523437500 0.991289062500
vt 0.353515625000 0.991289062500
vt 0.353515625000 0.999023437500
vt 0.361250000000 0.999023437500
vt 0.361250000000 0.994287730024
vt 0.353515625000 0.994287730024
vt 0.353515625000 0.999023437500
vt 0.358251332476 0.999023437500
vt 0.358251332476 0.991289062500
vt 0.353515625000 0.991289062500
vt 0.353515625000 0.999023437500
vt 0.356523437500 0.999023437500
vt 0.356523437500 0.994287730024
vt 0.353515625000 0.994287730024
vt 0.353515625000 0.999023437500
vt 0.358251332476 0.999023437500
vt 0.358251332476 0.996015625000
vt 0.353515625000 0.996015625000
vt 0.353515625000 0.999023437500
vt 0.361250000000 0.999023437500
vt 0.361250000000 0.996015625000
vt 0.353515625000 0.996015625000
vt 0.353515625000 0.999023437500
vt 0.356523437500 0.999023437500
vt 0.356523437500 0.991289062500
vt 0.353515625000 0.991289062500
vt 0.353515625000 0.999023437500
vt 0.361250000000 0.999023437500
vt 0.361250000000 0.994287730024
vt 0.353515625000 0.994287730024
vt 0.353515625000 0.999023437500
vt 0.358251332476 0.999023437500
vt 0.358251332476 0.991289062500
vt 0.353515625000 0.991289062500
vt 0.353515625000 0.999023437500
vt 0.356523437500 0.999023437500
vt 0.356523437500 0.994287730024
vt 0.353515625000 0.994287730024
vt 0.353515625000 0.999023437500
vt 0.358251332476 0.999023437500
vt 0.358251332476 0.996015625000
vt 0.353515625000 0.996015625000
vt 0.353515625000 0.999023437500
vt 0.361250000000 0.999023437500
vt 0.361250000000 0.996015625000
vt 0.353515625000 0.996015625000
vt 0.353515625000 0.999023437500
vt 0.356523437500 0.999023437500
vt 0.356523437500 0.991289062500
vt 0.353515625000 0.991289062500
vt 0.353515625000 0.999023437500
vt 0.361250000000 0.999023437500
vt 0.361250000000 0.994287730024
vt 0.353515625000 0.994287730024
vt 0.353515625000 0.999023437500
vt 0.358251332476 0.999023437500
vt 0.358251332476 0.991289062500
vt 0.353515625000 0.991289062500
vt 0.353515625000 0.999023437500
vt 0.356523437500 0.999023437500
vt 0.356523437500 0.994287730024
vt 0.353515625000 0.994287730024
vt 0.353515625000 0.999023437500
vt 0.358251332476 0.999023437500
vt 0.358251332476 0.996015625000
vt 0.353515625000 0.996015625000
vt 0.353515625000 0.999023437500
vt 0.361250000000 0.999023437500
vt 0.361250000000 0.996015625000
vt 0.353515625000 0.996015625000
vt 0.353515625000 0.999023437500
vt 0.356523437500 0.999023437500
vt 0.356523437500 0.991289062500
vt 0.353515625000 0.991289062500
vt 0.353515625000 0.999023437500
vt 0.361250000000 0.999023437500
vt 0.361250000000 0.994287730024
vt 0.353515625000 0.994287730024
vt 0.353515625000 0.999023437500
vt 0.358251332476 0.999023437500
vt 0.358251332476 0.991289062500
vt 0.353515625000 0.991289062500
vt 0.353515625000 0.999023437500
vt 0.356523437500 0.999023437500
vt 0.356523437500 0.994287730024
vt 0.353515625000 0.994287730024
vt 0.353515625000 0.999023437500
vt 0.358251332476 0.999023437500
vt 0.358251332476 0.996015625000
vt 0.353515625000 0.996015625000
vt 0.353515625000 0.999023437500
vt 0.361250000000 0.999023437500
vt 0.361250000000 0.996015625000
vt 0.353515625000 0.996015625000
vt 0.353515625000 0.999023437500
vt 0.356523437500 0.999023437500
vt 0.356523437500 0.991289062500
vt 0.353515625000 0.991289062500
vt 0.353515625000 0.999023437500
vt 0.361250000000 0.999023437500
vt 0.361250000000 0.994287730024
vt 0.353515625000 0.994287730024
vt 0.353515625000 0.999023437500
vt 0.358251332476 0.999023437500
vt 0.358251332476 0.991289062500
vt 0.353515625000 0.991289062500
vt 0.353515625000 0.999023437500
vt 0.356523437500 0.999023437500
vt 0.356523437500 0.994287730024
vt 0.353515625000 0.994287730024
vt 0.353515625000 0.999023437500
vt 0.358251332476 0.999023437500
vt 0.358251332476 0.996015625000
vt 0.353515625000 0.996015625000
vt 0.353515625000 0.999023437500
vt 0.361250000000 0.999023437500
vt 0.361250000000 0.996015625000
vt 0.353515625000 0.996015625000
vt 0.353515625000 0.999023437500
vt 0.356523437500 0.999023437500
vt 0.356523437500 0.991289062500
vt 0.353515625000 0.991289062500
vt 0.353515625000 0.999023437500
vt 0.361250000000 0.999023437500
vt 0.361250000000 0.994287730024
vt 0.353515625000 0.994287730024
vt 0.353515625000 0.999023437500
vt 0.358251332476 0.999023437500
vt 0.358251332476 0.991289062500
vt 0.353515625000 0.991289062500
vt 0.353515625000 0.999023437500
vt 0.356523437500 0.999023437500
vt 0.356523437500 0.994287730024
vt 0.353515625000 0.994287730024
vt 0.353515625000 0.999023437500
vt 0.358251332476 0.999023437500
vt 0.358251332476 0.996015625000
vt 0.353515625000 0.996015625000
vt 0.353515625000 0.999023437500
vt 0.361250000000 0.999023437500
vt 0.361250000000 0.996015625000
vt 0.353515625000 0.996015625000
vt 0.353515625000 0.999023437500
vt 0.356523437500 0.999023437500
vt 0.356523437500 0.991289062500
vt 0.353515625000 0.991289062500
vt 0.353515625000 0.999023437500
vt 0.361250000000 0.999023437500
vt 0.361250000000 0.994287730024
vt 0.353515625000 0.994287730024
vt 0.353515625000 0.999023437500
vt 0.358251332476 0.999023437500
vt 0.358251332476 0.991289062500
vt 0.353515625000 0.991289062500
vt 0.686523437500 0.999023437500
vt 0.694042968750 0.999023437500
vt 0.694042968750 0.992148437500
vt 0.686523437500 0.992148437500
vt 0.270507812500 0.999023437500
vt 0.277382812500 0.999023437500
vt 0.277382812500 0.991503906250
vt 0.270507812500 0.991503906250
vt 0.270507812500 0.999023437500
vt 0.272441406250 0.999023437500
vt 0.272441406250 0.991503906250
vt 0.270507812500 0.991503906250
vt 0.270507812500 0.999023437500
vt 0.278027343750 0.999023437500
vt 0.278027343750 0.997089843750
vt 0.270507812500 0.997089843750
vt 0.270507812500 0.999023437500
vt 0.272441406250 0.999023437500
vt 0.272441406250 0.992148437500
vt 0.270507812500 0.992148437500
vt 0.270507812500 0.999023437500
vt 0.277382812500 0.999023437500
vt 0.277382812500 0.997089843750
vt 0.270507812500 0.997089843750
vt 0.181640625000 0.999023437500
vt 0.210000000000 0.999023437500
vt 0.210000000000 0.993222656250
vt 0.181640625000 0.993222656250
vt 0.181640625000 0.999023437500
vt 0.187441406250 0.999023437500
vt 0.187441406250 0.970664062500
vt 0.181640625000 0.970664062500
vt 0.181640625000 0.999023437500
vt 0.192597656250 0.999023437500
vt 0.192597656250 0.970664062500
vt 0.181640625000 0.970664062500
vt 0.181640625000 0.999023437500
vt 0.210000000000 0.999023437500
vt 0.210000000000 0.988066406250
vt 0.181640625000 0.988066406250
vt 0.181640625000 0.999023437500
vt 0.192597656250 0.999023437500
vt 0.192597656250 0.993222656250
vt 0.181640625000 0.993222656250
vt 0.181640625000 0.999023437500
vt 0.187441406250 0.999023437500
vt 0.187441406250 0.988066406250
vt 0.181640625000 0.988066406250
vt 0.637695312500 0.999023437500
vt 0.666054687500 0.999023437500
vt 0.666054687500 0.993222656250
vt 0.637695312500 0.993222656250
vt 0.637695312500 0.999023437500
vt 0.643496093750 0.999023437500
vt 0.643496093750 0.970664062500
vt 0.637695312500 0.970664062500
vt 0.637695312500 0.999023437500
vt 0.648652343750 0.999023437500
vt 0.648652343750 0.970664062500
vt 0.637695312500 0.970664062500
vt 0.637695312500 0.999023437500
vt 0.666054687500 0.999023437500
vt 0.666054687500 0.988066406250
vt 0.637695312500 0.988066406250
vt 0.637695312500 0.999023437500
vt 0.648652343750 0.999023437500
vt 0.648652343750 0.993222656250
vt 0.637695312500 0.993222656250
vt 0.637695312500 0.999023437500
vt 0.643496093750 0.999023437500
vt 0.643496093750 0.988066406250
vt 0.637695312500 0.988066406250
vt 0.181640625000 0.999023437500
vt 0.210000000000 0.999023437500
vt 0.210000000000 0.993222656250
vt 0.181640625000 0.993222656250
vt 0.181640625000 0.999023437500
vt 0.187441406250 0.999023437500
vt 0.187441406250 0.970664062500
vt 0.181640625000 0.970664062500
vt 0.181640625000 0.999023437500
vt 0.192597656250 0.999023437500
vt 0.192597656250 0.970664062500
vt 0.181640625000 0.970664062500
vt 0.181640625000 0.999023437500
vt 0.210000000000 0.999023437500
vt 0.210000000000 0.988066406250
vt 0.181640625000 0.988066406250
vt 0.181640625000 0.999023437500
vt 0.192597656250 0.999023437500
vt 0.192597656250 0.993222656250
vt 0.181640625000 0.993222656250
vt 0.181640625000 0.999023437500
vt 0.187441406250 0.999023437500
vt 0.187441406250 0.988066406250
vt 0.181640625000 0.988066406250
vt 0.637695312500 0.999023437500
vt 0.666054687500 0.999023437500
vt 0.666054687500 0.993222656250
vt 0.637695312500 0.993222656250
vt 0.637695312500 0.999023437500
vt 0.643496093750 0.999023437500
vt 0.643496093750 0.970664062500
vt 0.637695312500 0.970664062500
vt 0.637695312500 0.999023437500
vt 0.648652343750 0.999023437500
vt 0.648652343750 0.970664062500
vt 0.637695312500 0.970664062500
vt 0.637695312500 0.999023437500
vt 0.666054687500 0.999023437500
vt 0.666054687500 0.988066406250
vt 0.637695312500 0.988066406250
vt 0.637695312500 0.999023437500
vt 0.648652343750 0.999023437500
vt 0.648652343750 0.993222656250
vt 0.637695312500 0.993222656250
vt 0.637695312500 0.999023437500
vt 0.643496093750 0.999023437500
vt 0.643496093750 0.988066406250
vt 0.637695312500 0.988066406250
vt 0.091796875000 0.999023437500
vt 0.155175781250 0.999023437500
vt 0.155175781250 0.970019531250
vt 0.091796875000 0.970019531250
vt 0.091796875000 0.999023437500
vt 0.120800781250 0.999023437500
vt 0.120800781250 0.935644531250
vt 0.091796875000 0.935644531250
vt 0.091796875000 0.999023437500
vt 0.125097656250 0.999023437500
vt 0.125097656250 0.935644531250
vt 0.091796875000 0.935644531250
vt 0.091796875000 0.999023437500
vt 0.155175781250 0.999023437500
vt 0.155175781250 0.965722656250
vt 0.091796875000 0.965722656250
vt 0.091796875000 0.999023437500
vt 0.125097656250 0.999023437500
vt 0.125097656250 0.970019531250
vt 0.091796875000 0.970019531250
vt 0.091796875000 0.999023437500
vt 0.120800781250 0.999023437500
vt 0.120800781250 0.965722656250
vt 0.091796875000 0.965722656250
vt 0.181640625000 0.999023437500
vt 0.193027343750 0.999023437500
vt 0.193027343750 0.954980468750
vt 0.181640625000 0.954980468750
vt 0.181640625000 0.999023437500
vt 0.225683593750 0.999023437500
vt 0.225683593750 0.987636718750
vt 0.181640625000 0.987636718750
vt 0.181640625000 0.999023437500
vt 0.225253906250 0.999023437500
vt 0.225253906250 0.987636718750
vt 0.181640625000 0.987636718750
vt 0.181640625000 0.999023437500
vt 0.193027343750 0.999023437500
vt 0.193027343750 0.955410156250
vt 0.181640625000 0.955410156250
vt 0.181640625000 0.999023437500
vt 0.225253906250 0.999023437500
vt 0.225253906250 0.954980468750
vt 0.181640625000 0.954980468750
vt 0.181640625000 0.999023437500
vt 0.225683593750 0.999023437500
vt 0.225683593750 0.955410156250
vt 0.181640625000 0.955410156250
vt 0.637695312500 0.999023437500
vt 0.639843750000 0.999023437500
vt 0.639843750000 0.960996093750
vt 0.637695312500 0.960996093750
vt 0.637695312500 0.999023437500
vt 0.675722656250 0.999023437500
vt 0.675722656250 0.996875000000
vt 0.637695312500 0.996875000000
vt 0.637695312500 0.999023437500
vt 0.677441406250 0.999023437500
vt 0.677441406250 0.996875000000
vt 0.637695312500 0.996875000000
vt 0.637695312500 0.999023437500
vt 0.639843750000 0.999023437500
vt 0.639843750000 0.959277343750
vt 0.637695312500 0.959277343750
vt 0.637695312500 0.999023437500
vt 0.677441406250 0.999023437500
vt 0.677441406250 0.960996093750
vt 0.637695312500 0.960996093750
vt 0.637695312500 0.999023437500
vt 0.675722656250 0.999023437500
vt 0.675722656250 0.959277343750
vt 0.637695312500 0.959277343750
vt 0.501953125000 0.999023437500
vt 0.513339843750 0.999023437500
vt 0.513339843750 0.954980468750
vt 0.501953125000 0.954980468750
vt 0.501953125000 0.999023437500
vt 0.545996093750 0.999023437500
vt 0.545996093750 0.987636718750
vt 0.501953125000 0.987636718750
vt 0.501953125000 0.999023437500
vt 0.545566406250 0.999023437500
vt 0.545566406250 0.987636718750
vt 0.501953125000 0.987636718750
vt 0.501953125000 0.999023437500
vt 0.513339843750 0.999023437500
vt 0.513339843750 0.955410156250
vt 0.501953125000 0.955410156250
vt 0.501953125000 0.999023437500
vt 0.545566406250 0.999023437500
vt 0.545566406250 0.954980468750
vt 0.501953125000 0.954980468750
vt 0.501953125000 0.999023437500
vt 0.545996093750 0.999023437500
vt 0.545996093750 0.955410156250
vt 0.501953125000 0.955410156250
vt 0.637695312500 0.999023437500
vt 0.639843750000 0.999023437500
vt 0.639843750000 0.960996093750
vt 0.637695312500 0.960996093750
vt 0.637695312500 0.999023437500
vt 0.675722656250 0.999023437500
vt 0.675722656250 0.996875000000
vt 0.637695312500 0.996875000000
vt 0.637695312500 0.999023437500
vt 0.677441406250 0.999023437500
vt 0.677441406250 0.996875000000
vt 0.637695312500 0.996875000000
vt 0.637695312500 0.999023437500
vt 0.639843750000 0.999023437500
vt 0.639843750000 0.959277343750
vt 0.637695312500 0.959277343750
vt 0.637695312500 0.999023437500
vt 0.677441406250 0.999023437500
vt 0.677441406250 0.960996093750
vt 0.637695312500 0.960996093750
vt 0.637695312500 0.999023437500
vt 0.675722656250 0.999023437500
vt 0.675722656250 0.959277343750
vt 0.637695312500 0.959277343750
vt 0.181640625000 0.999023437500
vt 0.193027343750 0.999023437500
vt 0.193027343750 0.954980468750
vt 0.181640625000 0.954980468750
vt 0.181640625000 0.999023437500
vt 0.225683593750 0.999023437500
vt 0.225683593750 0.987636718750
vt 0.181640625000 0.987636718750
vt 0.181640625000 0.999023437500
vt 0.225253906250 0.999023437500
vt 0.225253906250 0.987636718750
vt 0.181640625000 0.987636718750
vt 0.181640625000 0.999023437500
vt 0.193027343750 0.999023437500
vt 0.193027343750 0.955410156250
vt 0.181640625000 0.955410156250
vt 0.181640625000 0.999023437500
vt 0.225253906250 0.999023437500
vt 0.225253906250 0.954980468750
vt 0.181640625000 0.954980468750
vt 0.181640625000 0.999023437500
vt 0.225683593750 0.999023437500
vt 0.225683593750 0.955410156250
vt 0.181640625000 0.955410156250
vt 0.637695312500 0.999023437500
vt 0.639843750000 0.999023437500
vt 0.639843750000 0.960996093750
vt 0.637695312500 0.960996093750
vt 0.637695312500 0.999023437500
vt 0.675722656250 0.999023437500
vt 0.675722656250 0.996875000000
vt 0.637695312500 0.996875000000
vt 0.637695312500 0.999023437500
vt 0.677441406250 0.999023437500
vt 0.677441406250 0.996875000000
vt 0.637695312500 0.996875000000
vt 0.637695312500 0.999023437500
vt 0.639843750000 0.999023437500
vt 0.639843750000 0.959277343750
vt 0.637695312500 0.959277343750
vt 0.637695312500 0.999023437500
vt 0.677441406250 0.999023437500
vt 0.677441406250 0.960996093750
vt 0.637695312500 0.960996093750
vt 0.637695312500 0.999023437500
vt 0.675722656250 0.999023437500
vt 0.675722656250 0.959277343750
vt 0.637695312500 0.959277343750
vt 0.353515625000 0.999023437500
vt 0.364902343750 0.999023437500
vt 0.364902343750 0.954980468750
vt 0.353515625000 0.954980468750
vt 0.353515625000 0.999023437500
vt 0.397558593750 0.999023437500
vt 0.397558593750 0.987636718750
vt 0.353515625000 0.987636718750
vt 0.353515625000 0.999023437500
vt 0.397128906250 0.999023437500
vt 0.397128906250 0.987636718750
vt 0.353515625000 0.987636718750
vt 0.353515625000 0.999023437500
vt 0.364902343750 0.999023437500
vt 0.364902343750 0.955410156250
vt 0.353515625000 0.955410156250
vt 0.353515625000 0.999023437500
vt 0.397128906250 0.999023437500
vt 0.397128906250 0.954980468750
vt 0.353515625000 0.954980468750
vt 0.353515625000 0.999023437500
vt 0.397558593750 0.999023437500
vt 0.397558593750 0.955410156250
vt 0.353515625000 0.955410156250
vt 0.637695312500 0.999023437500
vt 0.639843750000 0.999023437500
vt 0.639843750000 0.960996093750
vt 0.637695312500 0.960996093750
vt 0.637695312500 0.999023437500
vt 0.675722656250 0.999023437500
vt 0.675722656250 0.996875000000
vt 0.637695312500 0.996875000000
vt 0.637695312500 0.999023437500
vt 0.677441406250 0.999023437500
vt 0.677441406250 0.996875000000
vt 0.637695312500 0.996875000000
vt 0.637695312500 0.999023437500
vt 0.639843750000 0.999023437500
vt 0.639843750000 0.959277343750
vt 0.637695312500 0.959277343750
vt 0.637695312500 0.999023437500
vt 0.677441406250 0.999023437500
vt 0.677441406250 0.960996093750
vt 0.637695312500 0.960996093750
vt 0.637695312500 0.999023437500
vt 0.675722656250 0.999023437500
vt 0.675722656250 0.959277343750
vt 0.637695312500 0.959277343750
vt 0.270507812500 0.999023437500
vt 0.319015896468 0.999023437500
vt 0.319015896468 0.994296875000
vt 0.270507812500 0.994296875000
vt 0.270507812500 0.999023437500
vt 0.275234375000 0.999023437500
vt 0.275234375000 0.950515353532
vt 0.270507812500 0.950515353532
vt 0.270507812500 0.999023437500
vt 0.277167968750 0.999023437500
vt 0.277167968750 0.950515353532
vt 0.270507812500 0.950515353532
vt 0.270507812500 0.999023437500
vt 0.319015896468 0.999023437500
vt 0.319015896468 0.992363281250
vt 0.270507812500 0.992363281250
vt 0.270507812500 0.999023437500
vt 0.277167968750 0.999023437500
vt 0.277167968750 0.994296875000
vt 0.270507812500 0.994296875000
vt 0.270507812500 0.999023437500
vt 0.275234375000 0.999023437500
vt 0.275234375000 0.992363281250
vt 0.270507812500 0.992363281250
vt 0.637695312500 0.999023437500
vt 0.641777343750 0.999023437500
vt 0.641777343750 0.990051902782
vt 0.637695312500 0.990051902782
vt 0.637695312500 0.999023437500
vt 0.646666847218 0.999023437500
vt 0.646666847218 0.994941406250
vt 0.637695312500 0.994941406250
vt 0.637695312500 0.999023437500
vt 0.652734375000 0.999023437500
vt 0.652734375000 0.994941406250
vt 0.637695312500 0.994941406250
vt 0.637695312500 0.999023437500
vt 0.641777343750 0.999023437500
vt 0.641777343750 0.983984375000
vt 0.637695312500 0.983984375000
vt 0.637695312500 0.999023437500
vt 0.652734375000 0.999023437500
vt 0.652734375000 0.990051902782
vt 0.637695312500 0.990051902782
vt 0.637695312500 0.999023437500
vt 0.646666847218 0.999023437500
vt 0.646666847218 0.983984375000
vt 0.637695312500 0.983984375000
vt 0.637695312500 0.999023437500
vt 0.641777343750 0.999023437500
vt 0.641777343750 0.990051902782
vt 0.637695312500 0.990051902782
vt 0.637695312500 0.999023437500
vt 0.646666847218 0.999023437500
vt 0.646666847218 0.994941406250
vt 0.637695312500 0.994941406250
vt 0.637695312500 0.999023437500
vt 0.652734375000 0.999023437500
vt 0.652734375000 0.994941406250
vt 0.637695312500 0.994941406250
vt 0.637695312500 0.999023437500
vt 0.641777343750 0.999023437500
vt 0.641777343750 0.983984375000
vt 0.637695312500 0.983984375000
vt 0.637695312500 0.999023437500
vt 0.652734375000 0.999023437500
vt 0.652734375000 0.990051902782
vt 0.637695312500 0.990051902782
vt 0.637695312500 0.999023437500
vt 0.646666847218 0.999023437500
vt 0.646666847218 0.983984375000
vt 0.637695312500 0.983984375000
vt 0.637695312500 0.999023437500
vt 0.641777343750 0.999023437500
vt 0.641777343750 0.990051902782
vt 0.637695312500 0.990051902782
vt 0.637695312500 0.999023437500
vt 0.646666847218 0.999023437500
vt 0.646666847218 0.994941406250
vt 0.637695312500 0.994941406250
vt 0.637695312500 0.999023437500
vt 0.652734375000 0.999023437500
vt 0.652734375000 0.994941406250
vt 0.637695312500 0.994941406250
vt 0.637695312500 0.999023437500
vt 0.641777343750 0.999023437500
vt 0.641777343750 0.983984375000
vt 0.637695312500 0.983984375000
vt 0.637695312500 0.999023437500
vt 0.652734375000 0.999023437500
vt 0.652734375000 0.990051902782
vt 0.637695312500 0.990051902782
vt 0.637695312500 0.999023437500
vt 0.646666847218 0.999023437500
vt 0.646666847218 0.983984375000
vt 0.637695312500 0.983984375000
vt 0.637695312500 0.999023437500
vt 0.641777343750 0.999023437500
vt 0.641777343750 0.990051902782
vt 0.637695312500 0.990051902782
vt 0.637695312500 0.999023437500
vt 0.646666847218 0.999023437500
vt 0.646666847218 0.994941406250
vt 0.637695312500 0.994941406250
vt 0.637695312500 0.999023437500
vt 0.652734375000 0.999023437500
vt 0.652734375000 0.994941406250
vt 0.637695312500 0.994941406250
vt 0.637695312500 0.999023437500
vt 0.641777343750 0.999023437500
vt 0.641777343750 0.983984375000
vt 0.637695312500 0.983984375000
vt 0.637695312500 0.999023437500
vt 0.652734375000 0.999023437500
vt 0.652734375000 0.990051902782
vt 0.637695312500 0.990051902782
vt 0.637695312500 0.999023437500
vt 0.646666847218 0.999023437500
vt 0.646666847218 0.983984375000
vt 0.637695312500 0.983984375000
vt 0.637695312500 0.999023437500
vt 0.641777343750 0.999023437500
vt 0.641777343750 0.990051902782
vt 0.637695312500 0.990051902782
vt 0.637695312500 0.999023437500
vt 0.646666847218 0.999023437500
vt 0.646666847218 0.994941406250
vt 0.637695312500 0.994941406250
vt 0.637695312500 0.999023437500
vt 0.652734375000 0.999023437500
vt 0.652734375000 0.994941406250
vt 0.637695312500 0.994941406250
vt 0.637695312500 0.999023437500
vt 0.641777343750 0.999023437500
vt 0.641777343750 0.983984375000
vt 0.637695312500 0.983984375000
vt 0.637695312500 0.999023437500
vt 0.652734375000 0.999023437500
vt 0.652734375000 0.990051902782
vt 0.637695312500 0.990051902782
vt 0.637695312500 0.999023437500
vt 0.646666847218 0.999023437500
vt 0.646666847218 0.983984375000
vt 0.637695312500 0.983984375000
vt 0.637695312500 0.999023437500
vt 0.641777343750 0.999023437500
vt 0.641777343750 0.990051902782
vt 0.637695312500 0.990051902782
vt 0.637695312500 0.999023437500
vt 0.646666847218 0.999023437500
vt 0.646666847218 0.994941406250
vt 0.637695312500 0.994941406250
vt 0.637695312500 0.999023437500
vt 0.652734375000 0.999023437500
vt 0.652734375000 0.994941406250
vt 0.637695312500 0.994941406250
vt 0.637695312500 0.999023437500
vt 0.641777343750 0.999023437500
vt 0.641777343750 0.983984375000
vt 0.637695312500 0.983984375000
vt 0.637695312500 0.999023437500
vt 0.652734375000 0.999023437500
vt 0.652734375000 0.990051902782
vt 0.637695312500 0.990051902782
vt 0.637695312500 0.999023437500
vt 0.646666847218 0.999023437500
vt 0.646666847218 0.983984375000
vt 0.637695312500 0.983984375000
vt 0.637695312500 0.999023437500
vt 0.641777343750 0.999023437500
vt 0.641777343750 0.990051902782
vt 0.637695312500 0.990051902782
vt 0.637695312500 0.999023437500
vt 0.646666847218 0.999023437500
vt 0.646666847218 0.994941406250
vt 0.637695312500 0.994941406250
vt 0.637695312500 0.999023437500
vt 0.652734375000 0.999023437500
vt 0.652734375000 0.994941406250
vt 0.637695312500 0.994941406250
vt 0.637695312500 0.999023437500
vt 0.641777343750 0.999023437500
vt 0.641777343750 0.983984375000
vt 0.637695312500 0.983984375000
vt 0.637695312500 0.999023437500
vt 0.652734375000 0.999023437500
vt 0.652734375000 0.990051902782
vt 0.637695312500 0.990051902782
vt 0.637695312500 0.999023437500
vt 0.646666847218 0.999023437500
vt 0.646666847218 0.983984375000
vt 0.637695312500 0.983984375000
vt 0.637695312500 0.999023437500
vt 0.641777343750 0.999023437500
vt 0.641777343750 0.990051902782
vt 0.637695312500 0.990051902782
vt 0.637695312500 0.999023437500
vt 0.646666847218 0.999023437500
vt 0.646666847218 0.994941406250
vt 0.637695312500 0.994941406250
vt 0.637695312500 0.999023437500
vt 0.652734375000 0.999023437500
vt 0.652734375000 0.994941406250
vt 0.637695312500 0.994941406250
vt 0.637695312500 0.999023437500
vt 0.641777343750 0.999023437500
vt 0.641777343750 0.983984375000
vt 0.637695312500 0.983984375000
vt 0.637695312500 0.999023437500
vt 0.652734375000 0.999023437500
vt 0.652734375000 0.990051902782
vt 0.637695312500 0.990051902782
vt 0.637695312500 0.999023437500
vt 0.646666847218 0.999023437500
vt 0.646666847218 0.983984375000
vt 0.637695312500 0.983984375000
vt 0.270507812500 0.999023437500
vt 0.283613281250 0.999023437500
vt 0.283613281250 0.981406250000
vt 0.270507812500 0.981406250000
vt 0.270507812500 0.999023437500
vt 0.288125000000 0.999023437500
vt 0.288125000000 0.985917968750
vt 0.270507812500 0.985917968750
vt 0.270507812500 0.999023437500
vt 0.305312500000 0.999023437500
vt 0.305312500000 0.985917968750
vt 0.270507812500 0.985917968750
vt 0.270507812500 0.999023437500
vt 0.283613281250 0.999023437500
vt 0.283613281250 0.964218750000
vt 0.270507812500 0.964218750000
vt 0.270507812500 0.999023437500
vt 0.305312500000 0.999023437500
vt 0.305312500000 0.981406250000
vt 0.270507812500 0.981406250000
vt 0.270507812500 0.999023437500
vt 0.288125000000 0.999023437500
vt 0.288125000000 0.964218750000
vt 0.270507812500 0.964218750000
vt 0.501953125000 0.999023437500
vt 0.514843750000 0.999023437500
vt 0.514843750000 0.952832031250
vt 0.501953125000 0.952832031250
vt 0.501953125000 0.999023437500
vt 0.548144531250 0.999023437500
vt 0.548144531250 0.986132812500
vt 0.501953125000 0.986132812500
vt 0.501953125000 0.999023437500
vt 0.553945312500 0.999023437500
vt 0.553945312500 0.986132812500
vt 0.501953125000 0.986132812500
vt 0.501953125000 0.999023437500
vt 0.514843750000 0.999023437500
vt 0.514843750000 0.947031250000
vt 0.501953125000 0.947031250000
vt 0.501953125000 0.999023437500
vt 0.553945312500 0.999023437500
vt 0.553945312500 0.952832031250
vt 0.501953125000 0.952832031250
vt 0.501953125000 0.999023437500
vt 0.548144531250 0.999023437500
vt 0.548144531250 0.947031250000
vt 0.501953125000 0.947031250000
vt 0.637695312500 0.999023437500
vt 0.639951171875 0.999023437500
vt 0.639951171875 0.956484375000
vt 0.637695312500 0.956484375000
vt 0.637695312500 0.999023437500
vt 0.680234375000 0.999023437500
vt 0.680234375000 0.996767578125
vt 0.637695312500 0.996767578125
vt 0.637695312500 0.999023437500
vt 0.641132812500 0.999023437500
vt 0.641132812500 0.996767578125
vt 0.637695312500 0.996767578125
vt 0.637695312500 0.999023437500
vt 0.639951171875 0.999023437500
vt 0.639951171875 0.995585937500
vt 0.637695312500 0.995585937500
vt 0.637695312500 0.999023437500
vt 0.641132812500 0.999023437500
vt 0.641132812500 0.956484375000
vt 0.637695312500 0.956484375000
vt 0.637695312500 0.999023437500
vt 0.680234375000 0.999023437500
vt 0.680234375000 0.995585937500
vt 0.637695312500 0.995585937500
vt 0.181640625000 0.999023437500
vt 0.194531250000 0.999023437500
vt 0.194531250000 0.951328125000
vt 0.181640625000 0.951328125000
vt 0.181640625000 0.999023437500
vt 0.229335937500 0.999023437500
vt 0.229335937500 0.986132812500
vt 0.181640625000 0.986132812500
vt 0.181640625000 0.999023437500
vt 0.233632812500 0.999023437500
vt 0.233632812500 0.986132812500
vt 0.181640625000 0.986132812500
vt 0.181640625000 0.999023437500
vt 0.194531250000 0.999023437500
vt 0.194531250000 0.947031250000
vt 0.181640625000 0.947031250000
vt 0.181640625000 0.999023437500
vt 0.233632812500 0.999023437500
vt 0.233632812500 0.951328125000
vt 0.181640625000 0.951328125000
vt 0.181640625000 0.999023437500
vt 0.229335937500 0.999023437500
vt 0.229335937500 0.947031250000
vt 0.181640625000 0.947031250000
vt 0.637695312500 0.999023437500
vt 0.639951171875 0.999023437500
vt 0.639951171875 0.956484375000
vt 0.637695312500 0.956484375000
vt 0.637695312500 0.999023437500
vt 0.680234375000 0.999023437500
vt 0.680234375000 0.996767578125
vt 0.637695312500 0.996767578125
vt 0.637695312500 0.999023437500
vt 0.641132812500 0.999023437500
vt 0.641132812500 0.996767578125
vt 0.637695312500 0.996767578125
vt 0.637695312500 0.999023437500
vt 0.639951171875 0.999023437500
vt 0.639951171875 0.995585937500
vt 0.637695312500 0.995585937500
vt 0.637695312500 0.999023437500
vt 0.641132812500 0.999023437500
vt 0.641132812500 0.956484375000
vt 0.637695312500 0.956484375000
vt 0.637695312500 0.999023437500
vt 0.680234375000 0.999023437500
vt 0.680234375000 0.995585937500
vt 0.637695312500 0.995585937500
vt 0.353515625000 0.999023437500
vt 0.366406250000 0.999023437500
vt 0.366406250000 0.949824218750
vt 0.353515625000 0.949824218750
vt 0.353515625000 0.999023437500
vt 0.402714843750 0.999023437500
vt 0.402714843750 0.986132812500
vt 0.353515625000 0.986132812500
vt 0.353515625000 0.999023437500
vt 0.405507812500 0.999023437500
vt 0.405507812500 0.986132812500
vt 0.353515625000 0.986132812500
vt 0.353515625000 0.999023437500
vt 0.366406250000 0.999023437500
vt 0.366406250000 0.947031250000
vt 0.353515625000 0.947031250000
vt 0.353515625000 0.999023437500
vt 0.405507812500 0.999023437500
vt 0.405507812500 0.949824218750
vt 0.353515625000 0.949824218750
vt 0.353515625000 0.999023437500
vt 0.402714843750 0.999023437500
vt 0.402714843750 0.947031250000
vt 0.353515625000 0.947031250000
vt 0.637695312500 0.999023437500
vt 0.639951171875 0.999023437500
vt 0.639951171875 0.956484375000
vt 0.637695312500 0.956484375000
vt 0.637695312500 0.999023437500
vt 0.680234375000 0.999023437500
vt 0.680234375000 0.996767578125
vt 0.637695312500 0.996767578125
vt 0.637695312500 0.999023437500
vt 0.641132812500 0.999023437500
vt 0.641132812500 0.996767578125
vt 0.637695312500 0.996767578125
vt 0.637695312500 0.999023437500
vt 0.639951171875 0.999023437500
vt 0.639951171875 0.995585937500
vt 0.637695312500 0.995585937500
vt 0.637695312500 0.999023437500
vt 0.641132812500 0.999023437500
vt 0.641132812500 0.956484375000
vt 0.637695312500 0.956484375000
vt 0.637695312500 0.999023437500
vt 0.680234375000 0.999023437500
vt 0.680234375000 0.995585937500
vt 0.637695312500 0.995585937500
vt 0.181640625000 0.999023437500
vt 0.194531250000 0.999023437500
vt 0.194531250000 0.948320312500
vt 0.181640625000 0.948320312500
vt 0.181640625000 0.999023437500
vt 0.232343750000 0.999023437500
vt 0.232343750000 0.986132812500
vt 0.181640625000 0.986132812500
vt 0.181640625000 0.999023437500
vt 0.233632812500 0.999023437500
vt 0.233632812500 0.986132812500
vt 0.181640625000 0.986132812500
vt 0.181640625000 0.999023437500
vt 0.194531250000 0.999023437500
vt 0.194531250000 0.947031250000
vt 0.181640625000 0.947031250000
vt 0.181640625000 0.999023437500
vt 0.233632812500 0.999023437500
vt 0.233632812500 0.948320312500
vt 0.181640625000 0.948320312500
vt 0.181640625000 0.999023437500
vt 0.232343750000 0.999023437500
vt 0.232343750000 0.947031250000
vt 0.181640625000 0.947031250000
vt 0.637695312500 0.999023437500
vt 0.639951171875 0.999023437500
vt 0.639951171875 0.956484375000
vt 0.637695312500 0.956484375000
vt 0.637695312500 0.999023437500
vt 0.680234375000 0.999023437500
vt 0.680234375000 0.996767578125
vt 0.637695312500 0.996767578125
vt 0.637695312500 0.999023437500
vt 0.641132812500 0.999023437500
vt 0.641132812500 0.996767578125
vt 0.637695312500 0.996767578125
vt 0.637695312500 0.999023437500
vt 0.639951171875 0.999023437500
vt 0.639951171875 0.995585937500
vt 0.637695312500 0.995585937500
vt 0.637695312500 0.999023437500
vt 0.641132812500 0.999023437500
vt 0.641132812500 0.956484375000
vt 0.637695312500 0.956484375000
vt 0.637695312500 0.999023437500
vt 0.680234375000 0.999023437500
vt 0.680234375000 0.995585937500
vt 0.637695312500 0.995585937500
vt 0.270507812500 0.999023437500
vt 0.335415519334 0.999023437500
vt 0.335415519334 0.994082031250
vt 0.270507812500 0.994082031250
vt 0.270507812500 0.999023437500
vt 0.275449218750 0.999023437500
vt 0.275449218750 0.934115730666
vt 0.270507812500 0.934115730666
vt 0.270507812500 0.999023437500
vt 0.276738281250 0.999023437500
vt 0.276738281250 0.934115730666
vt 0.270507812500 0.934115730666
vt 0.270507812500 0.999023437500
vt 0.335415519334 0.999023437500
vt 0.335415519334 0.992792968750
vt 0.270507812500 0.992792968750
vt 0.270507812500 0.999023437500
vt 0.276738281250 0.999023437500
vt 0.276738281250 0.994082031250
vt 0.270507812500 0.994082031250
vt 0.270507812500 0.999023437500
vt 0.275449218750 0.999023437500
vt 0.275449218750 0.992792968750
vt 0.270507812500 0.992792968750
vt 0.181640625000 0.999023437500
vt 0.223535156250 0.999023437500
vt 0.223535156250 0.944023437500
vt 0.181640625000 0.944023437500
vt 0.181640625000 0.999023437500
vt 0.236640625000 0.999023437500
vt 0.236640625000 0.957128906250
vt 0.181640625000 0.957128906250
vt 0.181640625000 0.999023437500
vt 0.240937500000 0.999023437500
vt 0.240937500000 0.957128906250
vt 0.181640625000 0.957128906250
vt 0.181640625000 0.999023437500
vt 0.223535156250 0.999023437500
vt 0.223535156250 0.939726562500
vt 0.181640625000 0.939726562500
vt 0.181640625000 0.999023437500
vt 0.240937500000 0.999023437500
vt 0.240937500000 0.944023437500
vt 0.181640625000 0.944023437500
vt 0.181640625000 0.999023437500
vt 0.236640625000 0.999023437500
vt 0.236640625000 0.939726562500
vt 0.181640625000 0.939726562500
vt 0.501953125000 0.999023437500
vt 0.513769531250 0.999023437500
vt 0.513769531250 0.937792968750
vt 0.501953125000 0.937792968750
vt 0.501953125000 0.999023437500
vt 0.563183593750 0.999023437500
vt 0.563183593750 0.987207031250
vt 0.501953125000 0.987207031250
vt 0.501953125000 0.999023437500
vt 0.567050781250 0.999023437500
vt 0.567050781250 0.987207031250
vt 0.501953125000 0.987207031250
vt 0.501953125000 0.999023437500
vt 0.513769531250 0.999023437500
vt 0.513769531250 0.933925781250
vt 0.501953125000 0.933925781250
vt 0.501953125000 0.999023437500
vt 0.567050781250 0.999023437500
vt 0.567050781250 0.937792968750
vt 0.501953125000 0.937792968750
vt 0.501953125000 0.999023437500
vt 0.563183593750 0.999023437500
vt 0.563183593750 0.933925781250
vt 0.501953125000 0.933925781250
vt 0.637695312500 0.999023437500
vt 0.665625000000 0.999023437500
vt 0.665625000000 0.984414062500
vt 0.637695312500 0.984414062500
vt 0.637695312500 0.999023437500
vt 0.652304687500 0.999023437500
vt 0.652304687500 0.971093750000
vt 0.637695312500 0.971093750000
vt 0.637695312500 0.999023437500
vt 0.647578125000 0.999023437500
vt 0.647578125000 0.971093750000
vt 0.637695312500 0.971093750000
vt 0.637695312500 0.999023437500
vt 0.665625000000 0.999023437500
vt 0.665625000000 0.989140625000
vt 0.637695312500 0.989140625000
vt 0.637695312500 0.999023437500
vt 0.647578125000 0.999023437500
vt 0.647578125000 0.984414062500
vt 0.637695312500 0.984414062500
vt 0.637695312500 0.999023437500
vt 0.652304687500 0.999023437500
vt 0.652304687500 0.989140625000
vt 0.637695312500 0.989140625000
vt 0.353515625000 0.999023437500
vt 0.381445312500 0.999023437500
vt 0.381445312500 0.984414062500
vt 0.353515625000 0.984414062500
vt 0.353515625000 0.999023437500
vt 0.368125000000 0.999023437500
vt 0.368125000000 0.971093750000
vt 0.353515625000 0.971093750000
vt 0.353515625000 0.999023437500
vt 0.363398437500 0.999023437500
vt 0.363398437500 0.971093750000
vt 0.353515625000 0.971093750000
vt 0.353515625000 0.999023437500
vt 0.381445312500 0.999023437500
vt 0.381445312500 0.989140625000
vt 0.353515625000 0.989140625000
vt 0.353515625000 0.999023437500
vt 0.363398437500 0.999023437500
vt 0.363398437500 0.984414062500
vt 0.353515625000 0.984414062500
vt 0.353515625000 0.999023437500
vt 0.368125000000 0.999023437500
vt 0.368125000000 0.989140625000
vt 0.353515625000 0.989140625000
vt 0.637695312500 0.999023437500
vt 0.665625000000 0.999023437500
vt 0.665625000000 0.984414062500
vt 0.637695312500 0.984414062500
vt 0.637695312500 0.999023437500
vt 0.652304687500 0.999023437500
vt 0.652304687500 0.971093750000
vt 0.637695312500 0.971093750000
vt 0.637695312500 0.999023437500
vt 0.647578125000 0.999023437500
vt 0.647578125000 0.971093750000
vt 0.637695312500 0.971093750000
vt 0.637695312500 0.999023437500
vt 0.665625000000 0.999023437500
vt 0.665625000000 0.989140625000
vt 0.637695312500 0.989140625000
vt 0.637695312500 0.999023437500
vt 0.647578125000 0.999023437500
vt 0.647578125000 0.984414062500
vt 0.637695312500 0.984414062500
vt 0.637695312500 0.999023437500
vt 0.652304687500 0.999023437500
vt 0.652304687500 0.989140625000
vt 0.637695312500 0.989140625000
vt 0.091796875000 0.999023437500
vt 0.140996093750 0.999023437500
vt 0.140996093750 0.965078125000
vt 0.091796875000 0.965078125000
vt 0.091796875000 0.999023437500
vt 0.125742187500 0.999023437500
vt 0.125742187500 0.949824218750
vt 0.091796875000 0.949824218750
vt 0.091796875000 0.999023437500
vt 0.131328125000 0.999023437500
vt 0.131328125000 0.949824218750
vt 0.091796875000 0.949824218750
vt 0.091796875000 0.999023437500
vt 0.140996093750 0.999023437500
vt 0.140996093750 0.959492187500
vt 0.091796875000 0.959492187500
vt 0.091796875000 0.999023437500
vt 0.131328125000 0.999023437500
vt 0.131328125000 0.965078125000
vt 0.091796875000 0.965078125000
vt 0.091796875000 0.999023437500
vt 0.125742187500 0.999023437500
vt 0.125742187500 0.959492187500
vt 0.091796875000 0.959492187500
vt 0.181640625000 0.999023437500
vt 0.191523437500 0.999023437500
vt 0.191523437500 0.955195312500
vt 0.181640625000 0.955195312500
vt 0.181640625000 0.999023437500
vt 0.225468750000 0.999023437500
vt 0.225468750000 0.989140625000
vt 0.181640625000 0.989140625000
vt 0.181640625000 0.999023437500
vt 0.228046875000 0.999023437500
vt 0.228046875000 0.989140625000
vt 0.181640625000 0.989140625000
vt 0.181640625000 0.999023437500
vt 0.191523437500 0.999023437500
vt 0.191523437500 0.952617187500
vt 0.181640625000 0.952617187500
vt 0.181640625000 0.999023437500
vt 0.228046875000 0.999023437500
vt 0.228046875000 0.955195312500
vt 0.181640625000 0.955195312500
vt 0.181640625000 0.999023437500
vt 0.225468750000 0.999023437500
vt 0.225468750000 0.952617187500
vt 0.181640625000 0.952617187500
vt 0.637695312500 0.999023437500
vt 0.647578125000 0.999023437500
vt 0.647578125000 0.955195312500
vt 0.637695312500 0.955195312500
vt 0.637695312500 0.999023437500
vt 0.681523437500 0.999023437500
vt 0.681523437500 0.989140625000
vt 0.637695312500 0.989140625000
vt 0.637695312500 0.999023437500
vt 0.684101562500 0.999023437500
vt 0.684101562500 0.989140625000
vt 0.637695312500 0.989140625000
vt 0.637695312500 0.999023437500
vt 0.647578125000 0.999023437500
vt 0.647578125000 0.952617187500
vt 0.637695312500 0.952617187500
vt 0.637695312500 0.999023437500
vt 0.684101562500 0.999023437500
vt 0.684101562500 0.955195312500
vt 0.637695312500 0.955195312500
vt 0.637695312500 0.999023437500
vt 0.681523437500 0.999023437500
vt 0.681523437500 0.952617187500
vt 0.637695312500 0.952617187500
vt 0.501953125000 0.999023437500
vt 0.511835937500 0.999023437500
vt 0.511835937500 0.955195312500
vt 0.501953125000 0.955195312500
vt 0.501953125000 0.999023437500
vt 0.545781250000 0.999023437500
vt 0.545781250000 0.989140625000
vt 0.501953125000 0.989140625000
vt 0.501953125000 0.999023437500
vt 0.548359375000 0.999023437500
vt 0.548359375000 0.989140625000
vt 0.501953125000 0.989140625000
vt 0.501953125000 0.999023437500
vt 0.511835937500 0.999023437500
vt 0.511835937500 0.952617187500
vt 0.501953125000 0.952617187500
vt 0.501953125000 0.999023437500
vt 0.548359375000 0.999023437500
vt 0.548359375000 0.955195312500
vt 0.501953125000 0.955195312500
vt 0.501953125000 0.999023437500
vt 0.545781250000 0.999023437500
vt 0.545781250000 0.952617187500
vt 0.501953125000 0.952617187500
vt 0.353515625000 0.999023437500
vt 0.358457031250 0.999023437500
vt 0.358457031250 0.989617796264
vt 0.353515625000 0.989617796264
vt 0.353515625000 0.999023437500
vt 0.362921266236 0.999023437500
vt 0.362921266236 0.994082031250
vt 0.353515625000 0.994082031250
vt 0.353515625000 0.999023437500
vt 0.365332031250 0.999023437500
vt 0.365332031250 0.994082031250
vt 0.353515625000 0.994082031250
vt 0.353515625000 0.999023437500
vt 0.358457031250 0.999023437500
vt 0.358457031250 0.987207031250
vt 0.353515625000 0.987207031250
vt 0.353515625000 0.999023437500
vt 0.365332031250 0.999023437500
vt 0.365332031250 0.989617796264
vt 0.353515625000 0.989617796264
vt 0.353515625000 0.999023437500
vt 0.362921266236 0.999023437500
vt 0.362921266236 0.987207031250
vt 0.353515625000 0.987207031250
vt 0.353515625000 0.999023437500
vt 0.358457031250 0.999023437500
vt 0.358457031250 0.989617796264
vt 0.353515625000 0.989617796264
vt 0.353515625000 0.999023437500
vt 0.362921266236 0.999023437500
vt 0.362921266236 0.994082031250
vt 0.353515625000 0.994082031250
vt 0.353515625000 0.999023437500
vt 0.365332031250 0.999023437500
vt 0.365332031250 0.994082031250
vt 0.353515625000 0.994082031250
vt 0.353515625000 0.999023437500
vt 0.358457031250 0.999023437500
vt 0.358457031250 0.987207031250
vt 0.353515625000 0.987207031250
vt 0.353515625000 0.999023437500
vt 0.365332031250 0.999023437500
vt 0.365332031250 0.989617796264
vt 0.353515625000 0.989617796264
vt 0.353515625000 0.999023437500
vt 0.362921266236 0.999023437500
vt 0.362921266236 0.987207031250
vt 0.353515625000 0.987207031250
vt 0.353515625000 0.999023437500
vt 0.358457031250 0.999023437500
vt 0.358457031250 0.989617796264
vt 0.353515625000 0.989617796264
vt 0.353515625000 0.999023437500
vt 0.362921266236 0.999023437500
vt 0.362921266236 0.994082031250
vt 0.353515625000 0.994082031250
vt 0.353515625000 0.999023437500
vt 0.365332031250 0.999023437500
vt 0.365332031250 0.994082031250
vt 0.353515625000 0.994082031250
vt 0.353515625000 0.999023437500
vt 0.358457031250 0.999023437500
vt 0.358457031250 0.987207031250
vt 0.353515625000 0.987207031250
vt 0.353515625000 0.999023437500
vt 0.365332031250 0.999023437500
vt 0.365332031250 0.989617796264
vt 0.353515625000 0.989617796264
vt 0.353515625000 0.999023437500
vt 0.362921266236 0.999023437500
vt 0.362921266236 0.987207031250
vt 0.353515625000 0.987207031250
vt 0.353515625000 0.999023437500
vt 0.358457031250 0.999023437500
vt 0.358457031250 0.989617796264
vt 0.353515625000 0.989617796264
vt 0.353515625000 0.999023437500
vt 0.362921266236 0.999023437500
vt 0.362921266236 0.994082031250
vt 0.353515625000 0.994082031250
vt 0.353515625000 0.999023437500
vt 0.365332031250 0.999023437500
vt 0.365332031250 0.994082031250
vt 0.353515625000 0.994082031250
vt 0.353515625000 0.999023437500
vt 0.358457031250 0.999023437500
vt 0.358457031250 0.987207031250
vt 0.353515625000 0.987207031250
vt 0.353515625000 0.999023437500
vt 0.365332031250 0.999023437500
vt 0.365332031250 0.989617796264
vt 0.353515625000 0.989617796264
vt 0.353515625000 0.999023437500
vt 0.362921266236 0.999023437500
vt 0.362921266236 0.987207031250
vt 0.353515625000 0.987207031250
vt 0.353515625000 0.999023437500
vt 0.358457031250 0.999023437500
vt 0.358457031250 0.989617796264
vt 0.353515625000 0.989617796264
vt 0.353515625000 0.999023437500
vt 0.362921266236 0.999023437500
vt 0.362921266236 0.994082031250
vt 0.353515625000 0.994082031250
vt 0.353515625000 0.999023437500
vt 0.365332031250 0.999023437500
vt 0.365332031250 0.994082031250
vt 0.353515625000 0.994082031250
vt 0.353515625000 0.999023437500
vt 0.358457031250 0.999023437500
vt 0.358457031250 0.987207031250
vt 0.353515625000 0.987207031250
vt 0.353515625000 0.999023437500
vt 0.365332031250 0.999023437500
vt 0.365332031250 0.989617796264
vt 0.353515625000 0.989617796264
vt 0.353515625000 0.999023437500
vt 0.362921266236 0.999023437500
vt 0.362921266236 0.987207031250
vt 0.353515625000 0.987207031250
vt 0.353515625000 0.999023437500
vt 0.358457031250 0.999023437500
vt 0.358457031250 0.989617796264
vt 0.353515625000 0.989617796264
vt 0.353515625000 0.999023437500
vt 0.362921266236 0.999023437500
vt 0.362921266236 0.994082031250
vt 0.353515625000 0.994082031250
vt 0.353515625000 0.999023437500
vt 0.365332031250 0.999023437500
vt 0.365332031250 0.994082031250
vt 0.353515625000 0.994082031250
vt 0.353515625000 0.999023437500
vt 0.358457031250 0.999023437500
vt 0.358457031250 0.987207031250
vt 0.353515625000 0.987207031250
vt 0.353515625000 0.999023437500
vt 0.365332031250 0.999023437500
vt 0.365332031250 0.989617796264
vt 0.353515625000 0.989617796264
vt 0.353515625000 0.999023437500
vt 0.362921266236 0.999023437500
vt 0.362921266236 0.987207031250
vt 0.353515625000 0.987207031250
vt 0.353515625000 0.999023437500
vt 0.358457031250 0.999023437500
vt 0.358457031250 0.989617796264
vt 0.353515625000 0.989617796264
vt 0.353515625000 0.999023437500
vt 0.362921266236 0.999023437500
vt 0.362921266236 0.994082031250
vt 0.353515625000 0.994082031250
vt 0.353515625000 0.999023437500
vt 0.365332031250 0.999023437500
vt 0.365332031250 0.994082031250
vt 0.353515625000 0.994082031250
vt 0.353515625000 0.999023437500
vt 0.358457031250 0.999023437500
vt 0.358457031250 0.987207031250
vt 0.353515625000 0.987207031250
vt 0.353515625000 0.999023437500
vt 0.365332031250 0.999023437500
vt 0.365332031250 0.989617796264
vt 0.353515625000 0.989617796264
vt 0.353515625000 0.999023437500
vt 0.362921266236 0.999023437500
vt 0.362921266236 0.987207031250
vt 0.353515625000 0.987207031250
vt 0.353515625000 0.999023437500
vt 0.358457031250 0.999023437500
vt 0.358457031250 0.989617796264
vt 0.353515625000 0.989617796264
vt 0.353515625000 0.999023437500
vt 0.362921266236 0.999023437500
vt 0.362921266236 0.994082031250
vt 0.353515625000 0.994082031250
vt 0.353515625000 0.999023437500
vt 0.365332031250 0.999023437500
vt 0.365332031250 0.994082031250
vt 0.353515625000 0.994082031250
vt 0.353515625000 0.999023437500
vt 0.358457031250 0.999023437500
vt 0.358457031250 0.987207031250
vt 0.353515625000 0.987207031250
vt 0.353515625000 0.999023437500
vt 0.365332031250 0.999023437500
vt 0.365332031250 0.989617796264
vt 0.353515625000 0.989617796264
vt 0.353515625000 0.999023437500
vt 0.362921266236 0.999023437500
vt 0.362921266236 0.987207031250
vt 0.353515625000 0.987207031250
vt 0.091796875000 0.999023437500
vt 0.138417968750 0.999023437500
vt 0.138417968750 0.966367187500
vt 0.091796875000 0.966367187500
vt 0.091796875000 0.999023437500
vt 0.124453125000 0.999023437500
vt 0.124453125000 0.952402343750
vt 0.091796875000 0.952402343750
vt 0.091796875000 0.999023437500
vt 0.130253906250 0.999023437500
vt 0.130253906250 0.952402343750
vt 0.091796875000 0.952402343750
vt 0.091796875000 0.999023437500
vt 0.138417968750 0.999023437500
vt 0.138417968750 0.960566406250
vt 0.091796875000 0.960566406250
vt 0.091796875000 0.999023437500
vt 0.130253906250 0.999023437500
vt 0.130253906250 0.966367187500
vt 0.091796875000 0.966367187500
vt 0.091796875000 0.999023437500
vt 0.124453125000 0.999023437500
vt 0.124453125000 0.960566406250
vt 0.091796875000 0.960566406250
vt 0.181640625000 0.999023437500
vt 0.192167968750 0.999023437500
vt 0.192167968750 0.957128906250
vt 0.181640625000 0.957128906250
vt 0.181640625000 0.999023437500
vt 0.223535156250 0.999023437500
vt 0.223535156250 0.988496093750
vt 0.181640625000 0.988496093750
vt 0.181640625000 0.999023437500
vt 0.226757812500 0.999023437500
vt 0.226757812500 0.988496093750
vt 0.181640625000 0.988496093750
vt 0.181640625000 0.999023437500
vt 0.192167968750 0.999023437500
vt 0.192167968750 0.953906250000
vt 0.181640625000 0.953906250000
vt 0.181640625000 0.999023437500
vt 0.226757812500 0.999023437500
vt 0.226757812500 0.957128906250
vt 0.181640625000 0.957128906250
vt 0.181640625000 0.999023437500
vt 0.223535156250 0.999023437500
vt 0.223535156250 0.953906250000
vt 0.181640625000 0.953906250000
vt 0.501953125000 0.999023437500
vt 0.512480468750 0.999023437500
vt 0.512480468750 0.957128906250
vt 0.501953125000 0.957128906250
vt 0.501953125000 0.999023437500
vt 0.543847656250 0.999023437500
vt 0.543847656250 0.988496093750
vt 0.501953125000 0.988496093750
vt 0.501953125000 0.999023437500
vt 0.547070312500 0.999023437500
vt 0.547070312500 0.988496093750
vt 0.501953125000 0.988496093750
vt 0.501953125000 0.999023437500
vt 0.512480468750 0.999023437500
vt 0.512480468750 0.953906250000
vt 0.501953125000 0.953906250000
vt 0.501953125000 0.999023437500
vt 0.547070312500 0.999023437500
vt 0.547070312500 0.957128906250
vt 0.501953125000 0.957128906250
vt 0.501953125000 0.999023437500
vt 0.543847656250 0.999023437500
vt 0.543847656250 0.953906250000
vt 0.501953125000 0.953906250000
vt 0.181640625000 0.999023437500
vt 0.192167968750 0.999023437500
vt 0.192167968750 0.957128906250
vt 0.181640625000 0.957128906250
vt 0.181640625000 0.999023437500
vt 0.223535156250 0.999023437500
vt 0.223535156250 0.988496093750
vt 0.181640625000 0.988496093750
vt 0.181640625000 0.999023437500
vt 0.226757812500 0.999023437500
vt 0.226757812500 0.988496093750
vt 0.181640625000 0.988496093750
vt 0.181640625000 0.999023437500
vt 0.192167968750 0.999023437500
vt 0.192167968750 0.953906250000
vt 0.181640625000 0.953906250000
vt 0.181640625000 0.999023437500
vt 0.226757812500 0.999023437500
vt 0.226757812500 0.957128906250
vt 0.181640625000 0.957128906250
vt 0.181640625000 0.999023437500
vt 0.223535156250 0.999023437500
vt 0.223535156250 0.953906250000
vt 0.181640625000 0.953906250000
vt 0.501953125000 0.999023437500
vt 0.520000000000 0.999023437500
vt 0.520000000000 0.946601562500
vt 0.501953125000 0.946601562500
vt 0.501953125000 0.999023437500
vt 0.554375000000 0.999023437500
vt 0.554375000000 0.980976562500
vt 0.501953125000 0.980976562500
vt 0.501953125000 0.999023437500
vt 0.564257812500 0.999023437500
vt 0.564257812500 0.980976562500
vt 0.501953125000 0.980976562500
vt 0.501953125000 0.999023437500
vt 0.520000000000 0.999023437500
vt 0.520000000000 0.936718750000
vt 0.501953125000 0.936718750000
vt 0.501953125000 0.999023437500
vt 0.564257812500 0.999023437500
vt 0.564257812500 0.946601562500
vt 0.501953125000 0.946601562500
vt 0.501953125000 0.999023437500
vt 0.554375000000 0.999023437500
vt 0.554375000000 0.936718750000
vt 0.501953125000 0.936718750000
vt 0.181640625000 0.999023437500
vt 0.196894531250 0.999023437500
vt 0.196894531250 0.975175781250
vt 0.181640625000 0.975175781250
vt 0.181640625000 0.999023437500
vt 0.205488281250 0.999023437500
vt 0.205488281250 0.983769531250
vt 0.181640625000 0.983769531250
vt 0.181640625000 0.999023437500
vt 0.194101562500 0.999023437500
vt 0.194101562500 0.983769531250
vt 0.181640625000 0.983769531250
vt 0.181640625000 0.999023437500
vt 0.196894531250 0.999023437500
vt 0.196894531250 0.986562500000
vt 0.181640625000 0.986562500000
vt 0.181640625000 0.999023437500
vt 0.194101562500 0.999023437500
vt 0.194101562500 0.975175781250
vt 0.181640625000 0.975175781250
vt 0.181640625000 0.999023437500
vt 0.205488281250 0.999023437500
vt 0.205488281250 0.986562500000
vt 0.181640625000 0.986562500000
vt 0.181640625000 0.999023437500
vt 0.196894531250 0.999023437500
vt 0.196894531250 0.975175781250
vt 0.181640625000 0.975175781250
vt 0.181640625000 0.999023437500
vt 0.205488281250 0.999023437500
vt 0.205488281250 0.983769531250
vt 0.181640625000 0.983769531250
vt 0.181640625000 0.999023437500
vt 0.194101562500 0.999023437500
vt 0.194101562500 0.983769531250
vt 0.181640625000 0.983769531250
vt 0.181640625000 0.999023437500
vt 0.196894531250 0.999023437500
vt 0.196894531250 0.986562500000
vt 0.181640625000 0.986562500000
vt 0.181640625000 0.999023437500
vt 0.194101562500 0.999023437500
vt 0.194101562500 0.975175781250
vt 0.181640625000 0.975175781250
vt 0.181640625000 0.999023437500
vt 0.205488281250 0.999023437500
vt 0.205488281250 0.986562500000
vt 0.181640625000 0.986562500000
vt 0.637695312500 0.999023437500
vt 0.658750000000 0.999023437500
vt 0.658750000000 0.956914062500
vt 0.637695312500 0.956914062500
vt 0.637695312500 0.999023437500
vt 0.679804687500 0.999023437500
vt 0.679804687500 0.977968750000
vt 0.637695312500 0.977968750000
vt 0.637695312500 0.999023437500
vt 0.651875000000 0.999023437500
vt 0.651875000000 0.977968750000
vt 0.637695312500 0.977968750000
vt 0.637695312500 0.999023437500
vt 0.658750000000 0.999023437500
vt 0.658750000000 0.984843750000
vt 0.637695312500 0.984843750000
vt 0.637695312500 0.999023437500
vt 0.651875000000 0.999023437500
vt 0.651875000000 0.956914062500
vt 0.637695312500 0.956914062500
vt 0.637695312500 0.999023437500
vt 0.679804687500 0.999023437500
vt 0.679804687500 0.984843750000
vt 0.637695312500 0.984843750000
usemtl atlas
s off
g root
g body
f 1/1 4/2 3/3
f 1/1 3/3 2/4
f 5/5 6/6 7/7
f 5/5 7/7 8/8
f 1/9 5/10 8/11
f 1/9 8/11 4/12
f 2/13 3/14 7/15
f 2/13 7/15 6/16
f 4/17 8/18 7/19
f 4/17 7/19 3/20
f 1/21 2/22 6/23
f 1/21 6/23 5/24
f 9/25 12/26 11/27
f 9/25 11/27 10/28
f 13/29 14/30 15/31
f 13/29 15/31 16/32
f 9/33 13/34 16/35
f 9/33 16/35 12/36
f 10/37 11/38 15/39
f 10/37 15/39 14/40
f 12/41 16/42 15/43
f 12/41 15/43 11/44
f 9/45 10/46 14/47
f 9/45 14/47 13/48
f 17/49 20/50 19/51
f 17/49 19/51 18/52
f 21/53 22/54 23/55
f 21/53 23/55 24/56
f 17/57 21/58 24/59
f 17/57 24/59 20/60
f 18/61 19/62 23/63
f 18/61 23/63 22/64
f 20/65 24/66 23/67
f 20/65 23/67 19/68
f 17/69 18/70 22/71
f 17/69 22/71 21/72
g torso
f 25/73 26/74 27/75
f 25/73 27/75 28/76
f 25/73 28/76 29/77
f 25/73 29/77 30/78
f 25/73 30/78 31/79
f 25/73 31/79 32/80
f 40/81 39/82 38/83
f 40/81 38/83 37/84
f 40/81 37/84 36/85
f 40/81 36/85 35/86
f 40/81 35/86 34/87
f 40/81 34/87 33/88
f 25/89 33/90 34/91
f 25/89 34/91 26/92
f 26/93 34/94 35/95
f 26/93 35/95 27/96
f 27/97 35/98 36/99
f 27/97 36/99 28/100
f 28/101 36/102 37/103
f 28/101 37/103 29/104
f 29/105 37/106 38/107
f 29/105 38/107 30/108
f 30/109 38/110 39/111
f 30/109 39/111 31/112
f 31/113 39/114 40/115
f 31/113 40/115 32/116
f 32/117 40/118 33/119
f 32/117 33/119 25/120
f 41/121 44/122 43/123
f 41/121 43/123 42/124
f 45/125 46/126 47/127
f 45/125 47/127 48/128
f 41/129 45/130 48/131
f 41/129 48/131 44/132
f 42/133 43/134 47/135
f 42/133 47/135 46/136
f 44/137 48/138 47/139
f 44/137 47/139 43/140
f 41/141 42/142 46/143
f 41/141 46/143 45/144
f 49/145 52/146 51/147
f 49/145 51/147 50/148
f 53/149 54/150 55/151
f 53/149 55/151 56/152
f 49/153 53/154 56/155
f 49/153 56/155 52/156
f 50/157 51/158 55/159
f 50/157 55/159 54/160
f 52/161 56/162 55/163
f 52/161 55/163 51/164
f 49/165 50/166 54/167
f 49/165 54/167 53/168
f 57/169 60/170 59/171
f 57/169 59/171 58/172
f 61/173 62/174 63/175
f 61/173 63/175 64/176
f 57/177 61/178 64/179
f 57/177 64/179 60/180
f 58/181 59/182 63/183
f 58/181 63/183 62/184
f 60/185 64/186 63/187
f 60/185 63/187 59/188
f 57/189 58/190 62/191
f 57/189 62/191 61/192
f 65/193 68/194 67/195
f 65/193 67/195 66/196
f 69/197 70/198 71/199
f 69/197 71/199 72/200
f 65/201 69/202 72/203
f 65/201 72/203 68/204
f 66/205 67/206 71/207
f 66/205 71/207 70/208
f 68/209 72/210 71/211
f 68/209 71/211 67/212
f 65/213 66/214 70/215
f 65/213 70/215 69/216
f 73/217 76/218 75/219
f 73/217 75/219 74/220
f 77/221 78/222 79/223
f 77/221 79/223 80/224
f 73/225 77/226 80/227
f 73/225 80/227 76/228
f 74/229 75/230 79/231
f 74/229 79/231 78/232
f 76/233 80/234 79/235
f 76/233 79/235 75/236
f 73/237 74/238 78/239
f 73/237 78/239 77/240
f 81/241 84/242 83/243
f 81/241 83/243 82/244
f 85/245 86/246 87/247
f 85/245 87/247 88/248
f 81/249 85/250 88/251
f 81/249 88/251 84/252
f 82/253 83/254 87/255
f 82/253 87/255 86/256
f 84/257 88/258 87/259
f 84/257 87/259 83/260
f 81/261 82/262 86/263
f 81/261 86/263 85/264
f 89/265 92/266 91/267
f 89/265 91/267 90/268
f 93/269 94/270 95/271
f 93/269 95/271 96/272
f 89/273 93/274 96/275
f 89/273 96/275 92/276
f 90/277 91/278 95/279
f 90/277 95/279 94/280
f 92/281 96/282 95/283
f 92/281 95/283 91/284
f 89/285 90/286 94/287
f 89/285 94/287 93/288
f 97/289 100/290 99/291
f 97/289 99/291 98/292
f 101/293 102/294 103/295
f 101/293 103/295 104/296
f 97/297 101/298 104/299
f 97/297 104/299 100/300
f 98/301 99/302 103/303
f 98/301 103/303 102/304
f 100/305 104/306 103/307
f 100/305 103/307 99/308
f 97/309 98/310 102/311
f 97/309 102/311 101/312
f 105/313 108/314 107/315
f 105/313 107/315 106/316
f 109/317 110/318 111/319
f 109/317 111/319 112/320
f 105/321 109/322 112/323
f 105/321 112/323 108/324
f 106/325 107/326 111/327
f 106/325 111/327 110/328
f 108/329 112/330 111/331
f 108/329 111/331 107/332
f 105/333 106/334 110/335
f 105/333 110/335 109/336
f 113/337 116/338 115/339
f 113/337 115/339 114/340
f 117/341 118/342 119/343
f 117/341 119/343 120/344
f 113/345 117/346 120/347
f 113/345 120/347 116/348
f 114/349 115/350 119/351
f 114/349 119/351 118/352
f 116/353 120/354 119/355
f 116/353 119/355 115/356
f 113/357 114/358 118/359
f 113/357 118/359 117/360
f 121/361 124/362 123/363
f 121/361 123/363 122/364
f 125/365 126/366 127/367
f 125/365 127/367 128/368
f 121/369 125/370 128/371
f 121/369 128/371 124/372
f 122/373 123/374 127/375
f 122/373 127/375 126/376
f 124/377 128/378 127/379
f 124/377 127/379 123/380
f 121/381 122/382 126/383
f 121/381 126/383 125/384
f 129/385 132/386 131/387
f 129/385 131/387 130/388
f 133/389 134/390 135/391
f 133/389 135/391 136/392
f 129/393 133/394 136/395
f 129/393 136/395 132/396
f 130/397 131/398 135/399
f 130/397 135/399 134/400
f 132/401 136/402 135/403
f 132/401 135/403 131/404
f 129/405 130/406 134/407
f 129/405 134/407 133/408
f 137/409 140/410 139/411
f 137/409 139/411 138/412
f 141/413 142/414 143/415
f 141/413 143/415 144/416
f 137/417 141/418 144/419
f 137/417 144/419 140/420
f 138/421 139/422 143/423
f 138/421 143/423 142/424
f 140/425 144/426 143/427
f 140/425 143/427 139/428
f 137/429 138/430 142/431
f 137/429 142/431 141/432
f 145/433 148/434 147/435
f 145/433 147/435 146/436
f 149/437 150/438 151/439
f 149/437 151/439 152/440
f 145/441 149/442 152/443
f 145/441 152/443 148/444
f 146/445 147/446 151/447
f 146/445 151/447 150/448
f 148/449 152/450 151/451
f 148/449 151/451 147/452
f 145/453 146/454 150/455
f 145/453 150/455 149/456
f 153/457 156/458 155/459
f 153/457 155/459 154/460
f 157/461 158/462 159/463
f 157/461 159/463 160/464
f 153/465 157/466 160/467
f 153/465 160/467 156/468
f 154/469 155/470 159/471
f 154/469 159/471 158/472
f 156/473 160/474 159/475
f 156/473 159/475 155/476
f 153/477 154/478 158/479
f 153/477 158/479 157/480
f 161/481 164/482 163/483
f 161/481 163/483 162/484
f 165/485 166/486 167/487
f 165/485 167/487 168/488
f 161/489 165/490 168/491
f 161/489 168/491 164/492
f 162/493 163/494 167/495
f 162/493 167/495 166/496
f 164/497 168/498 167/499
f 164/497 167/499 163/500
f 161/501 162/502 166/503
f 161/501 166/503 165/504
f 169/505 172/506 171/507
f 169/505 171/507 170/508
f 173/509 174/510 175/511
f 173/509 175/511 176/512
f 169/513 173/514 176/515
f 169/513 176/515 172/516
f 170/517 171/518 175/519
f 170/517 175/519 174/520
f 172/521 176/522 175/523
f 172/521 175/523 171/524
f 169/525 170/526 174/527
f 169/525 174/527 173/528
f 177/529 180/530 179/531
f 177/529 179/531 178/532
f 181/533 182/534 183/535
f 181/533 183/535 184/536
f 177/537 181/538 184/539
f 177/537 184/539 180/540
f 178/541 179/542 183/543
f 178/541 183/543 182/544
f 180/545 184/546 183/547
f 180/545 183/547 179/548
f 177/549 178/550 182/551
f 177/549 182/551 181/552
f 257/769 260/770 259/771
f 257/769 259/771 258/772
f 261/773 262/774 263/775
f 261/773 263/775 264/776
f 257/777 261/778 264/779
f 257/777 264/779 260/780
f 258/781 259/782 263/783
f 258/781 263/783 262/784
f 260/785 264/786 263/787
f 260/785 263/787 259/788
f 257/789 258/790 262/791
f 257/789 262/791 261/792
f 265/793 268/794 267/795
f 265/793 267/795 266/796
f 269/797 270/798 271/799
f 269/797 271/799 272/800
f 265/801 269/802 272/803
f 265/801 272/803 268/804
f 266/805 267/806 271/807
f 266/805 271/807 270/808
f 268/809 272/810 271/811
f 268/809 271/811 267/812
f 265/813 266/814 270/815
f 265/813 270/815 269/816
f 273/817 276/818 275/819
f 273/817 275/819 274/820
f 277/821 278/822 279/823
f 277/821 279/823 280/824
f 273/825 277/826 280/827
f 273/825 280/827 276/828
f 274/829 275/830 279/831
f 274/829 279/831 278/832
f 276/833 280/834 279/835
f 276/833 279/835 275/836
f 273/837 274/838 278/839
f 273/837 278/839 277/840
f 281/841 284/842 283/843
f 281/841 283/843 282/844
f 285/845 286/846 287/847
f 285/845 287/847 288/848
f 281/849 285/850 288/851
f 281/849 288/851 284/852
f 282/853 283/854 287/855
f 282/853 287/855 286/856
f 284/857 288/858 287/859
f 284/857 287/859 283/860
f 281/861 282/862 286/863
f 281/861 286/863 285/864
f 289/865 292/866 291/867
f 289/865 291/867 290/868
f 293/869 294/870 295/871
f 293/869 295/871 296/872
f 289/873 293/874 296/875
f 289/873 296/875 292/876
f 290/877 291/878 295/879
f 290/877 295/879 294/880
f 292/881 296/882 295/883
f 292/881 295/883 291/884
f 289/885 290/886 294/887
f 289/885 294/887 293/888
f 297/889 300/890 299/891
f 297/889 299/891 298/892
f 301/893 302/894 303/895
f 301/893 303/895 304/896
f 297/897 301/898 304/899
f 297/897 304/899 300/900
f 298/901 299/902 303/903
f 298/901 303/903 302/904
f 300/905 304/906 303/907
f 300/905 303/907 299/908
f 297/909 298/910 302/911
f 297/909 302/911 301/912
f 305/913 308/914 307/915
f 305/913 307/915 306/916
f 309/917 310/918 311/919
f 309/917 311/919 312/920
f 305/921 309/922 312/923
f 305/921 312/923 308/924
f 306/925 307/926 311/927
f 306/925 311/927 310/928
f 308/929 312/930 311/931
f 308/929 311/931 307/932
f 305/933 306/934 310/935
f 305/933 310/935 309/936
f 313/937 316/938 315/939
f 313/937 315/939 314/940
f 317/941 318/942 319/943
f 317/941 319/943 320/944
f 313/945 317/946 320/947
f 313/945 320/947 316/948
f 314/949 315/950 319/951
f 314/949 319/951 318/952
f 316/953 320/954 319/955
f 316/953 319/955 315/956
f 313/957 314/958 318/959
f 313/957 318/959 317/960
f 321/961 324/962 323/963
f 321/961 323/963 322/964
f 325/965 326/966 327/967
f 325/965 327/967 328/968
f 321/969 325/970 328/971
f 321/969 328/971 324/972
f 322/973 323/974 327/975
f 322/973 327/975 326/976
f 324/977 328/978 327/979
f 324/977 327/979 323/980
f 321/981 322/982 326/983
f 321/981 326/983 325/984
f 329/985 332/986 331/987
f 329/985 331/987 330/988
f 333/989 334/990 335/991
f 333/989 335/991 336/992
f 329/993 333/994 336/995
f 329/993 336/995 332/996
f 330/997 331/998 335/999
f 330/997 335/999 334/1000
f 332/1001 336/1002 335/1003
f 332/1001 335/1003 331/1004
f 329/1005 330/1006 334/1007
f 329/1005 334/1007 333/1008
f 337/1009 340/1010 339/1011
f 337/1009 339/1011 338/1012
f 341/1013 342/1014 343/1015
f 341/1013 343/1015 344/1016
f 337/1017 341/1018 344/1019
f 337/1017 344/1019 340/1020
f 338/1021 339/1022 343/1023
f 338/1021 343/1023 342/1024
f 340/1025 344/1026 343/1027
f 340/1025 343/1027 339/1028
f 337/1029 338/1030 342/1031
f 337/1029 342/1031 341/1032
f 345/1033 348/1034 347/1035
f 345/1033 347/1035 346/1036
f 349/1037 350/1038 351/1039
f 349/1037 351/1039 352/1040
f 345/1041 349/1042 352/1043
f 345/1041 352/1043 348/1044
f 346/1045 347/1046 351/1047
f 346/1045 351/1047 350/1048
f 348/1049 352/1050 351/1051
f 348/1049 351/1051 347/1052
f 345/1053 346/1054 350/1055
f 345/1053 350/1055 349/1056
f 425/1273 428/1274 427/1275
f 425/1273 427/1275 426/1276
f 429/1277 430/1278 431/1279
f 429/1277 431/1279 432/1280
f 425/1281 429/1282 432/1283
f 425/1281 432/1283 428/1284
f 426/1285 427/1286 431/1287
f 426/1285 431/1287 430/1288
f 428/1289 432/1290 431/1291
f 428/1289 431/1291 427/1292
f 425/1293 426/1294 430/1295
f 425/1293 430/1295 429/1296
f 433/1297 436/1298 435/1299
f 433/1297 435/1299 434/1300
f 437/1301 438/1302 439/1303
f 437/1301 439/1303 440/1304
f 433/1305 437/1306 440/1307
f 433/1305 440/1307 436/1308
f 434/1309 435/1310 439/1311
f 434/1309 439/1311 438/1312
f 436/1313 440/1314 439/1315
f 436/1313 439/1315 435/1316
f 433/1317 434/1318 438/1319
f 433/1317 438/1319 437/1320
f 441/1321 444/1322 443/1323
f 441/1321 443/1323 442/1324
f 445/1325 446/1326 447/1327
f 445/1325 447/1327 448/1328
f 441/1329 445/1330 448/1331
f 441/1329 448/1331 444/1332
f 442/1333 443/1334 447/1335
f 442/1333 447/1335 446/1336
f 444/1337 448/1338 447/1339
f 444/1337 447/1339 443/1340
f 441/1341 442/1342 446/1343
f 441/1341 446/1343 445/1344
f 449/1345 452/1346 451/1347
f 449/1345 451/1347 450/1348
f 453/1349 454/1350 455/1351
f 453/1349 455/1351 456/1352
f 449/1353 453/1354 456/1355
f 449/1353 456/1355 452/1356
f 450/1357 451/1358 455/1359
f 450/1357 455/1359 454/1360
f 452/1361 456/1362 455/1363
f 452/1361 455/1363 451/1364
f 449/1365 450/1366 454/1367
f 449/1365 454/1367 453/1368
f 457/1369 460/1370 459/1371
f 457/1369 459/1371 458/1372
f 461/1373 462/1374 463/1375
f 461/1373 463/1375 464/1376
f 457/1377 461/1378 464/1379
f 457/1377 464/1379 460/1380
f 458/1381 459/1382 463/1383
f 458/1381 463/1383 462/1384
f 460/1385 464/1386 463/1387
f 460/1385 463/1387 459/1388
f 457/1389 458/1390 462/1391
f 457/1389 462/1391 461/1392
f 465/1393 468/1394 467/1395
f 465/1393 467/1395 466/1396
f 469/1397 470/1398 471/1399
f 469/1397 471/1399 472/1400
f 465/1401 469/1402 472/1403
f 465/1401 472/1403 468/1404
f 466/1405 467/1406 471/1407
f 466/1405 471/1407 470/1408
f 468/1409 472/1410 471/1411
f 468/1409 471/1411 467/1412
f 465/1413 466/1414 470/1415
f 465/1413 470/1415 469/1416
f 473/1417 476/1418 475/1419
f 473/1417 475/1419 474/1420
f 477/1421 478/1422 479/1423
f 477/1421 479/1423 480/1424
f 473/1425 477/1426 480/1427
f 473/1425 480/1427 476/1428
f 474/1429 475/1430 479/1431
f 474/1429 479/1431 478/1432
f 476/1433 480/1434 479/1435
f 476/1433 479/1435 475/1436
f 473/1437 474/1438 478/1439
f 473/1437 478/1439 477/1440
f 481/1441 484/1442 483/1443
f 481/1441 483/1443 482/1444
f 485/1445 486/1446 487/1447
f 485/1445 487/1447 488/1448
f 481/1449 485/1450 488/1451
f 481/1449 488/1451 484/1452
f 482/1453 483/1454 487/1455
f 482/1453 487/1455 486/1456
f 484/1457 488/1458 487/1459
f 484/1457 487/1459 483/1460
f 481/1461 482/1462 486/1463
f 481/1461 486/1463 485/1464
f 489/1465 492/1466 491/1467
f 489/1465 491/1467 490/1468
f 493/1469 494/1470 495/1471
f 493/1469 495/1471 496/1472
f 489/1473 493/1474 496/1475
f 489/1473 496/1475 492/1476
f 490/1477 491/1478 495/1479
f 490/1477 495/1479 494/1480
f 492/1481 496/1482 495/1483
f 492/1481 495/1483 491/1484
f 489/1485 490/1486 494/1487
f 489/1485 494/1487 493/1488
f 497/1489 500/1490 499/1491
f 497/1489 499/1491 498/1492
f 501/1493 502/1494 503/1495
f 501/1493 503/1495 504/1496
f 497/1497 501/1498 504/1499
f 497/1497 504/1499 500/1500
f 498/1501 499/1502 503/1503
f 498/1501 503/1503 502/1504
f 500/1505 504/1506 503/1507
f 500/1505 503/1507 499/1508
f 497/1509 498/1510 502/1511
f 497/1509 502/1511 501/1512
f 505/1513 508/1514 507/1515
f 505/1513 507/1515 506/1516
f 509/1517 510/1518 511/1519
f 509/1517 511/1519 512/1520
f 505/1521 509/1522 512/1523
f 505/1521 512/1523 508/1524
f 506/1525 507/1526 511/1527
f 506/1525 511/1527 510/1528
f 508/1529 512/1530 511/1531
f 508/1529 511/1531 507/1532
f 505/1533 506/1534 510/1535
f 505/1533 510/1535 509/1536
f 513/1537 516/1538 515/1539
f 513/1537 515/1539 514/1540
f 517/1541 518/1542 519/1543
f 517/1541 519/1543 520/1544
f 513/1545 517/1546 520/1547
f 513/1545 520/1547 516/1548
f 514/1549 515/1550 519/1551
f 514/1549 519/1551 518/1552
f 516/1553 520/1554 519/1555
f 516/1553 519/1555 515/1556
f 513/1557 514/1558 518/1559
f 513/1557 518/1559 517/1560
f 521/1561 524/1562 523/1563
f 521/1561 523/1563 522/1564
f 525/1565 526/1566 527/1567
f 525/1565 527/1567 528/1568
f 521/1569 525/1570 528/1571
f 521/1569 528/1571 524/1572
f 522/1573 523/1574 527/1575
f 522/1573 527/1575 526/1576
f 524/1577 528/1578 527/1579
f 524/1577 527/1579 523/1580
f 521/1581 522/1582 526/1583
f 521/1581 526/1583 525/1584
f 529/1585 532/1586 531/1587
f 529/1585 531/1587 530/1588
f 533/1589 534/1590 535/1591
f 533/1589 535/1591 536/1592
f 529/1593 533/1594 536/1595
f 529/1593 536/1595 532/1596
f 530/1597 531/1598 535/1599
f 530/1597 535/1599 534/1600
f 532/1601 536/1602 535/1603
f 532/1601 535/1603 531/1604
f 529/1605 530/1606 534/1607
f 529/1605 534/1607 533/1608
f 649/1945 652/1946 651/1947
f 649/1945 651/1947 650/1948
f 653/1949 654/1950 655/1951
f 653/1949 655/1951 656/1952
f 649/1953 653/1954 656/1955
f 649/1953 656/1955 652/1956
f 650/1957 651/1958 655/1959
f 650/1957 655/1959 654/1960
f 652/1961 656/1962 655/1963
f 652/1961 655/1963 651/1964
f 649/1965 650/1966 654/1967
f 649/1965 654/1967 653/1968
g head
f 657/1969 658/1970 659/1971
f 662/1972 661/1973 660/1974
f 657/1975 660/1976 661/1977
f 657/1975 661/1977 658/1978
f 658/1979 661/1980 662/1981
f 658/1979 662/1981 659/1982
f 659/1983 662/1984 660/1985
f 659/1983 660/1985 657/1986
f 663/1987 664/1988 665/1989
f 668/1990 667/1991 666/1992
f 663/1993 666/1994 667/1995
f 663/1993 667/1995 664/1996
f 664/1997 667/1998 668/1999
f 664/1997 668/1999 665/2000
f 665/2001 668/2002 666/2003
f 665/2001 666/2003 663/2004
f 669/2005 670/2006 671/2007
f 674/2008 673/2009 672/2010
f 669/2011 672/2012 673/2013
f 669/2011 673/2013 670/2014
f 670/2015 673/2016 674/2017
f 670/2015 674/2017 671/2018
f 671/2019 674/2020 672/2021
f 671/2019 672/2021 669/2022
f 675/2023 678/2024 677/2025
f 675/2023 677/2025 676/2026
f 679/2027 680/2028 681/2029
f 679/2027 681/2029 682/2030
f 675/2031 679/2032 682/2033
f 675/2031 682/2033 678/2034
f 676/2035 677/2036 681/2037
f 676/2035 681/2037 680/2038
f 678/2039 682/2040 681/2041
f 678/2039 681/2041 677/2042
f 675/2043 676/2044 680/2045
f 675/2043 680/2045 679/2046
g core
f 537/1609 540/1610 539/1611
f 537/1609 539/1611 538/1612
f 541/1613 542/1614 543/1615
f 541/1613 543/1615 544/1616
f 537/1617 541/1618 544/1619
f 537/1617 544/1619 540/1620
f 538/1621 539/1622 543/1623
f 538/1621 543/1623 542/1624
f 540/1625 544/1626 543/1627
f 540/1625 543/1627 539/1628
f 537/1629 538/1630 542/1631
f 537/1629 542/1631 541/1632
f 545/1633 548/1634 547/1635
f 545/1633 547/1635 546/1636
f 549/1637 550/1638 551/1639
f 549/1637 551/1639 552/1640
f 545/1641 549/1642 552/1643
f 545/1641 552/1643 548/1644
f 546/1645 547/1646 551/1647
f 546/1645 551/1647 550/1648
f 548/1649 552/1650 551/1651
f 548/1649 551/1651 547/1652
f 545/1653 546/1654 550/1655
f 545/1653 550/1655 549/1656
f 553/1657 556/1658 555/1659
f 553/1657 555/1659 554/1660
f 557/1661 558/1662 559/1663
f 557/1661 559/1663 560/1664
f 553/1665 557/1666 560/1667
f 553/1665 560/1667 556/1668
f 554/1669 555/1670 559/1671
f 554/1669 559/1671 558/1672
f 556/1673 560/1674 559/1675
f 556/1673 559/1675 555/1676
f 553/1677 554/1678 558/1679
f 553/1677 558/1679 557/1680
f 561/1681 564/1682 563/1683
f 561/1681 563/1683 562/1684
f 565/1685 566/1686 567/1687
f 565/1685 567/1687 568/1688
f 561/1689 565/1690 568/1691
f 561/1689 568/1691 564/1692
f 562/1693 563/1694 567/1695
f 562/1693 567/1695 566/1696
f 564/1697 568/1698 567/1699
f 564/1697 567/1699 563/1700
f 561/1701 562/1702 566/1703
f 561/1701 566/1703 565/1704
f 569/1705 572/1706 571/1707
f 569/1705 571/1707 570/1708
f 573/1709 574/1710 575/1711
f 573/1709 575/1711 576/1712
f 569/1713 573/1714 576/1715
f 569/1713 576/1715 572/1716
f 570/1717 571/1718 575/1719
f 570/1717 575/1719 574/1720
f 572/1721 576/1722 575/1723
f 572/1721 575/1723 571/1724
f 569/1725 570/1726 574/1727
f 569/1725 574/1727 573/1728
f 577/1729 580/1730 579/1731
f 577/1729 579/1731 578/1732
f 581/1733 582/1734 583/1735
f 581/1733 583/1735 584/1736
f 577/1737 581/1738 584/1739
f 577/1737 584/1739 580/1740
f 578/1741 579/1742 583/1743
f 578/1741 583/1743 582/1744
f 580/1745 584/1746 583/1747
f 580/1745 583/1747 579/1748
f 577/1749 578/1750 582/1751
f 577/1749 582/1751 581/1752
f 585/1753 588/1754 587/1755
f 585/1753 587/1755 586/1756
f 589/1757 590/1758 591/1759
f 589/1757 591/1759 592/1760
f 585/1761 589/1762 592/1763
f 585/1761 592/1763 588/1764
f 586/1765 587/1766 591/1767
f 586/1765 591/1767 590/1768
f 588/1769 592/1770 591/1771
f 588/1769 591/1771 587/1772
f 585/1773 586/1774 590/1775
f 585/1773 590/1775 589/1776
f 593/1777 596/1778 595/1779
f 593/1777 595/1779 594/1780
f 597/1781 598/1782 599/1783
f 597/1781 599/1783 600/1784
f 593/1785 597/1786 600/1787
f 593/1785 600/1787 596/1788
f 594/1789 595/1790 599/1791
f 594/1789 599/1791 598/1792
f 596/1793 600/1794 599/1795
f 596/1793 599/1795 595/1796
f 593/1797 594/1798 598/1799
f 593/1797 598/1799 597/1800
f 601/1801 604/1802 603/1803
f 601/1801 603/1803 602/1804
f 605/1805 606/1806 607/1807
f 605/1805 607/1807 608/1808
f 601/1809 605/1810 608/1811
f 601/1809 608/1811 604/1812
f 602/1813 603/1814 607/1815
f 602/1813 607/1815 606/1816
f 604/1817 608/1818 607/1819
f 604/1817 607/1819 603/1820
f 601/1821 602/1822 606/1823
f 601/1821 606/1823 605/1824
f 609/1825 610/1826 611/1827
f 609/1825 611/1827 612/1828
f 609/1825 612/1828 613/1829
f 609/1825 613/1829 614/1830
f 609/1825 614/1830 615/1831
f 609/1825 615/1831 616/1832
f 624/1833 623/1834 622/1835
f 624/1833 622/1835 621/1836
f 624/1833 621/1836 620/1837
f 624/1833 620/1837 619/1838
f 624/1833 619/1838 618/1839
f 624/1833 618/1839 617/1840
f 609/1841 617/1842 618/1843
f 609/1841 618/1843 610/1844
f 610/1845 618/1846 619/1847
f 610/1845 619/1847 611/1848
f 611/1849 619/1850 620/1851
f 611/1849 620/1851 612/1852
f 612/1853 620/1854 621/1855
f 612/1853 621/1855 613/1856
f 613/1857 621/1858 622/1859
f 613/1857 622/1859 614/1860
f 614/1861 622/1862 623/1863
f 614/1861 623/1863 615/1864
f 615/1865 623/1866 624/1867
f 615/1865 624/1867 616/1868
f 616/1869 624/1870 617/1871
f 616/1869 617/1871 609/1872
f 629/1877 630/1878 631/1879
f 629/1877 631/1879 632/1880
f 625/1881 629/1882 632/1883
f 625/1881 632/1883 628/1884
f 626/1885 627/1886 631/1887
f 626/1885 631/1887 630/1888
f 628/1889 632/1890 631/1891
f 628/1889 631/1891 627/1892
f 625/1893 626/1894 630/1895
f 625/1893 630/1895 629/1896
f 637/1901 638/1902 639/1903
f 637/1901 639/1903 640/1904
f 633/1905 637/1906 640/1907
f 633/1905 640/1907 636/1908
f 634/1909 635/1910 639/1911
f 634/1909 639/1911 638/1912
f 636/1913 640/1914 639/1915
f 636/1913 639/1915 635/1916
f 633/1917 634/1918 638/1919
f 633/1917 638/1919 637/1920
f 645/1925 646/1926 647/1927
f 645/1925 647/1927 648/1928
f 641/1929 645/1930 648/1931
f 641/1929 648/1931 644/1932
f 642/1933 643/1934 647/1935
f 642/1933 647/1935 646/1936
f 644/1937 648/1938 647/1939
f 644/1937 647/1939 643/1940
f 641/1941 642/1942 646/1943
f 641/1941 646/1943 645/1944
g plate_r_0
f 185/553 188/554 187/555
f 185/553 187/555 186/556
f 189/557 190/558 191/559
f 189/557 191/559 192/560
f 185/561 189/562 192/563
f 185/561 192/563 188/564
f 186/565 187/566 191/567
f 186/565 191/567 190/568
f 188/569 192/570 191/571
f 188/569 191/571 187/572
f 185/573 186/574 190/575
f 185/573 190/575 189/576
f 193/577 196/578 195/579
f 193/577 195/579 194/580
f 197/581 198/582 199/583
f 197/581 199/583 200/584
f 193/585 197/586 200/587
f 193/585 200/587 196/588
f 194/589 195/590 199/591
f 194/589 199/591 198/592
f 196/593 200/594 199/595
f 196/593 199/595 195/596
f 193/597 194/598 198/599
f 193/597 198/599 197/600
f 201/601 204/602 203/603
f 201/601 203/603 202/604
f 205/605 206/606 207/607
f 205/605 207/607 208/608
f 201/609 205/610 208/611
f 201/609 208/611 204/612
f 202/613 203/614 207/615
f 202/613 207/615 206/616
f 204/617 208/618 207/619
f 204/617 207/619 203/620
f 201/621 202/622 206/623
f 201/621 206/623 205/624
g plate_r_1
f 209/625 212/626 211/627
f 209/625 211/627 210/628
f 213/629 214/630 215/631
f 213/629 215/631 216/632
f 209/633 213/634 216/635
f 209/633 216/635 212/636
f 210/637 211/638 215/639
f 210/637 215/639 214/640
f 212/641 216/642 215/643
f 212/641 215/643 211/644
f 209/645 210/646 214/647
f 209/645 214/647 213/648
f 217/649 220/650 219/651
f 217/649 219/651 218/652
f 221/653 222/654 223/655
f 221/653 223/655 224/656
f 217/657 221/658 224/659
f 217/657 224/659 220/660
f 218/661 219/662 223/663
f 218/661 223/663 222/664
f 220/665 224/666 223/667
f 220/665 223/667 219/668
f 217/669 218/670 222/671
f 217/669 222/671 221/672
f 225/673 228/674 227/675
f 225/673 227/675 226/676
f 229/677 230/678 231/679
f 229/677 231/679 232/680
f 225/681 229/682 232/683
f 225/681 232/683 228/684
f 226/685 227/686 231/687
f 226/685 231/687 230/688
f 228/689 232/690 231/691
f 228/689 231/691 227/692
f 225/693 226/694 230/695
f 225/693 230/695 229/696
g plate_r_2
f 233/697 236/698 235/699
f 233/697 235/699 234/700
f 237/701 238/702 239/703
f 237/701 239/703 240/704
f 233/705 237/706 240/707
f 233/705 240/707 236/708
f 234/709 235/710 239/711
f 234/709 239/711 238/712
f 236/713 240/714 239/715
f 236/713 239/715 235/716
f 233/717 234/718 238/719
f 233/717 238/719 237/720
f 241/721 244/722 243/723
f 241/721 243/723 242/724
f 245/725 246/726 247/727
f 245/725 247/727 248/728
f 241/729 245/730 248/731
f 241/729 248/731 244/732
f 242/733 243/734 247/735
f 242/733 247/735 246/736
f 244/737 248/738 247/739
f 244/737 247/739 243/740
f 241/741 242/742 246/743
f 241/741 246/743 245/744
f 249/745 252/746 251/747
f 249/745 251/747 250/748
f 253/749 254/750 255/751
f 253/749 255/751 256/752
f 249/753 253/754 256/755
f 249/753 256/755 252/756
f 250/757 251/758 255/759
f 250/757 255/759 254/760
f 252/761 256/762 255/763
f 252/761 255/763 251/764
f 249/765 250/766 254/767
f 249/765 254/767 253/768
g plate_l_0
f 353/1057 356/1058 355/1059
f 353/1057 355/1059 354/1060
f 357/1061 358/1062 359/1063
f 357/1061 359/1063 360/1064
f 353/1065 357/1066 360/1067
f 353/1065 360/1067 356/1068
f 354/1069 355/1070 359/1071
f 354/1069 359/1071 358/1072
f 356/1073 360/1074 359/1075
f 356/1073 359/1075 355/1076
f 353/1077 354/1078 358/1079
f 353/1077 358/1079 357/1080
f 361/1081 364/1082 363/1083
f 361/1081 363/1083 362/1084
f 365/1085 366/1086 367/1087
f 365/1085 367/1087 368/1088
f 361/1089 365/1090 368/1091
f 361/1089 368/1091 364/1092
f 362/1093 363/1094 367/1095
f 362/1093 367/1095 366/1096
f 364/1097 368/1098 367/1099
f 364/1097 367/1099 363/1100
f 361/1101 362/1102 366/1103
f 361/1101 366/1103 365/1104
f 369/1105 372/1106 371/1107
f 369/1105 371/1107 370/1108
f 373/1109 374/1110 375/1111
f 373/1109 375/1111 376/1112
f 369/1113 373/1114 376/1115
f 369/1113 376/1115 372/1116
f 370/1117 371/1118 375/1119
f 370/1117 375/1119 374/1120
f 372/1121 376/1122 375/1123
f 372/1121 375/1123 371/1124
f 369/1125 370/1126 374/1127
f 369/1125 374/1127 373/1128
g plate_l_1
f 377/1129 380/1130 379/1131
f 377/1129 379/1131 378/1132
f 381/1133 382/1134 383/1135
f 381/1133 383/1135 384/1136
f 377/1137 381/1138 384/1139
f 377/1137 384/1139 380/1140
f 378/1141 379/1142 383/1143
f 378/1141 383/1143 382/1144
f 380/1145 384/1146 383/1147
f 380/1145 383/1147 379/1148
f 377/1149 378/1150 382/1151
f 377/1149 382/1151 381/1152
f 385/1153 388/1154 387/1155
f 385/1153 387/1155 386/1156
f 389/1157 390/1158 391/1159
f 389/1157 391/1159 392/1160
f 385/1161 389/1162 392/1163
f 385/1161 392/1163 388/1164
f 386/1165 387/1166 391/1167
f 386/1165 391/1167 390/1168
f 388/1169 392/1170 391/1171
f 388/1169 391/1171 387/1172
f 385/1173 386/1174 390/1175
f 385/1173 390/1175 389/1176
f 393/1177 396/1178 395/1179
f 393/1177 395/1179 394/1180
f 397/1181 398/1182 399/1183
f 397/1181 399/1183 400/1184
f 393/1185 397/1186 400/1187
f 393/1185 400/1187 396/1188
f 394/1189 395/1190 399/1191
f 394/1189 399/1191 398/1192
f 396/1193 400/1194 399/1195
f 396/1193 399/1195 395/1196
f 393/1197 394/1198 398/1199
f 393/1197 398/1199 397/1200
g plate_l_2
f 401/1201 404/1202 403/1203
f 401/1201 403/1203 402/1204
f 405/1205 406/1206 407/1207
f 405/1205 407/1207 408/1208
f 401/1209 405/1210 408/1211
f 401/1209 408/1211 404/1212
f 402/1213 403/1214 407/1215
f 402/1213 407/1215 406/1216
f 404/1217 408/1218 407/1219
f 404/1217 407/1219 403/1220
f 401/1221 402/1222 406/1223
f 401/1221 406/1223 405/1224
f 409/1225 412/1226 411/1227
f 409/1225 411/1227 410/1228
f 413/1229 414/1230 415/1231
f 413/1229 415/1231 416/1232
f 409/1233 413/1234 416/1235
f 409/1233 416/1235 412/1236
f 410/1237 411/1238 415/1239
f 410/1237 415/1239 414/1240
f 412/1241 416/1242 415/1243
f 412/1241 415/1243 411/1244
f 409/1245 410/1246 414/1247
f 409/1245 414/1247 413/1248
f 417/1249 420/1250 419/1251
f 417/1249 419/1251 418/1252
f 421/1253 422/1254 423/1255
f 421/1253 423/1255 424/1256
f 417/1257 421/1258 424/1259
f 417/1257 424/1259 420/1260
f 418/1261 419/1262 423/1263
f 418/1261 423/1263 422/1264
f 420/1265 424/1266 423/1267
f 420/1265 423/1267 419/1268
f 417/1269 418/1270 422/1271
f 417/1269 422/1271 421/1272
g shoulder_r
f 683/2047 686/2048 685/2049
f 683/2047 685/2049 684/2050
f 687/2051 688/2052 689/2053
f 687/2051 689/2053 690/2054
f 683/2055 687/2056 690/2057
f 683/2055 690/2057 686/2058
f 684/2059 685/2060 689/2061
f 684/2059 689/2061 688/2062
f 686/2063 690/2064 689/2065
f 686/2063 689/2065 685/2066
f 683/2067 684/2068 688/2069
f 683/2067 688/2069 687/2070
f 691/2071 694/2072 693/2073
f 691/2071 693/2073 692/2074
f 695/2075 696/2076 697/2077
f 695/2075 697/2077 698/2078
f 691/2079 695/2080 698/2081
f 691/2079 698/2081 694/2082
f 692/2083 693/2084 697/2085
f 692/2083 697/2085 696/2086
f 694/2087 698/2088 697/2089
f 694/2087 697/2089 693/2090
f 691/2091 692/2092 696/2093
f 691/2091 696/2093 695/2094
f 699/2095 702/2096 701/2097
f 699/2095 701/2097 700/2098
f 703/2099 704/2100 705/2101
f 703/2099 705/2101 706/2102
f 699/2103 703/2104 706/2105
f 699/2103 706/2105 702/2106
f 700/2107 701/2108 705/2109
f 700/2107 705/2109 704/2110
f 702/2111 706/2112 705/2113
f 702/2111 705/2113 701/2114
f 699/2115 700/2116 704/2117
f 699/2115 704/2117 703/2118
f 707/2119 710/2120 709/2121
f 707/2119 709/2121 708/2122
f 711/2123 712/2124 713/2125
f 711/2123 713/2125 714/2126
f 707/2127 711/2128 714/2129
f 707/2127 714/2129 710/2130
f 708/2131 709/2132 713/2133
f 708/2131 713/2133 712/2134
f 710/2135 714/2136 713/2137
f 710/2135 713/2137 709/2138
f 707/2139 708/2140 712/2141
f 707/2139 712/2141 711/2142
f 715/2143 718/2144 717/2145
f 715/2143 717/2145 716/2146
f 719/2147 720/2148 721/2149
f 719/2147 721/2149 722/2150
f 715/2151 719/2152 722/2153
f 715/2151 722/2153 718/2154
f 716/2155 717/2156 721/2157
f 716/2155 721/2157 720/2158
f 718/2159 722/2160 721/2161
f 718/2159 721/2161 717/2162
f 715/2163 716/2164 720/2165
f 715/2163 720/2165 719/2166
f 723/2167 726/2168 725/2169
f 723/2167 725/2169 724/2170
f 727/2171 728/2172 729/2173
f 727/2171 729/2173 730/2174
f 723/2175 727/2176 730/2177
f 723/2175 730/2177 726/2178
f 724/2179 725/2180 729/2181
f 724/2179 729/2181 728/2182
f 726/2183 730/2184 729/2185
f 726/2183 729/2185 725/2186
f 723/2187 724/2188 728/2189
f 723/2187 728/2189 727/2190
f 731/2191 734/2192 733/2193
f 731/2191 733/2193 732/2194
f 735/2195 736/2196 737/2197
f 735/2195 737/2197 738/2198
f 731/2199 735/2200 738/2201
f 731/2199 738/2201 734/2202
f 732/2203 733/2204 737/2205
f 732/2203 737/2205 736/2206
f 734/2207 738/2208 737/2209
f 734/2207 737/2209 733/2210
f 731/2211 732/2212 736/2213
f 731/2211 736/2213 735/2214
f 739/2215 742/2216 741/2217
f 739/2215 741/2217 740/2218
f 743/2219 744/2220 745/2221
f 743/2219 745/2221 746/2222
f 739/2223 743/2224 746/2225
f 739/2223 746/2225 742/2226
f 740/2227 741/2228 745/2229
f 740/2227 745/2229 744/2230
f 742/2231 746/2232 745/2233
f 742/2231 745/2233 741/2234
f 739/2235 740/2236 744/2237
f 739/2235 744/2237 743/2238
f 747/2239 750/2240 749/2241
f 747/2239 749/2241 748/2242
f 751/2243 752/2244 753/2245
f 751/2243 753/2245 754/2246
f 747/2247 751/2248 754/2249
f 747/2247 754/2249 750/2250
f 748/2251 749/2252 753/2253
f 748/2251 753/2253 752/2254
f 750/2255 754/2256 753/2257
f 750/2255 753/2257 749/2258
f 747/2259 748/2260 752/2261
f 747/2259 752/2261 751/2262
f 755/2263 758/2264 757/2265
f 755/2263 757/2265 756/2266
f 759/2267 760/2268 761/2269
f 759/2267 761/2269 762/2270
f 755/2271 759/2272 762/2273
f 755/2271 762/2273 758/2274
f 756/2275 757/2276 761/2277
f 756/2275 761/2277 760/2278
f 758/2279 762/2280 761/2281
f 758/2279 761/2281 757/2282
f 755/2283 756/2284 760/2285
f 755/2283 760/2285 759/2286
f 763/2287 766/2288 765/2289
f 763/2287 765/2289 764/2290
f 767/2291 768/2292 769/2293
f 767/2291 769/2293 770/2294
f 763/2295 767/2296 770/2297
f 763/2295 770/2297 766/2298
f 764/2299 765/2300 769/2301
f 764/2299 769/2301 768/2302
f 766/2303 770/2304 769/2305
f 766/2303 769/2305 765/2306
f 763/2307 764/2308 768/2309
f 763/2307 768/2309 767/2310
f 771/2311 774/2312 773/2313
f 771/2311 773/2313 772/2314
f 775/2315 776/2316 777/2317
f 775/2315 777/2317 778/2318
f 771/2319 775/2320 778/2321
f 771/2319 778/2321 774/2322
f 772/2323 773/2324 777/2325
f 772/2323 777/2325 776/2326
f 774/2327 778/2328 777/2329
f 774/2327 777/2329 773/2330
f 771/2331 772/2332 776/2333
f 771/2331 776/2333 775/2334
f 779/2335 782/2336 781/2337
f 779/2335 781/2337 780/2338
f 783/2339 784/2340 785/2341
f 783/2339 785/2341 786/2342
f 779/2343 783/2344 786/2345
f 779/2343 786/2345 782/2346
f 780/2347 781/2348 785/2349
f 780/2347 785/2349 784/2350
f 782/2351 786/2352 785/2353
f 782/2351 785/2353 781/2354
f 779/2355 780/2356 784/2357
f 779/2355 784/2357 783/2358
f 787/2359 790/2360 789/2361
f 787/2359 789/2361 788/2362
f 791/2363 792/2364 793/2365
f 791/2363 793/2365 794/2366
f 787/2367 791/2368 794/2369
f 787/2367 794/2369 790/2370
f 788/2371 789/2372 793/2373
f 788/2371 793/2373 792/2374
f 790/2375 794/2376 793/2377
f 790/2375 793/2377 789/2378
f 787/2379 788/2380 792/2381
f 787/2379 792/2381 791/2382
f 795/2383 798/2384 797/2385
f 795/2383 797/2385 796/2386
f 799/2387 800/2388 801/2389
f 799/2387 801/2389 802/2390
f 795/2391 799/2392 802/2393
f 795/2391 802/2393 798/2394
f 796/2395 797/2396 801/2397
f 796/2395 801/2397 800/2398
f 798/2399 802/2400 801/2401
f 798/2399 801/2401 797/2402
f 795/2403 796/2404 800/2405
f 795/2403 800/2405 799/2406
f 803/2407 806/2408 805/2409
f 803/2407 805/2409 804/2410
f 807/2411 808/2412 809/2413
f 807/2411 809/2413 810/2414
f 803/2415 807/2416 810/2417
f 803/2415 810/2417 806/2418
f 804/2419 805/2420 809/2421
f 804/2419 809/2421 808/2422
f 806/2423 810/2424 809/2425
f 806/2423 809/2425 805/2426
f 803/2427 804/2428 808/2429
f 803/2427 808/2429 807/2430
f 811/2431 814/2432 813/2433
f 811/2431 813/2433 812/2434
f 815/2435 816/2436 817/2437
f 815/2435 817/2437 818/2438
f 811/2439 815/2440 818/2441
f 811/2439 818/2441 814/2442
f 812/2443 813/2444 817/2445
f 812/2443 817/2445 816/2446
f 814/2447 818/2448 817/2449
f 814/2447 817/2449 813/2450
f 811/2451 812/2452 816/2453
f 811/2451 816/2453 815/2454
f 819/2455 822/2456 821/2457
f 819/2455 821/2457 820/2458
f 823/2459 824/2460 825/2461
f 823/2459 825/2461 826/2462
f 819/2463 823/2464 826/2465
f 819/2463 826/2465 822/2466
f 820/2467 821/2468 825/2469
f 820/2467 825/2469 824/2470
f 822/2471 826/2472 825/2473
f 822/2471 825/2473 821/2474
f 819/2475 820/2476 824/2477
f 819/2475 824/2477 823/2478
f 827/2479 830/2480 829/2481
f 827/2479 829/2481 828/2482
f 831/2483 832/2484 833/2485
f 831/2483 833/2485 834/2486
f 827/2487 831/2488 834/2489
f 827/2487 834/2489 830/2490
f 828/2491 829/2492 833/2493
f 828/2491 833/2493 832/2494
f 830/2495 834/2496 833/2497
f 830/2495 833/2497 829/2498
f 827/2499 828/2500 832/2501
f 827/2499 832/2501 831/2502
f 835/2503 838/2504 837/2505
f 835/2503 837/2505 836/2506
f 839/2507 840/2508 841/2509
f 839/2507 841/2509 842/2510
f 835/2511 839/2512 842/2513
f 835/2511 842/2513 838/2514
f 836/2515 837/2516 841/2517
f 836/2515 841/2517 840/2518
f 838/2519 842/2520 841/2521
f 838/2519 841/2521 837/2522
f 835/2523 836/2524 840/2525
f 835/2523 840/2525 839/2526
f 843/2527 846/2528 845/2529
f 843/2527 845/2529 844/2530
f 847/2531 848/2532 849/2533
f 847/2531 849/2533 850/2534
f 843/2535 847/2536 850/2537
f 843/2535 850/2537 846/2538
f 844/2539 845/2540 849/2541
f 844/2539 849/2541 848/2542
f 846/2543 850/2544 849/2545
f 846/2543 849/2545 845/2546
f 843/2547 844/2548 848/2549
f 843/2547 848/2549 847/2550
f 851/2551 854/2552 853/2553
f 851/2551 853/2553 852/2554
f 855/2555 856/2556 857/2557
f 855/2555 857/2557 858/2558
f 851/2559 855/2560 858/2561
f 851/2559 858/2561 854/2562
f 852/2563 853/2564 857/2565
f 852/2563 857/2565 856/2566
f 854/2567 858/2568 857/2569
f 854/2567 857/2569 853/2570
f 851/2571 852/2572 856/2573
f 851/2571 856/2573 855/2574
f 863/2579 864/2580 865/2581
f 863/2579 865/2581 866/2582
f 859/2583 863/2584 866/2585
f 859/2583 866/2585 862/2586
f 860/2587 861/2588 865/2589
f 860/2587 865/2589 864/2590
f 862/2591 866/2592 865/2593
f 862/2591 865/2593 861/2594
f 859/2595 860/2596 864/2597
f 859/2595 864/2597 863/2598
f 867/2599 870/2600 869/2601
f 867/2599 869/2601 868/2602
f 871/2603 872/2604 873/2605
f 871/2603 873/2605 874/2606
f 867/2607 871/2608 874/2609
f 867/2607 874/2609 870/2610
f 868/2611 869/2612 873/2613
f 868/2611 873/2613 872/2614
f 870/2615 874/2616 873/2617
f 870/2615 873/2617 869/2618
f 867/2619 868/2620 872/2621
f 867/2619 872/2621 871/2622
f 875/2623 878/2624 877/2625
f 875/2623 877/2625 876/2626
f 879/2627 880/2628 881/2629
f 879/2627 881/2629 882/2630
f 875/2631 879/2632 882/2633
f 875/2631 882/2633 878/2634
f 876/2635 877/2636 881/2637
f 876/2635 881/2637 880/2638
f 878/2639 882/2640 881/2641
f 878/2639 881/2641 877/2642
f 875/2643 876/2644 880/2645
f 875/2643 880/2645 879/2646
f 883/2647 886/2648 885/2649
f 883/2647 885/2649 884/2650
f 887/2651 888/2652 889/2653
f 887/2651 889/2653 890/2654
f 883/2655 887/2656 890/2657
f 883/2655 890/2657 886/2658
f 884/2659 885/2660 889/2661
f 884/2659 889/2661 888/2662
f 886/2663 890/2664 889/2665
f 886/2663 889/2665 885/2666
f 883/2667 884/2668 888/2669
f 883/2667 888/2669 887/2670
f 891/2671 894/2672 893/2673
f 891/2671 893/2673 892/2674
f 895/2675 896/2676 897/2677
f 895/2675 897/2677 898/2678
f 891/2679 895/2680 898/2681
f 891/2679 898/2681 894/2682
f 892/2683 893/2684 897/2685
f 892/2683 897/2685 896/2686
f 894/2687 898/2688 897/2689
f 894/2687 897/2689 893/2690
f 891/2691 892/2692 896/2693
f 891/2691 896/2693 895/2694
g arm_r
f 899/2695 902/2696 901/2697
f 899/2695 901/2697 900/2698
f 903/2699 904/2700 905/2701
f 903/2699 905/2701 906/2702
f 899/2703 903/2704 906/2705
f 899/2703 906/2705 902/2706
f 900/2707 901/2708 905/2709
f 900/2707 905/2709 904/2710
f 902/2711 906/2712 905/2713
f 902/2711 905/2713 901/2714
f 899/2715 900/2716 904/2717
f 899/2715 904/2717 903/2718
f 907/2719 910/2720 909/2721
f 907/2719 909/2721 908/2722
f 911/2723 912/2724 913/2725
f 911/2723 913/2725 914/2726
f 907/2727 911/2728 914/2729
f 907/2727 914/2729 910/2730
f 908/2731 909/2732 913/2733
f 908/2731 913/2733 912/2734
f 910/2735 914/2736 913/2737
f 910/2735 913/2737 909/2738
f 907/2739 908/2740 912/2741
f 907/2739 912/2741 911/2742
f 915/2743 918/2744 917/2745
f 915/2743 917/2745 916/2746
f 919/2747 920/2748 921/2749
f 919/2747 921/2749 922/2750
f 915/2751 919/2752 922/2753
f 915/2751 922/2753 918/2754
f 916/2755 917/2756 921/2757
f 916/2755 921/2757 920/2758
f 918/2759 922/2760 921/2761
f 918/2759 921/2761 917/2762
f 915/2763 916/2764 920/2765
f 915/2763 920/2765 919/2766
f 923/2767 926/2768 925/2769
f 923/2767 925/2769 924/2770
f 927/2771 928/2772 929/2773
f 927/2771 929/2773 930/2774
f 923/2775 927/2776 930/2777
f 923/2775 930/2777 926/2778
f 924/2779 925/2780 929/2781
f 924/2779 929/2781 928/2782
f 926/2783 930/2784 929/2785
f 926/2783 929/2785 925/2786
f 923/2787 924/2788 928/2789
f 923/2787 928/2789 927/2790
f 931/2791 934/2792 933/2793
f 931/2791 933/2793 932/2794
f 935/2795 936/2796 937/2797
f 935/2795 937/2797 938/2798
f 931/2799 935/2800 938/2801
f 931/2799 938/2801 934/2802
f 932/2803 933/2804 937/2805
f 932/2803 937/2805 936/2806
f 934/2807 938/2808 937/2809
f 934/2807 937/2809 933/2810
f 931/2811 932/2812 936/2813
f 931/2811 936/2813 935/2814
f 939/2815 942/2816 941/2817
f 939/2815 941/2817 940/2818
f 943/2819 944/2820 945/2821
f 943/2819 945/2821 946/2822
f 939/2823 943/2824 946/2825
f 939/2823 946/2825 942/2826
f 940/2827 941/2828 945/2829
f 940/2827 945/2829 944/2830
f 942/2831 946/2832 945/2833
f 942/2831 945/2833 941/2834
f 939/2835 940/2836 944/2837
f 939/2835 944/2837 943/2838
f 947/2839 950/2840 949/2841
f 947/2839 949/2841 948/2842
f 951/2843 952/2844 953/2845
f 951/2843 953/2845 954/2846
f 947/2847 951/2848 954/2849
f 947/2847 954/2849 950/2850
f 948/2851 949/2852 953/2853
f 948/2851 953/2853 952/2854
f 950/2855 954/2856 953/2857
f 950/2855 953/2857 949/2858
f 947/2859 948/2860 952/2861
f 947/2859 952/2861 951/2862
f 955/2863 958/2864 957/2865
f 955/2863 957/2865 956/2866
f 959/2867 960/2868 961/2869
f 959/2867 961/2869 962/2870
f 955/2871 959/2872 962/2873
f 955/2871 962/2873 958/2874
f 956/2875 957/2876 961/2877
f 956/2875 961/2877 960/2878
f 958/2879 962/2880 961/2881
f 958/2879 961/2881 957/2882
f 955/2883 956/2884 960/2885
f 955/2883 960/2885 959/2886
f 963/2887 966/2888 965/2889
f 963/2887 965/2889 964/2890
f 967/2891 968/2892 969/2893
f 967/2891 969/2893 970/2894
f 963/2895 967/2896 970/2897
f 963/2895 970/2897 966/2898
f 964/2899 965/2900 969/2901
f 964/2899 969/2901 968/2902
f 966/2903 970/2904 969/2905
f 966/2903 969/2905 965/2906
f 963/2907 964/2908 968/2909
f 963/2907 968/2909 967/2910
f 971/2911 974/2912 973/2913
f 971/2911 973/2913 972/2914
f 975/2915 976/2916 977/2917
f 975/2915 977/2917 978/2918
f 971/2919 975/2920 978/2921
f 971/2919 978/2921 974/2922
f 972/2923 973/2924 977/2925
f 972/2923 977/2925 976/2926
f 974/2927 978/2928 977/2929
f 974/2927 977/2929 973/2930
f 971/2931 972/2932 976/2933
f 971/2931 976/2933 975/2934
g forearm_r
f 979/2935 982/2936 981/2937
f 979/2935 981/2937 980/2938
f 983/2939 984/2940 985/2941
f 983/2939 985/2941 986/2942
f 979/2943 983/2944 986/2945
f 979/2943 986/2945 982/2946
f 980/2947 981/2948 985/2949
f 980/2947 985/2949 984/2950
f 982/2951 986/2952 985/2953
f 982/2951 985/2953 981/2954
f 979/2955 980/2956 984/2957
f 979/2955 984/2957 983/2958
f 987/2959 990/2960 989/2961
f 987/2959 989/2961 988/2962
f 991/2963 992/2964 993/2965
f 991/2963 993/2965 994/2966
f 987/2967 991/2968 994/2969
f 987/2967 994/2969 990/2970
f 988/2971 989/2972 993/2973
f 988/2971 993/2973 992/2974
f 990/2975 994/2976 993/2977
f 990/2975 993/2977 989/2978
f 987/2979 988/2980 992/2981
f 987/2979 992/2981 991/2982
f 995/2983 998/2984 997/2985
f 995/2983 997/2985 996/2986
f 999/2987 1000/2988 1001/2989
f 999/2987 1001/2989 1002/2990
f 995/2991 999/2992 1002/2993
f 995/2991 1002/2993 998/2994
f 996/2995 997/2996 1001/2997
f 996/2995 1001/2997 1000/2998
f 998/2999 1002/3000 1001/3001
f 998/2999 1001/3001 997/3002
f 995/3003 996/3004 1000/3005
f 995/3003 1000/3005 999/3006
f 1003/3007 1006/3008 1005/3009
f 1003/3007 1005/3009 1004/3010
f 1007/3011 1008/3012 1009/3013
f 1007/3011 1009/3013 1010/3014
f 1003/3015 1007/3016 1010/3017
f 1003/3015 1010/3017 1006/3018
f 1004/3019 1005/3020 1009/3021
f 1004/3019 1009/3021 1008/3022
f 1006/3023 1010/3024 1009/3025
f 1006/3023 1009/3025 1005/3026
f 1003/3027 1004/3028 1008/3029
f 1003/3027 1008/3029 1007/3030
f 1011/3031 1014/3032 1013/3033
f 1011/3031 1013/3033 1012/3034
f 1015/3035 1016/3036 1017/3037
f 1015/3035 1017/3037 1018/3038
f 1011/3039 1015/3040 1018/3041
f 1011/3039 1018/3041 1014/3042
f 1012/3043 1013/3044 1017/3045
f 1012/3043 1017/3045 1016/3046
f 1014/3047 1018/3048 1017/3049
f 1014/3047 1017/3049 1013/3050
f 1011/3051 1012/3052 1016/3053
f 1011/3051 1016/3053 1015/3054
f 1019/3055 1022/3056 1021/3057
f 1019/3055 1021/3057 1020/3058
f 1023/3059 1024/3060 1025/3061
f 1023/3059 1025/3061 1026/3062
f 1019/3063 1023/3064 1026/3065
f 1019/3063 1026/3065 1022/3066
f 1020/3067 1021/3068 1025/3069
f 1020/3067 1025/3069 1024/3070
f 1022/3071 1026/3072 1025/3073
f 1022/3071 1025/3073 1021/3074
f 1019/3075 1020/3076 1024/3077
f 1019/3075 1024/3077 1023/3078
f 1027/3079 1030/3080 1029/3081
f 1027/3079 1029/3081 1028/3082
f 1031/3083 1032/3084 1033/3085
f 1031/3083 1033/3085 1034/3086
f 1027/3087 1031/3088 1034/3089
f 1027/3087 1034/3089 1030/3090
f 1028/3091 1029/3092 1033/3093
f 1028/3091 1033/3093 1032/3094
f 1030/3095 1034/3096 1033/3097
f 1030/3095 1033/3097 1029/3098
f 1027/3099 1028/3100 1032/3101
f 1027/3099 1032/3101 1031/3102
f 1035/3103 1038/3104 1037/3105
f 1035/3103 1037/3105 1036/3106
f 1039/3107 1040/3108 1041/3109
f 1039/3107 1041/3109 1042/3110
f 1035/3111 1039/3112 1042/3113
f 1035/3111 1042/3113 1038/3114
f 1036/3115 1037/3116 1041/3117
f 1036/3115 1041/3117 1040/3118
f 1038/3119 1042/3120 1041/3121
f 1038/3119 1041/3121 1037/3122
f 1035/3123 1036/3124 1040/3125
f 1035/3123 1040/3125 1039/3126
f 1043/3127 1046/3128 1045/3129
f 1043/3127 1045/3129 1044/3130
f 1047/3131 1048/3132 1049/3133
f 1047/3131 1049/3133 1050/3134
f 1043/3135 1047/3136 1050/3137
f 1043/3135 1050/3137 1046/3138
f 1044/3139 1045/3140 1049/3141
f 1044/3139 1049/3141 1048/3142
f 1046/3143 1050/3144 1049/3145
f 1046/3143 1049/3145 1045/3146
f 1043/3147 1044/3148 1048/3149
f 1043/3147 1048/3149 1047/3150
f 1051/3151 1054/3152 1053/3153
f 1051/3151 1053/3153 1052/3154
f 1055/3155 1056/3156 1057/3157
f 1055/3155 1057/3157 1058/3158
f 1051/3159 1055/3160 1058/3161
f 1051/3159 1058/3161 1054/3162
f 1052/3163 1053/3164 1057/3165
f 1052/3163 1057/3165 1056/3166
f 1054/3167 1058/3168 1057/3169
f 1054/3167 1057/3169 1053/3170
f 1051/3171 1052/3172 1056/3173
f 1051/3171 1056/3173 1055/3174
f 1059/3175 1062/3176 1061/3177
f 1059/3175 1061/3177 1060/3178
f 1063/3179 1064/3180 1065/3181
f 1063/3179 1065/3181 1066/3182
f 1059/3183 1063/3184 1066/3185
f 1059/3183 1066/3185 1062/3186
f 1060/3187 1061/3188 1065/3189
f 1060/3187 1065/3189 1064/3190
f 1062/3191 1066/3192 1065/3193
f 1062/3191 1065/3193 1061/3194
f 1059/3195 1060/3196 1064/3197
f 1059/3195 1064/3197 1063/3198
f 1067/3199 1070/3200 1069/3201
f 1067/3199 1069/3201 1068/3202
f 1071/3203 1072/3204 1073/3205
f 1071/3203 1073/3205 1074/3206
f 1067/3207 1071/3208 1074/3209
f 1067/3207 1074/3209 1070/3210
f 1068/3211 1069/3212 1073/3213
f 1068/3211 1073/3213 1072/3214
f 1070/3215 1074/3216 1073/3217
f 1070/3215 1073/3217 1069/3218
f 1067/3219 1068/3220 1072/3221
f 1067/3219 1072/3221 1071/3222
f 1075/3223 1078/3224 1077/3225
f 1075/3223 1077/3225 1076/3226
f 1079/3227 1080/3228 1081/3229
f 1079/3227 1081/3229 1082/3230
f 1075/3231 1079/3232 1082/3233
f 1075/3231 1082/3233 1078/3234
f 1076/3235 1077/3236 1081/3237
f 1076/3235 1081/3237 1080/3238
f 1078/3239 1082/3240 1081/3241
f 1078/3239 1081/3241 1077/3242
f 1075/3243 1076/3244 1080/3245
f 1075/3243 1080/3245 1079/3246
f 1083/3247 1086/3248 1085/3249
f 1083/3247 1085/3249 1084/3250
f 1087/3251 1088/3252 1089/3253
f 1087/3251 1089/3253 1090/3254
f 1083/3255 1087/3256 1090/3257
f 1083/3255 1090/3257 1086/3258
f 1084/3259 1085/3260 1089/3261
f 1084/3259 1089/3261 1088/3262
f 1086/3263 1090/3264 1089/3265
f 1086/3263 1089/3265 1085/3266
f 1083/3267 1084/3268 1088/3269
f 1083/3267 1088/3269 1087/3270
f 1091/3271 1094/3272 1093/3273
f 1091/3271 1093/3273 1092/3274
f 1095/3275 1096/3276 1097/3277
f 1095/3275 1097/3277 1098/3278
f 1091/3279 1095/3280 1098/3281
f 1091/3279 1098/3281 1094/3282
f 1092/3283 1093/3284 1097/3285
f 1092/3283 1097/3285 1096/3286
f 1094/3287 1098/3288 1097/3289
f 1094/3287 1097/3289 1093/3290
f 1091/3291 1092/3292 1096/3293
f 1091/3291 1096/3293 1095/3294
f 1099/3295 1102/3296 1101/3297
f 1099/3295 1101/3297 1100/3298
f 1103/3299 1104/3300 1105/3301
f 1103/3299 1105/3301 1106/3302
f 1099/3303 1103/3304 1106/3305
f 1099/3303 1106/3305 1102/3306
f 1100/3307 1101/3308 1105/3309
f 1100/3307 1105/3309 1104/3310
f 1102/3311 1106/3312 1105/3313
f 1102/3311 1105/3313 1101/3314
f 1099/3315 1100/3316 1104/3317
f 1099/3315 1104/3317 1103/3318
f 1107/3319 1110/3320 1109/3321
f 1107/3319 1109/3321 1108/3322
f 1111/3323 1112/3324 1113/3325
f 1111/3323 1113/3325 1114/3326
f 1107/3327 1111/3328 1114/3329
f 1107/3327 1114/3329 1110/3330
f 1108/3331 1109/3332 1113/3333
f 1108/3331 1113/3333 1112/3334
f 1110/3335 1114/3336 1113/3337
f 1110/3335 1113/3337 1109/3338
f 1107/3339 1108/3340 1112/3341
f 1107/3339 1112/3341 1111/3342
f 1115/3343 1118/3344 1117/3345
f 1115/3343 1117/3345 1116/3346
f 1119/3347 1120/3348 1121/3349
f 1119/3347 1121/3349 1122/3350
f 1115/3351 1119/3352 1122/3353
f 1115/3351 1122/3353 1118/3354
f 1116/3355 1117/3356 1121/3357
f 1116/3355 1121/3357 1120/3358
f 1118/3359 1122/3360 1121/3361
f 1118/3359 1121/3361 1117/3362
f 1115/3363 1116/3364 1120/3365
f 1115/3363 1120/3365 1119/3366
g hand_r
f 1123/3367 1126/3368 1125/3369
f 1123/3367 1125/3369 1124/3370
f 1127/3371 1128/3372 1129/3373
f 1127/3371 1129/3373 1130/3374
f 1123/3375 1127/3376 1130/3377
f 1123/3375 1130/3377 1126/3378
f 1124/3379 1125/3380 1129/3381
f 1124/3379 1129/3381 1128/3382
f 1126/3383 1130/3384 1129/3385
f 1126/3383 1129/3385 1125/3386
f 1123/3387 1124/3388 1128/3389
f 1123/3387 1128/3389 1127/3390
f 1131/3391 1134/3392 1133/3393
f 1131/3391 1133/3393 1132/3394
f 1135/3395 1136/3396 1137/3397
f 1135/3395 1137/3397 1138/3398
f 1131/3399 1135/3400 1138/3401
f 1131/3399 1138/3401 1134/3402
f 1132/3403 1133/3404 1137/3405
f 1132/3403 1137/3405 1136/3406
f 1134/3407 1138/3408 1137/3409
f 1134/3407 1137/3409 1133/3410
f 1131/3411 1132/3412 1136/3413
f 1131/3411 1136/3413 1135/3414
f 1139/3415 1142/3416 1141/3417
f 1139/3415 1141/3417 1140/3418
f 1143/3419 1144/3420 1145/3421
f 1143/3419 1145/3421 1146/3422
f 1139/3423 1143/3424 1146/3425
f 1139/3423 1146/3425 1142/3426
f 1140/3427 1141/3428 1145/3429
f 1140/3427 1145/3429 1144/3430
f 1142/3431 1146/3432 1145/3433
f 1142/3431 1145/3433 1141/3434
f 1139/3435 1140/3436 1144/3437
f 1139/3435 1144/3437 1143/3438
f 1147/3439 1150/3440 1149/3441
f 1147/3439 1149/3441 1148/3442
f 1151/3443 1152/3444 1153/3445
f 1151/3443 1153/3445 1154/3446
f 1147/3447 1151/3448 1154/3449
f 1147/3447 1154/3449 1150/3450
f 1148/3451 1149/3452 1153/3453
f 1148/3451 1153/3453 1152/3454
f 1150/3455 1154/3456 1153/3457
f 1150/3455 1153/3457 1149/3458
f 1147/3459 1148/3460 1152/3461
f 1147/3459 1152/3461 1151/3462
f 1155/3463 1158/3464 1157/3465
f 1155/3463 1157/3465 1156/3466
f 1159/3467 1160/3468 1161/3469
f 1159/3467 1161/3469 1162/3470
f 1155/3471 1159/3472 1162/3473
f 1155/3471 1162/3473 1158/3474
f 1156/3475 1157/3476 1161/3477
f 1156/3475 1161/3477 1160/3478
f 1158/3479 1162/3480 1161/3481
f 1158/3479 1161/3481 1157/3482
f 1155/3483 1156/3484 1160/3485
f 1155/3483 1160/3485 1159/3486
g leg_r
f 1163/3487 1166/3488 1165/3489
f 1163/3487 1165/3489 1164/3490
f 1167/3491 1168/3492 1169/3493
f 1167/3491 1169/3493 1170/3494
f 1163/3495 1167/3496 1170/3497
f 1163/3495 1170/3497 1166/3498
f 1164/3499 1165/3500 1169/3501
f 1164/3499 1169/3501 1168/3502
f 1166/3503 1170/3504 1169/3505
f 1166/3503 1169/3505 1165/3506
f 1163/3507 1164/3508 1168/3509
f 1163/3507 1168/3509 1167/3510
f 1171/3511 1174/3512 1173/3513
f 1171/3511 1173/3513 1172/3514
f 1175/3515 1176/3516 1177/3517
f 1175/3515 1177/3517 1178/3518
f 1171/3519 1175/3520 1178/3521
f 1171/3519 1178/3521 1174/3522
f 1172/3523 1173/3524 1177/3525
f 1172/3523 1177/3525 1176/3526
f 1174/3527 1178/3528 1177/3529
f 1174/3527 1177/3529 1173/3530
f 1171/3531 1172/3532 1176/3533
f 1171/3531 1176/3533 1175/3534
f 1179/3535 1182/3536 1181/3537
f 1179/3535 1181/3537 1180/3538
f 1183/3539 1184/3540 1185/3541
f 1183/3539 1185/3541 1186/3542
f 1179/3543 1183/3544 1186/3545
f 1179/3543 1186/3545 1182/3546
f 1180/3547 1181/3548 1185/3549
f 1180/3547 1185/3549 1184/3550
f 1182/3551 1186/3552 1185/3553
f 1182/3551 1185/3553 1181/3554
f 1179/3555 1180/3556 1184/3557
f 1179/3555 1184/3557 1183/3558
f 1187/3559 1190/3560 1189/3561
f 1187/3559 1189/3561 1188/3562
f 1191/3563 1192/3564 1193/3565
f 1191/3563 1193/3565 1194/3566
f 1187/3567 1191/3568 1194/3569
f 1187/3567 1194/3569 1190/3570
f 1188/3571 1189/3572 1193/3573
f 1188/3571 1193/3573 1192/3574
f 1190/3575 1194/3576 1193/3577
f 1190/3575 1193/3577 1189/3578
f 1187/3579 1188/3580 1192/3581
f 1187/3579 1192/3581 1191/3582
g shin_r
f 1195/3583 1198/3584 1197/3585
f 1195/3583 1197/3585 1196/3586
f 1199/3587 1200/3588 1201/3589
f 1199/3587 1201/3589 1202/3590
f 1195/3591 1199/3592 1202/3593
f 1195/3591 1202/3593 1198/3594
f 1196/3595 1197/3596 1201/3597
f 1196/3595 1201/3597 1200/3598
f 1198/3599 1202/3600 1201/3601
f 1198/3599 1201/3601 1197/3602
f 1195/3603 1196/3604 1200/3605
f 1195/3603 1200/3605 1199/3606
f 1203/3607 1206/3608 1205/3609
f 1203/3607 1205/3609 1204/3610
f 1207/3611 1208/3612 1209/3613
f 1207/3611 1209/3613 1210/3614
f 1203/3615 1207/3616 1210/3617
f 1203/3615 1210/3617 1206/3618
f 1204/3619 1205/3620 1209/3621
f 1204/3619 1209/3621 1208/3622
f 1206/3623 1210/3624 1209/3625
f 1206/3623 1209/3625 1205/3626
f 1203/3627 1204/3628 1208/3629
f 1203/3627 1208/3629 1207/3630
f 1211/3631 1214/3632 1213/3633
f 1211/3631 1213/3633 1212/3634
f 1215/3635 1216/3636 1217/3637
f 1215/3635 1217/3637 1218/3638
f 1211/3639 1215/3640 1218/3641
f 1211/3639 1218/3641 1214/3642
f 1212/3643 1213/3644 1217/3645
f 1212/3643 1217/3645 1216/3646
f 1214/3647 1218/3648 1217/3649
f 1214/3647 1217/3649 1213/3650
f 1211/3651 1212/3652 1216/3653
f 1211/3651 1216/3653 1215/3654
f 1219/3655 1222/3656 1221/3657
f 1219/3655 1221/3657 1220/3658
f 1223/3659 1224/3660 1225/3661
f 1223/3659 1225/3661 1226/3662
f 1219/3663 1223/3664 1226/3665
f 1219/3663 1226/3665 1222/3666
f 1220/3667 1221/3668 1225/3669
f 1220/3667 1225/3669 1224/3670
f 1222/3671 1226/3672 1225/3673
f 1222/3671 1225/3673 1221/3674
f 1219/3675 1220/3676 1224/3677
f 1219/3675 1224/3677 1223/3678
f 1227/3679 1230/3680 1229/3681
f 1227/3679 1229/3681 1228/3682
f 1231/3683 1232/3684 1233/3685
f 1231/3683 1233/3685 1234/3686
f 1227/3687 1231/3688 1234/3689
f 1227/3687 1234/3689 1230/3690
f 1228/3691 1229/3692 1233/3693
f 1228/3691 1233/3693 1232/3694
f 1230/3695 1234/3696 1233/3697
f 1230/3695 1233/3697 1229/3698
f 1227/3699 1228/3700 1232/3701
f 1227/3699 1232/3701 1231/3702
f 1235/3703 1238/3704 1237/3705
f 1235/3703 1237/3705 1236/3706
f 1239/3707 1240/3708 1241/3709
f 1239/3707 1241/3709 1242/3710
f 1235/3711 1239/3712 1242/3713
f 1235/3711 1242/3713 1238/3714
f 1236/3715 1237/3716 1241/3717
f 1236/3715 1241/3717 1240/3718
f 1238/3719 1242/3720 1241/3721
f 1238/3719 1241/3721 1237/3722
f 1235/3723 1236/3724 1240/3725
f 1235/3723 1240/3725 1239/3726
f 1243/3727 1246/3728 1245/3729
f 1243/3727 1245/3729 1244/3730
f 1247/3731 1248/3732 1249/3733
f 1247/3731 1249/3733 1250/3734
f 1243/3735 1247/3736 1250/3737
f 1243/3735 1250/3737 1246/3738
f 1244/3739 1245/3740 1249/3741
f 1244/3739 1249/3741 1248/3742
f 1246/3743 1250/3744 1249/3745
f 1246/3743 1249/3745 1245/3746
f 1243/3747 1244/3748 1248/3749
f 1243/3747 1248/3749 1247/3750
f 1251/3751 1254/3752 1253/3753
f 1251/3751 1253/3753 1252/3754
f 1255/3755 1256/3756 1257/3757
f 1255/3755 1257/3757 1258/3758
f 1251/3759 1255/3760 1258/3761
f 1251/3759 1258/3761 1254/3762
f 1252/3763 1253/3764 1257/3765
f 1252/3763 1257/3765 1256/3766
f 1254/3767 1258/3768 1257/3769
f 1254/3767 1257/3769 1253/3770
f 1251/3771 1252/3772 1256/3773
f 1251/3771 1256/3773 1255/3774
f 1259/3775 1262/3776 1261/3777
f 1259/3775 1261/3777 1260/3778
f 1263/3779 1264/3780 1265/3781
f 1263/3779 1265/3781 1266/3782
f 1259/3783 1263/3784 1266/3785
f 1259/3783 1266/3785 1262/3786
f 1260/3787 1261/3788 1265/3789
f 1260/3787 1265/3789 1264/3790
f 1262/3791 1266/3792 1265/3793
f 1262/3791 1265/3793 1261/3794
f 1259/3795 1260/3796 1264/3797
f 1259/3795 1264/3797 1263/3798
f 1267/3799 1270/3800 1269/3801
f 1267/3799 1269/3801 1268/3802
f 1271/3803 1272/3804 1273/3805
f 1271/3803 1273/3805 1274/3806
f 1267/3807 1271/3808 1274/3809
f 1267/3807 1274/3809 1270/3810
f 1268/3811 1269/3812 1273/3813
f 1268/3811 1273/3813 1272/3814
f 1270/3815 1274/3816 1273/3817
f 1270/3815 1273/3817 1269/3818
f 1267/3819 1268/3820 1272/3821
f 1267/3819 1272/3821 1271/3822
f 1275/3823 1278/3824 1277/3825
f 1275/3823 1277/3825 1276/3826
f 1279/3827 1280/3828 1281/3829
f 1279/3827 1281/3829 1282/3830
f 1275/3831 1279/3832 1282/3833
f 1275/3831 1282/3833 1278/3834
f 1276/3835 1277/3836 1281/3837
f 1276/3835 1281/3837 1280/3838
f 1278/3839 1282/3840 1281/3841
f 1278/3839 1281/3841 1277/3842
f 1275/3843 1276/3844 1280/3845
f 1275/3843 1280/3845 1279/3846
f 1283/3847 1286/3848 1285/3849
f 1283/3847 1285/3849 1284/3850
f 1287/3851 1288/3852 1289/3853
f 1287/3851 1289/3853 1290/3854
f 1283/3855 1287/3856 1290/3857
f 1283/3855 1290/3857 1286/3858
f 1284/3859 1285/3860 1289/3861
f 1284/3859 1289/3861 1288/3862
f 1286/3863 1290/3864 1289/3865
f 1286/3863 1289/3865 1285/3866
f 1283/3867 1284/3868 1288/3869
f 1283/3867 1288/3869 1287/3870
f 1291/3871 1294/3872 1293/3873
f 1291/3871 1293/3873 1292/3874
f 1295/3875 1296/3876 1297/3877
f 1295/3875 1297/3877 1298/3878
f 1291/3879 1295/3880 1298/3881
f 1291/3879 1298/3881 1294/3882
f 1292/3883 1293/3884 1297/3885
f 1292/3883 1297/3885 1296/3886
f 1294/3887 1298/3888 1297/3889
f 1294/3887 1297/3889 1293/3890
f 1291/3891 1292/3892 1296/3893
f 1291/3891 1296/3893 1295/3894
f 1299/3895 1302/3896 1301/3897
f 1299/3895 1301/3897 1300/3898
f 1303/3899 1304/3900 1305/3901
f 1303/3899 1305/3901 1306/3902
f 1299/3903 1303/3904 1306/3905
f 1299/3903 1306/3905 1302/3906
f 1300/3907 1301/3908 1305/3909
f 1300/3907 1305/3909 1304/3910
f 1302/3911 1306/3912 1305/3913
f 1302/3911 1305/3913 1301/3914
f 1299/3915 1300/3916 1304/3917
f 1299/3915 1304/3917 1303/3918
f 1307/3919 1310/3920 1309/3921
f 1307/3919 1309/3921 1308/3922
f 1311/3923 1312/3924 1313/3925
f 1311/3923 1313/3925 1314/3926
f 1307/3927 1311/3928 1314/3929
f 1307/3927 1314/3929 1310/3930
f 1308/3931 1309/3932 1313/3933
f 1308/3931 1313/3933 1312/3934
f 1310/3935 1314/3936 1313/3937
f 1310/3935 1313/3937 1309/3938
f 1307/3939 1308/3940 1312/3941
f 1307/3939 1312/3941 1311/3942
f 1315/3943 1318/3944 1317/3945
f 1315/3943 1317/3945 1316/3946
f 1319/3947 1320/3948 1321/3949
f 1319/3947 1321/3949 1322/3950
f 1315/3951 1319/3952 1322/3953
f 1315/3951 1322/3953 1318/3954
f 1316/3955 1317/3956 1321/3957
f 1316/3955 1321/3957 1320/3958
f 1318/3959 1322/3960 1321/3961
f 1318/3959 1321/3961 1317/3962
f 1315/3963 1316/3964 1320/3965
f 1315/3963 1320/3965 1319/3966
g shoulder_l
f 1323/3967 1326/3968 1325/3969
f 1323/3967 1325/3969 1324/3970
f 1327/3971 1328/3972 1329/3973
f 1327/3971 1329/3973 1330/3974
f 1323/3975 1327/3976 1330/3977
f 1323/3975 1330/3977 1326/3978
f 1324/3979 1325/3980 1329/3981
f 1324/3979 1329/3981 1328/3982
f 1326/3983 1330/3984 1329/3985
f 1326/3983 1329/3985 1325/3986
f 1323/3987 1324/3988 1328/3989
f 1323/3987 1328/3989 1327/3990
f 1331/3991 1334/3992 1333/3993
f 1331/3991 1333/3993 1332/3994
f 1335/3995 1336/3996 1337/3997
f 1335/3995 1337/3997 1338/3998
f 1331/3999 1335/4000 1338/4001
f 1331/3999 1338/4001 1334/4002
f 1332/4003 1333/4004 1337/4005
f 1332/4003 1337/4005 1336/4006
f 1334/4007 1338/4008 1337/4009
f 1334/4007 1337/4009 1333/4010
f 1331/4011 1332/4012 1336/4013
f 1331/4011 1336/4013 1335/4014
f 1339/4015 1342/4016 1341/4017
f 1339/4015 1341/4017 1340/4018
f 1343/4019 1344/4020 1345/4021
f 1343/4019 1345/4021 1346/4022
f 1339/4023 1343/4024 1346/4025
f 1339/4023 1346/4025 1342/4026
f 1340/4027 1341/4028 1345/4029
f 1340/4027 1345/4029 1344/4030
f 1342/4031 1346/4032 1345/4033
f 1342/4031 1345/4033 1341/4034
f 1339/4035 1340/4036 1344/4037
f 1339/4035 1344/4037 1343/4038
f 1347/4039 1350/4040 1349/4041
f 1347/4039 1349/4041 1348/4042
f 1351/4043 1352/4044 1353/4045
f 1351/4043 1353/4045 1354/4046
f 1347/4047 1351/4048 1354/4049
f 1347/4047 1354/4049 1350/4050
f 1348/4051 1349/4052 1353/4053
f 1348/4051 1353/4053 1352/4054
f 1350/4055 1354/4056 1353/4057
f 1350/4055 1353/4057 1349/4058
f 1347/4059 1348/4060 1352/4061
f 1347/4059 1352/4061 1351/4062
f 1355/4063 1358/4064 1357/4065
f 1355/4063 1357/4065 1356/4066
f 1359/4067 1360/4068 1361/4069
f 1359/4067 1361/4069 1362/4070
f 1355/4071 1359/4072 1362/4073
f 1355/4071 1362/4073 1358/4074
f 1356/4075 1357/4076 1361/4077
f 1356/4075 1361/4077 1360/4078
f 1358/4079 1362/4080 1361/4081
f 1358/4079 1361/4081 1357/4082
f 1355/4083 1356/4084 1360/4085
f 1355/4083 1360/4085 1359/4086
f 1363/4087 1366/4088 1365/4089
f 1363/4087 1365/4089 1364/4090
f 1367/4091 1368/4092 1369/4093
f 1367/4091 1369/4093 1370/4094
f 1363/4095 1367/4096 1370/4097
f 1363/4095 1370/4097 1366/4098
f 1364/4099 1365/4100 1369/4101
f 1364/4099 1369/4101 1368/4102
f 1366/4103 1370/4104 1369/4105
f 1366/4103 1369/4105 1365/4106
f 1363/4107 1364/4108 1368/4109
f 1363/4107 1368/4109 1367/4110
f 1371/4111 1374/4112 1373/4113
f 1371/4111 1373/4113 1372/4114
f 1375/4115 1376/4116 1377/4117
f 1375/4115 1377/4117 1378/4118
f 1371/4119 1375/4120 1378/4121
f 1371/4119 1378/4121 1374/4122
f 1372/4123 1373/4124 1377/4125
f 1372/4123 1377/4125 1376/4126
f 1374/4127 1378/4128 1377/4129
f 1374/4127 1377/4129 1373/4130
f 1371/4131 1372/4132 1376/4133
f 1371/4131 1376/4133 1375/4134
f 1379/4135 1382/4136 1381/4137
f 1379/4135 1381/4137 1380/4138
f 1383/4139 1384/4140 1385/4141
f 1383/4139 1385/4141 1386/4142
f 1379/4143 1383/4144 1386/4145
f 1379/4143 1386/4145 1382/4146
f 1380/4147 1381/4148 1385/4149
f 1380/4147 1385/4149 1384/4150
f 1382/4151 1386/4152 1385/4153
f 1382/4151 1385/4153 1381/4154
f 1379/4155 1380/4156 1384/4157
f 1379/4155 1384/4157 1383/4158
f 1387/4159 1390/4160 1389/4161
f 1387/4159 1389/4161 1388/4162
f 1391/4163 1392/4164 1393/4165
f 1391/4163 1393/4165 1394/4166
f 1387/4167 1391/4168 1394/4169
f 1387/4167 1394/4169 1390/4170
f 1388/4171 1389/4172 1393/4173
f 1388/4171 1393/4173 1392/4174
f 1390/4175 1394/4176 1393/4177
f 1390/4175 1393/4177 1389/4178
f 1387/4179 1388/4180 1392/4181
f 1387/4179 1392/4181 1391/4182
f 1395/4183 1398/4184 1397/4185
f 1395/4183 1397/4185 1396/4186
f 1399/4187 1400/4188 1401/4189
f 1399/4187 1401/4189 1402/4190
f 1395/4191 1399/4192 1402/4193
f 1395/4191 1402/4193 1398/4194
f 1396/4195 1397/4196 1401/4197
f 1396/4195 1401/4197 1400/4198
f 1398/4199 1402/4200 1401/4201
f 1398/4199 1401/4201 1397/4202
f 1395/4203 1396/4204 1400/4205
f 1395/4203 1400/4205 1399/4206
f 1403/4207 1406/4208 1405/4209
f 1403/4207 1405/4209 1404/4210
f 1407/4211 1408/4212 1409/4213
f 1407/4211 1409/4213 1410/4214
f 1403/4215 1407/4216 1410/4217
f 1403/4215 1410/4217 1406/4218
f 1404/4219 1405/4220 1409/4221
f 1404/4219 1409/4221 1408/4222
f 1406/4223 1410/4224 1409/4225
f 1406/4223 1409/4225 1405/4226
f 1403/4227 1404/4228 1408/4229
f 1403/4227 1408/4229 1407/4230
f 1411/4231 1414/4232 1413/4233
f 1411/4231 1413/4233 1412/4234
f 1415/4235 1416/4236 1417/4237
f 1415/4235 1417/4237 1418/4238
f 1411/4239 1415/4240 1418/4241
f 1411/4239 1418/4241 1414/4242
f 1412/4243 1413/4244 1417/4245
f 1412/4243 1417/4245 1416/4246
f 1414/4247 1418/4248 1417/4249
f 1414/4247 1417/4249 1413/4250
f 1411/4251 1412/4252 1416/4253
f 1411/4251 1416/4253 1415/4254
f 1419/4255 1422/4256 1421/4257
f 1419/4255 1421/4257 1420/4258
f 1423/4259 1424/4260 1425/4261
f 1423/4259 1425/4261 1426/4262
f 1419/4263 1423/4264 1426/4265
f 1419/4263 1426/4265 1422/4266
f 1420/4267 1421/4268 1425/4269
f 1420/4267 1425/4269 1424/4270
f 1422/4271 1426/4272 1425/4273
f 1422/4271 1425/4273 1421/4274
f 1419/4275 1420/4276 1424/4277
f 1419/4275 1424/4277 1423/4278
f 1427/4279 1430/4280 1429/4281
f 1427/4279 1429/4281 1428/4282
f 1431/4283 1432/4284 1433/4285
f 1431/4283 1433/4285 1434/4286
f 1427/4287 1431/4288 1434/4289
f 1427/4287 1434/4289 1430/4290
f 1428/4291 1429/4292 1433/4293
f 1428/4291 1433/4293 1432/4294
f 1430/4295 1434/4296 1433/4297
f 1430/4295 1433/4297 1429/4298
f 1427/4299 1428/4300 1432/4301
f 1427/4299 1432/4301 1431/4302
f 1435/4303 1438/4304 1437/4305
f 1435/4303 1437/4305 1436/4306
f 1439/4307 1440/4308 1441/4309
f 1439/4307 1441/4309 1442/4310
f 1435/4311 1439/4312 1442/4313
f 1435/4311 1442/4313 1438/4314
f 1436/4315 1437/4316 1441/4317
f 1436/4315 1441/4317 1440/4318
f 1438/4319 1442/4320 1441/4321
f 1438/4319 1441/4321 1437/4322
f 1435/4323 1436/4324 1440/4325
f 1435/4323 1440/4325 1439/4326
f 1443/4327 1446/4328 1445/4329
f 1443/4327 1445/4329 1444/4330
f 1447/4331 1448/4332 1449/4333
f 1447/4331 1449/4333 1450/4334
f 1443/4335 1447/4336 1450/4337
f 1443/4335 1450/4337 1446/4338
f 1444/4339 1445/4340 1449/4341
f 1444/4339 1449/4341 1448/4342
f 1446/4343 1450/4344 1449/4345
f 1446/4343 1449/4345 1445/4346
f 1443/4347 1444/4348 1448/4349
f 1443/4347 1448/4349 1447/4350
f 1451/4351 1454/4352 1453/4353
f 1451/4351 1453/4353 1452/4354
f 1455/4355 1456/4356 1457/4357
f 1455/4355 1457/4357 1458/4358
f 1451/4359 1455/4360 1458/4361
f 1451/4359 1458/4361 1454/4362
f 1452/4363 1453/4364 1457/4365
f 1452/4363 1457/4365 1456/4366
f 1454/4367 1458/4368 1457/4369
f 1454/4367 1457/4369 1453/4370
f 1451/4371 1452/4372 1456/4373
f 1451/4371 1456/4373 1455/4374
f 1459/4375 1462/4376 1461/4377
f 1459/4375 1461/4377 1460/4378
f 1463/4379 1464/4380 1465/4381
f 1463/4379 1465/4381 1466/4382
f 1459/4383 1463/4384 1466/4385
f 1459/4383 1466/4385 1462/4386
f 1460/4387 1461/4388 1465/4389
f 1460/4387 1465/4389 1464/4390
f 1462/4391 1466/4392 1465/4393
f 1462/4391 1465/4393 1461/4394
f 1459/4395 1460/4396 1464/4397
f 1459/4395 1464/4397 1463/4398
f 1467/4399 1470/4400 1469/4401
f 1467/4399 1469/4401 1468/4402
f 1471/4403 1472/4404 1473/4405
f 1471/4403 1473/4405 1474/4406
f 1467/4407 1471/4408 1474/4409
f 1467/4407 1474/4409 1470/4410
f 1468/4411 1469/4412 1473/4413
f 1468/4411 1473/4413 1472/4414
f 1470/4415 1474/4416 1473/4417
f 1470/4415 1473/4417 1469/4418
f 1467/4419 1468/4420 1472/4421
f 1467/4419 1472/4421 1471/4422
f 1475/4423 1478/4424 1477/4425
f 1475/4423 1477/4425 1476/4426
f 1479/4427 1480/4428 1481/4429
f 1479/4427 1481/4429 1482/4430
f 1475/4431 1479/4432 1482/4433
f 1475/4431 1482/4433 1478/4434
f 1476/4435 1477/4436 1481/4437
f 1476/4435 1481/4437 1480/4438
f 1478/4439 1482/4440 1481/4441
f 1478/4439 1481/4441 1477/4442
f 1475/4443 1476/4444 1480/4445
f 1475/4443 1480/4445 1479/4446
f 1483/4447 1486/4448 1485/4449
f 1483/4447 1485/4449 1484/4450
f 1487/4451 1488/4452 1489/4453
f 1487/4451 1489/4453 1490/4454
f 1483/4455 1487/4456 1490/4457
f 1483/4455 1490/4457 1486/4458
f 1484/4459 1485/4460 1489/4461
f 1484/4459 1489/4461 1488/4462
f 1486/4463 1490/4464 1489/4465
f 1486/4463 1489/4465 1485/4466
f 1483/4467 1484/4468 1488/4469
f 1483/4467 1488/4469 1487/4470
f 1491/4471 1494/4472 1493/4473
f 1491/4471 1493/4473 1492/4474
f 1495/4475 1496/4476 1497/4477
f 1495/4475 1497/4477 1498/4478
f 1491/4479 1495/4480 1498/4481
f 1491/4479 1498/4481 1494/4482
f 1492/4483 1493/4484 1497/4485
f 1492/4483 1497/4485 1496/4486
f 1494/4487 1498/4488 1497/4489
f 1494/4487 1497/4489 1493/4490
f 1491/4491 1492/4492 1496/4493
f 1491/4491 1496/4493 1495/4494
f 1503/4499 1504/4500 1505/4501
f 1503/4499 1505/4501 1506/4502
f 1499/4503 1503/4504 1506/4505
f 1499/4503 1506/4505 1502/4506
f 1500/4507 1501/4508 1505/4509
f 1500/4507 1505/4509 1504/4510
f 1502/4511 1506/4512 1505/4513
f 1502/4511 1505/4513 1501/4514
f 1499/4515 1500/4516 1504/4517
f 1499/4515 1504/4517 1503/4518
f 1507/4519 1510/4520 1509/4521
f 1507/4519 1509/4521 1508/4522
f 1511/4523 1512/4524 1513/4525
f 1511/4523 1513/4525 1514/4526
f 1507/4527 1511/4528 1514/4529
f 1507/4527 1514/4529 1510/4530
f 1508/4531 1509/4532 1513/4533
f 1508/4531 1513/4533 1512/4534
f 1510/4535 1514/4536 1513/4537
f 1510/4535 1513/4537 1509/4538
f 1507/4539 1508/4540 1512/4541
f 1507/4539 1512/4541 1511/4542
f 1515/4543 1518/4544 1517/4545
f 1515/4543 1517/4545 1516/4546
f 1519/4547 1520/4548 1521/4549
f 1519/4547 1521/4549 1522/4550
f 1515/4551 1519/4552 1522/4553
f 1515/4551 1522/4553 1518/4554
f 1516/4555 1517/4556 1521/4557
f 1516/4555 1521/4557 1520/4558
f 1518/4559 1522/4560 1521/4561
f 1518/4559 1521/4561 1517/4562
f 1515/4563 1516/4564 1520/4565
f 1515/4563 1520/4565 1519/4566
f 1523/4567 1526/4568 1525/4569
f 1523/4567 1525/4569 1524/4570
f 1527/4571 1528/4572 1529/4573
f 1527/4571 1529/4573 1530/4574
f 1523/4575 1527/4576 1530/4577
f 1523/4575 1530/4577 1526/4578
f 1524/4579 1525/4580 1529/4581
f 1524/4579 1529/4581 1528/4582
f 1526/4583 1530/4584 1529/4585
f 1526/4583 1529/4585 1525/4586
f 1523/4587 1524/4588 1528/4589
f 1523/4587 1528/4589 1527/4590
f 1531/4591 1534/4592 1533/4593
f 1531/4591 1533/4593 1532/4594
f 1535/4595 1536/4596 1537/4597
f 1535/4595 1537/4597 1538/4598
f 1531/4599 1535/4600 1538/4601
f 1531/4599 1538/4601 1534/4602
f 1532/4603 1533/4604 1537/4605
f 1532/4603 1537/4605 1536/4606
f 1534/4607 1538/4608 1537/4609
f 1534/4607 1537/4609 1533/4610
f 1531/4611 1532/4612 1536/4613
f 1531/4611 1536/4613 1535/4614
g arm_l
f 1539/4615 1542/4616 1541/4617
f 1539/4615 1541/4617 1540/4618
f 1543/4619 1544/4620 1545/4621
f 1543/4619 1545/4621 1546/4622
f 1539/4623 1543/4624 1546/4625
f 1539/4623 1546/4625 1542/4626
f 1540/4627 1541/4628 1545/4629
f 1540/4627 1545/4629 1544/4630
f 1542/4631 1546/4632 1545/4633
f 1542/4631 1545/4633 1541/4634
f 1539/4635 1540/4636 1544/4637
f 1539/4635 1544/4637 1543/4638
f 1547/4639 1550/4640 1549/4641
f 1547/4639 1549/4641 1548/4642
f 1551/4643 1552/4644 1553/4645
f 1551/4643 1553/4645 1554/4646
f 1547/4647 1551/4648 1554/4649
f 1547/4647 1554/4649 1550/4650
f 1548/4651 1549/4652 1553/4653
f 1548/4651 1553/4653 1552/4654
f 1550/4655 1554/4656 1553/4657
f 1550/4655 1553/4657 1549/4658
f 1547/4659 1548/4660 1552/4661
f 1547/4659 1552/4661 1551/4662
f 1555/4663 1558/4664 1557/4665
f 1555/4663 1557/4665 1556/4666
f 1559/4667 1560/4668 1561/4669
f 1559/4667 1561/4669 1562/4670
f 1555/4671 1559/4672 1562/4673
f 1555/4671 1562/4673 1558/4674
f 1556/4675 1557/4676 1561/4677
f 1556/4675 1561/4677 1560/4678
f 1558/4679 1562/4680 1561/4681
f 1558/4679 1561/4681 1557/4682
f 1555/4683 1556/4684 1560/4685
f 1555/4683 1560/4685 1559/4686
f 1563/4687 1566/4688 1565/4689
f 1563/4687 1565/4689 1564/4690
f 1567/4691 1568/4692 1569/4693
f 1567/4691 1569/4693 1570/4694
f 1563/4695 1567/4696 1570/4697
f 1563/4695 1570/4697 1566/4698
f 1564/4699 1565/4700 1569/4701
f 1564/4699 1569/4701 1568/4702
f 1566/4703 1570/4704 1569/4705
f 1566/4703 1569/4705 1565/4706
f 1563/4707 1564/4708 1568/4709
f 1563/4707 1568/4709 1567/4710
f 1571/4711 1574/4712 1573/4713
f 1571/4711 1573/4713 1572/4714
f 1575/4715 1576/4716 1577/4717
f 1575/4715 1577/4717 1578/4718
f 1571/4719 1575/4720 1578/4721
f 1571/4719 1578/4721 1574/4722
f 1572/4723 1573/4724 1577/4725
f 1572/4723 1577/4725 1576/4726
f 1574/4727 1578/4728 1577/4729
f 1574/4727 1577/4729 1573/4730
f 1571/4731 1572/4732 1576/4733
f 1571/4731 1576/4733 1575/4734
f 1579/4735 1582/4736 1581/4737
f 1579/4735 1581/4737 1580/4738
f 1583/4739 1584/4740 1585/4741
f 1583/4739 1585/4741 1586/4742
f 1579/4743 1583/4744 1586/4745
f 1579/4743 1586/4745 1582/4746
f 1580/4747 1581/4748 1585/4749
f 1580/4747 1585/4749 1584/4750
f 1582/4751 1586/4752 1585/4753
f 1582/4751 1585/4753 1581/4754
f 1579/4755 1580/4756 1584/4757
f 1579/4755 1584/4757 1583/4758
f 1587/4759 1590/4760 1589/4761
f 1587/4759 1589/4761 1588/4762
f 1591/4763 1592/4764 1593/4765
f 1591/4763 1593/4765 1594/4766
f 1587/4767 1591/4768 1594/4769
f 1587/4767 1594/4769 1590/4770
f 1588/4771 1589/4772 1593/4773
f 1588/4771 1593/4773 1592/4774
f 1590/4775 1594/4776 1593/4777
f 1590/4775 1593/4777 1589/4778
f 1587/4779 1588/4780 1592/4781
f 1587/4779 1592/4781 1591/4782
f 1595/4783 1598/4784 1597/4785
f 1595/4783 1597/4785 1596/4786
f 1599/4787 1600/4788 1601/4789
f 1599/4787 1601/4789 1602/4790
f 1595/4791 1599/4792 1602/4793
f 1595/4791 1602/4793 1598/4794
f 1596/4795 1597/4796 1601/4797
f 1596/4795 1601/4797 1600/4798
f 1598/4799 1602/4800 1601/4801
f 1598/4799 1601/4801 1597/4802
f 1595/4803 1596/4804 1600/4805
f 1595/4803 1600/4805 1599/4806
f 1603/4807 1606/4808 1605/4809
f 1603/4807 1605/4809 1604/4810
f 1607/4811 1608/4812 1609/4813
f 1607/4811 1609/4813 1610/4814
f 1603/4815 1607/4816 1610/4817
f 1603/4815 1610/4817 1606/4818
f 1604/4819 1605/4820 1609/4821
f 1604/4819 1609/4821 1608/4822
f 1606/4823 1610/4824 1609/4825
f 1606/4823 1609/4825 1605/4826
f 1603/4827 1604/4828 1608/4829
f 1603/4827 1608/4829 1607/4830
f 1611/4831 1614/4832 1613/4833
f 1611/4831 1613/4833 1612/4834
f 1615/4835 1616/4836 1617/4837
f 1615/4835 1617/4837 1618/4838
f 1611/4839 1615/4840 1618/4841
f 1611/4839 1618/4841 1614/4842
f 1612/4843 1613/4844 1617/4845
f 1612/4843 1617/4845 1616/4846
f 1614/4847 1618/4848 1617/4849
f 1614/4847 1617/4849 1613/4850
f 1611/4851 1612/4852 1616/4853
f 1611/4851 1616/4853 1615/4854
g forearm_l
f 1619/4855 1622/4856 1621/4857
f 1619/4855 1621/4857 1620/4858
f 1623/4859 1624/4860 1625/4861
f 1623/4859 1625/4861 1626/4862
f 1619/4863 1623/4864 1626/4865
f 1619/4863 1626/4865 1622/4866
f 1620/4867 1621/4868 1625/4869
f 1620/4867 1625/4869 1624/4870
f 1622/4871 1626/4872 1625/4873
f 1622/4871 1625/4873 1621/4874
f 1619/4875 1620/4876 1624/4877
f 1619/4875 1624/4877 1623/4878
f 1627/4879 1630/4880 1629/4881
f 1627/4879 1629/4881 1628/4882
f 1631/4883 1632/4884 1633/4885
f 1631/4883 1633/4885 1634/4886
f 1627/4887 1631/4888 1634/4889
f 1627/4887 1634/4889 1630/4890
f 1628/4891 1629/4892 1633/4893
f 1628/4891 1633/4893 1632/4894
f 1630/4895 1634/4896 1633/4897
f 1630/4895 1633/4897 1629/4898
f 1627/4899 1628/4900 1632/4901
f 1627/4899 1632/4901 1631/4902
f 1635/4903 1638/4904 1637/4905
f 1635/4903 1637/4905 1636/4906
f 1639/4907 1640/4908 1641/4909
f 1639/4907 1641/4909 1642/4910
f 1635/4911 1639/4912 1642/4913
f 1635/4911 1642/4913 1638/4914
f 1636/4915 1637/4916 1641/4917
f 1636/4915 1641/4917 1640/4918
f 1638/4919 1642/4920 1641/4921
f 1638/4919 1641/4921 1637/4922
f 1635/4923 1636/4924 1640/4925
f 1635/4923 1640/4925 1639/4926
f 1643/4927 1646/4928 1645/4929
f 1643/4927 1645/4929 1644/4930
f 1647/4931 1648/4932 1649/4933
f 1647/4931 1649/4933 1650/4934
f 1643/4935 1647/4936 1650/4937
f 1643/4935 1650/4937 1646/4938
f 1644/4939 1645/4940 1649/4941
f 1644/4939 1649/4941 1648/4942
f 1646/4943 1650/4944 1649/4945
f 1646/4943 1649/4945 1645/4946
f 1643/4947 1644/4948 1648/4949
f 1643/4947 1648/4949 1647/4950
f 1651/4951 1654/4952 1653/4953
f 1651/4951 1653/4953 1652/4954
f 1655/4955 1656/4956 1657/4957
f 1655/4955 1657/4957 1658/4958
f 1651/4959 1655/4960 1658/4961
f 1651/4959 1658/4961 1654/4962
f 1652/4963 1653/4964 1657/4965
f 1652/4963 1657/4965 1656/4966
f 1654/4967 1658/4968 1657/4969
f 1654/4967 1657/4969 1653/4970
f 1651/4971 1652/4972 1656/4973
f 1651/4971 1656/4973 1655/4974
f 1659/4975 1662/4976 1661/4977
f 1659/4975 1661/4977 1660/4978
f 1663/4979 1664/4980 1665/4981
f 1663/4979 1665/4981 1666/4982
f 1659/4983 1663/4984 1666/4985
f 1659/4983 1666/4985 1662/4986
f 1660/4987 1661/4988 1665/4989
f 1660/4987 1665/4989 1664/4990
f 1662/4991 1666/4992 1665/4993
f 1662/4991 1665/4993 1661/4994
f 1659/4995 1660/4996 1664/4997
f 1659/4995 1664/4997 1663/4998
f 1667/4999 1670/5000 1669/5001
f 1667/4999 1669/5001 1668/5002
f 1671/5003 1672/5004 1673/5005
f 1671/5003 1673/5005 1674/5006
f 1667/5007 1671/5008 1674/5009
f 1667/5007 1674/5009 1670/5010
f 1668/5011 1669/5012 1673/5013
f 1668/5011 1673/5013 1672/5014
f 1670/5015 1674/5016 1673/5017
f 1670/5015 1673/5017 1669/5018
f 1667/5019 1668/5020 1672/5021
f 1667/5019 1672/5021 1671/5022
f 1675/5023 1678/5024 1677/5025
f 1675/5023 1677/5025 1676/5026
f 1679/5027 1680/5028 1681/5029
f 1679/5027 1681/5029 1682/5030
f 1675/5031 1679/5032 1682/5033
f 1675/5031 1682/5033 1678/5034
f 1676/5035 1677/5036 1681/5037
f 1676/5035 1681/5037 1680/5038
f 1678/5039 1682/5040 1681/5041
f 1678/5039 1681/5041 1677/5042
f 1675/5043 1676/5044 1680/5045
f 1675/5043 1680/5045 1679/5046
f 1683/5047 1686/5048 1685/5049
f 1683/5047 1685/5049 1684/5050
f 1687/5051 1688/5052 1689/5053
f 1687/5051 1689/5053 1690/5054
f 1683/5055 1687/5056 1690/5057
f 1683/5055 1690/5057 1686/5058
f 1684/5059 1685/5060 1689/5061
f 1684/5059 1689/5061 1688/5062
f 1686/5063 1690/5064 1689/5065
f 1686/5063 1689/5065 1685/5066
f 1683/5067 1684/5068 1688/5069
f 1683/5067 1688/5069 1687/5070
f 1691/5071 1694/5072 1693/5073
f 1691/5071 1693/5073 1692/5074
f 1695/5075 1696/5076 1697/5077
f 1695/5075 1697/5077 1698/5078
f 1691/5079 1695/5080 1698/5081
f 1691/5079 1698/5081 1694/5082
f 1692/5083 1693/5084 1697/5085
f 1692/5083 1697/5085 1696/5086
f 1694/5087 1698/5088 1697/5089
f 1694/5087 1697/5089 1693/5090
f 1691/5091 1692/5092 1696/5093
f 1691/5091 1696/5093 1695/5094
f 1699/5095 1702/5096 1701/5097
f 1699/5095 1701/5097 1700/5098
f 1703/5099 1704/5100 1705/5101
f 1703/5099 1705/5101 1706/5102
f 1699/5103 1703/5104 1706/5105
f 1699/5103 1706/5105 1702/5106
f 1700/5107 1701/5108 1705/5109
f 1700/5107 1705/5109 1704/5110
f 1702/5111 1706/5112 1705/5113
f 1702/5111 1705/5113 1701/5114
f 1699/5115 1700/5116 1704/5117
f 1699/5115 1704/5117 1703/5118
f 1707/5119 1710/5120 1709/5121
f 1707/5119 1709/5121 1708/5122
f 1711/5123 1712/5124 1713/5125
f 1711/5123 1713/5125 1714/5126
f 1707/5127 1711/5128 1714/5129
f 1707/5127 1714/5129 1710/5130
f 1708/5131 1709/5132 1713/5133
f 1708/5131 1713/5133 1712/5134
f 1710/5135 1714/5136 1713/5137
f 1710/5135 1713/5137 1709/5138
f 1707/5139 1708/5140 1712/5141
f 1707/5139 1712/5141 1711/5142
f 1715/5143 1718/5144 1717/5145
f 1715/5143 1717/5145 1716/5146
f 1719/5147 1720/5148 1721/5149
f 1719/5147 1721/5149 1722/5150
f 1715/5151 1719/5152 1722/5153
f 1715/5151 1722/5153 1718/5154
f 1716/5155 1717/5156 1721/5157
f 1716/5155 1721/5157 1720/5158
f 1718/5159 1722/5160 1721/5161
f 1718/5159 1721/5161 1717/5162
f 1715/5163 1716/5164 1720/5165
f 1715/5163 1720/5165 1719/5166
f 1723/5167 1726/5168 1725/5169
f 1723/5167 1725/5169 1724/5170
f 1727/5171 1728/5172 1729/5173
f 1727/5171 1729/5173 1730/5174
f 1723/5175 1727/5176 1730/5177
f 1723/5175 1730/5177 1726/5178
f 1724/5179 1725/5180 1729/5181
f 1724/5179 1729/5181 1728/5182
f 1726/5183 1730/5184 1729/5185
f 1726/5183 1729/5185 1725/5186
f 1723/5187 1724/5188 1728/5189
f 1723/5187 1728/5189 1727/5190
f 1731/5191 1734/5192 1733/5193
f 1731/5191 1733/5193 1732/5194
f 1735/5195 1736/5196 1737/5197
f 1735/5195 1737/5197 1738/5198
f 1731/5199 1735/5200 1738/5201
f 1731/5199 1738/5201 1734/5202
f 1732/5203 1733/5204 1737/5205
f 1732/5203 1737/5205 1736/5206
f 1734/5207 1738/5208 1737/5209
f 1734/5207 1737/5209 1733/5210
f 1731/5211 1732/5212 1736/5213
f 1731/5211 1736/5213 1735/5214
f 1739/5215 1742/5216 1741/5217
f 1739/5215 1741/5217 1740/5218
f 1743/5219 1744/5220 1745/5221
f 1743/5219 1745/5221 1746/5222
f 1739/5223 1743/5224 1746/5225
f 1739/5223 1746/5225 1742/5226
f 1740/5227 1741/5228 1745/5229
f 1740/5227 1745/5229 1744/5230
f 1742/5231 1746/5232 1745/5233
f 1742/5231 1745/5233 1741/5234
f 1739/5235 1740/5236 1744/5237
f 1739/5235 1744/5237 1743/5238
f 1747/5239 1750/5240 1749/5241
f 1747/5239 1749/5241 1748/5242
f 1751/5243 1752/5244 1753/5245
f 1751/5243 1753/5245 1754/5246
f 1747/5247 1751/5248 1754/5249
f 1747/5247 1754/5249 1750/5250
f 1748/5251 1749/5252 1753/5253
f 1748/5251 1753/5253 1752/5254
f 1750/5255 1754/5256 1753/5257
f 1750/5255 1753/5257 1749/5258
f 1747/5259 1748/5260 1752/5261
f 1747/5259 1752/5261 1751/5262
f 1755/5263 1758/5264 1757/5265
f 1755/5263 1757/5265 1756/5266
f 1759/5267 1760/5268 1761/5269
f 1759/5267 1761/5269 1762/5270
f 1755/5271 1759/5272 1762/5273
f 1755/5271 1762/5273 1758/5274
f 1756/5275 1757/5276 1761/5277
f 1756/5275 1761/5277 1760/5278
f 1758/5279 1762/5280 1761/5281
f 1758/5279 1761/5281 1757/5282
f 1755/5283 1756/5284 1760/5285
f 1755/5283 1760/5285 1759/5286
g hand_l
f 1763/5287 1766/5288 1765/5289
f 1763/5287 1765/5289 1764/5290
f 1767/5291 1768/5292 1769/5293
f 1767/5291 1769/5293 1770/5294
f 1763/5295 1767/5296 1770/5297
f 1763/5295 1770/5297 1766/5298
f 1764/5299 1765/5300 1769/5301
f 1764/5299 1769/5301 1768/5302
f 1766/5303 1770/5304 1769/5305
f 1766/5303 1769/5305 1765/5306
f 1763/5307 1764/5308 1768/5309
f 1763/5307 1768/5309 1767/5310
f 1771/5311 1774/5312 1773/5313
f 1771/5311 1773/5313 1772/5314
f 1775/5315 1776/5316 1777/5317
f 1775/5315 1777/5317 1778/5318
f 1771/5319 1775/5320 1778/5321
f 1771/5319 1778/5321 1774/5322
f 1772/5323 1773/5324 1777/5325
f 1772/5323 1777/5325 1776/5326
f 1774/5327 1778/5328 1777/5329
f 1774/5327 1777/5329 1773/5330
f 1771/5331 1772/5332 1776/5333
f 1771/5331 1776/5333 1775/5334
f 1779/5335 1782/5336 1781/5337
f 1779/5335 1781/5337 1780/5338
f 1783/5339 1784/5340 1785/5341
f 1783/5339 1785/5341 1786/5342
f 1779/5343 1783/5344 1786/5345
f 1779/5343 1786/5345 1782/5346
f 1780/5347 1781/5348 1785/5349
f 1780/5347 1785/5349 1784/5350
f 1782/5351 1786/5352 1785/5353
f 1782/5351 1785/5353 1781/5354
f 1779/5355 1780/5356 1784/5357
f 1779/5355 1784/5357 1783/5358
f 1787/5359 1790/5360 1789/5361
f 1787/5359 1789/5361 1788/5362
f 1791/5363 1792/5364 1793/5365
f 1791/5363 1793/5365 1794/5366
f 1787/5367 1791/5368 1794/5369
f 1787/5367 1794/5369 1790/5370
f 1788/5371 1789/5372 1793/5373
f 1788/5371 1793/5373 1792/5374
f 1790/5375 1794/5376 1793/5377
f 1790/5375 1793/5377 1789/5378
f 1787/5379 1788/5380 1792/5381
f 1787/5379 1792/5381 1791/5382
f 1795/5383 1798/5384 1797/5385
f 1795/5383 1797/5385 1796/5386
f 1799/5387 1800/5388 1801/5389
f 1799/5387 1801/5389 1802/5390
f 1795/5391 1799/5392 1802/5393
f 1795/5391 1802/5393 1798/5394
f 1796/5395 1797/5396 1801/5397
f 1796/5395 1801/5397 1800/5398
f 1798/5399 1802/5400 1801/5401
f 1798/5399 1801/5401 1797/5402
f 1795/5403 1796/5404 1800/5405
f 1795/5403 1800/5405 1799/5406
g leg_l
f 1803/5407 1806/5408 1805/5409
f 1803/5407 1805/5409 1804/5410
f 1807/5411 1808/5412 1809/5413
f 1807/5411 1809/5413 1810/5414
f 1803/5415 1807/5416 1810/5417
f 1803/5415 1810/5417 1806/5418
f 1804/5419 1805/5420 1809/5421
f 1804/5419 1809/5421 1808/5422
f 1806/5423 1810/5424 1809/5425
f 1806/5423 1809/5425 1805/5426
f 1803/5427 1804/5428 1808/5429
f 1803/5427 1808/5429 1807/5430
f 1811/5431 1814/5432 1813/5433
f 1811/5431 1813/5433 1812/5434
f 1815/5435 1816/5436 1817/5437
f 1815/5435 1817/5437 1818/5438
f 1811/5439 1815/5440 1818/5441
f 1811/5439 1818/5441 1814/5442
f 1812/5443 1813/5444 1817/5445
f 1812/5443 1817/5445 1816/5446
f 1814/5447 1818/5448 1817/5449
f 1814/5447 1817/5449 1813/5450
f 1811/5451 1812/5452 1816/5453
f 1811/5451 1816/5453 1815/5454
f 1819/5455 1822/5456 1821/5457
f 1819/5455 1821/5457 1820/5458
f 1823/5459 1824/5460 1825/5461
f 1823/5459 1825/5461 1826/5462
f 1819/5463 1823/5464 1826/5465
f 1819/5463 1826/5465 1822/5466
f 1820/5467 1821/5468 1825/5469
f 1820/5467 1825/5469 1824/5470
f 1822/5471 1826/5472 1825/5473
f 1822/5471 1825/5473 1821/5474
f 1819/5475 1820/5476 1824/5477
f 1819/5475 1824/5477 1823/5478
f 1827/5479 1830/5480 1829/5481
f 1827/5479 1829/5481 1828/5482
f 1831/5483 1832/5484 1833/5485
f 1831/5483 1833/5485 1834/5486
f 1827/5487 1831/5488 1834/5489
f 1827/5487 1834/5489 1830/5490
f 1828/5491 1829/5492 1833/5493
f 1828/5491 1833/5493 1832/5494
f 1830/5495 1834/5496 1833/5497
f 1830/5495 1833/5497 1829/5498
f 1827/5499 1828/5500 1832/5501
f 1827/5499 1832/5501 1831/5502
g shin_l
f 1835/5503 1838/5504 1837/5505
f 1835/5503 1837/5505 1836/5506
f 1839/5507 1840/5508 1841/5509
f 1839/5507 1841/5509 1842/5510
f 1835/5511 1839/5512 1842/5513
f 1835/5511 1842/5513 1838/5514
f 1836/5515 1837/5516 1841/5517
f 1836/5515 1841/5517 1840/5518
f 1838/5519 1842/5520 1841/5521
f 1838/5519 1841/5521 1837/5522
f 1835/5523 1836/5524 1840/5525
f 1835/5523 1840/5525 1839/5526
f 1843/5527 1846/5528 1845/5529
f 1843/5527 1845/5529 1844/5530
f 1847/5531 1848/5532 1849/5533
f 1847/5531 1849/5533 1850/5534
f 1843/5535 1847/5536 1850/5537
f 1843/5535 1850/5537 1846/5538
f 1844/5539 1845/5540 1849/5541
f 1844/5539 1849/5541 1848/5542
f 1846/5543 1850/5544 1849/5545
f 1846/5543 1849/5545 1845/5546
f 1843/5547 1844/5548 1848/5549
f 1843/5547 1848/5549 1847/5550
f 1851/5551 1854/5552 1853/5553
f 1851/5551 1853/5553 1852/5554
f 1855/5555 1856/5556 1857/5557
f 1855/5555 1857/5557 1858/5558
f 1851/5559 1855/5560 1858/5561
f 1851/5559 1858/5561 1854/5562
f 1852/5563 1853/5564 1857/5565
f 1852/5563 1857/5565 1856/5566
f 1854/5567 1858/5568 1857/5569
f 1854/5567 1857/5569 1853/5570
f 1851/5571 1852/5572 1856/5573
f 1851/5571 1856/5573 1855/5574
f 1859/5575 1862/5576 1861/5577
f 1859/5575 1861/5577 1860/5578
f 1863/5579 1864/5580 1865/5581
f 1863/5579 1865/5581 1866/5582
f 1859/5583 1863/5584 1866/5585
f 1859/5583 1866/5585 1862/5586
f 1860/5587 1861/5588 1865/5589
f 1860/5587 1865/5589 1864/5590
f 1862/5591 1866/5592 1865/5593
f 1862/5591 1865/5593 1861/5594
f 1859/5595 1860/5596 1864/5597
f 1859/5595 1864/5597 1863/5598
f 1867/5599 1870/5600 1869/5601
f 1867/5599 1869/5601 1868/5602
f 1871/5603 1872/5604 1873/5605
f 1871/5603 1873/5605 1874/5606
f 1867/5607 1871/5608 1874/5609
f 1867/5607 1874/5609 1870/5610
f 1868/5611 1869/5612 1873/5613
f 1868/5611 1873/5613 1872/5614
f 1870/5615 1874/5616 1873/5617
f 1870/5615 1873/5617 1869/5618
f 1867/5619 1868/5620 1872/5621
f 1867/5619 1872/5621 1871/5622
f 1875/5623 1878/5624 1877/5625
f 1875/5623 1877/5625 1876/5626
f 1879/5627 1880/5628 1881/5629
f 1879/5627 1881/5629 1882/5630
f 1875/5631 1879/5632 1882/5633
f 1875/5631 1882/5633 1878/5634
f 1876/5635 1877/5636 1881/5637
f 1876/5635 1881/5637 1880/5638
f 1878/5639 1882/5640 1881/5641
f 1878/5639 1881/5641 1877/5642
f 1875/5643 1876/5644 1880/5645
f 1875/5643 1880/5645 1879/5646
f 1883/5647 1886/5648 1885/5649
f 1883/5647 1885/5649 1884/5650
f 1887/5651 1888/5652 1889/5653
f 1887/5651 1889/5653 1890/5654
f 1883/5655 1887/5656 1890/5657
f 1883/5655 1890/5657 1886/5658
f 1884/5659 1885/5660 1889/5661
f 1884/5659 1889/5661 1888/5662
f 1886/5663 1890/5664 1889/5665
f 1886/5663 1889/5665 1885/5666
f 1883/5667 1884/5668 1888/5669
f 1883/5667 1888/5669 1887/5670
f 1891/5671 1894/5672 1893/5673
f 1891/5671 1893/5673 1892/5674
f 1895/5675 1896/5676 1897/5677
f 1895/5675 1897/5677 1898/5678
f 1891/5679 1895/5680 1898/5681
f 1891/5679 1898/5681 1894/5682
f 1892/5683 1893/5684 1897/5685
f 1892/5683 1897/5685 1896/5686
f 1894/5687 1898/5688 1897/5689
f 1894/5687 1897/5689 1893/5690
f 1891/5691 1892/5692 1896/5693
f 1891/5691 1896/5693 1895/5694
f 1899/5695 1902/5696 1901/5697
f 1899/5695 1901/5697 1900/5698
f 1903/5699 1904/5700 1905/5701
f 1903/5699 1905/5701 1906/5702
f 1899/5703 1903/5704 1906/5705
f 1899/5703 1906/5705 1902/5706
f 1900/5707 1901/5708 1905/5709
f 1900/5707 1905/5709 1904/5710
f 1902/5711 1906/5712 1905/5713
f 1902/5711 1905/5713 1901/5714
f 1899/5715 1900/5716 1904/5717
f 1899/5715 1904/5717 1903/5718
f 1907/5719 1910/5720 1909/5721
f 1907/5719 1909/5721 1908/5722
f 1911/5723 1912/5724 1913/5725
f 1911/5723 1913/5725 1914/5726
f 1907/5727 1911/5728 1914/5729
f 1907/5727 1914/5729 1910/5730
f 1908/5731 1909/5732 1913/5733
f 1908/5731 1913/5733 1912/5734
f 1910/5735 1914/5736 1913/5737
f 1910/5735 1913/5737 1909/5738
f 1907/5739 1908/5740 1912/5741
f 1907/5739 1912/5741 1911/5742
f 1915/5743 1918/5744 1917/5745
f 1915/5743 1917/5745 1916/5746
f 1919/5747 1920/5748 1921/5749
f 1919/5747 1921/5749 1922/5750
f 1915/5751 1919/5752 1922/5753
f 1915/5751 1922/5753 1918/5754
f 1916/5755 1917/5756 1921/5757
f 1916/5755 1921/5757 1920/5758
f 1918/5759 1922/5760 1921/5761
f 1918/5759 1921/5761 1917/5762
f 1915/5763 1916/5764 1920/5765
f 1915/5763 1920/5765 1919/5766
f 1923/5767 1926/5768 1925/5769
f 1923/5767 1925/5769 1924/5770
f 1927/5771 1928/5772 1929/5773
f 1927/5771 1929/5773 1930/5774
f 1923/5775 1927/5776 1930/5777
f 1923/5775 1930/5777 1926/5778
f 1924/5779 1925/5780 1929/5781
f 1924/5779 1929/5781 1928/5782
f 1926/5783 1930/5784 1929/5785
f 1926/5783 1929/5785 1925/5786
f 1923/5787 1924/5788 1928/5789
f 1923/5787 1928/5789 1927/5790
f 1931/5791 1934/5792 1933/5793
f 1931/5791 1933/5793 1932/5794
f 1935/5795 1936/5796 1937/5797
f 1935/5795 1937/5797 1938/5798
f 1931/5799 1935/5800 1938/5801
f 1931/5799 1938/5801 1934/5802
f 1932/5803 1933/5804 1937/5805
f 1932/5803 1937/5805 1936/5806
f 1934/5807 1938/5808 1937/5809
f 1934/5807 1937/5809 1933/5810
f 1931/5811 1932/5812 1936/5813
f 1931/5811 1936/5813 1935/5814
f 1939/5815 1942/5816 1941/5817
f 1939/5815 1941/5817 1940/5818
f 1943/5819 1944/5820 1945/5821
f 1943/5819 1945/5821 1946/5822
f 1939/5823 1943/5824 1946/5825
f 1939/5823 1946/5825 1942/5826
f 1940/5827 1941/5828 1945/5829
f 1940/5827 1945/5829 1944/5830
f 1942/5831 1946/5832 1945/5833
f 1942/5831 1945/5833 1941/5834
f 1939/5835 1940/5836 1944/5837
f 1939/5835 1944/5837 1943/5838
f 1947/5839 1950/5840 1949/5841
f 1947/5839 1949/5841 1948/5842
f 1951/5843 1952/5844 1953/5845
f 1951/5843 1953/5845 1954/5846
f 1947/5847 1951/5848 1954/5849
f 1947/5847 1954/5849 1950/5850
f 1948/5851 1949/5852 1953/5853
f 1948/5851 1953/5853 1952/5854
f 1950/5855 1954/5856 1953/5857
f 1950/5855 1953/5857 1949/5858
f 1947/5859 1948/5860 1952/5861
f 1947/5859 1952/5861 1951/5862
f 1955/5863 1958/5864 1957/5865
f 1955/5863 1957/5865 1956/5866
f 1959/5867 1960/5868 1961/5869
f 1959/5867 1961/5869 1962/5870
f 1955/5871 1959/5872 1962/5873
f 1955/5871 1962/5873 1958/5874
f 1956/5875 1957/5876 1961/5877
f 1956/5875 1961/5877 1960/5878
f 1958/5879 1962/5880 1961/5881
f 1958/5879 1961/5881 1957/5882
f 1955/5883 1956/5884 1960/5885
f 1955/5883 1960/5885 1959/5886
g core__glow
f 625/1873 628/1874 627/1875
f 625/1873 627/1875 626/1876
f 633/1897 636/1898 635/1899
f 633/1897 635/1899 634/1900
f 641/1921 644/1922 643/1923
f 641/1921 643/1923 642/1924
g shoulder_r__glow
f 859/2575 862/2576 861/2577
f 859/2575 861/2577 860/2578
g shoulder_l__glow
f 1499/4495 1502/4496 1501/4497
f 1499/4495 1501/4497 1500/4498
