# do-02 | final single-asset pipeline | blocks +Y up -Z front
mtllib do-02.mtl
v -11.267575530459 33.460068177045 -5.432839466535
v 7.208668661105 30.881098282301 -7.807446106887
v 10.885140690956 35.881055726868 -7.406760110480
v 9.613644479880 37.974405042149 -6.939900678982
v -9.586497123661 40.000000000000 -4.575906929248
v -11.174210563156 33.321106139249 -4.555467689918
v 7.302033628408 30.742136244505 -6.930074330270
v 10.978505658259 35.742093689072 -6.529388333862
v 9.707009447183 37.835443004353 -6.062528902365
v -9.493132156359 39.861037962204 -3.698535152630
v -7.617496633352 32.266181429088 -9.008577525130
v 6.459730447913 31.069702728294 -10.533607018412
v 8.753964102446 33.829666170874 -8.650679761775
v -4.435599481951 36.202575364263 -6.318811149329
v -7.596492677073 31.944002961440 -8.561925745909
v 6.480734404192 30.747524260646 -10.086955239191
v 8.774968058725 33.507487703226 -8.204027982554
v -4.414595525672 35.880396896615 -5.872159370108
v -4.418857492027 33.023242509346 -8.853268505869
v 0.542976854956 32.499774149451 -9.464188238946
v 2.651394549846 34.297917020966 -8.266302488198
v -2.881123127555 35.285707627142 -7.293621658356
v -4.414149708723 32.951030094183 -8.753156900181
v 0.547684638260 32.427561734289 -9.364076633259
v 2.656102333150 34.225704605804 -8.166190882511
v -2.876415344251 35.213495211979 -7.193510052668
v 4.342805943958 32.620732835244 -6.148341842341
v 8.819370164795 33.477922396379 -6.488947127214
v 9.926775714715 37.139564426360 -6.026843870634
v 5.853436289448 37.779212616827 -5.492071689926
v 4.405380336938 32.527598703530 -5.560316077161
v 8.881944557774 33.384788264665 -5.900921362034
v 9.989350107695 37.046430294646 -5.438818105454
v 5.916010682427 37.686078485112 -4.904045924746
v -9.059403945490 37.363356509003 -5.228561763806
v -4.313301526637 36.862647643018 -5.812919769358
v -4.240861100581 37.449764760601 -5.727638255787
v -8.986963519434 37.950473626587 -5.143280250235
v -9.044505280494 37.341181715738 -5.088555629239
v -4.298402861642 36.840472849752 -5.672913634791
v -4.225962435586 37.427589967336 -5.587632121220
v -8.972064854439 37.928298833322 -5.003274115668
v -5.118956442755 34.761027563144 -6.060050426908
v -3.608832945847 34.601711105785 -6.245982519584
v -3.361683256950 36.604816565775 -5.955022061519
v -4.871806753858 36.764133023134 -5.769089968843
v -5.104057777760 34.738852769879 -5.920044292342
v -3.593934280852 34.579536312520 -6.105976385017
v -3.346784591955 36.582641772510 -5.815015926952
v -4.856908088863 36.741958229869 -5.629083834277
v -8.926224196519 34.900296448784 -5.632844392383
v -6.768904915223 34.672701509700 -5.898461667634
v -6.713509295297 35.121673423146 -5.833246392550
v -8.870828576594 35.349268362230 -5.567629117299
v -8.911325531524 34.878121655519 -5.492838257816
v -6.754006250227 34.650526716435 -5.758455533067
v -6.698610630302 35.099498629881 -5.693240257983
v -8.855929911599 35.327093568965 -5.427622982732
v 2.001913247708 37.123524170560 -6.443630605727
v 2.541243068032 37.066625435788 -6.510034924539
v 2.575332680294 37.342915844063 -6.469902447565
v 2.036002859970 37.399814578834 -6.403498128752
v 2.016811912703 37.101349377294 -6.303624471160
v 2.556141733027 37.044450642523 -6.370028789973
v 2.590231345289 37.320741050798 -6.329896312998
v 2.050901524965 37.377639785569 -6.263491994186
v 2.490764708677 36.483451791462 -6.674417577593
v 2.753394882052 36.455744581487 -6.706753593711
v 2.797158573469 36.810441727245 -6.655232170568
v 2.534528400094 36.838148937220 -6.622896154450
v 2.507649862338 36.458320359095 -6.515743958418
v 2.770280035713 36.430613149119 -6.548079974535
v 2.814043727130 36.785310294877 -6.496558551392
v 2.551413553755 36.813017504853 -6.464222535275
v -13.055402289088 12.710625471690 -8.528977873312
v -11.480576933878 27.595396547993 -6.339045789444
v -15.810325442865 30.261583141686 -5.456015846126
v -17.532231586800 29.134506332286 -5.451291713494
v -18.617612381636 13.701644499529 -7.780116780972
v -12.962037321785 12.571663433894 -7.651606096694
v -11.387211966575 27.456434510197 -5.461674012826
v -15.716960475562 30.122621103890 -4.578644069508
v -17.438866619497 28.995544294490 -4.573919936877
v -18.524247414333 13.562682461733 -6.902745004355
v -11.605107530994 16.149275757360 -8.628358639038
v -11.086779289698 27.455074074238 -7.028996799190
v -13.842619186407 29.202211353112 -7.874904957762
v -15.531570187783 18.568893061165 -9.842215085387
v -11.802006651360 16.086035797945 -8.117507009884
v -11.283678410064 27.391834114822 -6.518145170036
v -14.039518306772 29.138971393696 -7.364053328608
v -15.728469308148 18.505653101750 -9.331363456233
v -12.297622850707 18.716933107558 -8.787568786024
v -12.017131184626 22.705200772203 -8.185737588811
v -13.840128049395 24.334673942676 -8.686663194855
v -14.541317421646 19.874647379196 -9.509045752720
v -12.341755412169 18.702758633896 -8.673067558800
v -12.061263746087 22.691026298541 -8.071236361586
v -13.884260610856 24.320499469014 -8.572161967631
v -14.585449983107 19.860472905534 -9.394544525496
v -12.927186944321 25.010563334332 -5.515898818412
v -13.793789832993 28.537484026710 -4.865070455634
v -16.913386542679 29.224984436325 -4.424211160849
v -17.320440526063 25.939622516321 -4.901244975483
v -12.864612551341 24.917429202617 -4.927873053232
v -13.731215440014 28.444349894996 -4.277044690454
v -16.850812149700 29.131850304610 -3.836185395669
v -17.257866133083 25.846488384607 -4.313219210303
v -14.868407363952 14.747640490387 -8.192377832705
v -14.746454465656 16.481669909798 -7.930712094786
v -16.616784882945 16.580805663156 -7.715980495729
v -16.738737781241 14.846776243745 -7.977646233648
v -14.853508698957 14.725465697121 -8.052371698139
v -14.731555800661 16.459495116532 -7.790705960220
v -16.601886217950 16.558630869890 -7.575974361163
v -16.723839116246 14.824601450479 -7.837640099081
v -16.083392496363 17.074681554493 -7.694518855353
v -15.888267859090 19.849128625551 -7.275853674683
v -16.297402637871 19.870814571598 -7.228881137389
v -16.492527275145 17.096367500540 -7.647546318059
v -16.068493831368 17.052506761228 -7.554512720786
v -15.873369194094 19.826953832286 -7.135847540116
v -16.282503972876 19.848639778333 -7.088875002822
v -16.477628610150 17.074192707275 -7.507540183493
v -14.283481280340 18.893821135511 -7.597931874053
v -14.210309541362 19.934238787158 -7.440932431301
v -14.794787796765 19.965218710082 -7.373828806596
v -14.867959535743 18.924801058435 -7.530828249347
v -14.268582615345 18.871646342246 -7.457925739486
v -14.195410876367 19.912063993892 -7.300926296735
v -14.779889131770 19.943043916817 -7.233822672029
v -14.853060870747 18.902626265170 -7.390822114781
v -13.892231194505 16.740978668028 -7.980543255856
v -13.861742969931 17.174486022880 -7.915126821376
v -14.124758184862 17.188426988196 -7.884930190259
v -14.155246409436 16.754919633344 -7.950346624738
v -13.877332529510 16.718803874762 -7.840537121289
v -13.846844304936 17.152311229615 -7.775120686809
v -14.109859519867 17.166252194931 -7.744924055692
v -14.140347744441 16.732744840078 -7.810340490172
v -16.185524647594 24.172605859591 -6.559449758011
v -16.130645843361 24.952919098325 -6.441700175947
v -16.510556709373 24.973056048226 -6.398082819889
v -16.565435513606 24.192742809491 -6.515832401952
v -16.170625982599 24.150431066325 -6.419443623444
v -16.115747178366 24.930744305060 -6.301694041380
v -16.495658044378 24.950881254961 -6.258076685322
v -16.550536848611 24.170568016226 -6.375826267385
v 5.573177236940 7.077032434075 -11.403599959619
v -11.178452844806 10.112172624520 -9.140266771072
v -14.821834865200 4.845205210532 -9.586764244649
v -13.776779031133 2.596130802840 -10.054191597061
v 3.667985335871 0.138962037796 -12.299742555090
v 5.666542204242 6.938070396279 -10.526228183001
v -11.085087877503 9.973210586724 -8.262894994454
v -14.728469897897 4.706243172736 -8.709392468031
v -13.683414063830 2.457168765044 -9.176819820443
v 3.761350303174 0.000000000000 -11.422370778472
v 1.673727117686 9.386742618929 -13.713270371264
v -11.101048748389 10.827696848978 -11.952153190179
v -13.024980708847 7.371050784758 -10.490782146929
v -0.988788138199 4.457050666842 -11.643331159577
v 1.763982670015 9.555067703919 -13.196299826539
v -11.010793196060 10.996021933969 -11.435182645454
v -12.934725156518 7.539375869748 -9.973811602203
v -0.898532585871 4.625375751833 -11.126360614852
v -1.218633698914 8.511504763460 -13.130992598919
v -5.726831231960 9.146503433078 -12.550681677181
v -7.534423282682 6.892121942585 -11.501078019010
v -2.486104653171 5.679247240945 -11.987530393461
v -1.198404006151 8.549232799751 -13.015119890619
v -5.706601539197 9.184231469369 -12.434808968881
v -7.514193589919 6.929849978876 -11.385205310709
v -2.465874960408 5.716975277236 -11.871657685160
v -8.473539180958 7.898161006825 -8.700169216980
v -12.615606713432 7.055317158818 -8.392887049650
v -13.834283599078 3.173359039269 -8.878044077372
v -10.145156592965 2.428529141279 -9.388589680360
v -8.410964787978 7.805026875110 -8.112143451800
v -12.553032320452 6.962183027104 -7.804861284470
v -13.771709206099 3.080224907554 -8.290018312192
v -10.082582199985 2.335395009564 -8.800563915180
v 2.908201317423 4.324355447135 -11.734950663592
v -2.188021980802 5.042180030181 -11.078947012932
v -2.444953918770 3.426897646375 -11.307441358232
v 2.651269379456 2.709073063329 -11.963445008892
v 2.923099982418 4.302180653869 -11.594944529026
v -2.173123315807 5.020005236916 -10.938940878366
v -2.430055253775 3.404722853110 -11.167435223665
v 2.666168044451 2.686898270063 -11.823438874325
v -2.926996254022 6.065837500397 -10.838178113643
v -4.691073549562 6.314315240683 -10.611099926877
v -4.766985258507 5.837072718195 -10.678609619806
v -3.002907962967 5.588594977909 -10.905687806573
v -2.912097589027 6.043662707132 -10.698171979077
v -4.676174884567 6.292140447417 -10.471093792310
v -4.752086593512 5.814897924929 -10.538603485239
v -2.988009297972 5.566420184644 -10.765681672006
v -8.587126961361 3.616446352077 -10.623804300737
v -9.057547573505 3.682707082820 -10.563250117599
v -9.104262471318 3.389019376674 -10.604794544017
v -8.633841859174 3.322758645931 -10.665348727155
v -8.572228296366 3.594271558812 -10.483798166170
v -9.042648908510 3.660532289555 -10.423243983032
v -9.089363806323 3.366844583408 -10.464788409450
v -8.618943194179 3.300583852666 -10.525342592588
v 13.265764922838 28.372501408815 -8.849330918249
v 11.986403904130 15.082242570580 -10.818158725748
v 16.813441283164 12.739426233188 -11.702890535200
v 18.667396197547 13.758887802129 -11.738711134545
v 19.393686079082 27.534041878103 -9.634228748037
v 13.359129890140 28.233539371018 -7.971959141632
v 12.079768871433 14.943280532783 -9.940786949130
v 16.906806250467 12.600464195392 -10.825518758582
v 18.760761164850 13.619925764333 -10.861339357928
v 19.487051046384 27.395079840307 -8.756856971420
v 11.691037257144 25.346161363379 -9.540088510484
v 11.431160166674 15.298295086370 -11.253177795006
v 14.179692817531 14.191529881334 -13.273865520464
v 15.605549322005 23.830678960861 -12.406588016132
v 11.990860019813 25.260916408477 -9.085580477853
v 11.730982929343 15.213050131468 -10.798669762375
v 14.479515580201 14.106284926431 -12.819357487833
v 15.905372084675 23.745434005959 -11.952079983501
v 12.390719327620 23.252387206433 -10.630542169511
v 12.203026436886 19.692515928372 -11.174397168272
v 14.031657332204 18.542776393363 -12.596318488360
v 14.622614980148 22.584674020034 -12.228076753865
v 12.457920981322 23.233280578610 -10.528669679439
v 12.270228090588 19.673409300549 -11.072524678200
v 14.098858985906 18.523669765540 -12.494445998288
v 14.689816633850 22.565567392211 -12.126204263793
v 13.698287683750 17.059540409143 -9.608550316918
v 14.754354646959 13.920586853135 -10.218092422593
v 18.195189876996 13.332870608043 -10.677331853983
v 18.542758132054 16.266779103921 -10.249632656759
v 13.760862076729 16.966406277428 -9.020524551738
v 14.816929039938 13.827452721421 -9.630066657413
v 18.257764269976 13.239736476328 -10.089306088803
v 18.605332525034 16.173644972207 -9.661606891580
v 17.056383249994 26.868620079594 -9.669859833571
v 16.974777645328 25.320849958698 -9.906318528685
v 17.423985393107 25.304855579777 -9.956653950166
v 17.505590997773 26.852625700673 -9.720195255053
v 17.071281914990 26.846445286329 -9.529853699005
v 16.989676310323 25.298675165433 -9.766312394118
v 17.438884058102 25.282680786511 -9.816647815599
v 17.520489662768 26.830450907407 -9.580189120486
v 15.976023066441 25.278877577408 -9.806684458732
v 15.869935780374 23.266776420244 -10.114080762379
v 16.896696346726 23.230217839851 -10.229133154336
v 17.002783632793 25.242318997016 -9.921736850689
v 15.990921731436 25.256702784143 -9.666678324165
v 15.884834445369 23.244601626978 -9.974074627812
v 16.911595011721 23.208043046586 -10.089127019770
v 17.017682297788 25.220144203751 -9.781730716122
v 14.769819695851 26.484832165752 -9.487322641075
v 14.606608486517 23.389291923960 -9.960240031301
v 14.959557431200 23.376724911950 -9.999789291037
v 15.122768640534 26.472265153742 -9.526871900810
v 14.784718360846 26.462657372487 -9.347316506508
v 14.621507151512 23.367117130695 -9.820233896735
v 14.974456096195 23.354550118685 -9.859783156470
v 15.137667305529 26.450090360477 -9.386865766243
v 17.441050949264 21.970295086027 -10.486612468151
v 17.416569267864 21.505964049758 -10.557550076685
v 17.994122086437 21.485399848287 -10.622267047161
v 18.018603767837 21.949730884556 -10.551329438627
v 17.455949614259 21.948120292761 -10.346606333585
v 17.431467932859 21.483789256493 -10.417543942119
v 18.009020751432 21.463225055022 -10.482260912595
v 18.033502432832 21.927556091291 -10.411323304061
v 14.885650643360 19.231298788186 -10.648495543084
v 14.865249242193 18.844356257962 -10.707610216862
v 15.121939383781 18.835216612864 -10.736373314851
v 15.142340784948 19.222159143088 -10.677258641073
v 14.900549308355 19.209123994920 -10.508489408517
v 14.880147907188 18.822181464696 -10.567604082295
v 15.136838048776 18.813041819598 -10.596367180284
v 15.157239449943 19.199984349822 -10.537252506506
v 17.029682376421 17.216614242458 -11.195746019381
v 17.001120414787 16.674894700144 -11.278506562671
v 17.257810556375 16.665755055046 -11.307269660660
v 17.286372518009 17.207474597360 -11.224509117371
v 17.044581041416 17.194439449192 -11.055739884815
v 17.016019079782 16.652719906879 -11.138500428104
v 17.272709221370 16.643580261781 -11.167263526094
v 17.301271183004 17.185299804094 -11.084502982804
v -13.988983906721 31.301255643680 -8.240885431858
v 3.208118444026 32.236333183823 -6.261652282896
v 5.625645204935 37.800695321356 -6.941385338617
v 4.093131566196 39.605359225127 -7.450668100524
v -13.658525420342 37.995231712566 -9.380012883007
v -14.097837772037 31.455202322360 -7.367810431871
v 3.099264578710 32.390279862503 -5.388577282909
v 5.516791339619 37.954642000036 -6.068310338630
v 3.984277700880 39.759305903806 -6.577593100537
v -13.767379285658 38.149178391246 -8.506937883020
v -9.684546044762 29.988491847944 -10.617685708669
v 3.237642994545 31.493396685975 -9.092077180572
v 4.391253194269 35.059404997110 -7.706673372623
v -8.119584152876 35.056237782880 -8.654487224766
v -9.723633809136 29.800446322006 -10.101111444959
v 3.198555230172 31.305351160037 -8.575502916862
v 4.352165429895 34.871359471172 -7.190099108913
v -8.158671917250 34.868192256942 -8.137912961056
v -7.022849563399 31.426729348445 -10.100551467622
v -2.435342701709 31.842829716860 -9.601956748553
v -1.137217999396 34.290343379542 -8.612777026820
v -6.382601292960 34.280525669981 -9.013254745356
v -7.031610614034 31.384581213321 -9.984767580928
v -2.444103752345 31.800681581736 -9.486172861859
v -1.145979050031 34.248195244418 -8.496993140127
v -6.391362343596 34.238377534857 -8.897470858663
v 0.059282344335 33.722865609844 -5.832448372153
v 3.955918672008 35.395219152172 -5.641501829667
v 4.291394185652 39.174149181194 -6.266002497491
v 0.487109329446 39.037339431350 -6.716192578260
v -0.013672905824 33.826042639172 -5.247302361524
v 3.882963421850 35.498396181500 -5.056355819037
v 4.218438935493 39.277326210522 -5.680856486861
v 0.414154079287 39.140516460678 -6.131046567631
v -11.934193541711 33.746140859332 -8.595638032699
v -9.939625340976 33.927054062991 -8.378857720060
v -10.095414938948 36.134257658798 -8.787470912128
v -12.089983139683 35.953344455140 -9.004251224767
v -11.951563839368 33.770706818696 -8.456317553977
v -9.956995638633 33.951620022355 -8.239537241339
v -10.112785236605 36.158823618162 -8.648150433407
v -12.107353437339 35.977910414504 -8.864930746046
v -9.455662866766 35.602243164759 -8.613898939194
v -6.264353745591 35.891704290613 -8.267050438972
v -6.298432720147 36.374530077196 -8.356434574737
v -9.489741841323 36.085068951342 -8.703283074959
v -9.473033164423 35.626809124123 -8.474578460472
v -6.281724043248 35.916270249977 -8.127729960251
v -6.315803017804 36.399096036560 -8.217114096016
v -9.507112138979 36.109634910706 -8.563962596237
v -7.122887735265 33.835456986268 -8.011519471105
v -5.926146814824 33.944004908463 -7.881451283522
v -5.974831064190 34.633756032153 -8.009142906044
v -7.171571984631 34.525208109958 -8.139211093627
v -7.140258032922 33.860022945632 -7.872198992384
v -5.943517112481 33.968570867827 -7.742130804801
v -5.992201361847 34.658321991517 -7.869822427322
v -7.188942282288 34.549774069322 -7.999890614905
v -9.521200850501 32.975818522373 -8.158960603255
v -9.022558800318 33.021046823288 -8.104765525096
v -9.044466712532 33.331434828948 -8.162226755230
v -9.543108762716 33.286206528034 -8.216421833390
v -9.538571148158 33.000384481737 -8.019640124534
v -9.039929097974 33.045612782652 -7.965445046374
v -9.061837010189 33.356000788312 -8.022906276509
v -9.560479060373 33.310772487397 -8.077101354669
v -1.377698804373 37.046459371450 -7.861403078276
v -0.480143114043 37.127870313096 -7.763851937588
v -0.511787876131 37.576208543495 -7.846851492227
v -1.409343566461 37.494797601848 -7.944402632915
v -1.395069102030 37.071025330814 -7.722082599554
v -0.497513411699 37.152436272460 -7.624531458867
v -0.529158173787 37.600774502858 -7.707531013506
v -1.426713864118 37.519363561212 -7.805082154193
v -12.021406221686 12.340570659998 -4.652290047608
v -13.149812820106 25.719618805312 -7.152065491627
v -17.887488417918 27.245707380271 -8.011843367449
v -19.378197181068 25.930174464592 -7.965739066977
v -17.669861589364 12.161796591388 -5.325009488378
v -12.130260087002 12.494517338678 -3.779215047621
v -13.258666685422 25.873565483991 -6.278990491640
v -17.996342283234 27.399654058951 -7.138768367462
v -19.487051046384 26.084121143271 -7.092664066990
v -17.778715454680 12.315743270068 -4.451934488391
v -11.162997699708 15.574212820290 -5.484019438581
v -12.644022403233 25.568409742436 -7.581596677670
v -15.224564991144 26.167873246234 -9.576092565266
v -14.827925697147 16.367795162242 -8.310928540599
v -11.492633867126 15.617614700941 -5.044480797546
v -12.973658570651 25.611811623086 -7.142058036635
v -15.554201158562 26.211275126885 -9.136553924231
v -15.157561864565 16.411197042893 -7.871389899564
v -12.108652497300 17.516060914879 -6.629214622173
v -12.550132481673 21.074181039414 -7.311650355969
v -14.337237883966 21.882268378457 -8.731700898871
v -14.164882983177 17.774141696822 -8.196788126897
v -12.182536465859 17.525788922611 -6.530697340562
v -12.624016450232 21.083909047147 -7.213133074357
v -14.411121852525 21.891996386189 -8.633183617260
v -14.238766951736 17.783869704555 -8.098270845285
v -14.378621992581 23.508471176911 -5.831474339525
v -15.865245220325 26.444634782736 -6.534549470293
v -19.056897451091 26.460100025378 -6.935207494871
v -18.866311476934 23.495859101745 -6.388769829185
v -14.451577242740 23.611648206239 -5.246328328896
v -15.938200470484 26.547811812064 -5.949403459664
v -19.129852701250 26.563277054706 -6.350061484242
v -18.939266727093 23.599036131073 -5.803623818556
v -14.648733810780 13.663042081996 -5.392891242829
v -15.147798140941 17.685264831471 -6.164340333207
v -16.424640612599 17.502486638683 -6.291306679427
v -15.925576282438 13.480263889208 -5.519857589050
v -14.666104108437 13.687608041360 -5.253570764108
v -15.165168438598 17.709830790835 -6.025019854485
v -16.442010910256 17.527052598047 -6.151986200706
v -15.942946580095 13.504829848572 -5.380537110328
v -14.523205556086 18.483192989864 -6.227163198025
v -14.695958593450 19.875500864683 -6.494203267771
v -15.073207505530 19.821498216814 -6.531716051882
v -14.900454468167 18.429190341995 -6.264675982136
v -14.540575853743 18.507758949228 -6.087842719304
v -14.713328891107 19.900066824047 -6.354882789050
v -15.090577803187 19.846064176177 -6.392395573160
v -14.917824765824 18.453756301359 -6.125355503414
v -17.538184543517 22.192500691012 -7.257117918335
v -17.584252020147 22.563782790963 -7.328328603601
v -17.816405196812 22.530550392275 -7.351413393823
v -17.770337720182 22.159268292323 -7.280202708557
v -17.555554841174 22.217066650376 -7.117797439614
v -17.601622317804 22.588348750327 -7.189008124880
v -17.833775494469 22.555116351638 -7.212092915102
v -17.787708017839 22.183834251687 -7.140882229836
v -16.817371867886 21.236061418017 -7.076371381521
v -16.849554735791 21.495440130558 -7.126119365240
v -17.205273312940 21.444519519664 -7.161491221225
v -17.173090445034 21.185140807123 -7.111743237506
v -16.837058205231 21.263902838629 -6.918474838970
v -16.869241073136 21.523281551170 -6.968222822689
v -17.224959650284 21.472360940276 -7.003594678674
v -17.192776782379 21.212982227735 -6.953846694956
v 5.847473801722 10.219212327564 -2.050368415423
v -9.739428949979 10.012560069701 -3.957284985150
v -12.072801212211 4.186152250166 -3.220853931123
v -10.733197106269 2.189926244721 -2.701845314034
v 5.373216014575 3.091399360693 -0.852672525346
v 5.738619936406 10.373159006244 -1.177293415436
v -9.848282815295 10.166506748381 -3.084209985163
v -12.181655077527 4.340098928845 -2.347778931136
v -10.842050971585 2.343872923400 -1.828770314047
v 5.264362149259 3.245346039372 0.020402474641
v 2.635942396263 10.694102109977 -5.781534086452
v -9.138779701212 9.748392030912 -6.890843581657
v -10.707305641648 6.679120034125 -4.548477805464
v 0.473413532543 6.330187695864 -2.440176165582
v 2.568230373269 11.047371342801 -5.363977055425
v -9.206491724206 10.101661263735 -6.473286550631
v -10.775017664642 7.032389266948 -4.130920774438
v 0.405701509549 6.683456928687 -2.022619134556
v 0.086803288639 9.450510102888 -5.399886157466
v -4.075528192028 9.217545140334 -5.877762271396
v -5.604575402247 7.125197989564 -4.355510349707
v -0.915587067490 6.986286514476 -3.477608628652
v 0.071626455899 9.529691137832 -5.306295788443
v -4.090705024768 9.296726175277 -5.784171902373
v -5.619752234988 7.204379024507 -4.261919980683
v -0.930763900230 7.065467549419 -3.384018259629
v -7.197455253541 8.685457668975 -2.322438512544
v -10.767468796718 7.080185179178 -2.484490346840
v -11.169967002444 3.063193701751 -1.826369325430
v -7.723718446651 3.034164977356 -1.391576951521
v -7.270410503700 8.788634698303 -1.737292501914
v -10.840424046876 7.183362208506 -1.899344336210
v -11.242922252603 3.166370731079 -1.241223314801
v -7.796673696809 3.137342006684 -0.806430940891
v 4.397475116391 5.631280275639 -1.602018161563
v 2.587765776970 5.529991161485 -1.809790385011
v 2.605967669057 5.013209065147 -1.716398369842
v 4.415677008478 5.114498179301 -1.508626146394
v 4.380104818734 5.655846235003 -1.462697682841
v 2.570395479313 5.554557120849 -1.670469906289
v 2.588597371400 5.037775024511 -1.577077891121
v 4.398306710821 5.139064138665 -1.369305667673
v 2.456976120378 6.669229919098 -2.026975601200
v 0.104353979131 6.537554070697 -2.297079491682
v 0.145958303901 5.356337850496 -2.083612028439
v 2.498580445148 5.488013698896 -1.813508137957
v 2.439605822721 6.693795878461 -1.887655122478
v 0.086983681474 6.562120030061 -2.157759012961
v 0.128588006245 5.380903809859 -1.944291549718
v 2.481210147491 5.512579658260 -1.674187659236
v 3.762902786555 8.203260526525 -2.134645333554
v 0.143484107714 8.000682298216 -2.550189780450
v 0.157785594354 7.594639222522 -2.476810339960
v 3.777204273195 7.797217450830 -2.061265893064
v 3.745532488898 8.227826485888 -1.995324854832
v 0.126113810057 8.025248257580 -2.410869301728
v 0.140415296697 7.619205181886 -2.337489861239
v 3.759833975538 7.821783410194 -1.921945414343
v -1.277106599803 4.573959428428 -2.123083500898
v -1.820019401629 4.543572694181 -2.185415167932
v -1.796616968946 3.879138570318 -2.065339719858
v -1.253704167119 3.909525304564 -2.003008052824
v -1.294476897460 4.598525387791 -1.983763022176
v -1.837389699286 4.568138653545 -2.046094689211
v -1.813987266603 3.903704529682 -1.926019241137
v -1.271074464776 3.934091263928 -1.863687574102
v -4.677336280426 7.157582311194 -3.002582175665
v -5.129763615281 7.132260032655 -3.054525231527
v -5.119362534088 6.836955977605 -3.001158365717
v -4.666935199233 6.862278256143 -2.949215309855
v -4.694706578082 7.182148270557 -2.863261696944
v -5.147133912938 7.156825992019 -2.915204752806
v -5.136732831745 6.861521936969 -2.861837886995
v -4.684305496890 6.886844215507 -2.809894831133
v -6.848463494267 4.447060436810 -2.795337379132
v -7.481861763064 4.411609246856 -2.868057657339
v -7.471460681871 4.116305191806 -2.814690791528
v -6.838062413074 4.151756381760 -2.741970513322
v -6.865833791923 4.471626396174 -2.656016900411
v -7.499232060721 4.436175206220 -2.728737178618
v -7.488830979528 4.140871151170 -2.675370312807
v -6.855432710731 4.176322341123 -2.602650034600
v 9.570229098282 30.814546704468 -5.217733212270
v 10.658020236545 19.043055940206 -3.006477390774
v 15.818328136742 17.927902097043 -2.166465144929
v 17.461509594394 19.164449539147 -2.179632076362
v 15.744254215234 31.251477463845 -4.525006402627
v 9.461375232966 30.968493383148 -4.344658212283
v 10.549166371228 19.197002618886 -2.133402390787
v 15.709474271425 18.081848775723 -1.293390144942
v 17.352655729078 19.318396217826 -1.306557076375
v 15.635400349918 31.405424142524 -3.651931402640
v 8.697870431150 27.744066140670 -5.031178524653
v 10.246733229756 18.932831012283 -3.449670024762
v 13.465843489428 18.016599763552 -4.605465333140
v 13.271490799045 26.492432941525 -6.686099740623
v 8.910550070452 27.869871488624 -4.538554602650
v 10.459412869058 19.058636360237 -2.957046102759
v 13.678523128730 18.142405111506 -4.112841411138
v 13.484170438347 26.618238289479 -6.193475818620
v 9.894766812722 25.853926643437 -5.283138448508
v 10.338551910707 22.730312685369 -4.677030476552
v 12.555724596628 21.758425015197 -5.386047649678
v 12.466617016231 25.312384230844 -6.255180650651
v 9.942436387048 25.882124393840 -5.172722741852
v 10.386221485033 22.758510435772 -4.566614769896
v 12.603394170955 21.786622765601 -5.275631943022
v 12.514286590557 25.340581981248 -6.144764943995
v 11.729600517238 21.357783295468 -2.197110518547
v 13.322167861800 18.835588822266 -1.553820339154
v 16.809528243281 18.979505397522 -1.144397118339
v 16.633449571709 21.590512394537 -1.626741360480
v 11.656645267080 21.460960324796 -1.611964507918
v 13.249212611641 18.938765851594 -0.968674328524
v 16.736572993122 19.082682426850 -0.559251107710
v 16.560494321550 21.693689423865 -1.041595349850
v 13.477154683014 30.297616644875 -4.819316037031
v 13.901644776738 27.309811989331 -4.239560585594
v 14.441469603293 27.396597694962 -4.187558583675
v 14.016979509568 30.384402350505 -4.767314035111
v 13.459784385357 30.322182604239 -4.679995558309
v 13.884274479082 27.334377948695 -4.100240106873
v 14.424099305636 27.421163654326 -4.048238104953
v 13.999609211911 30.408968309869 -4.627993556390
v 11.868757168460 27.330270151413 -4.496625717481
v 12.003822198282 26.379605033740 -4.312158073842
v 13.845577488880 26.675697441186 -4.134739479057
v 13.710512459059 27.626362558859 -4.319207122696
v 11.851386870804 27.354836110777 -4.357305238760
v 11.986451900625 26.404170993104 -4.172837595121
v 13.828207191223 26.700263400550 -3.995419000336
v 13.693142161402 27.650928518222 -4.179886643975
v 11.292936582191 29.668645134288 -4.980736886249
v 11.485886624794 28.310552109041 -4.717211681050
v 11.898693845100 28.376917648641 -4.677445444288
v 11.705743802498 29.735010673888 -4.940970649486
v 11.275566284534 29.693211093651 -4.841416407527
v 11.468516327137 28.335118068404 -4.577891202329
v 11.881323547443 28.401483608004 -4.538124965567
v 11.688373504841 29.759576633251 -4.801650170765
v 15.297867790614 23.540578141700 -3.400863676480
v 15.346105301264 23.201054885388 -3.334982375181
v 15.600140513761 23.241895217450 -3.310510844865
v 15.551903003110 23.581418473761 -3.376392146165
v 15.280497492957 23.565144101064 -3.261543197759
v 15.328735003608 23.225620844752 -3.195661896459
v 15.582770216104 23.266461176814 -3.171190366144
v 15.534532705453 23.605984433125 -3.237071667444
v -12.035051233540 31.240469259896 3.137214217409
v 6.488218345411 29.830494285427 0.211142359517
v 9.884759085693 35.013963336283 0.732419540964
v 8.509495905188 37.009802344210 1.317269554329
v -10.705174450105 37.826429461920 4.226995016658
v -11.910741628153 31.071697023913 4.005472101820
v 6.612527950799 29.661722049443 1.079400243928
v 10.009068691080 34.845191100300 1.600677425375
v 8.633805510576 36.841030108226 2.185527438741
v -10.580864844717 37.657657225936 5.095252901070
v -8.442078909731 30.629090184100 -0.786295991471
v 5.638124865054 30.285778789443 -2.671925191810
v 7.854268871851 32.844631460629 -0.443181135607
v -5.371372120263 34.274063441401 2.397952682556
v -8.398486071620 30.247267129059 -0.391265913907
v 5.681717703165 29.903955734402 -2.276895114245
v 7.897861709962 32.462808405588 -0.048151058042
v -5.327779282151 33.892240386359 2.792982760121
v -5.275094602930 31.496132360350 -0.569494256699
v -0.309505634708 31.285093891728 -1.321445780671
v 1.746778667257 32.983400888862 0.093164217642
v -3.800671234216 33.576308450635 1.278428046072
v -5.265323794388 31.410551330772 -0.480953032417
v -0.299734826166 31.199512862150 -1.232904556390
v 1.756549475799 32.897819859284 0.181705441924
v -3.790900425674 33.490727421057 1.366969270354
v 3.573354336757 31.333177585355 2.010485340476
v 7.983545555852 32.460401168754 1.598182622662
v 8.893522625933 36.158122093198 2.186664163849
v 4.806086100753 36.539416423963 2.845983852781
v 3.656668221219 31.220064278260 2.592402858752
v 8.066859440314 32.347287861659 2.180100140938
v 8.976836510395 36.045008786103 2.768581682125
v 4.889399985214 36.426303116868 3.427901371057
v -9.480664983166 34.070168493954 3.140697489184
v -3.867390497350 33.831603268556 2.290665331650
v -3.760530975967 35.349296768312 2.570375847289
v -9.373805461783 35.587861993711 3.420408004823
v -9.460828344009 34.043236754170 3.279249279250
v -3.847553858193 33.804671528771 2.429217121716
v -3.740694336809 35.322365028528 2.708927637354
v -9.353968822625 35.560930253926 3.558959794888
v -2.955363545366 32.945233798299 1.987796480554
v -1.012306992583 32.862653527969 1.693554579869
v -0.980734861266 33.311062971079 1.776196323126
v -2.923791414048 33.393643241409 2.070438223811
v -2.935526906208 32.918302058514 2.126348270620
v -0.992470353426 32.835721788184 1.832106369935
v -0.960898222108 33.284131231294 1.914748113192
v -2.903954774890 33.366711501624 2.208990013877
v 2.932755596748 35.687563345608 1.677841705181
v 3.450904010823 35.665541940187 1.599377198331
v 3.470333014711 35.941486212870 1.650233655720
v 2.952184600635 35.963507618291 1.728698162569
v 2.952592235905 35.660631605823 1.816393495246
v 3.470740649980 35.638610200402 1.737928988397
v 3.490169653868 35.914554473085 1.788785445786
v 2.972021239793 35.936575878506 1.867249952635
v -11.215862455081 11.976717629991 -0.724564097526
v -10.429606772110 26.826608252885 2.049392988369
v -14.878564817667 29.200488548390 3.147791657221
v -16.533101073992 27.976644612861 3.146782592534
v -16.803491530558 12.613903273888 0.199280333584
v -11.091552849693 11.807945394008 0.143693786885
v -10.305297166722 26.657836016902 2.917650872780
v -14.754255212280 29.031716312407 4.016049541632
v -16.408791468604 27.807872376878 4.015040476945
v -16.679181925170 12.445131037904 1.067538217996
v -10.036173994515 15.448448413940 -0.467866117859
v -10.105628391052 26.696414992106 1.563419678297
v -12.857401586797 28.368399827119 0.565966014750
v -13.953327425004 17.761421036373 -1.900057101719
v -10.269043897151 15.358285118623 0.023438402475
v -10.338498293688 26.606251696789 2.054724198632
v -13.090271489433 28.278236531802 1.057270535084
v -14.186197327640 17.671257741056 -1.408752581385
v -10.818897145798 17.992083097525 -0.590571748838
v -10.749020960393 21.962229735687 0.171142318082
v -12.593230209021 23.539058945533 -0.413604409389
v -13.045923481233 19.090248821708 -1.444610635186
v -10.871092123975 17.971874083058 -0.480451770142
v -10.801215938570 21.942020721219 0.281262296777
v -12.645425187199 23.518849931065 -0.303484430693
v -13.098118459410 19.070039807240 -1.334490656491
v -11.705084547699 24.131369101370 2.798029456086
v -12.752612727090 27.573126586493 3.617015305631
v -15.893375510783 28.061004814603 4.161516300313
v -16.126092486603 24.779653628808 3.557004633140
v -11.621770663237 24.018255794275 3.379946974362
v -12.669298842629 27.460013279398 4.198932823907
v -15.810061626321 27.947891507508 4.743433818589
v -16.042778602141 24.666540321713 4.138922151416
v -14.742013726348 13.529894960698 -0.098653118900
v -14.711632776172 15.256045672942 0.232526910196
v -15.119950173973 15.252161063702 0.290231149116
v -15.150331124149 13.526010351458 -0.040948879980
v -14.722177087191 13.502963220913 0.039898671166
v -14.691796137015 15.229113933157 0.371078700261
v -15.100113534815 15.225229323917 0.428782939181
v -15.130494484991 13.499078611673 0.097602910086
v -13.805982347820 15.350954843299 0.121312239756
v -13.766487112591 17.594950769216 0.551846277580
v -14.699784021849 17.586071662383 0.683741680826
v -14.739279257078 15.342075736465 0.253207643002
v -13.786145708662 15.324023103514 0.259864029822
v -13.746650473434 17.568019029432 0.690398067646
v -14.679947382691 17.559139922598 0.822293470892
v -14.719442617920 15.315143996681 0.391759433068
v -12.676729688087 14.067301956613 -0.289881170446
v -12.615967787735 17.519603381102 0.372478887745
v -12.936788600292 17.516551188128 0.417817932610
v -12.997550500644 14.064249763639 -0.244542125581
v -12.656893048929 14.040370216829 -0.151329380381
v -12.596131148577 17.492671641317 0.511030677810
v -12.916951961134 17.489619448343 0.556369722676
v -12.977713861486 14.037318023855 -0.105990335515
v -15.229624301580 18.961720262496 1.026998599779
v -15.220510016527 19.479565476169 1.126352608508
v -15.745489527985 19.474570978575 1.200543772833
v -15.754603813038 18.956725764902 1.101189764105
v -15.209787662423 18.934788522711 1.165550389845
v -15.200673377370 19.452633736384 1.264904398574
v -15.725652888827 19.447639238791 1.339095562899
v -15.734767173880 18.929794025117 1.239741554170
v -12.986764436436 22.132755718982 1.322272301522
v -12.979169198892 22.564293397044 1.405067308796
v -13.212493426206 22.562073620335 1.438041159607
v -13.220088663750 22.130535942274 1.355246152333
v -12.966927797278 22.105823979198 1.460824091588
v -12.959332559734 22.537361657259 1.543619098861
v -13.192656787049 22.535141880551 1.576592949673
v -13.200252024593 22.103604202490 1.493797942399
v -14.990375237718 24.271021063089 2.024768532490
v -14.979741905156 24.875173812375 2.140681542674
v -15.213066132470 24.872954035666 2.173655393485
v -15.223699465032 24.268801286381 2.057742383302
v -14.970538598560 24.244089323305 2.163320322556
v -14.959905265998 24.848242072590 2.279233332740
v -15.193229493313 24.846022295882 2.312207183551
v -15.203862825874 24.241869546596 2.196294173368
v 6.355600083634 8.930772497353 -3.832364894311
v -10.475233970939 10.899827884327 -1.039926998113
v -13.824832121421 5.453779302631 -1.618965301293
v -12.666755825936 3.289556645644 -2.205450852911
v 4.823572255648 1.936318404240 -4.972606635631
v 6.479909689022 8.762000261370 -2.964107009899
v -10.350924365552 10.731055648343 -0.171669113702
v -13.700522516033 5.285007066648 -0.750707416882
v -12.542446220549 3.120784409661 -1.337192968500
v 4.947881861035 1.767546168257 -4.104348751219
v 2.214250930400 10.968521142627 -6.245406190042
v -10.563717630327 11.610035558798 -4.080975557753
v -12.178869779883 8.124896214415 -2.340111171354
v -0.008649997722 6.003051720213 -3.779980577861
v 2.309648677802 11.175053299277 -5.743428420477
v -10.468319882925 11.816567715448 -3.578997788189
v -12.083472032481 8.331428371065 -1.838133401789
v 0.086747749680 6.209583876863 -3.278002808296
v -0.584808515210 9.929252442362 -5.499734285108
v -5.104780940788 10.278965695758 -4.784626610922
v -6.705879377470 7.972965553813 -3.531574374517
v -1.602132154113 7.092109621348 -4.139093136259
v -0.563426261482 9.975544132645 -5.387222026413
v -5.083398687060 10.325257386042 -4.672114352227
v -6.684497123742 8.019257244097 -3.419062115821
v -1.580749900385 7.138401311632 -4.026580877563
v -7.638486652631 8.829614587948 -0.758550401976
v -11.716532537412 7.737356798353 -0.387004699873
v -12.725688595837 3.814380064022 -1.005071950860
v -9.015109133323 3.305009200951 -1.635332082181
v -7.555172768170 8.716501280853 -0.176632883700
v -11.633218652950 7.624243491258 0.194912818402
v -12.642374711375 3.701266756927 -0.423154432584
v -8.931795248861 3.191895893856 -1.053414563905
v 4.302467365720 4.767947128025 -4.528426260853
v -0.020984519615 5.102455457360 -3.844410224675
v -0.087031792215 4.477769757261 -3.956380750649
v 4.236420093120 4.143261427925 -4.640396786826
v 4.322304004878 4.741015388240 -4.389874470787
v -0.001147880457 5.075523717576 -3.705858434609
v -0.067195153058 4.450838017477 -3.817828960583
v 4.256256732278 4.116329688141 -4.501844996761
v 0.713137686140 7.361081750514 -3.510482974202
v -0.662506095558 7.467516218939 -3.292841508146
v -0.887843849136 5.336235595072 -3.674858596763
v 0.487799932562 5.229801126647 -3.892500062819
v 0.732974325298 7.334150010730 -3.371931184137
v -0.642669456400 7.440584479155 -3.154289718080
v -0.868007209978 5.309303855287 -3.536306806697
v 0.507636571720 5.202869386862 -3.753948272754
v 4.181385643002 7.370592211848 -4.005187877885
v 2.216180240577 7.522641452456 -3.694271497804
v 2.165673502706 7.044940622968 -3.779896017666
v 4.130878905131 6.892891382361 -4.090812397747
v 4.201222282159 7.343660472064 -3.866636087819
v 2.236016879734 7.495709712671 -3.555719707738
v 2.185510141863 7.018008883184 -3.641344227601
v 4.150715544289 6.865959642576 -3.952260607682
v -5.773906094170 4.565822256304 -3.125067922431
v -6.265207444777 4.603834566456 -3.047338827411
v -6.296288514236 4.309864825233 -3.100030839634
v -5.804987163629 4.271852515081 -3.177759934654
v -5.754069455013 4.538890516520 -2.986516132365
v -6.245370805619 4.576902826672 -2.908787037345
v -6.276451875078 4.282933085448 -2.961479049568
v -5.785150524472 4.244920775297 -3.039208144588
v -6.226854108358 5.237173808178 -3.007922221194
v -6.488881495348 5.257447040259 -2.966466703850
v -6.526257464950 4.903939123598 -3.029830516017
v -6.264230077960 4.883665891517 -3.071286033361
v -6.204372583979 5.206651169756 -2.850896859119
v -6.466399970969 5.226924401837 -2.809441341775
v -6.503775940572 4.873416485176 -2.872805153942
v -6.241748553582 4.853143253095 -2.914260671286
v 11.335007381860 29.080458669053 -0.628570856626
v 10.759135693505 15.829206504832 -3.121905053604
v 15.686037916104 13.806661924349 -4.220438864149
v 17.477638724322 14.932039624951 -4.258193405990
v 17.477638724322 28.629563230519 -1.595664533118
v 11.459316987248 28.911686433070 0.239687027786
v 10.883445298892 15.660434268849 -2.253647169192
v 15.810347521491 13.637889688366 -3.352180979737
v 17.601948329709 14.763267388968 -3.389935521578
v 17.601948329709 28.460790994536 -0.727406648707
v 10.068716647331 25.952650290538 -1.170336726069
v 10.312542813587 15.989283808186 -3.322940929942
v 12.848334942653 15.178651813292 -5.726100076306
v 13.677343907924 24.858252743810 -4.578710874836
v 10.430286690102 25.873285434711 -0.762039938295
v 10.674112856359 15.909918952358 -2.914644142168
v 13.209904985424 15.099286957465 -5.317803288532
v 14.038913950696 24.778887887982 -4.170414087062
v 10.769929304381 23.963540861914 -2.440879481383
v 10.769929304381 20.423731390812 -3.128948740664
v 12.476712468175 19.475593561415 -4.824701693912
v 12.818069100934 23.533737360858 -4.338169173424
v 10.850970865692 23.945752187332 -2.349364684123
v 10.850970865692 20.405942716230 -3.037433943404
v 12.557754029486 19.457804886833 -4.733186896653
v 12.899110662245 23.515948686276 -4.246654376165
v 12.387669805151 17.851380587010 -1.872067484719
v 13.603398925013 14.805886940564 -2.638108993207
v 17.058629055148 14.436829686679 -3.204536227298
v 17.250586284600 17.366167731826 -2.662613357568
v 12.470983689613 17.738267279915 -1.290149966443
v 13.686712809475 14.692773633469 -2.056191474932
v 17.141942939610 14.323716379584 -2.622618709022
v 17.333900169062 17.253054424731 -2.080695839293
v 13.422071717537 27.477345863182 -1.419831875983
v 13.422071717537 25.938298267050 -1.718992423497
v 15.469615498358 25.993206133690 -2.001468909325
v 15.469615498358 27.532253729821 -1.702308361812
v 13.441908356695 27.450414123397 -1.281280085917
v 13.441908356695 25.911366527266 -1.580440633431
v 15.489452137515 25.966274393905 -1.862917119260
v 15.489452137515 27.505321990037 -1.563756571746
v 14.925736681577 25.516906952775 -2.016184257031
v 14.925736681577 23.054430798964 -2.494841133053
v 15.373636883632 23.066441894792 -2.556632864328
v 15.373636883632 25.528918048602 -2.077975988306
v 14.945573320735 25.489975212990 -1.877632466966
v 14.945573320735 23.027499059180 -2.356289342987
v 15.393473522789 23.039510155007 -2.418081074262
v 15.393473522789 25.501986308817 -1.939424198241
v 13.102143001784 23.775052278304 -2.093680239105
v 13.102143001784 22.851623720626 -2.273176567613
v 13.742000433290 22.868782428950 -2.361450469435
v 13.742000433290 23.792210986629 -2.181954140926
v 13.121979640942 23.748120538520 -1.955128449039
v 13.121979640942 22.824691980841 -2.134624777547
v 13.761837072448 22.841850689166 -2.222898679369
v 13.761837072448 23.765279246845 -2.043402350861
v 12.510274877641 25.644513778365 -1.645555209216
v 12.510274877641 25.259751879332 -1.720345346094
v 12.798210721818 25.267473298078 -1.760068601914
v 12.798210721818 25.652235197111 -1.685278465035
v 12.530111516798 25.617582038580 -1.507003419150
v 12.530111516798 25.232820139547 -1.581793556028
v 12.818047360976 25.240541558293 -1.621516811848
v 12.818047360976 25.625303457326 -1.546726674970
v 15.581590548871 19.262875674573 -3.325744237516
v 15.581590548871 18.570304256313 -3.460366483898
v 15.997497879350 18.581457416725 -3.517744520082
v 15.997497879350 19.274028834984 -3.383122273700
v 15.601427188029 19.235943934788 -3.187192447451
v 15.601427188029 18.543372516529 -3.321814693832
v 16.017334518508 18.554525676940 -3.379192730016
v 16.017334518508 19.247097095199 -3.244570483635
v -14.419370587396 28.747222045296 -0.643527155117
v 2.612111423698 31.053468545311 1.624051005173
v 4.626266423960 36.748182935768 0.739739798406
v 2.976427023143 38.408969799150 0.119581966886
v -14.559151574551 35.390864658166 -2.078310720702
v -14.559098066945 28.930642692344 0.219399143688
v 2.472383944149 31.236889192360 2.486977303977
v 4.486538944411 36.931603582816 1.602666097211
v 2.836699543594 38.592390446199 0.982508265691
v -14.698879054100 35.574285305215 -1.215384421898
v -9.965169257004 27.793426498235 -3.153577886390
v 2.770288177303 30.314320153192 -1.413345534233
v 3.603691524876 33.878869960509 0.188528059558
v -8.854952559691 32.853012264908 -0.883486781170
v -9.990389466809 27.572672799019 -2.649227127120
v 2.745067967498 30.093566453976 -0.908994774963
v 3.578471315071 33.658116261292 0.692878818829
v -8.880172769496 32.632258565692 -0.379136021900
v -7.440697353305 29.422852139651 -2.527002450752
v -2.909030974126 30.202811895186 -1.959007711263
v -1.832779868469 32.690719187529 -0.816235531019
v -7.055529302353 32.252348939356 -1.269274782357
v -7.446350158951 29.373372862241 -2.413958315054
v -2.914683779772 30.153332617776 -1.845963575565
v -1.838432674115 32.641239910119 -0.703191395320
v -7.061182107999 32.202869661945 -1.156230646658
v -0.646974439137 32.317329288195 1.924348848306
v 3.109958763680 34.283596322176 2.114739193169
v 3.179103688161 38.046078762205 1.326195005119
v -0.593443576462 37.605139101483 0.809058045098
v -0.740621579686 32.440260147387 2.502693069845
v 3.016311623131 34.406527181369 2.693083414708
v 3.085456547612 38.169009621397 1.904539226658
v -0.687090717011 37.728069960675 1.387402266637
v -13.203378618918 33.117719163137 -1.557565189861
v -11.233088888840 33.456832100326 -1.310610955300
v -11.300748036281 33.931373580180 -1.422433422132
v -13.271037766359 33.592260642990 -1.669387656693
v -13.225675557144 33.146988415325 -1.419864184733
v -11.255385827066 33.486101352514 -1.172909950172
v -11.323044974507 33.960642832368 -1.284732417004
v -13.293334704585 33.621529895179 -1.531686651565
v -10.984757718717 32.423017327509 -1.050656352730
v -8.423381069616 32.863864145855 -0.729615847802
v -8.578030549480 33.948530385521 -0.985210057703
v -11.139407198582 33.507683567175 -1.306250562632
v -11.007054656943 32.452286579698 -0.912955347602
v -8.445678007842 32.893133398044 -0.591914842673
v -8.600327487706 33.977799637709 -0.847509052575
v -11.161704136808 33.536952819363 -1.168549557503
v -12.271579564568 30.829797735030 -0.920372925803
v -8.331000104412 31.508023609408 -0.426464456682
v -8.384160863116 31.880877629293 -0.514324966336
v -12.324740323272 31.202651754915 -1.008233435457
v -12.293876502794 30.859066987218 -0.782671920675
v -8.353297042638 31.537292861597 -0.288763451554
v -8.406457801342 31.910146881482 -0.376623961208
v -12.347037261498 31.231921007103 -0.870532430329
v -7.093621894088 34.863841315074 -0.939405732184
v -6.502534975064 34.965575196230 -0.865319461816
v -6.589525307488 35.575699956042 -1.009091204885
v -7.180612226511 35.473966074886 -1.083177475253
v -7.115918832313 34.893110567262 -0.801704727056
v -6.524831913290 34.994844448419 -0.727618456687
v -6.611822245714 35.604969208231 -0.871390199757
v -7.202909164737 35.503235327074 -0.945476470125
v -3.135383418263 32.940535926227 0.110334675346
v -2.642810985743 33.025314160525 0.172073233986
v -2.681473355710 33.296480720441 0.108174681511
v -3.174045788229 33.211702486144 0.046436122870
v -3.157680356489 32.969805178416 0.248035680474
v -2.665107923969 33.054583412713 0.309774239114
v -2.703770293935 33.325749972630 0.245875686639
v -3.196342726455 33.240971738332 0.184137127999
v -1.010816992869 35.737134496983 -0.140084865613
v -0.321215587341 35.855824024999 -0.053650883517
v -0.359877957308 36.126990584915 -0.117549435992
v -1.049479362835 36.008301056899 -0.203983418089
v -1.033113931095 35.766403749171 -0.002383860485
v -0.343512525567 35.885093277188 0.084050121611
v -0.382174895534 36.156259837104 0.020151569136
v -1.071776301061 36.037570309088 -0.066282412960
v -9.950773732948 11.848113703633 3.672057115896
v -12.008610553134 24.982812341374 0.546979946657
v -16.825447220010 26.110666092188 -0.472708655755
v -18.215434757685 24.690454564909 -0.395904110422
v -15.553810291340 11.217499523587 2.898838689122
v -10.090501212497 12.031534350681 4.534983414700
v -12.148338032683 25.166232988422 1.409906245461
v -16.965174699559 26.294086739236 0.390217643050
v -18.355162237234 24.873875211958 0.467022188382
v -15.693537770889 11.400920170635 3.761764987927
v -9.464975868715 15.119750540561 2.923493310109
v -11.612824306705 24.871907782429 0.323606239037
v -13.973311617765 25.171489529280 -1.986138512514
v -12.812628621809 15.487854750572 -0.349212843246
v -9.848801101660 15.140507612702 3.318443025374
v -11.996649539649 24.892664854570 0.718555954303
v -14.357136850710 25.192246601421 -1.591188797249
v -13.196453854753 15.508611822714 0.045736872019
v -10.441478364844 16.933774526678 1.607336450145
v -11.129313901091 20.415549424998 0.755886063746
v -12.796318849530 21.013111876826 -0.895570271998
v -12.304317195722 16.954494489208 -0.204121075467
v -10.527508158435 16.938426973882 1.695859662187
v -11.215343694682 20.420201872202 0.844409275788
v -12.882348643121 21.017764324030 -0.807047059955
v -12.390346989313 16.959146936412 -0.115597863425
v -13.100165257224 22.745753022151 1.942394128255
v -14.783541935148 25.528730610838 1.078276843373
v -17.957679418903 25.287546272551 0.615576791800
v -17.560824110018 22.372668060714 1.299413222045
v -13.193812397773 22.868683881343 2.520738349794
v -14.877189075697 25.651661470030 1.656621064912
v -18.051326559452 25.410477131743 1.193921013339
v -17.654471250566 22.495598919906 1.877757443584
v -13.518255829039 12.266575018151 2.823496503444
v -14.176185472405 15.596968399152 2.009065699062
v -14.661695997285 15.487518481244 1.953714752823
v -14.003766353918 12.157125100243 2.768145557204
v -13.540552767265 12.295844270340 2.961197508572
v -14.198482410631 15.626237651341 2.146766704190
v -14.683992935511 15.516787733432 2.091415757951
v -14.026063292144 12.186394352431 2.905846562333
v -12.316455575208 15.620904009932 2.305110779986
v -12.525796825370 16.680574631159 2.045973705864
v -14.182244498487 16.307157264178 1.857129301047
v -13.972903248325 15.247486642950 2.116266375169
v -12.338752513434 15.650173262120 2.442811785114
v -12.548093763596 16.709843883348 2.183674710993
v -14.204541436713 16.336426516366 1.994830306176
v -13.995200186551 15.276755895139 2.253967380297
v -11.578906630003 13.020014185352 2.977373000395
v -11.877965558806 14.533829358534 2.607177180221
v -12.249238313126 14.450132362486 2.564849986038
v -11.950179384323 12.936317189304 2.935045806212
v -11.601203568229 13.049283437540 3.115074005523
v -11.900262497032 14.563098610723 2.744878185350
v -12.271535251352 14.479401614675 2.702550991167
v -11.972476322549 12.965586441493 3.072746811340
v -15.792805122672 19.778573914724 0.858470358690
v -15.867569854873 20.157027708019 0.765921403647
v -16.096045395993 20.105521864297 0.739873899534
v -16.021280663792 19.727068071002 0.832422854577
v -15.815102060898 19.807843166912 0.996171363818
v -15.889866793099 20.186296960208 0.903622408775
v -16.118342334218 20.134791116486 0.877574904662
v -16.043577602018 19.756337323190 0.970123859706
v 6.433340654494 12.257177398417 6.238070324077
v -9.048284865329 10.800380348196 4.040893278640
v -10.960442856988 4.853392589063 4.995342490857
v -9.488987185897 2.987742286542 5.630160989961
v 6.460511663934 5.173125715741 7.748231599533
v 6.293613174945 12.440598045465 7.100996622881
v -9.188012344878 10.983800995244 4.903819577444
v -11.100170336537 5.036813236112 5.858268789662
v -9.628714665446 3.171162933591 6.493087288765
v 6.320784184385 5.356546362789 8.611157898338
v 3.342879120180 12.075152767619 2.220916747299
v -8.308793735508 10.230033042514 0.954793354182
v -9.775346134807 7.443441055401 3.684538910645
v 1.324788341273 8.119062197494 6.114707941564
v 3.239685513781 12.480739463012 2.579509071806
v -8.411987341907 10.635619737907 1.313385678689
v -9.878539741206 7.849027750794 4.043131235152
v 1.221594734874 8.524648892887 6.473300266071
v 0.859690427878 10.741249872197 2.715652430085
v -3.262090173763 10.176487862404 2.168285868061
v -4.717890209933 8.236676672640 3.943372256454
v -0.062913495196 8.526428846439 4.955229408562
v 0.836560826444 10.832157234957 2.796026571785
v -3.285219775198 10.267395225165 2.248660009761
v -4.741019811367 8.327584035401 4.023746398154
v -0.086043096631 8.617336209199 5.035603550261
v -6.452876064582 9.740221171267 5.783153225078
v -9.889782630842 7.866511147993 5.624908903068
v -10.008904827216 3.863315923995 6.456525710881
v -6.580705558979 4.111551197489 6.958865446335
v -6.546523205131 9.863152030459 6.361497446617
v -9.983429771391 7.989442007185 6.203253124607
v -10.102551967764 3.986246783187 7.034869932420
v -6.674352699528 4.234482056681 7.537209667874
v 4.745304668273 9.549595264468 6.358296015922
v 2.953226145820 9.304046564558 6.120310554173
v 3.201226951961 6.975435830320 6.655429040892
v 4.993305474414 7.220984530230 6.893414502641
v 4.723007730047 9.578864516656 6.495997021051
v 2.930929207594 9.333315816746 6.258011559301
v 3.178930013735 7.004705082509 6.793130046020
v 4.971008536188 7.250253782419 7.031115507770
v 2.597728181094 7.520308446629 6.441892554332
v -0.269597454831 7.127430526773 6.061115815532
v -0.215347278488 6.618046928659 6.178172984502
v 2.651978357437 7.010924848515 6.558949723302
v 2.575431242868 7.549577698818 6.579593559460
v -0.291894393057 7.156699778962 6.198816820661
v -0.237644216714 6.647316180847 6.315873989631
v 2.629681419211 7.040194100703 6.696650728430
v 0.405566088426 9.324123811908 5.703518644173
v -0.669681025045 9.176794591963 5.560727367124
v -0.592180773126 8.449103737513 5.727951894223
v 0.483066340345 8.596432957459 5.870743171273
v 0.383269150200 9.353393064097 5.841219649302
v -0.691977963271 9.206063844151 5.698428372252
v -0.614477711352 8.478372989702 5.865652899352
v 0.460769402119 8.625702209648 6.008444176401
v 2.529174545406 10.298035009664 5.840368147250
v 2.081154914793 10.236647834686 5.780871781812
v 2.116030028157 9.909186950184 5.856122819007
v 2.564049658770 9.970574125161 5.915619184444
v 2.506877607180 10.327304261852 5.978069152378
v 2.058857976567 10.265917086875 5.918572786941
v 2.093733089931 9.938456202373 5.993823824135
v 2.541752720544 9.999843377350 6.053320189573
v -4.625554039685 5.773814368686 5.643506937979
v -5.431989374789 5.663317453726 5.536413480192
v -5.381614211042 5.190318398334 5.645109422807
v -4.575178875938 5.300815313294 5.752202880594
v -4.647850977911 5.803083620874 5.781207943108
v -5.454286313015 5.692586705915 5.674114485320
v -5.403911149268 5.219587650523 5.782810427935
v -4.597475814164 5.330084565483 5.889903885722
v 7.463686848963 31.198198508233 2.378868587474
v 9.368679322494 19.649328833878 5.142118413722
v 14.576936548202 18.961651258604 6.131624611402
v 16.124034236617 20.316036817704 6.094251529797
v 13.571170060729 32.126237412865 3.170548873660
v 7.323959369414 31.381619155281 3.241794886279
v 9.228951842945 19.832749480926 6.005044712526
v 14.437209068653 19.145071905652 6.994550910207
v 15.984306757068 20.499457464752 6.957177828601
v 13.431442581180 32.309658059914 4.033475172464
v 6.903178850573 28.164959824633 2.946712159925
v 9.049848948424 19.562006499600 4.926361414249
v 12.214394713332 18.734145824505 3.570518442375
v 11.395538644041 27.037888434342 1.004608472395
v 7.146392253866 28.332705409551 3.411950380921
v 9.293062351717 19.729752084517 5.391599635246
v 12.457608116625 18.901891409423 4.035756663371
v 11.638752047334 27.205634019260 1.469846693391
v 8.178333326228 26.324297931728 2.713009507660
v 8.838062270559 23.272223620619 3.468573115425
v 11.043064341779 22.367951087374 2.641903431727
v 10.692390022827 25.849585754055 1.569893165669
v 8.232846675242 26.361896080072 2.817287039952
v 8.892575619573 23.309821768963 3.572850647718
v 11.097577690793 22.405549235717 2.746180964020
v 10.746903371841 25.887183902399 1.674170697961
v 10.247477925555 22.071012175477 5.866331482718
v 12.007219925957 19.705762162633 6.654023320482
v 15.464192132934 20.128259884170 7.123981425192
v 15.106472024157 22.695127239068 6.520453868983
v 10.153830785006 22.193943034669 6.444675704257
v 11.913572785408 19.828693021825 7.232367542021
v 15.370544992385 20.251190743362 7.702325646732
v 15.012824883608 22.818058098260 7.098798090522
v 10.428536082345 30.340652116045 2.859265445711
v 11.174316628111 26.890481155661 3.713380828402
v 12.547654652591 27.224797380807 3.864694518315
v 11.801874106826 30.674968341191 3.010579135623
v 10.406239144119 30.369921368234 2.996966450839
v 11.152019689885 26.919750407849 3.851081833531
v 12.525357714365 27.254066632995 4.002395523443
v 11.779577168600 30.704237593379 3.148280140751
v 10.538694448449 26.107182829110 3.776954277090
v 10.796849252753 24.912892881285 4.072609601868
v 11.202608214531 25.011668129623 4.117315919342
v 10.944453410228 26.205958077449 3.821660594564
v 10.516397510224 26.136452081299 3.914655282218
v 10.774552314527 24.942162133474 4.210310606996
v 11.180311276305 25.040937381812 4.255016924470
v 10.922156472002 26.235227329637 3.959361599693
v 13.992937861575 23.274437510051 4.938393795852
v 14.061779142722 22.955960190631 5.017235215793
v 14.311476965355 23.016744958839 5.044746795777
v 14.242635684208 23.335222278259 4.965905375836
v 13.970640923349 23.303706762239 5.076094800980
v 14.039482204497 22.985229442819 5.154936220921
v 14.289180027129 23.046014211028 5.182447800905
v 14.220338745982 23.364491530448 5.103606380964
v 13.199752701043 24.006027360062 4.575770637751
v 13.254388638462 23.753267582745 4.638343193259
v 13.603231184787 23.838187479506 4.676778488825
v 13.548595247368 24.090947256824 4.614205933317
v 13.174482837720 24.039199179209 4.731831776896
v 13.229118775139 23.786439401892 4.794404332405
v 13.577961321464 23.871359298653 4.832839627971
v 13.523325384045 24.124119075971 4.770267072462
v -11.916326040797 29.657997316886 11.607502326643
v 6.468616638784 28.176830289225 7.938514898844
v 9.935076822822 33.309969338673 8.496285096134
v 8.603195894677 35.298140289134 9.196314498613
v -10.479294738190 36.193041483852 12.856183632383
v -11.761223249431 29.460123251843 12.464589065524
v 6.623719430151 27.978956224182 8.795601637725
v 10.090179614189 33.112095273630 9.353371835016
v 8.758298686044 35.100266224091 10.053401237495
v -10.324191946823 35.995167418808 13.713270371264
v -8.502562272859 29.392890959661 7.352425055531
v 5.495960535925 28.956438529046 4.948996882669
v 7.854712997218 31.134119745839 7.422923450725
v -5.228341465293 32.495766179559 10.888829065879
v -8.457957377650 28.960168037653 7.690802388060
v 5.540565431134 28.523715607038 5.287374215198
v 7.899317892426 30.701396823831 7.761300783254
v -5.183736570084 32.063043257552 11.227206398409
v -5.306221718250 30.143297274219 7.573450278424
v -0.374791554700 29.912030673337 6.627641401157
v 1.773594928229 31.351479771831 8.185234110168
v -3.714443971445 31.916889512588 9.631723304690
v -5.296224069324 30.046307653769 7.649293473646
v -0.364793905774 29.815041052887 6.703484596379
v 1.783592577155 31.254490151381 8.261077305390
v -3.704446322519 31.819899892138 9.707566499912
v 3.638881386353 29.646696103547 9.894075519483
v 8.041752718249 30.746949132957 9.351322874977
v 9.010890331299 34.415370174672 10.022864515632
v 4.955206173510 34.811893511058 10.848346448945
v 3.742833257163 29.514078379103 10.468505993414
v 8.145704589059 30.614331408513 9.925753348908
v 9.114842202108 34.282752450228 10.597294989563
v 5.059158044320 34.679275786614 11.422776922877
v -9.876996144138 33.640424915989 11.974673841604
v -5.159975987699 33.419213384711 11.069987089436
v -5.108675718633 34.001398257479 11.195111499354
v -9.825695875072 34.222609788757 12.099798251522
v -9.852245698707 33.608849267312 12.111443002064
v -5.135225542268 33.387637736034 11.206756249896
v -5.083925273202 33.969822608802 11.331880659814
v -9.800945429641 34.191034140080 12.236567411982
v -5.884604935868 31.303965497073 10.712776189248
v -4.383734886092 31.233580009848 10.424921313558
v -4.208710438689 33.219857811056 10.851816359161
v -5.709580488465 33.290243298281 11.139671234851
v -5.859854490438 31.272389848396 10.849545349708
v -4.358984440661 31.202004361171 10.561690474018
v -4.183959993258 33.188282162379 10.988585519621
v -5.684830043034 33.258667649604 11.276440395311
v -9.659412531956 31.223082947737 11.377211432920
v -7.515312460847 31.122532251702 10.965990181935
v -7.476082843325 31.567732448524 11.061673554225
v -9.620182914434 31.668283144560 11.472894805211
v -9.634662086525 31.191507299060 11.513980593380
v -7.490562015416 31.090956603025 11.102759342395
v -7.451332397895 31.536156799847 11.198442714685
v -9.595432469003 31.636707495883 11.609663965670
v 1.084279783224 34.037653611746 10.082772867137
v 1.620304801002 34.012515937737 9.979967554391
v 1.644446104092 34.286485289628 10.038849629647
v 1.108421086315 34.311622963637 10.141654942393
v 1.109030228655 34.006077963069 10.219542027597
v 1.645055246432 33.980940289060 10.116736714851
v 1.669196549523 34.254909640951 10.175618790106
v 1.133171531745 34.280047314960 10.278424102853
v 1.585693568312 33.441122725204 9.775094227510
v 1.846714446534 33.428881770904 9.725032509999
v 1.877706659961 33.780599182115 9.800624363367
v 1.616685781739 33.792840136415 9.850686080878
v 1.613744073134 33.405336990037 9.930099276031
v 1.874764951356 33.393096035737 9.880037558520
v 1.905757164782 33.744813446948 9.955629411888
v 1.644736286560 33.757054401248 10.005691129400
v -9.710947632240 12.104223382094 7.155797756468
v -8.669509553353 26.848965844042 10.371425826373
v -13.049609211723 29.226004617609 11.712853661167
v -14.715423164053 28.017765241785 11.735363818178
v -15.253140314061 12.761433269444 8.310470092817
v -9.555844840873 11.906349317051 8.012884495349
v -8.514406761986 26.651091778999 11.228512565255
v -12.894506420356 29.028130552566 12.569940400048
v -14.560320372686 27.819891176742 12.592450557059
v -15.098037522695 12.563559204401 9.167556831699
v -8.574605671152 15.504262230501 7.718660318766
v -8.439387153275 26.686442020970 10.082612333603
v -11.069014075278 28.472912319106 8.961769371716
v -12.319090816207 17.980616323862 6.108813814554
v -8.841587939430 15.407632736271 8.191017336653
v -8.706369421553 26.589812526740 10.554969351489
v -11.335996343556 28.376282824876 9.434126389603
v -12.586073084485 17.883986829632 6.581170832441
v -9.271143794160 18.073998751007 7.623379337787
v -9.132183182360 22.016646339365 8.508464233104
v -10.886322838721 23.667406090215 7.854695806219
v -11.403903504153 19.266380934355 6.661840246460
v -9.330984647394 18.052340416094 7.729252462485
v -9.192024035594 21.994988004452 8.614337357803
v -10.946163691956 23.645747755301 7.960568930917
v -11.463744357388 19.244722599442 6.767713371159
v -9.943417389859 24.142507895454 11.081255663228
v -10.924257441397 27.565262820138 12.048958723894
v -14.037209500624 28.063507977045 12.727323377068
v -14.325951791525 24.805648606575 12.027439556146
v -9.839465519049 24.009890171010 11.655686137159
v -10.820305570587 27.432645095694 12.623389197825
v -13.933257629814 27.930890252601 13.301753851000
v -14.221999920716 24.673030882131 12.601870030078
v -11.588449920825 14.018994886903 7.754423195235
v -11.528032263521 15.733189490537 8.139242714939
v -13.383485511769 15.723700172503 8.472824224428
v -13.443903169073 14.009505568869 8.088004704725
v -11.563699475394 13.987419238226 7.891192355695
v -11.503281818090 15.701613841860 8.276011875399
v -13.358735066338 15.692124523826 8.609593384888
v -13.419152723642 13.977929920192 8.224773865185
v -12.872505445512 16.240479153696 8.499662491881
v -12.775837193825 18.983190519510 9.115373723407
v -13.181717591879 18.981114731190 9.188344678607
v -13.278385843566 16.238403365376 8.572633447082
v -12.847755000081 16.208903505019 8.636431652341
v -12.751086748394 18.951614870833 9.252142883866
v -13.156967146448 18.949539082513 9.325113839067
v -13.253635398135 16.206827716699 8.709402607542
v -11.153532973256 18.134544641567 8.625867931666
v -11.117282378874 19.163061403748 8.856759643488
v -11.697111518951 19.160095991862 8.961003865203
v -11.733362113334 18.131579229682 8.730112153381
v -11.128782527825 18.102968992890 8.762637092126
v -11.092531933443 19.131485755071 8.993528803948
v -11.672361073520 19.128520343185 9.097773025663
v -11.708611667903 18.100003581005 8.866881313841
v -10.691202648882 16.037399258110 8.058038114942
v -10.676098234556 16.465947909019 8.154242994868
v -10.937021347591 16.464613473670 8.201152894640
v -10.952125761917 16.036064822762 8.104948014714
v -10.666452203452 16.005823609433 8.194807275402
v -10.651347789125 16.434372260342 8.291012155328
v -10.912270902160 16.433037824993 8.337922055100
v -10.927375316486 16.004489174085 8.241717175174
v -13.220628360576 23.222782616321 10.174652361931
v -13.193440414789 23.994170187956 10.347821145797
v -13.570329355839 23.992242670230 10.415579889912
v -13.597517301626 23.220855098595 10.242411106046
v -13.195877915145 23.191206967644 10.311421522391
v -13.168689969358 23.962594539279 10.484590306257
v -13.545578910408 23.960667021553 10.552349050372
v -13.572766856195 23.189279449918 10.379180266506
v 6.317426924130 10.546342959778 3.979727742465
v -10.375674359884 12.575373806153 7.469035243931
v -13.800077438443 7.181248906111 6.843400846911
v -12.686999181746 5.026795644614 6.144577796396
v 4.672332466931 3.606485279280 2.675240043649
v 6.472529715497 10.348468894735 4.836814481346
v -10.220571568517 12.377499741110 8.326121982812
v -13.644974647077 6.983374841067 7.700487585793
v -12.531896390379 4.828921579571 7.001664535278
v 4.827435258298 3.408611214237 3.532326782531
v 2.025864396242 12.560315894677 1.430171928132
v -10.646290460670 13.261809827559 4.131501006871
v -12.144189272368 9.897039717805 6.185799618621
v -0.030742116478 7.765851298708 4.338604059059
v 2.141864850354 12.802508716083 1.911445732720
v -10.530290006558 13.504002648965 4.612774811459
v -12.028188818256 10.139232539211 6.667073423208
v 0.085258337633 8.008044120114 4.819877863646
v -0.725387544322 11.556374141162 2.375451525029
v -5.211506959149 11.923420640069 3.272021955514
v -6.729835373725 9.700409256707 4.756674096822
v -1.650157758849 8.815351181347 3.977720008501
v -0.699387442539 11.610658739064 2.483323239850
v -5.185506857365 11.977705237971 3.379893670335
v -6.703835271942 9.754693854609 4.864545811643
v -1.624157657065 8.869635779249 4.085591723323
v -7.565667185622 10.489604452032 7.498944727173
v -11.637818670557 9.422627974499 7.989531117314
v -12.709470805388 5.530926936792 7.284992779029
v -9.030574189412 5.008849241164 6.498709734831
v -7.461715314812 10.356986727589 8.073375201104
v -11.533866799747 9.290010250055 8.563961591245
v -12.605518934579 5.398309212348 7.859423252960
v -8.926622318603 4.876231516720 7.073140208762
v 3.748947097889 7.714607918913 3.523407123752
v -1.322318327567 8.129530048112 4.536921523431
v -1.520524526316 6.524517331520 4.202243546310
v 3.550740899140 6.109595202321 3.188729146631
v 3.773697543320 7.683032270236 3.660176284212
v -1.297567882136 8.097954399435 4.673690683891
v -1.495774080885 6.492941682842 4.339012706770
v 3.575491344571 6.078019553644 3.325498307091
v -2.089672528299 9.095043756198 4.898692259937
v -3.845110560188 9.238670647075 5.249524167518
v -3.903671482545 8.764462344445 5.150642037914
v -2.148233450657 8.620835453569 4.799810130333
v -2.064922082868 9.063468107521 5.035461420397
v -3.820360114757 9.207094998398 5.386293327978
v -3.878921037115 8.732886695768 5.287411198374
v -2.123483005226 8.589259804891 4.936579290793
v -7.609107922814 6.359444357853 5.265954578786
v -8.077224731317 6.397744862086 5.359509754141
v -8.113262221999 6.105924368161 5.298659212846
v -7.645145413495 6.067623863927 5.205104037491
v -7.584357477383 6.327868709176 5.402723739246
v -8.052474285886 6.366169213409 5.496278914601
v -8.088511776568 6.074348719484 5.435428373306
v -7.620394968064 6.036048215250 5.341873197951
v 9.820606914062 28.948628775822 7.510105348520
v 9.016252617372 15.790656403922 4.617908127588
v 13.877515800219 13.760460706050 3.269481518741
v 15.677829376685 14.870310049074 3.199916494280
v 15.917658686962 28.474010614964 6.297177500317
v 9.975709705429 28.750754710778 8.367192087402
v 9.171355408739 15.592782338878 5.474994866470
v 14.032618591585 13.562586641007 4.126568257622
v 15.832932168051 14.672435984031 4.057003233162
v 16.072761478329 28.276136549921 7.154264239198
v 8.687275624883 25.799994295324 7.128862166136
v 8.724036580748 15.915285272757 4.628261460138
v 10.906417704504 15.218490966307 1.868872005766
v 11.794008266902 24.867191077744 3.215423590861
v 9.103162357150 25.712758726431 7.479812482450
v 9.139923313015 15.828049703863 4.979211776452
v 11.322304436771 15.131255397413 2.219822322080
v 12.209894999169 24.779955508850 3.566373907175
v 9.223073676098 23.862884488320 5.706518871974
v 9.161095315015 20.347321420730 4.906103106369
v 10.622957980162 19.478562228519 2.957804565489
v 10.989704546491 23.523486071185 3.528643776039
v 9.316289667813 23.843331688396 5.785180149768
v 9.254311306730 20.327768620806 4.984764384163
v 10.716173971877 19.459009428595 3.036465843284
v 11.082920538206 23.503933271260 3.607305053834
v 10.711137611994 17.756623776594 5.869204441264
v 11.866084861505 14.726684268927 4.960682638075
v 15.293655450247 14.345073627328 4.252310209365
v 15.535724672747 17.253508925786 4.879969323552
v 10.815089482803 17.624006052151 6.443634915195
v 11.970036732314 14.594066544483 5.535113112007
v 15.397607321057 14.212455902884 4.826740683296
v 15.639676543556 17.120891201342 5.454399797483
v 13.615034716779 27.698119449555 6.351546705067
v 13.588087603265 26.169613767995 6.003539850456
v 14.033450252516 26.179587609478 5.925247394784
v 14.060397366031 27.708093291038 6.273254249395
v 13.639785162210 27.666543800878 6.488315865526
v 13.612838048696 26.138038119317 6.140309010916
v 14.058200697947 26.148011960800 6.062016555244
v 14.085147811462 27.676517642361 6.410023409854
v 12.600580095675 26.071103549204 6.159501373856
v 12.565548848107 24.084046163175 5.707092462862
v 13.583520617824 24.106843515136 5.528138278469
v 13.618551865393 26.093900901165 5.980547189463
v 12.625330541106 26.039527900527 6.296270534316
v 12.590299293537 24.052470514498 5.843861623322
v 13.608271063255 24.075267866459 5.664907438929
v 13.643302310824 26.062325252488 6.117316349923
v 11.364231527566 27.189342329048 6.641403086175
v 11.310337300537 24.132330965926 5.945389376953
v 11.660265096377 24.140167555663 5.883873876068
v 11.714159323406 27.197178918784 6.579887585290
v 11.388981972997 27.157766680370 6.778172246635
v 11.335087745968 24.100755317249 6.082158537413
v 11.685015541808 24.108591906986 6.020643036528
v 11.738909768837 27.165603270107 6.716656745749
v 14.166383665283 22.897574897615 5.143478747797
v 14.158299531228 22.439023193147 5.039076691413
v 14.730908651694 22.451846703625 4.938414962692
v 14.738992785749 22.910398408093 5.042817019075
v 14.191134110713 22.865999248938 5.280247908256
v 14.183049976659 22.407447544470 5.175845851873
v 14.755659097125 22.420271054948 5.075184123152
v 14.763743231180 22.878822759416 5.179586179535
v 11.731333847843 20.054620735108 4.927790107804
v 11.724597069465 19.672494314718 4.840788394151
v 11.979090011894 19.678193652708 4.796049848053
v 11.985826790273 20.060320073098 4.883051561705
v 11.756084293274 20.023045086431 5.064559268263
v 11.749347514895 19.640918666040 4.977557554611
v 12.003840457325 19.646618004031 4.932819008512
v 12.010577235703 20.028744424421 5.019820722165
v 13.924463202208 18.193857840572 4.101319261180
v 13.915031712478 17.658880852026 3.979516862066
v 14.169524654907 17.664580190016 3.934778315968
v 14.178956144637 18.199557178562 4.056580715081
v 13.949213647638 18.162282191895 4.238088421640
v 13.939782157908 17.627305203349 4.116286022526
v 14.194275100338 17.633004541339 4.071547476427
v 14.203706590068 18.167981529885 4.193349875541
vt 0.004756821739 0.999511718750
vt 0.099731847621 0.999511718750
vt 0.107201793477 0.989898223214
vt 0.092261901765 0.963461110489
vt 0.000488281250 0.966551162626
vt 0.000488281250 0.999511718750
vt 0.092313908635 0.999511718750
vt 0.106355695580 0.972586832251
vt 0.098566473780 0.963230154889
vt 0.003645238478 0.966426188393
vt 0.108398437500 0.999511718750
vt 0.200224064885 0.999511718750
vt 0.200224064885 0.995150383902
vt 0.108398437500 0.995150383902
vt 0.108398437500 0.999511718750
vt 0.138764887631 0.999511718750
vt 0.138764887631 0.995150383902
vt 0.108398437500 0.995150383902
vt 0.108398437500 0.999511718750
vt 0.120572975993 0.999511718750
vt 0.120572975993 0.995150383902
vt 0.108398437500 0.995150383902
vt 0.108398437500 0.999511718750
vt 0.203373463382 0.999511718750
vt 0.203373463382 0.995150383902
vt 0.108398437500 0.995150383902
vt 0.108398437500 0.999511718750
vt 0.141634241957 0.999511718750
vt 0.141634241957 0.995150383902
vt 0.108398437500 0.995150383902
vt 0.117858798992 0.999511718750
vt 0.184278133786 0.999511718750
vt 0.177343013093 0.980976937395
vt 0.108398437500 0.973171367271
vt 0.108398437500 0.999511718750
vt 0.177783460586 0.999511718750
vt 0.186759655459 0.981874770474
vt 0.120761942337 0.974402829812
vt 0.000488281250 0.999511718750
vt 0.069873304336 0.999511718750
vt 0.069873304336 0.996820682355
vt 0.000488281250 0.996820682355
vt 0.000488281250 0.999511718750
vt 0.020278026546 0.999511718750
vt 0.020278026546 0.996820682355
vt 0.000488281250 0.996820682355
vt 0.000488281250 0.999511718750
vt 0.066907616044 0.999511718750
vt 0.066907616044 0.996820682355
vt 0.000488281250 0.996820682355
vt 0.000488281250 0.999511718750
vt 0.028476002765 0.999511718750
vt 0.028476002765 0.996820682355
vt 0.000488281250 0.996820682355
vt 0.209432773957 0.993652343750
vt 0.219180067898 0.993652343750
vt 0.216566201801 0.989204271184
vt 0.208007812500 0.988462925756
vt 0.208007812500 0.993652343750
vt 0.216598250234 0.993652343750
vt 0.219586228577 0.989446439453
vt 0.209875298964 0.988605258593
vt 0.208007812500 0.993652343750
vt 0.216598250234 0.993652343750
vt 0.216598250234 0.993441236585
vt 0.208007812500 0.993441236585
vt 0.208007812500 0.993652343750
vt 0.213167041661 0.993652343750
vt 0.213167041661 0.993441236585
vt 0.208007812500 0.993441236585
vt 0.208007812500 0.993652343750
vt 0.217755106441 0.993652343750
vt 0.217755106441 0.993441236585
vt 0.208007812500 0.993441236585
vt 0.208007812500 0.993652343750
vt 0.213389315475 0.993652343750
vt 0.213389315475 0.993441236585
vt 0.208007812500 0.993441236585
vt 0.111337600252 0.999511718750
vt 0.131639313630 0.999511718750
vt 0.129382683129 0.980832858652
vt 0.108398437500 0.973234984158
vt 0.108398437500 0.999511718750
vt 0.130715835679 0.999511718750
vt 0.139196811907 0.982716920806
vt 0.120107842091 0.975805278641
vt 0.108398437500 0.999511718750
vt 0.130715835679 0.999511718750
vt 0.130715835679 0.996588696459
vt 0.108398437500 0.996588696459
vt 0.108398437500 0.999511718750
vt 0.127213117826 0.999511718750
vt 0.127213117826 0.996588696459
vt 0.108398437500 0.996588696459
vt 0.108398437500 0.999511718750
vt 0.128700150878 0.999511718750
vt 0.128700150878 0.996588696459
vt 0.108398437500 0.996588696459
vt 0.108398437500 0.999511718750
vt 0.134839039961 0.999511718750
vt 0.134839039961 0.996588696459
vt 0.108398437500 0.996588696459
vt 0.108398437500 0.999511718750
vt 0.109419871401 0.999511718750
vt 0.109419871401 0.991294778309
vt 0.108398437500 0.991294778309
vt 0.108398437500 0.999511718750
vt 0.116615377941 0.999511718750
vt 0.116615377941 0.998490284849
vt 0.108398437500 0.998490284849
vt 0.108398437500 0.999511718750
vt 0.108642022691 0.999511718750
vt 0.108642022691 0.998490284849
vt 0.108398437500 0.998490284849
vt 0.108398437500 0.999511718750
vt 0.109419871401 0.999511718750
vt 0.109419871401 0.999268133559
vt 0.108398437500 0.999268133559
vt 0.108398437500 0.999511718750
vt 0.108642022691 0.999511718750
vt 0.108642022691 0.991294778309
vt 0.108398437500 0.991294778309
vt 0.108398437500 0.999511718750
vt 0.116615377941 0.999511718750
vt 0.116615377941 0.999268133559
vt 0.108398437500 0.999268133559
vt 0.108398437500 0.999511718750
vt 0.111883329632 0.999511718750
vt 0.111883329632 0.996897237700
vt 0.108398437500 0.996897237700
vt 0.108398437500 0.999511718750
vt 0.111012918550 0.999511718750
vt 0.111012918550 0.996026826618
vt 0.108398437500 0.996026826618
vt 0.108398437500 0.999511718750
vt 0.108642022691 0.999511718750
vt 0.108642022691 0.996026826618
vt 0.108398437500 0.996026826618
vt 0.108398437500 0.999511718750
vt 0.111883329632 0.999511718750
vt 0.111883329632 0.999268133559
vt 0.108398437500 0.999268133559
vt 0.108398437500 0.999511718750
vt 0.108642022691 0.999511718750
vt 0.108642022691 0.996897237700
vt 0.108398437500 0.996897237700
vt 0.108398437500 0.999511718750
vt 0.111012918550 0.999511718750
vt 0.111012918550 0.999268133559
vt 0.108398437500 0.999268133559
vt 0.108398437500 0.999511718750
vt 0.109179534012 0.999511718750
vt 0.109179534012 0.995776745822
vt 0.108398437500 0.995776745822
vt 0.108398437500 0.999511718750
vt 0.112133410428 0.999511718750
vt 0.112133410428 0.998730622238
vt 0.108398437500 0.998730622238
vt 0.108398437500 0.999511718750
vt 0.108642022691 0.999511718750
vt 0.108642022691 0.998730622238
vt 0.108398437500 0.998730622238
vt 0.108398437500 0.999511718750
vt 0.109179534012 0.999511718750
vt 0.109179534012 0.999268133559
vt 0.108398437500 0.999268133559
vt 0.108398437500 0.999511718750
vt 0.108642022691 0.999511718750
vt 0.108642022691 0.995776745822
vt 0.108398437500 0.995776745822
vt 0.108398437500 0.999511718750
vt 0.112133410428 0.999511718750
vt 0.112133410428 0.999268133559
vt 0.108398437500 0.999268133559
vt 0.296875000000 0.999511718750
vt 0.297355674777 0.999511718750
vt 0.297355674777 0.998577975518
vt 0.296875000000 0.998577975518
vt 0.296875000000 0.999511718750
vt 0.297808743232 0.999511718750
vt 0.297808743232 0.999031043973
vt 0.296875000000 0.999031043973
vt 0.296875000000 0.999511718750
vt 0.297118585191 0.999511718750
vt 0.297118585191 0.999031043973
vt 0.296875000000 0.999031043973
vt 0.296875000000 0.999511718750
vt 0.297355674777 0.999511718750
vt 0.297355674777 0.999268133559
vt 0.296875000000 0.999268133559
vt 0.296875000000 0.999511718750
vt 0.297118585191 0.999511718750
vt 0.297118585191 0.998577975518
vt 0.296875000000 0.998577975518
vt 0.296875000000 0.999511718750
vt 0.297808743232 0.999511718750
vt 0.297808743232 0.999268133559
vt 0.296875000000 0.999268133559
vt 0.208007812500 0.986816406250
vt 0.209770905311 0.986816406250
vt 0.209770905311 0.985517285232
vt 0.208007812500 0.985517285232
vt 0.299804687500 0.999511718750
vt 0.301103808518 0.999511718750
vt 0.301103808518 0.997748625939
vt 0.299804687500 0.997748625939
vt 0.299804687500 0.999511718750
vt 0.300593439547 0.999511718750
vt 0.300593439547 0.997748625939
vt 0.299804687500 0.997748625939
vt 0.299804687500 0.999511718750
vt 0.301567780311 0.999511718750
vt 0.301567780311 0.998722966703
vt 0.299804687500 0.998722966703
vt 0.299804687500 0.999511718750
vt 0.300593439547 0.999511718750
vt 0.300593439547 0.998212597732
vt 0.299804687500 0.998212597732
vt 0.299804687500 0.999511718750
vt 0.301103808518 0.999511718750
vt 0.301103808518 0.998722966703
vt 0.299804687500 0.998722966703
vt 0.111831828763 0.999511718750
vt 0.188224784364 0.999511718750
vt 0.194233219074 0.991457168436
vt 0.182216349653 0.969307155072
vt 0.108398437500 0.971896117673
vt 0.108398437500 0.999511718750
vt 0.182261736113 0.999511718750
vt 0.193494847423 0.976954115752
vt 0.187207786814 0.969115114711
vt 0.110861772061 0.971792743638
vt 0.208007812500 0.999511718750
vt 0.281871111113 0.999511718750
vt 0.281871111113 0.995150383902
vt 0.208007812500 0.995150383902
vt 0.208007812500 0.999511718750
vt 0.233207579219 0.999511718750
vt 0.233207579219 0.995150383902
vt 0.208007812500 0.995150383902
vt 0.208007812500 0.999511718750
vt 0.218056547168 0.999511718750
vt 0.218056547168 0.995150383902
vt 0.208007812500 0.995150383902
vt 0.208007812500 0.999511718750
vt 0.284400768101 0.999511718750
vt 0.284400768101 0.995150383902
vt 0.208007812500 0.995150383902
vt 0.208007812500 0.999511718750
vt 0.235836028368 0.999511718750
vt 0.235836028368 0.995150383902
vt 0.208007812500 0.995150383902
vt 0.007942595745 0.999511718750
vt 0.061384375736 0.999511718750
vt 0.055915196196 0.983987672200
vt 0.000488281250 0.977450015692
vt 0.000488281250 0.999511718750
vt 0.056299425773 0.999511718750
vt 0.063549422823 0.984735200591
vt 0.010475560616 0.978475088856
vt 0.108398437500 0.999511718750
vt 0.164209582023 0.999511718750
vt 0.164209582023 0.996820682355
vt 0.108398437500 0.996820682355
vt 0.108398437500 0.999511718750
vt 0.124857718958 0.999511718750
vt 0.124857718958 0.996820682355
vt 0.108398437500 0.996820682355
vt 0.108398437500 0.999511718750
vt 0.161840217491 0.999511718750
vt 0.161840217491 0.996820682355
vt 0.108398437500 0.996820682355
vt 0.108398437500 0.999511718750
vt 0.131685462780 0.999511718750
vt 0.131685462780 0.996820682355
vt 0.108398437500 0.996820682355
vt 0.209123842913 0.999511718750
vt 0.216966538964 0.999511718750
vt 0.214889556317 0.995786134363
vt 0.208007812500 0.995165203632
vt 0.208007812500 0.999511718750
vt 0.214917512417 0.999511718750
vt 0.217320886301 0.995987852988
vt 0.209509921178 0.995283079835
vt 0.208007812500 0.999511718750
vt 0.214917512417 0.999511718750
vt 0.214917512417 0.999300611585
vt 0.208007812500 0.999300611585
vt 0.208007812500 0.999511718750
vt 0.212273235801 0.999511718750
vt 0.212273235801 0.999300611585
vt 0.208007812500 0.999300611585
vt 0.208007812500 0.999511718750
vt 0.215850508551 0.999511718750
vt 0.215850508551 0.999300611585
vt 0.208007812500 0.999300611585
vt 0.208007812500 0.999511718750
vt 0.212495319330 0.999511718750
vt 0.212495319330 0.999300611585
vt 0.208007812500 0.999300611585
vt 0.002761622160 0.999511718750
vt 0.019093047653 0.999511718750
vt 0.017342439860 0.983863574909
vt 0.000488281250 0.977498484515
vt 0.000488281250 0.999511718750
vt 0.018504302957 0.999511718750
vt 0.025670528307 0.985491224908
vt 0.010392325379 0.979721305155
vt 0.000488281250 0.999511718750
vt 0.018504302957 0.999511718750
vt 0.018504302957 0.996588696459
vt 0.000488281250 0.996588696459
vt 0.000488281250 0.999511718750
vt 0.016234043643 0.999511718750
vt 0.016234043643 0.996588696459
vt 0.000488281250 0.996588696459
vt 0.000488281250 0.999511718750
vt 0.016819706744 0.999511718750
vt 0.016819706744 0.996588696459
vt 0.000488281250 0.996588696459
vt 0.000488281250 0.999511718750
vt 0.022618589887 0.999511718750
vt 0.022618589887 0.996588696459
vt 0.000488281250 0.996588696459
vt 0.000488281250 0.999511718750
vt 0.003710101376 0.999511718750
vt 0.003710101376 0.996507501395
vt 0.000488281250 0.996507501395
vt 0.000488281250 0.999511718750
vt 0.003492498605 0.999511718750
vt 0.003492498605 0.996289898624
vt 0.000488281250 0.996289898624
vt 0.000488281250 0.999511718750
vt 0.000731866441 0.999511718750
vt 0.000731866441 0.996289898624
vt 0.000488281250 0.996289898624
vt 0.000488281250 0.999511718750
vt 0.003710101376 0.999511718750
vt 0.003710101376 0.999268133559
vt 0.000488281250 0.999268133559
vt 0.000488281250 0.999511718750
vt 0.000731866441 0.999511718750
vt 0.000731866441 0.996507501395
vt 0.000488281250 0.996507501395
vt 0.000488281250 0.999511718750
vt 0.003492498605 0.999511718750
vt 0.003492498605 0.999268133559
vt 0.000488281250 0.999268133559
vt 0.000488281250 0.999511718750
vt 0.001193054402 0.999511718750
vt 0.001193054402 0.994704970982
vt 0.000488281250 0.994704970982
vt 0.000488281250 0.999511718750
vt 0.005295029018 0.999511718750
vt 0.005295029018 0.998806945598
vt 0.000488281250 0.998806945598
vt 0.000488281250 0.999511718750
vt 0.000731866441 0.999511718750
vt 0.000731866441 0.998806945598
vt 0.000488281250 0.998806945598
vt 0.000488281250 0.999511718750
vt 0.001193054402 0.999511718750
vt 0.001193054402 0.999268133559
vt 0.000488281250 0.999268133559
vt 0.000488281250 0.999511718750
vt 0.000731866441 0.999511718750
vt 0.000731866441 0.994704970982
vt 0.000488281250 0.994704970982
vt 0.000488281250 0.999511718750
vt 0.005295029018 0.999511718750
vt 0.005295029018 0.999268133559
vt 0.000488281250 0.999268133559
vt 0.000488281250 0.999511718750
vt 0.001495100039 0.999511718750
vt 0.001495100039 0.997709188337
vt 0.000488281250 0.997709188337
vt 0.000488281250 0.999511718750
vt 0.002290811663 0.999511718750
vt 0.002290811663 0.998504899961
vt 0.000488281250 0.998504899961
vt 0.000488281250 0.999511718750
vt 0.000731866441 0.999511718750
vt 0.000731866441 0.998504899961
vt 0.000488281250 0.998504899961
vt 0.000488281250 0.999511718750
vt 0.001495100039 0.999511718750
vt 0.001495100039 0.999268133559
vt 0.000488281250 0.999268133559
vt 0.000488281250 0.999511718750
vt 0.000731866441 0.999511718750
vt 0.000731866441 0.997709188337
vt 0.000488281250 0.997709188337
vt 0.000488281250 0.999511718750
vt 0.002290811663 0.999511718750
vt 0.002290811663 0.999268133559
vt 0.000488281250 0.999268133559
vt 0.000488281250 0.999511718750
vt 0.000941349705 0.999511718750
vt 0.000941349705 0.998760664411
vt 0.000488281250 0.998760664411
vt 0.000488281250 0.999511718750
vt 0.001239335589 0.999511718750
vt 0.001239335589 0.999058650295
vt 0.000488281250 0.999058650295
vt 0.000488281250 0.999511718750
vt 0.000731866441 0.999511718750
vt 0.000731866441 0.999058650295
vt 0.000488281250 0.999058650295
vt 0.000488281250 0.999511718750
vt 0.000941349705 0.999511718750
vt 0.000941349705 0.999268133559
vt 0.000488281250 0.999268133559
vt 0.000488281250 0.999511718750
vt 0.000731866441 0.999511718750
vt 0.000731866441 0.998760664411
vt 0.000488281250 0.998760664411
vt 0.000488281250 0.999511718750
vt 0.001239335589 0.999511718750
vt 0.001239335589 0.999268133559
vt 0.000488281250 0.999268133559
vt 0.302734375000 0.999511718750
vt 0.303388807213 0.999511718750
vt 0.303388807213 0.998159820940
vt 0.302734375000 0.998159820940
vt 0.302734375000 0.999511718750
vt 0.304086272810 0.999511718750
vt 0.304086272810 0.998857286537
vt 0.302734375000 0.998857286537
vt 0.302734375000 0.999511718750
vt 0.302977960191 0.999511718750
vt 0.302977960191 0.998857286537
vt 0.302734375000 0.998857286537
vt 0.302734375000 0.999511718750
vt 0.303388807213 0.999511718750
vt 0.303388807213 0.999268133559
vt 0.302734375000 0.999268133559
vt 0.302734375000 0.999511718750
vt 0.302977960191 0.999511718750
vt 0.302977960191 0.998159820940
vt 0.302734375000 0.998159820940
vt 0.302734375000 0.999511718750
vt 0.304086272810 0.999511718750
vt 0.304086272810 0.999268133559
vt 0.302734375000 0.999268133559
vt 0.004385644305 0.999511718750
vt 0.091101972284 0.999511718750
vt 0.097922357631 0.989248662705
vt 0.084281586938 0.961025258579
vt 0.000488281250 0.964324098023
vt 0.000488281250 0.999511718750
vt 0.084346497423 0.999511718750
vt 0.096866448809 0.970773556268
vt 0.089647611634 0.960786746692
vt 0.002998406463 0.964198019388
vt 0.108398437500 0.999511718750
vt 0.192256653673 0.999511718750
vt 0.192256653673 0.995150383902
vt 0.108398437500 0.995150383902
vt 0.108398437500 0.999511718750
vt 0.139745385765 0.999511718750
vt 0.139745385765 0.995150383902
vt 0.108398437500 0.995150383902
vt 0.108398437500 0.999511718750
vt 0.120721098563 0.999511718750
vt 0.120721098563 0.995150383902
vt 0.108398437500 0.995150383902
vt 0.108398437500 0.999511718750
vt 0.195114765479 0.999511718750
vt 0.195114765479 0.995150383902
vt 0.108398437500 0.995150383902
vt 0.108398437500 0.999511718750
vt 0.143801235288 0.999511718750
vt 0.143801235288 0.995150383902
vt 0.108398437500 0.995150383902
vt 0.008366437908 0.999511718750
vt 0.069096082961 0.999511718750
vt 0.063298135469 0.979752577017
vt 0.000488281250 0.971431390841
vt 0.000488281250 0.999511718750
vt 0.063846942271 0.999511718750
vt 0.072189728013 0.980685200134
vt 0.011986117471 0.972709294792
vt 0.108398437500 0.999511718750
vt 0.171757098521 0.999511718750
vt 0.171757098521 0.996820682355
vt 0.108398437500 0.996820682355
vt 0.108398437500 0.999511718750
vt 0.128990666061 0.999511718750
vt 0.128990666061 0.996820682355
vt 0.108398437500 0.996820682355
vt 0.108398437500 0.999511718750
vt 0.169128082553 0.999511718750
vt 0.169128082553 0.996820682355
vt 0.108398437500 0.996820682355
vt 0.108398437500 0.999511718750
vt 0.137562973632 0.999511718750
vt 0.137562973632 0.996820682355
vt 0.108398437500 0.996820682355
vt 0.209161289449 0.993652343750
vt 0.218073150891 0.993652343750
vt 0.215811333300 0.988910204187
vt 0.208007812500 0.988119847593
vt 0.208007812500 0.993652343750
vt 0.215851255649 0.993652343750
vt 0.218579409787 0.989162256730
vt 0.209712908837 0.988264239326
vt 0.208007812500 0.993652343750
vt 0.215851255649 0.993652343750
vt 0.215851255649 0.993441236585
vt 0.208007812500 0.993441236585
vt 0.208007812500 0.993652343750
vt 0.213261735458 0.993652343750
vt 0.213261735458 0.993441236585
vt 0.208007812500 0.993441236585
vt 0.208007812500 0.993652343750
vt 0.216919673942 0.993652343750
vt 0.216919673942 0.993441236585
vt 0.208007812500 0.993441236585
vt 0.208007812500 0.993652343750
vt 0.213659274506 0.993652343750
vt 0.213659274506 0.993441236585
vt 0.208007812500 0.993441236585
vt 0.110637198680 0.999511718750
vt 0.129182302122 0.999511718750
vt 0.127438030787 0.979580189029
vt 0.108398437500 0.971472774524
vt 0.108398437500 0.999511718750
vt 0.129092308150 0.999511718750
vt 0.138505887333 0.981856892597
vt 0.121443287834 0.974591318980
vt 0.108398437500 0.999511718750
vt 0.129092308150 0.999511718750
vt 0.129092308150 0.996588696459
vt 0.108398437500 0.996588696459
vt 0.108398437500 0.999511718750
vt 0.128406145003 0.999511718750
vt 0.128406145003 0.996588696459
vt 0.108398437500 0.996588696459
vt 0.108398437500 0.999511718750
vt 0.126943540941 0.999511718750
vt 0.126943540941 0.996588696459
vt 0.108398437500 0.996588696459
vt 0.108398437500 0.999511718750
vt 0.136526616341 0.999511718750
vt 0.136526616341 0.996588696459
vt 0.108398437500 0.996588696459
vt 0.108398437500 0.999511718750
vt 0.111220777913 0.999511718750
vt 0.111220777913 0.990645217799
vt 0.108398437500 0.990645217799
vt 0.108398437500 0.999511718750
vt 0.117264938451 0.999511718750
vt 0.117264938451 0.996689378337
vt 0.108398437500 0.996689378337
vt 0.108398437500 0.999511718750
vt 0.108642022691 0.999511718750
vt 0.108642022691 0.996689378337
vt 0.108398437500 0.996689378337
vt 0.108398437500 0.999511718750
vt 0.111220777913 0.999511718750
vt 0.111220777913 0.999268133559
vt 0.108398437500 0.999268133559
vt 0.108398437500 0.999511718750
vt 0.108642022691 0.999511718750
vt 0.108642022691 0.990645217799
vt 0.108398437500 0.990645217799
vt 0.108398437500 0.999511718750
vt 0.117264938451 0.999511718750
vt 0.117264938451 0.999268133559
vt 0.108398437500 0.999268133559
vt 0.108398437500 0.999511718750
vt 0.109232310804 0.999511718750
vt 0.109232310804 0.996442545344
vt 0.108398437500 0.996442545344
vt 0.108398437500 0.999511718750
vt 0.111467610906 0.999511718750
vt 0.111467610906 0.998677845446
vt 0.108398437500 0.998677845446
vt 0.108398437500 0.999511718750
vt 0.108642022691 0.999511718750
vt 0.108642022691 0.998677845446
vt 0.108398437500 0.998677845446
vt 0.108398437500 0.999511718750
vt 0.109232310804 0.999511718750
vt 0.109232310804 0.999268133559
vt 0.108398437500 0.999268133559
vt 0.108398437500 0.999511718750
vt 0.108642022691 0.999511718750
vt 0.108642022691 0.996442545344
vt 0.108398437500 0.996442545344
vt 0.108398437500 0.999511718750
vt 0.111467610906 0.999511718750
vt 0.111467610906 0.999268133559
vt 0.108398437500 0.999268133559
vt 0.296875000000 0.999511718750
vt 0.297388152802 0.999511718750
vt 0.297388152802 0.998693272508
vt 0.296875000000 0.998693272508
vt 0.296875000000 0.999511718750
vt 0.297693446242 0.999511718750
vt 0.297693446242 0.998998565948
vt 0.296875000000 0.998998565948
vt 0.296875000000 0.999511718750
vt 0.297118585191 0.999511718750
vt 0.297118585191 0.998998565948
vt 0.296875000000 0.998998565948
vt 0.296875000000 0.999511718750
vt 0.297388152802 0.999511718750
vt 0.297388152802 0.999268133559
vt 0.296875000000 0.999268133559
vt 0.296875000000 0.999511718750
vt 0.297118585191 0.999511718750
vt 0.297118585191 0.998693272508
vt 0.296875000000 0.998693272508
vt 0.296875000000 0.999511718750
vt 0.297693446242 0.999511718750
vt 0.297693446242 0.999268133559
vt 0.296875000000 0.999268133559
vt 0.003550495079 0.999511718750
vt 0.071684752777 0.999511718750
vt 0.077043626978 0.990677695825
vt 0.066325878576 0.966384132780
vt 0.000488281250 0.969223640149
vt 0.000488281250 0.999511718750
vt 0.066387082633 0.999511718750
vt 0.076048093743 0.974778902482
vt 0.070313548242 0.966183992264
vt 0.002242570800 0.969119823004
vt 0.108398437500 0.999511718750
vt 0.174297238883 0.999511718750
vt 0.174297238883 0.995150383902
vt 0.108398437500 0.995150383902
vt 0.108398437500 0.999511718750
vt 0.134951164972 0.999511718750
vt 0.134951164972 0.995150383902
vt 0.108398437500 0.995150383902
vt 0.108398437500 0.999511718750
vt 0.118730789301 0.999511718750
vt 0.118730789301 0.995150383902
vt 0.108398437500 0.995150383902
vt 0.108398437500 0.999511718750
vt 0.176532695198 0.999511718750
vt 0.176532695198 0.995150383902
vt 0.108398437500 0.995150383902
vt 0.108398437500 0.999511718750
vt 0.138840921940 0.999511718750
vt 0.138840921940 0.995150383902
vt 0.108398437500 0.995150383902
vt 0.006234557254 0.999511718750
vt 0.054000951491 0.999511718750
vt 0.049757429971 0.982521740167
vt 0.000488281250 0.975366734306
vt 0.000488281250 0.999511718750
vt 0.050274254421 0.999511718750
vt 0.056915444060 0.983307970810
vt 0.009644909176 0.976443209333
vt 0.108398437500 0.999511718750
vt 0.158184410671 0.999511718750
vt 0.158184410671 0.996820682355
vt 0.108398437500 0.996820682355
vt 0.108398437500 0.999511718750
vt 0.125910343368 0.999511718750
vt 0.125910343368 0.996820682355
vt 0.108398437500 0.996820682355
vt 0.108398437500 0.999511718750
vt 0.156164831737 0.999511718750
vt 0.156164831737 0.996820682355
vt 0.108398437500 0.996820682355
vt 0.108398437500 0.999511718750
vt 0.133217784021 0.999511718750
vt 0.133217784021 0.996820682355
vt 0.108398437500 0.996820682355
vt 0.208827901088 0.999511718750
vt 0.215837189477 0.999511718750
vt 0.214132929489 0.995434018489
vt 0.208007812500 0.994754401779
vt 0.208007812500 0.999511718750
vt 0.214170517831 0.999511718750
vt 0.216314067511 0.995646833720
vt 0.209347531050 0.994873856714
vt 0.208007812500 0.999511718750
vt 0.214170517831 0.999511718750
vt 0.214170517831 0.999300611585
vt 0.208007812500 0.999300611585
vt 0.208007812500 0.999511718750
vt 0.212427330746 0.999511718750
vt 0.212427330746 0.999300611585
vt 0.208007812500 0.999300611585
vt 0.208007812500 0.999511718750
vt 0.215017100889 0.999511718750
vt 0.215017100889 0.999300611585
vt 0.208007812500 0.999300611585
vt 0.208007812500 0.999511718750
vt 0.212835297358 0.999511718750
vt 0.212835297358 0.999300611585
vt 0.208007812500 0.999300611585
vt 0.109897186620 0.999511718750
vt 0.124473465073 0.999511718750
vt 0.123287942627 0.982361498317
vt 0.108398437500 0.975385418314
vt 0.108398437500 0.999511718750
vt 0.124841157930 0.999511718750
vt 0.133190941222 0.984484521961
vt 0.119991569884 0.978300309010
vt 0.108398437500 0.999511718750
vt 0.124841157930 0.999511718750
vt 0.124841157930 0.996588696459
vt 0.108398437500 0.996588696459
vt 0.108398437500 0.999511718750
vt 0.125589584186 0.999511718750
vt 0.125589584186 0.996588696459
vt 0.108398437500 0.996588696459
vt 0.108398437500 0.999511718750
vt 0.122974715953 0.999511718750
vt 0.122974715953 0.996588696459
vt 0.108398437500 0.996588696459
vt 0.108398437500 0.999511718750
vt 0.132571244983 0.999511718750
vt 0.132571244983 0.996588696459
vt 0.108398437500 0.996588696459
vt 0.108398437500 0.999511718750
vt 0.109171414506 0.999511718750
vt 0.109171414506 0.996832281650
vt 0.108398437500 0.996832281650
vt 0.108398437500 0.999511718750
vt 0.111077874600 0.999511718750
vt 0.111077874600 0.998738741744
vt 0.108398437500 0.998738741744
vt 0.108398437500 0.999511718750
vt 0.108642022691 0.999511718750
vt 0.108642022691 0.998738741744
vt 0.108398437500 0.998738741744
vt 0.108398437500 0.999511718750
vt 0.109171414506 0.999511718750
vt 0.109171414506 0.999268133559
vt 0.108398437500 0.999268133559
vt 0.108398437500 0.999511718750
vt 0.108642022691 0.999511718750
vt 0.108642022691 0.996832281650
vt 0.108398437500 0.996832281650
vt 0.108398437500 0.999511718750
vt 0.111077874600 0.999511718750
vt 0.111077874600 0.999268133559
vt 0.108398437500 0.999268133559
vt 0.108398437500 0.999511718750
vt 0.110165242085 0.999511718750
vt 0.110165242085 0.996028450519
vt 0.108398437500 0.996028450519
vt 0.108398437500 0.999511718750
vt 0.111881705731 0.999511718750
vt 0.111881705731 0.997744914165
vt 0.108398437500 0.997744914165
vt 0.108398437500 0.999511718750
vt 0.108642022691 0.999511718750
vt 0.108642022691 0.997744914165
vt 0.108398437500 0.997744914165
vt 0.108398437500 0.999511718750
vt 0.110165242085 0.999511718750
vt 0.110165242085 0.999268133559
vt 0.108398437500 0.999268133559
vt 0.108398437500 0.999511718750
vt 0.108642022691 0.999511718750
vt 0.108642022691 0.996028450519
vt 0.108398437500 0.996028450519
vt 0.108398437500 0.999511718750
vt 0.111881705731 0.999511718750
vt 0.111881705731 0.999268133559
vt 0.108398437500 0.999268133559
vt 0.108398437500 0.999511718750
vt 0.109005776576 0.999511718750
vt 0.109005776576 0.994152844549
vt 0.108398437500 0.994152844549
vt 0.108398437500 0.999511718750
vt 0.113757311701 0.999511718750
vt 0.113757311701 0.998904379674
vt 0.108398437500 0.998904379674
vt 0.108398437500 0.999511718750
vt 0.108642022691 0.999511718750
vt 0.108642022691 0.998904379674
vt 0.108398437500 0.998904379674
vt 0.108398437500 0.999511718750
vt 0.109005776576 0.999511718750
vt 0.109005776576 0.999268133559
vt 0.108398437500 0.999268133559
vt 0.108398437500 0.999511718750
vt 0.108642022691 0.999511718750
vt 0.108642022691 0.994152844549
vt 0.108398437500 0.994152844549
vt 0.108398437500 0.999511718750
vt 0.113757311701 0.999511718750
vt 0.113757311701 0.999268133559
vt 0.108398437500 0.999268133559
vt 0.108398437500 0.999511718750
vt 0.109392265079 0.999511718750
vt 0.109392265079 0.998707887620
vt 0.108398437500 0.998707887620
vt 0.108398437500 0.999511718750
vt 0.109202268630 0.999511718750
vt 0.109202268630 0.998517891171
vt 0.108398437500 0.998517891171
vt 0.108398437500 0.999511718750
vt 0.108642022691 0.999511718750
vt 0.108642022691 0.998517891171
vt 0.108398437500 0.998517891171
vt 0.108398437500 0.999511718750
vt 0.109392265079 0.999511718750
vt 0.109392265079 0.999268133559
vt 0.108398437500 0.999268133559
vt 0.108398437500 0.999511718750
vt 0.108642022691 0.999511718750
vt 0.108642022691 0.998707887620
vt 0.108398437500 0.998707887620
vt 0.108398437500 0.999511718750
vt 0.109202268630 0.999511718750
vt 0.109202268630 0.999268133559
vt 0.108398437500 0.999268133559
vt 0.108398437500 0.999511718750
vt 0.108840138646 0.999511718750
vt 0.108840138646 0.998841859475
vt 0.108398437500 0.998841859475
vt 0.108398437500 0.999511718750
vt 0.109068296775 0.999511718750
vt 0.109068296775 0.999070017604
vt 0.108398437500 0.999070017604
vt 0.108398437500 0.999511718750
vt 0.108642022691 0.999511718750
vt 0.108642022691 0.999070017604
vt 0.108398437500 0.999070017604
vt 0.108398437500 0.999511718750
vt 0.108840138646 0.999511718750
vt 0.108840138646 0.999268133559
vt 0.108398437500 0.999268133559
vt 0.108398437500 0.999511718750
vt 0.108642022691 0.999511718750
vt 0.108642022691 0.998841859475
vt 0.108398437500 0.998841859475
vt 0.108398437500 0.999511718750
vt 0.109068296775 0.999511718750
vt 0.109068296775 0.999268133559
vt 0.108398437500 0.999268133559
vt 0.302734375000 0.999511718750
vt 0.303176076146 0.999511718750
vt 0.303176076146 0.998573915765
vt 0.302734375000 0.998573915765
vt 0.302734375000 0.999511718750
vt 0.303672177985 0.999511718750
vt 0.303672177985 0.999070017604
vt 0.302734375000 0.999070017604
vt 0.302734375000 0.999511718750
vt 0.302977960191 0.999511718750
vt 0.302977960191 0.999070017604
vt 0.302734375000 0.999070017604
vt 0.302734375000 0.999511718750
vt 0.303176076146 0.999511718750
vt 0.303176076146 0.999268133559
vt 0.302734375000 0.999268133559
vt 0.302734375000 0.999511718750
vt 0.302977960191 0.999511718750
vt 0.302977960191 0.998573915765
vt 0.302734375000 0.998573915765
vt 0.302734375000 0.999511718750
vt 0.303672177985 0.999511718750
vt 0.303672177985 0.999268133559
vt 0.302734375000 0.999268133559
vt 0.112332918299 0.999511718750
vt 0.199875116068 0.999511718750
vt 0.206760457466 0.989898223214
vt 0.192989774670 0.963461110489
vt 0.108398437500 0.966551162626
vt 0.108398437500 0.999511718750
vt 0.193046194390 0.999511718750
vt 0.205842616345 0.972589530522
vt 0.198610925151 0.963233790836
vt 0.111127076314 0.966429504051
vt 0.208007812500 0.999511718750
vt 0.292655569390 0.999511718750
vt 0.292655569390 0.995150383902
vt 0.208007812500 0.995150383902
vt 0.208007812500 0.999511718750
vt 0.237816412498 0.999511718750
vt 0.237816412498 0.995150383902
vt 0.208007812500 0.995150383902
vt 0.208007812500 0.999511718750
vt 0.219832668634 0.999511718750
vt 0.219832668634 0.995150383902
vt 0.208007812500 0.995150383902
vt 0.208007812500 0.999511718750
vt 0.295550010269 0.999511718750
vt 0.295550010269 0.995150383902
vt 0.208007812500 0.995150383902
vt 0.208007812500 0.999511718750
vt 0.241202366258 0.999511718750
vt 0.241202366258 0.995150383902
vt 0.208007812500 0.995150383902
vt 0.008838257359 0.999511718750
vt 0.070101388680 0.999511718750
vt 0.063969203894 0.980989593234
vt 0.000488281250 0.973189352875
vt 0.000488281250 0.999511718750
vt 0.064446637150 0.999511718750
vt 0.072791970164 0.981875725986
vt 0.011986152915 0.974404190129
vt 0.108398437500 0.999511718750
vt 0.172356793400 0.999511718750
vt 0.172356793400 0.996820682355
vt 0.108398437500 0.996820682355
vt 0.108398437500 0.999511718750
vt 0.127909276126 0.999511718750
vt 0.127909276126 0.996820682355
vt 0.108398437500 0.996820682355
vt 0.108398437500 0.999511718750
vt 0.169661568821 0.999511718750
vt 0.169661568821 0.996820682355
vt 0.108398437500 0.996820682355
vt 0.108398437500 0.999511718750
vt 0.136013452370 0.999511718750
vt 0.136013452370 0.996820682355
vt 0.108398437500 0.996820682355
vt 0.209249368615 0.993652343750
vt 0.218239751279 0.993652343750
vt 0.215891219943 0.989207200366
vt 0.208007812500 0.988466343135
vt 0.208007812500 0.993652343750
vt 0.215925955107 0.993652343750
vt 0.218680091666 0.989446439453
vt 0.209729147849 0.988605258593
vt 0.208007812500 0.993652343750
vt 0.215925955107 0.993652343750
vt 0.215925955107 0.993441236585
vt 0.208007812500 0.993441236585
vt 0.208007812500 0.993652343750
vt 0.213035227257 0.993652343750
vt 0.213035227257 0.993441236585
vt 0.208007812500 0.993441236585
vt 0.208007812500 0.993652343750
vt 0.216998195164 0.993652343750
vt 0.216998195164 0.993441236585
vt 0.208007812500 0.993441236585
vt 0.208007812500 0.993652343750
vt 0.213340360105 0.993652343750
vt 0.213340360105 0.993441236585
vt 0.208007812500 0.993441236585
vt 0.002980841777 0.999511718750
vt 0.021697988340 0.999511718750
vt 0.019771885384 0.980837112860
vt 0.000488281250 0.973240968822
vt 0.000488281250 0.999511718750
vt 0.021214081419 0.999511718750
vt 0.029850524966 0.982842506993
vt 0.012435803126 0.975982547902
vt 0.000488281250 0.999511718750
vt 0.021214081419 0.999511718750
vt 0.021214081419 0.996588696459
vt 0.000488281250 0.996588696459
vt 0.000488281250 0.999511718750
vt 0.019261953713 0.999511718750
vt 0.019261953713 0.996588696459
vt 0.000488281250 0.996588696459
vt 0.000488281250 0.999511718750
vt 0.019205427814 0.999511718750
vt 0.019205427814 0.996588696459
vt 0.000488281250 0.996588696459
vt 0.000488281250 0.999511718750
vt 0.026877012932 0.999511718750
vt 0.026877012932 0.996588696459
vt 0.000488281250 0.996588696459
vt 0.000488281250 0.999511718750
vt 0.004333679465 0.999511718750
vt 0.004333679465 0.996069048051
vt 0.000488281250 0.996069048051
vt 0.000488281250 0.999511718750
vt 0.003930951949 0.999511718750
vt 0.003930951949 0.995666320535
vt 0.000488281250 0.995666320535
vt 0.000488281250 0.999511718750
vt 0.000731866441 0.999511718750
vt 0.000731866441 0.995666320535
vt 0.000488281250 0.995666320535
vt 0.000488281250 0.999511718750
vt 0.004333679465 0.999511718750
vt 0.004333679465 0.999268133559
vt 0.000488281250 0.999268133559
vt 0.000488281250 0.999511718750
vt 0.000731866441 0.999511718750
vt 0.000731866441 0.996069048051
vt 0.000488281250 0.996069048051
vt 0.000488281250 0.999511718750
vt 0.003930951949 0.999511718750
vt 0.003930951949 0.999268133559
vt 0.000488281250 0.999268133559
vt 0.000488281250 0.999511718750
vt 0.001329462109 0.999511718750
vt 0.001329462109 0.994003445632
vt 0.000488281250 0.994003445632
vt 0.000488281250 0.999511718750
vt 0.005996554368 0.999511718750
vt 0.005996554368 0.998670537891
vt 0.000488281250 0.998670537891
vt 0.000488281250 0.999511718750
vt 0.000731866441 0.999511718750
vt 0.000731866441 0.998670537891
vt 0.000488281250 0.998670537891
vt 0.000488281250 0.999511718750
vt 0.001329462109 0.999511718750
vt 0.001329462109 0.999268133559
vt 0.000488281250 0.999268133559
vt 0.000488281250 0.999511718750
vt 0.000731866441 0.999511718750
vt 0.000731866441 0.994003445632
vt 0.000488281250 0.994003445632
vt 0.000488281250 0.999511718750
vt 0.005996554368 0.999511718750
vt 0.005996554368 0.999268133559
vt 0.000488281250 0.999268133559
vt 0.000488281250 0.999511718750
vt 0.001689968192 0.999511718750
vt 0.001689968192 0.997446116331
vt 0.000488281250 0.997446116331
vt 0.000488281250 0.999511718750
vt 0.002553883669 0.999511718750
vt 0.002553883669 0.998310031808
vt 0.000488281250 0.998310031808
vt 0.000488281250 0.999511718750
vt 0.000731866441 0.999511718750
vt 0.000731866441 0.998310031808
vt 0.000488281250 0.998310031808
vt 0.000488281250 0.999511718750
vt 0.001689968192 0.999511718750
vt 0.001689968192 0.999268133559
vt 0.000488281250 0.999268133559
vt 0.000488281250 0.999511718750
vt 0.000731866441 0.999511718750
vt 0.000731866441 0.997446116331
vt 0.000488281250 0.997446116331
vt 0.000488281250 0.999511718750
vt 0.002553883669 0.999511718750
vt 0.002553883669 0.999268133559
vt 0.000488281250 0.999268133559
vt 0.000488281250 0.999511718750
vt 0.001029040374 0.999511718750
vt 0.001029040374 0.998651051075
vt 0.000488281250 0.998651051075
vt 0.000488281250 0.999511718750
vt 0.001348948925 0.999511718750
vt 0.001348948925 0.998970959626
vt 0.000488281250 0.998970959626
vt 0.000488281250 0.999511718750
vt 0.000731866441 0.999511718750
vt 0.000731866441 0.998970959626
vt 0.000488281250 0.998970959626
vt 0.000488281250 0.999511718750
vt 0.001029040374 0.999511718750
vt 0.001029040374 0.999268133559
vt 0.000488281250 0.999268133559
vt 0.000488281250 0.999511718750
vt 0.000731866441 0.999511718750
vt 0.000731866441 0.998651051075
vt 0.000488281250 0.998651051075
vt 0.000488281250 0.999511718750
vt 0.001348948925 0.999511718750
vt 0.001348948925 0.999268133559
vt 0.000488281250 0.999268133559
vt 0.296875000000 0.999511718750
vt 0.297656096512 0.999511718750
vt 0.297656096512 0.997962516936
vt 0.296875000000 0.997962516936
vt 0.296875000000 0.999511718750
vt 0.298424201814 0.999511718750
vt 0.298424201814 0.998730622238
vt 0.296875000000 0.998730622238
vt 0.296875000000 0.999511718750
vt 0.297118585191 0.999511718750
vt 0.297118585191 0.998730622238
vt 0.296875000000 0.998730622238
vt 0.296875000000 0.999511718750
vt 0.297656096512 0.999511718750
vt 0.297656096512 0.999268133559
vt 0.296875000000 0.999268133559
vt 0.296875000000 0.999511718750
vt 0.297118585191 0.999511718750
vt 0.297118585191 0.997962516936
vt 0.296875000000 0.997962516936
vt 0.296875000000 0.999511718750
vt 0.298424201814 0.999511718750
vt 0.298424201814 0.999268133559
vt 0.296875000000 0.999268133559
vt 0.003587612823 0.999511718750
vt 0.072547740311 0.999511718750
vt 0.077971570563 0.991457168436
vt 0.067123910059 0.969307155072
vt 0.000488281250 0.971896117673
vt 0.000488281250 0.999511718750
vt 0.067174184964 0.999511718750
vt 0.077153732147 0.976957263127
vt 0.071421287243 0.969119355831
vt 0.002513149210 0.971796611159
vt 0.108398437500 0.999511718750
vt 0.175084341214 0.999511718750
vt 0.175084341214 0.995150383902
vt 0.108398437500 0.995150383902
vt 0.108398437500 0.999511718750
vt 0.133062071264 0.999511718750
vt 0.133062071264 0.995150383902
vt 0.108398437500 0.995150383902
vt 0.108398437500 0.999511718750
vt 0.118108932614 0.999511718750
vt 0.118108932614 0.995150383902
vt 0.108398437500 0.995150383902
vt 0.108398437500 0.999511718750
vt 0.177358564988 0.999511718750
vt 0.177358564988 0.995150383902
vt 0.108398437500 0.995150383902
vt 0.108398437500 0.999511718750
vt 0.136187415154 0.999511718750
vt 0.136187415154 0.995150383902
vt 0.108398437500 0.995150383902
vt 0.006811820900 0.999511718750
vt 0.055099724358 0.999511718750
vt 0.050447818328 0.984002417059
vt 0.000488281250 0.977470970068
vt 0.000488281250 0.999511718750
vt 0.050872952975 0.999511718750
vt 0.057496103276 0.984736315245
vt 0.009615642401 0.978476675736
vt 0.108398437500 0.999511718750
vt 0.158783109225 0.999511718750
vt 0.158783109225 0.996820682355
vt 0.108398437500 0.996820682355
vt 0.108398437500 0.999511718750
vt 0.124590369708 0.999511718750
vt 0.124590369708 0.996820682355
vt 0.108398437500 0.996820682355
vt 0.108398437500 0.999511718750
vt 0.156686340958 0.999511718750
vt 0.156686340958 0.996820682355
vt 0.108398437500 0.996820682355
vt 0.108398437500 0.999511718750
vt 0.131328368947 0.999511718750
vt 0.131328368947 0.996820682355
vt 0.108398437500 0.996820682355
vt 0.208936473451 0.999511718750
vt 0.216022587666 0.999511718750
vt 0.214214290535 0.995789547216
vt 0.208007812500 0.995169185293
vt 0.208007812500 0.999511718750
vt 0.214245217290 0.999511718750
vt 0.216414749390 0.995987852988
vt 0.209363770063 0.995283079835
vt 0.208007812500 0.999511718750
vt 0.214245217290 0.999511718750
vt 0.214245217290 0.999300611585
vt 0.208007812500 0.999300611585
vt 0.208007812500 0.999511718750
vt 0.212145988360 0.999511718750
vt 0.212145988360 0.999300611585
vt 0.208007812500 0.999300611585
vt 0.208007812500 0.999511718750
vt 0.215093926715 0.999511718750
vt 0.215093926715 0.999300611585
vt 0.208007812500 0.999300611585
vt 0.208007812500 0.999511718750
vt 0.212448534061 0.999511718750
vt 0.212448534061 0.999300611585
vt 0.208007812500 0.999300611585
vt 0.110213091611 0.999511718750
vt 0.124960188882 0.999511718750
vt 0.123548697005 0.983868535910
vt 0.108398437500 0.977505463470
vt 0.108398437500 0.999511718750
vt 0.124830694008 0.999511718750
vt 0.132189584357 0.985635544511
vt 0.118593012852 0.979925017282
vt 0.108398437500 0.999511718750
vt 0.124830694008 0.999511718750
vt 0.124830694008 0.996588696459
vt 0.108398437500 0.996588696459
vt 0.108398437500 0.999511718750
vt 0.124105171046 0.999511718750
vt 0.124105171046 0.996588696459
vt 0.108398437500 0.996588696459
vt 0.108398437500 0.999511718750
vt 0.123145534771 0.999511718750
vt 0.123145534771 0.996588696459
vt 0.108398437500 0.996588696459
vt 0.108398437500 0.999511718750
vt 0.130479384966 0.999511718750
vt 0.130479384966 0.996588696459
vt 0.108398437500 0.996588696459
vt 0.108398437500 0.999511718750
vt 0.110613438836 0.999511718750
vt 0.110613438836 0.992460739423
vt 0.108398437500 0.992460739423
vt 0.108398437500 0.999511718750
vt 0.115449416827 0.999511718750
vt 0.115449416827 0.997296717414
vt 0.108398437500 0.997296717414
vt 0.108398437500 0.999511718750
vt 0.108642022691 0.999511718750
vt 0.108642022691 0.997296717414
vt 0.108398437500 0.997296717414
vt 0.108398437500 0.999511718750
vt 0.110613438836 0.999511718750
vt 0.110613438836 0.999268133559
vt 0.108398437500 0.999268133559
vt 0.108398437500 0.999511718750
vt 0.108642022691 0.999511718750
vt 0.108642022691 0.992460739423
vt 0.108398437500 0.992460739423
vt 0.108398437500 0.999511718750
vt 0.115449416827 0.999511718750
vt 0.115449416827 0.999268133559
vt 0.108398437500 0.999268133559
vt 0.108398437500 0.999511718750
vt 0.109052869713 0.999511718750
vt 0.109052869713 0.997070995137
vt 0.108398437500 0.997070995137
vt 0.108398437500 0.999511718750
vt 0.110839161113 0.999511718750
vt 0.110839161113 0.998857286537
vt 0.108398437500 0.998857286537
vt 0.108398437500 0.999511718750
vt 0.108642022691 0.999511718750
vt 0.108642022691 0.998857286537
vt 0.108398437500 0.998857286537
vt 0.108398437500 0.999511718750
vt 0.109052869713 0.999511718750
vt 0.109052869713 0.999268133559
vt 0.108398437500 0.999268133559
vt 0.108398437500 0.999511718750
vt 0.108642022691 0.999511718750
vt 0.108642022691 0.997070995137
vt 0.108398437500 0.997070995137
vt 0.108398437500 0.999511718750
vt 0.110839161113 0.999511718750
vt 0.110839161113 0.999268133559
vt 0.108398437500 0.999268133559
vt 0.302734375000 0.999511718750
vt 0.303137102516 0.999511718750
vt 0.303137102516 0.998860859120
vt 0.302734375000 0.998860859120
vt 0.302734375000 0.999511718750
vt 0.303385234630 0.999511718750
vt 0.303385234630 0.999108991234
vt 0.302734375000 0.999108991234
vt 0.302734375000 0.999511718750
vt 0.302977960191 0.999511718750
vt 0.302977960191 0.999108991234
vt 0.302734375000 0.999108991234
vt 0.302734375000 0.999511718750
vt 0.303137102516 0.999511718750
vt 0.303137102516 0.999268133559
vt 0.302734375000 0.999268133559
vt 0.302734375000 0.999511718750
vt 0.302977960191 0.999511718750
vt 0.302977960191 0.998860859120
vt 0.302734375000 0.998860859120
vt 0.302734375000 0.999511718750
vt 0.303385234630 0.999511718750
vt 0.303385234630 0.999268133559
vt 0.302734375000 0.999268133559
vt 0.208007812500 0.986816406250
vt 0.209770905311 0.986816406250
vt 0.209770905311 0.985517285232
vt 0.208007812500 0.985517285232
vt 0.299804687500 0.999511718750
vt 0.301103808518 0.999511718750
vt 0.301103808518 0.997748625939
vt 0.299804687500 0.997748625939
vt 0.299804687500 0.999511718750
vt 0.300593439547 0.999511718750
vt 0.300593439547 0.997748625939
vt 0.299804687500 0.997748625939
vt 0.299804687500 0.999511718750
vt 0.301567780311 0.999511718750
vt 0.301567780311 0.998722966703
vt 0.299804687500 0.998722966703
vt 0.299804687500 0.999511718750
vt 0.300593439547 0.999511718750
vt 0.300593439547 0.998212597732
vt 0.299804687500 0.998212597732
vt 0.299804687500 0.999511718750
vt 0.301103808518 0.999511718750
vt 0.301103808518 0.998722966703
vt 0.299804687500 0.998722966703
vt 0.004051584615 0.999511718750
vt 0.083335084481 0.999511718750
vt 0.089570865370 0.989248662705
vt 0.077099303593 0.961025258579
vt 0.000488281250 0.964324098023
vt 0.000488281250 0.999511718750
vt 0.077170294044 0.999511718750
vt 0.088416146725 0.970777919993
vt 0.081744624886 0.960792626856
vt 0.002534523867 0.964203381569
vt 0.108398437500 0.999511718750
vt 0.185080450294 0.999511718750
vt 0.185080450294 0.995150383902
vt 0.108398437500 0.995150383902
vt 0.108398437500 0.999511718750
vt 0.139254561585 0.999511718750
vt 0.139254561585 0.995150383902
vt 0.108398437500 0.995150383902
vt 0.108398437500 0.999511718750
vt 0.120407404262 0.999511718750
vt 0.120407404262 0.995150383902
vt 0.108398437500 0.995150383902
vt 0.108398437500 0.999511718750
vt 0.187681937367 0.999511718750
vt 0.187681937367 0.995150383902
vt 0.108398437500 0.995150383902
vt 0.108398437500 0.999511718750
vt 0.143766018465 0.999511718750
vt 0.143766018465 0.995150383902
vt 0.108398437500 0.995150383902
vt 0.007184798080 0.999511718750
vt 0.062766385064 0.999511718750
vt 0.057821478616 0.979772961300
vt 0.000488281250 0.971460359576
vt 0.000488281250 0.999511718750
vt 0.058420956552 0.999511718750
vt 0.066146954432 0.980686745915
vt 0.011140516702 0.972711495448
vt 0.108398437500 0.999511718750
vt 0.166331112802 0.999511718750
vt 0.166331112802 0.996820682355
vt 0.108398437500 0.996820682355
vt 0.108398437500 0.999511718750
vt 0.128747163393 0.999511718750
vt 0.128747163393 0.996820682355
vt 0.108398437500 0.996820682355
vt 0.108398437500 0.999511718750
vt 0.163980024484 0.999511718750
vt 0.163980024484 0.996820682355
vt 0.108398437500 0.996820682355
vt 0.108398437500 0.999511718750
vt 0.137238029889 0.999511718750
vt 0.137238029889 0.996820682355
vt 0.108398437500 0.996820682355
vt 0.208964029103 0.993652343750
vt 0.217120132537 0.993652343750
vt 0.215135360672 0.988914922910
vt 0.208007812500 0.988125352770
vt 0.208007812500 0.993652343750
vt 0.215178960522 0.993652343750
vt 0.217673272877 0.989162256730
vt 0.209566757722 0.988264239326
vt 0.208007812500 0.993652343750
vt 0.215178960522 0.993652343750
vt 0.215178960522 0.993441236585
vt 0.208007812500 0.993441236585
vt 0.208007812500 0.993652343750
vt 0.213144199905 0.993652343750
vt 0.213144199905 0.993441236585
vt 0.208007812500 0.993441236585
vt 0.208007812500 0.993652343750
vt 0.216163915933 0.993652343750
vt 0.216163915933 0.993441236585
vt 0.208007812500 0.993441236585
vt 0.208007812500 0.993652343750
vt 0.213616910421 0.993652343750
vt 0.213616910421 0.993441236585
vt 0.208007812500 0.993441236585
vt 0.110148271996 0.999511718750
vt 0.127109644709 0.999511718750
vt 0.125725980440 0.979587062931
vt 0.108398437500 0.971482444477
vt 0.108398437500 0.999511718750
vt 0.127527697408 0.999511718750
vt 0.137222648293 0.982049921487
vt 0.121858806961 0.974863785957
vt 0.108398437500 0.999511718750
vt 0.127527697408 0.999511718750
vt 0.127527697408 0.996588696459
vt 0.108398437500 0.996588696459
vt 0.108398437500 0.999511718750
vt 0.128371079696 0.999511718750
vt 0.128371079696 0.996588696459
vt 0.108398437500 0.996588696459
vt 0.108398437500 0.999511718750
vt 0.125359810213 0.999511718750
vt 0.125359810213 0.996588696459
vt 0.108398437500 0.996588696459
vt 0.108398437500 0.999511718750
vt 0.136482278708 0.999511718750
vt 0.136482278708 0.996588696459
vt 0.108398437500 0.996588696459
vt 0.108398437500 0.999511718750
vt 0.109296454904 0.999511718750
vt 0.109296454904 0.996393828306
vt 0.108398437500 0.996393828306
vt 0.108398437500 0.999511718750
vt 0.111516327944 0.999511718750
vt 0.111516327944 0.998613701346
vt 0.108398437500 0.998613701346
vt 0.108398437500 0.999511718750
vt 0.108642022691 0.999511718750
vt 0.108642022691 0.998613701346
vt 0.108398437500 0.998613701346
vt 0.108398437500 0.999511718750
vt 0.109296454904 0.999511718750
vt 0.109296454904 0.999268133559
vt 0.108398437500 0.999268133559
vt 0.108398437500 0.999511718750
vt 0.108642022691 0.999511718750
vt 0.108642022691 0.996393828306
vt 0.108398437500 0.996393828306
vt 0.108398437500 0.999511718750
vt 0.111516327944 0.999511718750
vt 0.111516327944 0.999268133559
vt 0.108398437500 0.999268133559
vt 0.108398437500 0.999511718750
vt 0.110451048709 0.999511718750
vt 0.110451048709 0.995458461173
vt 0.108398437500 0.995458461173
vt 0.108398437500 0.999511718750
vt 0.112451695077 0.999511718750
vt 0.112451695077 0.997459107541
vt 0.108398437500 0.997459107541
vt 0.108398437500 0.999511718750
vt 0.108642022691 0.999511718750
vt 0.108642022691 0.997459107541
vt 0.108398437500 0.997459107541
vt 0.108398437500 0.999511718750
vt 0.110451048709 0.999511718750
vt 0.110451048709 0.999268133559
vt 0.108398437500 0.999268133559
vt 0.108398437500 0.999511718750
vt 0.108642022691 0.999511718750
vt 0.108642022691 0.995458461173
vt 0.108398437500 0.995458461173
vt 0.108398437500 0.999511718750
vt 0.112451695077 0.999511718750
vt 0.112451695077 0.999268133559
vt 0.108398437500 0.999268133559
vt 0.108398437500 0.999511718750
vt 0.109104022603 0.999511718750
vt 0.109104022603 0.993275937862
vt 0.108398437500 0.993275937862
vt 0.108398437500 0.999511718750
vt 0.114634218388 0.999511718750
vt 0.114634218388 0.998806133647
vt 0.108398437500 0.998806133647
vt 0.108398437500 0.999511718750
vt 0.108642022691 0.999511718750
vt 0.108642022691 0.998806133647
vt 0.108398437500 0.998806133647
vt 0.108398437500 0.999511718750
vt 0.109104022603 0.999511718750
vt 0.109104022603 0.999268133559
vt 0.108398437500 0.999268133559
vt 0.108398437500 0.999511718750
vt 0.108642022691 0.999511718750
vt 0.108642022691 0.993275937862
vt 0.108398437500 0.993275937862
vt 0.108398437500 0.999511718750
vt 0.114634218388 0.999511718750
vt 0.114634218388 0.999268133559
vt 0.108398437500 0.999268133559
vt 0.108398437500 0.999511718750
vt 0.109553031305 0.999511718750
vt 0.109553031305 0.998576351617
vt 0.108398437500 0.998576351617
vt 0.108398437500 0.999511718750
vt 0.109333804633 0.999511718750
vt 0.109333804633 0.998357124945
vt 0.108398437500 0.998357124945
vt 0.108398437500 0.999511718750
vt 0.108642022691 0.999511718750
vt 0.108642022691 0.998357124945
vt 0.108398437500 0.998357124945
vt 0.108398437500 0.999511718750
vt 0.109553031305 0.999511718750
vt 0.109553031305 0.999268133559
vt 0.108398437500 0.999268133559
vt 0.108398437500 0.999511718750
vt 0.108642022691 0.999511718750
vt 0.108642022691 0.998576351617
vt 0.108398437500 0.998576351617
vt 0.108398437500 0.999511718750
vt 0.109333804633 0.999511718750
vt 0.109333804633 0.999268133559
vt 0.108398437500 0.999268133559
vt 0.108398437500 0.999511718750
vt 0.108911590302 0.999511718750
vt 0.108911590302 0.998732246139
vt 0.108398437500 0.998732246139
vt 0.108398437500 0.999511718750
vt 0.109177910111 0.999511718750
vt 0.109177910111 0.998998565948
vt 0.108398437500 0.998998565948
vt 0.108398437500 0.999511718750
vt 0.108642022691 0.999511718750
vt 0.108642022691 0.998998565948
vt 0.108398437500 0.998998565948
vt 0.108398437500 0.999511718750
vt 0.108911590302 0.999511718750
vt 0.108911590302 0.999268133559
vt 0.108398437500 0.999268133559
vt 0.108398437500 0.999511718750
vt 0.108642022691 0.999511718750
vt 0.108642022691 0.998732246139
vt 0.108398437500 0.998732246139
vt 0.108398437500 0.999511718750
vt 0.109177910111 0.999511718750
vt 0.109177910111 0.999268133559
vt 0.108398437500 0.999268133559
vt 0.296875000000 0.999511718750
vt 0.297388152802 0.999511718750
vt 0.297388152802 0.998420457095
vt 0.296875000000 0.998420457095
vt 0.296875000000 0.999511718750
vt 0.297966261655 0.999511718750
vt 0.297966261655 0.998998565948
vt 0.296875000000 0.998998565948
vt 0.296875000000 0.999511718750
vt 0.297118585191 0.999511718750
vt 0.297118585191 0.998998565948
vt 0.296875000000 0.998998565948
vt 0.296875000000 0.999511718750
vt 0.297388152802 0.999511718750
vt 0.297388152802 0.999268133559
vt 0.296875000000 0.999268133559
vt 0.296875000000 0.999511718750
vt 0.297118585191 0.999511718750
vt 0.297118585191 0.998420457095
vt 0.296875000000 0.998420457095
vt 0.296875000000 0.999511718750
vt 0.297966261655 0.999511718750
vt 0.297966261655 0.999268133559
vt 0.296875000000 0.999268133559
vt 0.003216435389 0.999511718750
vt 0.063917864974 0.999511718750
vt 0.068692134717 0.990677695825
vt 0.059143595231 0.966384132780
vt 0.000488281250 0.969223640149
vt 0.000488281250 0.999511718750
vt 0.059212285374 0.999511718750
vt 0.067574978580 0.974784867474
vt 0.062379137994 0.966192030153
vt 0.001748711568 0.969127152837
vt 0.108398437500 0.999511718750
vt 0.167122441624 0.999511718750
vt 0.167122441624 0.995150383902
vt 0.108398437500 0.995150383902
vt 0.108398437500 0.999511718750
vt 0.134501154058 0.999511718750
vt 0.134501154058 0.995150383902
vt 0.108398437500 0.995150383902
vt 0.108398437500 0.999511718750
vt 0.118440031627 0.999511718750
vt 0.118440031627 0.995150383902
vt 0.108398437500 0.995150383902
vt 0.108398437500 0.999511718750
vt 0.169099867085 0.999511718750
vt 0.169099867085 0.995150383902
vt 0.108398437500 0.995150383902
vt 0.108398437500 0.999511718750
vt 0.138809135130 0.999511718750
vt 0.138809135130 0.995150383902
vt 0.108398437500 0.995150383902
vt 0.112903477253 0.999511718750
vt 0.155528657474 0.999511718750
vt 0.152180084244 0.982549508094
vt 0.108398437500 0.975406196167
vt 0.108398437500 0.999511718750
vt 0.152758999905 0.999511718750
vt 0.158795271707 0.983310084396
vt 0.116726360006 0.976446218345
vt 0.000488281250 0.999511718750
vt 0.044848843655 0.999511718750
vt 0.044848843655 0.996820682355
vt 0.000488281250 0.996820682355
vt 0.000488281250 0.999511718750
vt 0.017777859990 0.999511718750
vt 0.017777859990 0.996820682355
vt 0.000488281250 0.996820682355
vt 0.000488281250 0.999511718750
vt 0.043113461471 0.999511718750
vt 0.043113461471 0.996820682355
vt 0.000488281250 0.996820682355
vt 0.000488281250 0.999511718750
vt 0.025011160408 0.999511718750
vt 0.025011160408 0.996820682355
vt 0.000488281250 0.996820682355
vt 0.208619048622 0.999511718750
vt 0.214873548172 0.999511718750
vt 0.213456131560 0.995440447365
vt 0.208007812500 0.994761902134
vt 0.208007812500 0.999511718750
vt 0.213498222704 0.999511718750
vt 0.215407930601 0.995646833720
vt 0.209201379936 0.994873856714
vt 0.208007812500 0.999511718750
vt 0.213498222704 0.999511718750
vt 0.213498222704 0.999300611585
vt 0.208007812500 0.999300611585
vt 0.208007812500 0.999511718750
vt 0.212318766054 0.999511718750
vt 0.212318766054 0.999300611585
vt 0.208007812500 0.999300611585
vt 0.208007812500 0.999511718750
vt 0.214262312050 0.999511718750
vt 0.214262312050 0.999300611585
vt 0.208007812500 0.999300611585
vt 0.208007812500 0.999511718750
vt 0.212796796472 0.999511718750
vt 0.212796796472 0.999300611585
vt 0.208007812500 0.999300611585
vt 0.109372645008 0.999511718750
vt 0.122365897337 0.999511718750
vt 0.121566293079 0.982370887451
vt 0.108398437500 0.975398626604
vt 0.108398437500 0.999511718750
vt 0.123298264407 0.999511718750
vt 0.132025843670 0.984737524194
vt 0.120542940465 0.978657430442
vt 0.108398437500 0.999511718750
vt 0.123298264407 0.999511718750
vt 0.123298264407 0.996588696459
vt 0.108398437500 0.996588696459
vt 0.108398437500 0.999511718750
vt 0.125557909070 0.999511718750
vt 0.125557909070 0.996588696459
vt 0.108398437500 0.996588696459
vt 0.108398437500 0.999511718750
vt 0.121391689828 0.999511718750
vt 0.121391689828 0.996588696459
vt 0.108398437500 0.996588696459
vt 0.108398437500 0.999511718750
vt 0.132531201393 0.999511718750
vt 0.132531201393 0.996588696459
vt 0.108398437500 0.996588696459
vt 0.108398437500 0.999511718750
vt 0.109337052436 0.999511718750
vt 0.109337052436 0.994260022033
vt 0.108398437500 0.994260022033
vt 0.108398437500 0.999511718750
vt 0.113650134217 0.999511718750
vt 0.113650134217 0.998573103814
vt 0.108398437500 0.998573103814
vt 0.108398437500 0.999511718750
vt 0.108642022691 0.999511718750
vt 0.108642022691 0.998573103814
vt 0.108398437500 0.998573103814
vt 0.108398437500 0.999511718750
vt 0.109337052436 0.999511718750
vt 0.109337052436 0.999268133559
vt 0.108398437500 0.999268133559
vt 0.108398437500 0.999511718750
vt 0.108642022691 0.999511718750
vt 0.108642022691 0.994260022033
vt 0.108398437500 0.994260022033
vt 0.108398437500 0.999511718750
vt 0.113650134217 0.999511718750
vt 0.113650134217 0.999268133559
vt 0.108398437500 0.999268133559
vt 0.108398437500 0.999511718750
vt 0.111600770810 0.999511718750
vt 0.111600770810 0.997840724340
vt 0.108398437500 0.997840724340
vt 0.108398437500 0.999511718750
vt 0.110069431910 0.999511718750
vt 0.110069431910 0.996309385440
vt 0.108398437500 0.996309385440
vt 0.108398437500 0.999511718750
vt 0.108642022691 0.999511718750
vt 0.108642022691 0.996309385440
vt 0.108398437500 0.996309385440
vt 0.108398437500 0.999511718750
vt 0.111600770810 0.999511718750
vt 0.111600770810 0.999268133559
vt 0.108398437500 0.999268133559
vt 0.108398437500 0.999511718750
vt 0.108642022691 0.999511718750
vt 0.108642022691 0.997840724340
vt 0.108398437500 0.997840724340
vt 0.108398437500 0.999511718750
vt 0.110069431910 0.999511718750
vt 0.110069431910 0.999268133559
vt 0.108398437500 0.999268133559
vt 0.108398437500 0.999511718750
vt 0.109116201863 0.999511718750
vt 0.109116201863 0.997124583879
vt 0.108398437500 0.997124583879
vt 0.108398437500 0.999511718750
vt 0.110785572371 0.999511718750
vt 0.110785572371 0.998793954387
vt 0.108398437500 0.998793954387
vt 0.108398437500 0.999511718750
vt 0.108642022691 0.999511718750
vt 0.108642022691 0.998793954387
vt 0.108398437500 0.998793954387
vt 0.108398437500 0.999511718750
vt 0.109116201863 0.999511718750
vt 0.109116201863 0.999268133559
vt 0.108398437500 0.999268133559
vt 0.108398437500 0.999511718750
vt 0.108642022691 0.999511718750
vt 0.108642022691 0.997124583879
vt 0.108398437500 0.997124583879
vt 0.108398437500 0.999511718750
vt 0.110785572371 0.999511718750
vt 0.110785572371 0.999268133559
vt 0.108398437500 0.999268133559
vt 0.302734375000 0.999511718750
vt 0.303176076146 0.999511718750
vt 0.303176076146 0.998914935032
vt 0.302734375000 0.998914935032
vt 0.302734375000 0.999511718750
vt 0.303331158718 0.999511718750
vt 0.303331158718 0.999070017604
vt 0.302734375000 0.999070017604
vt 0.302734375000 0.999511718750
vt 0.302977960191 0.999511718750
vt 0.302977960191 0.999070017604
vt 0.302734375000 0.999070017604
vt 0.302734375000 0.999511718750
vt 0.303176076146 0.999511718750
vt 0.303176076146 0.999268133559
vt 0.302734375000 0.999268133559
vt 0.302734375000 0.999511718750
vt 0.302977960191 0.999511718750
vt 0.302977960191 0.998914935032
vt 0.302734375000 0.998914935032
vt 0.302734375000 0.999511718750
vt 0.303331158718 0.999511718750
vt 0.303331158718 0.999268133559
vt 0.302734375000 0.999268133559
vt 0.004756821739 0.999511718750
vt 0.099731847621 0.999511718750
vt 0.107201793477 0.989898223214
vt 0.092261901765 0.963461110489
vt 0.000488281250 0.966551162626
vt 0.000488281250 0.999511718750
vt 0.092313908635 0.999511718750
vt 0.106355695580 0.972586832251
vt 0.098566473780 0.963230154889
vt 0.003645238478 0.966426188393
vt 0.108398437500 0.999511718750
vt 0.200224064885 0.999511718750
vt 0.200224064885 0.995150383902
vt 0.108398437500 0.995150383902
vt 0.108398437500 0.999511718750
vt 0.138764887631 0.999511718750
vt 0.138764887631 0.995150383902
vt 0.108398437500 0.995150383902
vt 0.108398437500 0.999511718750
vt 0.120572975993 0.999511718750
vt 0.120572975993 0.995150383902
vt 0.108398437500 0.995150383902
vt 0.108398437500 0.999511718750
vt 0.203373463382 0.999511718750
vt 0.203373463382 0.995150383902
vt 0.108398437500 0.995150383902
vt 0.108398437500 0.999511718750
vt 0.141634241957 0.999511718750
vt 0.141634241957 0.995150383902
vt 0.108398437500 0.995150383902
vt 0.009948642742 0.999511718750
vt 0.076367977536 0.999511718750
vt 0.069432856843 0.980976937395
vt 0.000488281250 0.973171367271
vt 0.000488281250 0.999511718750
vt 0.069873304336 0.999511718750
vt 0.078849499209 0.981874770474
vt 0.012851786087 0.974402829812
vt 0.108398437500 0.999511718750
vt 0.177783460586 0.999511718750
vt 0.177783460586 0.996820682355
vt 0.108398437500 0.996820682355
vt 0.108398437500 0.999511718750
vt 0.128188182796 0.999511718750
vt 0.128188182796 0.996820682355
vt 0.108398437500 0.996820682355
vt 0.108398437500 0.999511718750
vt 0.174817772294 0.999511718750
vt 0.174817772294 0.996820682355
vt 0.108398437500 0.996820682355
vt 0.108398437500 0.999511718750
vt 0.136386159015 0.999511718750
vt 0.136386159015 0.996820682355
vt 0.108398437500 0.996820682355
vt 0.209432773957 0.993652343750
vt 0.219180067898 0.993652343750
vt 0.216566201801 0.989204271184
vt 0.208007812500 0.988462925756
vt 0.208007812500 0.993652343750
vt 0.216598250234 0.993652343750
vt 0.219586228577 0.989446439453
vt 0.209875298964 0.988605258593
vt 0.208007812500 0.993652343750
vt 0.216598250234 0.993652343750
vt 0.216598250234 0.993441236585
vt 0.208007812500 0.993441236585
vt 0.208007812500 0.993652343750
vt 0.213167041661 0.993652343750
vt 0.213167041661 0.993441236585
vt 0.208007812500 0.993441236585
vt 0.208007812500 0.993652343750
vt 0.217755106441 0.993652343750
vt 0.217755106441 0.993441236585
vt 0.208007812500 0.993441236585
vt 0.208007812500 0.993652343750
vt 0.213389315475 0.993652343750
vt 0.213389315475 0.993441236585
vt 0.208007812500 0.993441236585
vt 0.111337600252 0.999511718750
vt 0.131639313630 0.999511718750
vt 0.129382683129 0.980832858652
vt 0.108398437500 0.973234984158
vt 0.108398437500 0.999511718750
vt 0.130715835679 0.999511718750
vt 0.139196811907 0.982716920806
vt 0.120107842091 0.975805278641
vt 0.108398437500 0.999511718750
vt 0.130715835679 0.999511718750
vt 0.130715835679 0.996588696459
vt 0.108398437500 0.996588696459
vt 0.108398437500 0.999511718750
vt 0.127213117826 0.999511718750
vt 0.127213117826 0.996588696459
vt 0.108398437500 0.996588696459
vt 0.108398437500 0.999511718750
vt 0.128700150878 0.999511718750
vt 0.128700150878 0.996588696459
vt 0.108398437500 0.996588696459
vt 0.108398437500 0.999511718750
vt 0.134839039961 0.999511718750
vt 0.134839039961 0.996588696459
vt 0.108398437500 0.996588696459
vt 0.108398437500 0.999511718750
vt 0.111042148772 0.999511718750
vt 0.111042148772 0.989800789137
vt 0.108398437500 0.989800789137
vt 0.108398437500 0.999511718750
vt 0.118109367113 0.999511718750
vt 0.118109367113 0.996868007478
vt 0.108398437500 0.996868007478
vt 0.108398437500 0.999511718750
vt 0.108642022691 0.999511718750
vt 0.108642022691 0.996868007478
vt 0.108398437500 0.996868007478
vt 0.108398437500 0.999511718750
vt 0.111042148772 0.999511718750
vt 0.111042148772 0.999268133559
vt 0.108398437500 0.999268133559
vt 0.108398437500 0.999511718750
vt 0.108642022691 0.999511718750
vt 0.108642022691 0.989800789137
vt 0.108398437500 0.989800789137
vt 0.108398437500 0.999511718750
vt 0.118109367113 0.999511718750
vt 0.118109367113 0.999268133559
vt 0.108398437500 0.999268133559
vt 0.108398437500 0.999511718750
vt 0.109179534012 0.999511718750
vt 0.109179534012 0.996150243115
vt 0.108398437500 0.996150243115
vt 0.108398437500 0.999511718750
vt 0.111759913135 0.999511718750
vt 0.111759913135 0.998730622238
vt 0.108398437500 0.998730622238
vt 0.108398437500 0.999511718750
vt 0.108642022691 0.999511718750
vt 0.108642022691 0.998730622238
vt 0.108398437500 0.998730622238
vt 0.108398437500 0.999511718750
vt 0.109179534012 0.999511718750
vt 0.109179534012 0.999268133559
vt 0.108398437500 0.999268133559
vt 0.108398437500 0.999511718750
vt 0.108642022691 0.999511718750
vt 0.108642022691 0.996150243115
vt 0.108398437500 0.996150243115
vt 0.108398437500 0.999511718750
vt 0.111759913135 0.999511718750
vt 0.111759913135 0.999268133559
vt 0.108398437500 0.999268133559
vt 0.296875000000 0.999511718750
vt 0.297355674777 0.999511718750
vt 0.297355674777 0.998615325247
vt 0.296875000000 0.998615325247
vt 0.296875000000 0.999511718750
vt 0.297771393503 0.999511718750
vt 0.297771393503 0.999031043973
vt 0.296875000000 0.999031043973
vt 0.296875000000 0.999511718750
vt 0.297118585191 0.999511718750
vt 0.297118585191 0.999031043973
vt 0.296875000000 0.999031043973
vt 0.296875000000 0.999511718750
vt 0.297355674777 0.999511718750
vt 0.297355674777 0.999268133559
vt 0.296875000000 0.999268133559
vt 0.296875000000 0.999511718750
vt 0.297118585191 0.999511718750
vt 0.297118585191 0.998615325247
vt 0.296875000000 0.998615325247
vt 0.296875000000 0.999511718750
vt 0.297771393503 0.999511718750
vt 0.297771393503 0.999268133559
vt 0.296875000000 0.999268133559
vt 0.003921672513 0.999511718750
vt 0.080314628114 0.999511718750
vt 0.086323062824 0.991457168436
vt 0.074306193403 0.969307155072
vt 0.000488281250 0.971896117673
vt 0.000488281250 0.999511718750
vt 0.074351579863 0.999511718750
vt 0.085584691173 0.976954115752
vt 0.079297630564 0.969115114711
vt 0.002951615811 0.971792743638
vt 0.108398437500 0.999511718750
vt 0.182261736113 0.999511718750
vt 0.182261736113 0.995150383902
vt 0.108398437500 0.995150383902
vt 0.108398437500 0.999511718750
vt 0.133598204219 0.999511718750
vt 0.133598204219 0.995150383902
vt 0.108398437500 0.995150383902
vt 0.108398437500 0.999511718750
vt 0.118447172168 0.999511718750
vt 0.118447172168 0.995150383902
vt 0.108398437500 0.995150383902
vt 0.108398437500 0.999511718750
vt 0.184791393101 0.999511718750
vt 0.184791393101 0.995150383902
vt 0.108398437500 0.995150383902
vt 0.108398437500 0.999511718750
vt 0.136226653368 0.999511718750
vt 0.136226653368 0.995150383902
vt 0.108398437500 0.995150383902
vt 0.007942595745 0.999511718750
vt 0.061384375736 0.999511718750
vt 0.055915196196 0.983987672200
vt 0.000488281250 0.977450015692
vt 0.000488281250 0.999511718750
vt 0.056299425773 0.999511718750
vt 0.063549422823 0.984735200591
vt 0.010475560616 0.978475088856
vt 0.108398437500 0.999511718750
vt 0.164209582023 0.999511718750
vt 0.164209582023 0.996820682355
vt 0.108398437500 0.996820682355
vt 0.108398437500 0.999511718750
vt 0.124857718958 0.999511718750
vt 0.124857718958 0.996820682355
vt 0.108398437500 0.996820682355
vt 0.108398437500 0.999511718750
vt 0.161840217491 0.999511718750
vt 0.161840217491 0.996820682355
vt 0.108398437500 0.996820682355
vt 0.108398437500 0.999511718750
vt 0.131685462780 0.999511718750
vt 0.131685462780 0.996820682355
vt 0.108398437500 0.996820682355
vt 0.209123842913 0.999511718750
vt 0.216966538964 0.999511718750
vt 0.214889556317 0.995786134363
vt 0.208007812500 0.995165203632
vt 0.208007812500 0.999511718750
vt 0.214917512417 0.999511718750
vt 0.217320886301 0.995987852988
vt 0.209509921178 0.995283079835
vt 0.208007812500 0.999511718750
vt 0.214917512417 0.999511718750
vt 0.214917512417 0.999300611585
vt 0.208007812500 0.999300611585
vt 0.208007812500 0.999511718750
vt 0.212273235801 0.999511718750
vt 0.212273235801 0.999300611585
vt 0.208007812500 0.999300611585
vt 0.208007812500 0.999511718750
vt 0.215850508551 0.999511718750
vt 0.215850508551 0.999300611585
vt 0.208007812500 0.999300611585
vt 0.208007812500 0.999511718750
vt 0.212495319330 0.999511718750
vt 0.212495319330 0.999300611585
vt 0.208007812500 0.999300611585
vt 0.110671778410 0.999511718750
vt 0.127003203903 0.999511718750
vt 0.125252596110 0.983863574909
vt 0.108398437500 0.977498484515
vt 0.108398437500 0.999511718750
vt 0.126414459207 0.999511718750
vt 0.133580684557 0.985491224908
vt 0.118302481629 0.979721305155
vt 0.108398437500 0.999511718750
vt 0.126414459207 0.999511718750
vt 0.126414459207 0.996588696459
vt 0.108398437500 0.996588696459
vt 0.108398437500 0.999511718750
vt 0.124144199893 0.999511718750
vt 0.124144199893 0.996588696459
vt 0.108398437500 0.996588696459
vt 0.108398437500 0.999511718750
vt 0.124729862994 0.999511718750
vt 0.124729862994 0.996588696459
vt 0.108398437500 0.996588696459
vt 0.108398437500 0.999511718750
vt 0.130528746137 0.999511718750
vt 0.130528746137 0.996588696459
vt 0.108398437500 0.996588696459
vt 0.108398437500 0.999511718750
vt 0.109103210652 0.999511718750
vt 0.109103210652 0.996507501395
vt 0.108398437500 0.996507501395
vt 0.108398437500 0.999511718750
vt 0.111402654855 0.999511718750
vt 0.111402654855 0.998806945598
vt 0.108398437500 0.998806945598
vt 0.108398437500 0.999511718750
vt 0.108642022691 0.999511718750
vt 0.108642022691 0.998806945598
vt 0.108398437500 0.998806945598
vt 0.108398437500 0.999511718750
vt 0.109103210652 0.999511718750
vt 0.109103210652 0.999268133559
vt 0.108398437500 0.999268133559
vt 0.108398437500 0.999511718750
vt 0.108642022691 0.999511718750
vt 0.108642022691 0.996507501395
vt 0.108398437500 0.996507501395
vt 0.108398437500 0.999511718750
vt 0.111402654855 0.999511718750
vt 0.111402654855 0.999268133559
vt 0.108398437500 0.999268133559
vt 0.108398437500 0.999511718750
vt 0.110009347563 0.999511718750
vt 0.110009347563 0.995606236188
vt 0.108398437500 0.995606236188
vt 0.108398437500 0.999511718750
vt 0.112303920062 0.999511718750
vt 0.112303920062 0.997900808687
vt 0.108398437500 0.997900808687
vt 0.108398437500 0.999511718750
vt 0.108642022691 0.999511718750
vt 0.108642022691 0.997900808687
vt 0.108398437500 0.997900808687
vt 0.108398437500 0.999511718750
vt 0.110009347563 0.999511718750
vt 0.110009347563 0.999268133559
vt 0.108398437500 0.999268133559
vt 0.108398437500 0.999511718750
vt 0.108642022691 0.999511718750
vt 0.108642022691 0.995606236188
vt 0.108398437500 0.995606236188
vt 0.108398437500 0.999511718750
vt 0.112303920062 0.999511718750
vt 0.112303920062 0.999268133559
vt 0.108398437500 0.999268133559
vt 0.108398437500 0.999511718750
vt 0.108952187834 0.999511718750
vt 0.108952187834 0.993503284040
vt 0.108398437500 0.993503284040
vt 0.108398437500 0.999511718750
vt 0.114406872210 0.999511718750
vt 0.114406872210 0.998957968416
vt 0.108398437500 0.998957968416
vt 0.108398437500 0.999511718750
vt 0.108642022691 0.999511718750
vt 0.108642022691 0.998957968416
vt 0.108398437500 0.998957968416
vt 0.108398437500 0.999511718750
vt 0.108952187834 0.999511718750
vt 0.108952187834 0.999268133559
vt 0.108398437500 0.999268133559
vt 0.108398437500 0.999511718750
vt 0.108642022691 0.999511718750
vt 0.108642022691 0.993503284040
vt 0.108398437500 0.993503284040
vt 0.108398437500 0.999511718750
vt 0.114406872210 0.999511718750
vt 0.114406872210 0.999268133559
vt 0.108398437500 0.999268133559
vt 0.108398437500 0.999511718750
vt 0.109304574410 0.999511718750
vt 0.109304574410 0.998610453543
vt 0.108398437500 0.998610453543
vt 0.108398437500 0.999511718750
vt 0.109299702707 0.999511718750
vt 0.109299702707 0.998605581840
vt 0.108398437500 0.998605581840
vt 0.108398437500 0.999511718750
vt 0.108642022691 0.999511718750
vt 0.108642022691 0.998605581840
vt 0.108398437500 0.998605581840
vt 0.108398437500 0.999511718750
vt 0.109304574410 0.999511718750
vt 0.109304574410 0.999268133559
vt 0.108398437500 0.999268133559
vt 0.108398437500 0.999511718750
vt 0.108642022691 0.999511718750
vt 0.108642022691 0.998610453543
vt 0.108398437500 0.998610453543
vt 0.108398437500 0.999511718750
vt 0.109299702707 0.999511718750
vt 0.109299702707 0.999268133559
vt 0.108398437500 0.999268133559
vt 0.108398437500 0.999511718750
vt 0.108801165016 0.999511718750
vt 0.108801165016 0.998760664411
vt 0.108398437500 0.998760664411
vt 0.108398437500 0.999511718750
vt 0.109149491839 0.999511718750
vt 0.109149491839 0.999108991234
vt 0.108398437500 0.999108991234
vt 0.108398437500 0.999511718750
vt 0.108642022691 0.999511718750
vt 0.108642022691 0.999108991234
vt 0.108398437500 0.999108991234
vt 0.108398437500 0.999511718750
vt 0.108801165016 0.999511718750
vt 0.108801165016 0.999268133559
vt 0.108398437500 0.999268133559
vt 0.108398437500 0.999511718750
vt 0.108642022691 0.999511718750
vt 0.108642022691 0.998760664411
vt 0.108398437500 0.998760664411
vt 0.108398437500 0.999511718750
vt 0.109149491839 0.999511718750
vt 0.109149491839 0.999268133559
vt 0.108398437500 0.999268133559
vt 0.302734375000 0.999511718750
vt 0.303137102516 0.999511718750
vt 0.303137102516 0.998460242676
vt 0.302734375000 0.998460242676
vt 0.302734375000 0.999511718750
vt 0.303785851074 0.999511718750
vt 0.303785851074 0.999108991234
vt 0.302734375000 0.999108991234
vt 0.302734375000 0.999511718750
vt 0.302977960191 0.999511718750
vt 0.302977960191 0.999108991234
vt 0.302734375000 0.999108991234
vt 0.302734375000 0.999511718750
vt 0.303137102516 0.999511718750
vt 0.303137102516 0.999268133559
vt 0.302734375000 0.999268133559
vt 0.302734375000 0.999511718750
vt 0.302977960191 0.999511718750
vt 0.302977960191 0.998460242676
vt 0.302734375000 0.998460242676
vt 0.302734375000 0.999511718750
vt 0.303785851074 0.999511718750
vt 0.303785851074 0.999268133559
vt 0.302734375000 0.999268133559
vt 0.004385644305 0.999511718750
vt 0.091101972284 0.999511718750
vt 0.097922357631 0.989248662705
vt 0.084281586938 0.961025258579
vt 0.000488281250 0.964324098023
vt 0.000488281250 0.999511718750
vt 0.084346497423 0.999511718750
vt 0.096866448809 0.970773556268
vt 0.089647611634 0.960786746692
vt 0.002998406463 0.964198019388
vt 0.108398437500 0.999511718750
vt 0.192256653673 0.999511718750
vt 0.192256653673 0.995150383902
vt 0.108398437500 0.995150383902
vt 0.108398437500 0.999511718750
vt 0.139745385765 0.999511718750
vt 0.139745385765 0.995150383902
vt 0.108398437500 0.995150383902
vt 0.108398437500 0.999511718750
vt 0.120721098563 0.999511718750
vt 0.120721098563 0.995150383902
vt 0.108398437500 0.995150383902
vt 0.108398437500 0.999511718750
vt 0.195114765479 0.999511718750
vt 0.195114765479 0.995150383902
vt 0.108398437500 0.995150383902
vt 0.108398437500 0.999511718750
vt 0.143801235288 0.999511718750
vt 0.143801235288 0.995150383902
vt 0.108398437500 0.995150383902
vt 0.116276594158 0.999511718750
vt 0.177006239211 0.999511718750
vt 0.171208291719 0.979752577017
vt 0.108398437500 0.971431390841
vt 0.108398437500 0.999511718750
vt 0.171757098521 0.999511718750
vt 0.180099884263 0.980685200134
vt 0.119896273721 0.972709294792
vt 0.000488281250 0.999511718750
vt 0.063846942271 0.999511718750
vt 0.063846942271 0.996820682355
vt 0.000488281250 0.996820682355
vt 0.000488281250 0.999511718750
vt 0.021080509811 0.999511718750
vt 0.021080509811 0.996820682355
vt 0.000488281250 0.996820682355
vt 0.000488281250 0.999511718750
vt 0.061217926303 0.999511718750
vt 0.061217926303 0.996820682355
vt 0.000488281250 0.996820682355
vt 0.000488281250 0.999511718750
vt 0.029652817382 0.999511718750
vt 0.029652817382 0.996820682355
vt 0.000488281250 0.996820682355
vt 0.209161289449 0.993652343750
vt 0.218073150891 0.993652343750
vt 0.215811333300 0.988910204187
vt 0.208007812500 0.988119847593
vt 0.208007812500 0.993652343750
vt 0.215851255649 0.993652343750
vt 0.218579409787 0.989162256730
vt 0.209712908837 0.988264239326
vt 0.208007812500 0.993652343750
vt 0.215851255649 0.993652343750
vt 0.215851255649 0.993441236585
vt 0.208007812500 0.993441236585
vt 0.208007812500 0.993652343750
vt 0.213261735458 0.993652343750
vt 0.213261735458 0.993441236585
vt 0.208007812500 0.993441236585
vt 0.208007812500 0.993652343750
vt 0.216919673942 0.993652343750
vt 0.216919673942 0.993441236585
vt 0.208007812500 0.993441236585
vt 0.208007812500 0.993652343750
vt 0.213659274506 0.993652343750
vt 0.213659274506 0.993441236585
vt 0.208007812500 0.993441236585
vt 0.110637198680 0.999511718750
vt 0.129182302122 0.999511718750
vt 0.127438030787 0.979580189029
vt 0.108398437500 0.971472774524
vt 0.108398437500 0.999511718750
vt 0.129092308150 0.999511718750
vt 0.138505887333 0.981856892597
vt 0.121443287834 0.974591318980
vt 0.108398437500 0.999511718750
vt 0.129092308150 0.999511718750
vt 0.129092308150 0.996588696459
vt 0.108398437500 0.996588696459
vt 0.108398437500 0.999511718750
vt 0.128406145003 0.999511718750
vt 0.128406145003 0.996588696459
vt 0.108398437500 0.996588696459
vt 0.108398437500 0.999511718750
vt 0.126943540941 0.999511718750
vt 0.126943540941 0.996588696459
vt 0.108398437500 0.996588696459
vt 0.108398437500 0.999511718750
vt 0.136526616341 0.999511718750
vt 0.136526616341 0.996588696459
vt 0.108398437500 0.996588696459
vt 0.108398437500 0.999511718750
vt 0.109488887205 0.999511718750
vt 0.109488887205 0.992009294869
vt 0.108398437500 0.992009294869
vt 0.108398437500 0.999511718750
vt 0.115900861381 0.999511718750
vt 0.115900861381 0.998421269045
vt 0.108398437500 0.998421269045
vt 0.108398437500 0.999511718750
vt 0.108642022691 0.999511718750
vt 0.108642022691 0.998421269045
vt 0.108398437500 0.998421269045
vt 0.108398437500 0.999511718750
vt 0.109488887205 0.999511718750
vt 0.109488887205 0.999268133559
vt 0.108398437500 0.999268133559
vt 0.108398437500 0.999511718750
vt 0.108642022691 0.999511718750
vt 0.108642022691 0.992009294869
vt 0.108398437500 0.992009294869
vt 0.108398437500 0.999511718750
vt 0.115900861381 0.999511718750
vt 0.115900861381 0.999268133559
vt 0.108398437500 0.999268133559
vt 0.108398437500 0.999511718750
vt 0.112118795316 0.999511718750
vt 0.112118795316 0.997124583879
vt 0.108398437500 0.997124583879
vt 0.108398437500 0.999511718750
vt 0.110785572371 0.999511718750
vt 0.110785572371 0.995791360934
vt 0.108398437500 0.995791360934
vt 0.108398437500 0.999511718750
vt 0.108642022691 0.999511718750
vt 0.108642022691 0.995791360934
vt 0.108398437500 0.995791360934
vt 0.108398437500 0.999511718750
vt 0.112118795316 0.999511718750
vt 0.112118795316 0.999268133559
vt 0.108398437500 0.999268133559
vt 0.108398437500 0.999511718750
vt 0.108642022691 0.999511718750
vt 0.108642022691 0.997124583879
vt 0.108398437500 0.997124583879
vt 0.108398437500 0.999511718750
vt 0.110785572371 0.999511718750
vt 0.110785572371 0.999268133559
vt 0.108398437500 0.999268133559
vt 0.108398437500 0.999511718750
vt 0.109232310804 0.999511718750
vt 0.109232310804 0.996101526077
vt 0.108398437500 0.996101526077
vt 0.108398437500 0.999511718750
vt 0.111808630173 0.999511718750
vt 0.111808630173 0.998677845446
vt 0.108398437500 0.998677845446
vt 0.108398437500 0.999511718750
vt 0.108642022691 0.999511718750
vt 0.108642022691 0.998677845446
vt 0.108398437500 0.998677845446
vt 0.108398437500 0.999511718750
vt 0.109232310804 0.999511718750
vt 0.109232310804 0.999268133559
vt 0.108398437500 0.999268133559
vt 0.108398437500 0.999511718750
vt 0.108642022691 0.999511718750
vt 0.108642022691 0.996101526077
vt 0.108398437500 0.996101526077
vt 0.108398437500 0.999511718750
vt 0.111808630173 0.999511718750
vt 0.111808630173 0.999268133559
vt 0.108398437500 0.999268133559
vt 0.296875000000 0.999511718750
vt 0.297388152802 0.999511718750
vt 0.297388152802 0.998659170582
vt 0.296875000000 0.998659170582
vt 0.296875000000 0.999511718750
vt 0.297727548168 0.999511718750
vt 0.297727548168 0.998998565948
vt 0.296875000000 0.998998565948
vt 0.296875000000 0.999511718750
vt 0.297118585191 0.999511718750
vt 0.297118585191 0.998998565948
vt 0.296875000000 0.998998565948
vt 0.296875000000 0.999511718750
vt 0.297388152802 0.999511718750
vt 0.297388152802 0.999268133559
vt 0.296875000000 0.999268133559
vt 0.296875000000 0.999511718750
vt 0.297118585191 0.999511718750
vt 0.297118585191 0.998659170582
vt 0.296875000000 0.998659170582
vt 0.296875000000 0.999511718750
vt 0.297727548168 0.999511718750
vt 0.297727548168 0.999268133559
vt 0.296875000000 0.999268133559
vt 0.208007812500 0.986816406250
vt 0.209770905311 0.986816406250
vt 0.209770905311 0.985517285232
vt 0.208007812500 0.985517285232
vt 0.299804687500 0.999511718750
vt 0.301103808518 0.999511718750
vt 0.301103808518 0.997748625939
vt 0.299804687500 0.997748625939
vt 0.299804687500 0.999511718750
vt 0.300593439547 0.999511718750
vt 0.300593439547 0.997748625939
vt 0.299804687500 0.997748625939
vt 0.299804687500 0.999511718750
vt 0.301567780311 0.999511718750
vt 0.301567780311 0.998722966703
vt 0.299804687500 0.998722966703
vt 0.299804687500 0.999511718750
vt 0.300593439547 0.999511718750
vt 0.300593439547 0.998212597732
vt 0.299804687500 0.998212597732
vt 0.299804687500 0.999511718750
vt 0.301103808518 0.999511718750
vt 0.301103808518 0.998722966703
vt 0.299804687500 0.998722966703
vt 0.003550495079 0.999511718750
vt 0.071684752777 0.999511718750
vt 0.077043626978 0.990677695825
vt 0.066325878576 0.966384132780
vt 0.000488281250 0.969223640149
vt 0.000488281250 0.999511718750
vt 0.066387082633 0.999511718750
vt 0.076048093743 0.974778902482
vt 0.070313548242 0.966183992264
vt 0.002242570800 0.969119823004
vt 0.108398437500 0.999511718750
vt 0.174297238883 0.999511718750
vt 0.174297238883 0.995150383902
vt 0.108398437500 0.995150383902
vt 0.108398437500 0.999511718750
vt 0.134951164972 0.999511718750
vt 0.134951164972 0.995150383902
vt 0.108398437500 0.995150383902
vt 0.108398437500 0.999511718750
vt 0.118730789301 0.999511718750
vt 0.118730789301 0.995150383902
vt 0.108398437500 0.995150383902
vt 0.108398437500 0.999511718750
vt 0.176532695198 0.999511718750
vt 0.176532695198 0.995150383902
vt 0.108398437500 0.995150383902
vt 0.108398437500 0.999511718750
vt 0.138840921940 0.999511718750
vt 0.138840921940 0.995150383902
vt 0.108398437500 0.995150383902
vt 0.006234557254 0.999511718750
vt 0.054000951491 0.999511718750
vt 0.049757429971 0.982521740167
vt 0.000488281250 0.975366734306
vt 0.000488281250 0.999511718750
vt 0.050274254421 0.999511718750
vt 0.056915444060 0.983307970810
vt 0.009644909176 0.976443209333
vt 0.108398437500 0.999511718750
vt 0.158184410671 0.999511718750
vt 0.158184410671 0.996820682355
vt 0.108398437500 0.996820682355
vt 0.108398437500 0.999511718750
vt 0.125910343368 0.999511718750
vt 0.125910343368 0.996820682355
vt 0.108398437500 0.996820682355
vt 0.108398437500 0.999511718750
vt 0.156164831737 0.999511718750
vt 0.156164831737 0.996820682355
vt 0.108398437500 0.996820682355
vt 0.108398437500 0.999511718750
vt 0.133217784021 0.999511718750
vt 0.133217784021 0.996820682355
vt 0.108398437500 0.996820682355
vt 0.208827901088 0.999511718750
vt 0.215837189477 0.999511718750
vt 0.214132929489 0.995434018489
vt 0.208007812500 0.994754401779
vt 0.208007812500 0.999511718750
vt 0.214170517831 0.999511718750
vt 0.216314067511 0.995646833720
vt 0.209347531050 0.994873856714
vt 0.208007812500 0.999511718750
vt 0.214170517831 0.999511718750
vt 0.214170517831 0.999300611585
vt 0.208007812500 0.999300611585
vt 0.208007812500 0.999511718750
vt 0.212427330746 0.999511718750
vt 0.212427330746 0.999300611585
vt 0.208007812500 0.999300611585
vt 0.208007812500 0.999511718750
vt 0.215017100889 0.999511718750
vt 0.215017100889 0.999300611585
vt 0.208007812500 0.999300611585
vt 0.208007812500 0.999511718750
vt 0.212835297358 0.999511718750
vt 0.212835297358 0.999300611585
vt 0.208007812500 0.999300611585
vt 0.109897186620 0.999511718750
vt 0.124473465073 0.999511718750
vt 0.123287942627 0.982361498317
vt 0.108398437500 0.975385418314
vt 0.108398437500 0.999511718750
vt 0.124841157930 0.999511718750
vt 0.133190941222 0.984484521961
vt 0.119991569884 0.978300309010
vt 0.108398437500 0.999511718750
vt 0.124841157930 0.999511718750
vt 0.124841157930 0.996588696459
vt 0.108398437500 0.996588696459
vt 0.108398437500 0.999511718750
vt 0.125589584186 0.999511718750
vt 0.125589584186 0.996588696459
vt 0.108398437500 0.996588696459
vt 0.108398437500 0.999511718750
vt 0.122974715953 0.999511718750
vt 0.122974715953 0.996588696459
vt 0.108398437500 0.996588696459
vt 0.108398437500 0.999511718750
vt 0.132571244983 0.999511718750
vt 0.132571244983 0.996588696459
vt 0.108398437500 0.996588696459
vt 0.108398437500 0.999511718750
vt 0.111932046670 0.999511718750
vt 0.111932046670 0.996832281650
vt 0.108398437500 0.996832281650
vt 0.108398437500 0.999511718750
vt 0.111077874600 0.999511718750
vt 0.111077874600 0.995978109580
vt 0.108398437500 0.995978109580
vt 0.108398437500 0.999511718750
vt 0.108642022691 0.999511718750
vt 0.108642022691 0.995978109580
vt 0.108398437500 0.995978109580
vt 0.108398437500 0.999511718750
vt 0.111932046670 0.999511718750
vt 0.111932046670 0.999268133559
vt 0.108398437500 0.999268133559
vt 0.108398437500 0.999511718750
vt 0.108642022691 0.999511718750
vt 0.108642022691 0.996832281650
vt 0.108398437500 0.996832281650
vt 0.108398437500 0.999511718750
vt 0.111077874600 0.999511718750
vt 0.111077874600 0.999268133559
vt 0.108398437500 0.999268133559
vt 0.108398437500 0.999511718750
vt 0.109171414506 0.999511718750
vt 0.109171414506 0.995224619389
vt 0.108398437500 0.995224619389
vt 0.108398437500 0.999511718750
vt 0.112685536861 0.999511718750
vt 0.112685536861 0.998738741744
vt 0.108398437500 0.998738741744
vt 0.108398437500 0.999511718750
vt 0.108642022691 0.999511718750
vt 0.108642022691 0.998738741744
vt 0.108398437500 0.998738741744
vt 0.108398437500 0.999511718750
vt 0.109171414506 0.999511718750
vt 0.109171414506 0.999268133559
vt 0.108398437500 0.999268133559
vt 0.108398437500 0.999511718750
vt 0.108642022691 0.999511718750
vt 0.108642022691 0.995224619389
vt 0.108398437500 0.995224619389
vt 0.108398437500 0.999511718750
vt 0.112685536861 0.999511718750
vt 0.112685536861 0.999268133559
vt 0.108398437500 0.999268133559
vt 0.108398437500 0.999511718750
vt 0.109502690366 0.999511718750
vt 0.109502690366 0.997904056490
vt 0.108398437500 0.997904056490
vt 0.108398437500 0.999511718750
vt 0.110006099760 0.999511718750
vt 0.110006099760 0.998407465884
vt 0.108398437500 0.998407465884
vt 0.108398437500 0.999511718750
vt 0.108642022691 0.999511718750
vt 0.108642022691 0.998407465884
vt 0.108398437500 0.998407465884
vt 0.108398437500 0.999511718750
vt 0.109502690366 0.999511718750
vt 0.109502690366 0.999268133559
vt 0.108398437500 0.999268133559
vt 0.108398437500 0.999511718750
vt 0.108642022691 0.999511718750
vt 0.108642022691 0.997904056490
vt 0.108398437500 0.997904056490
vt 0.108398437500 0.999511718750
vt 0.110006099760 0.999511718750
vt 0.110006099760 0.999268133559
vt 0.108398437500 0.999268133559
vt 0.108398437500 0.999511718750
vt 0.108895351290 0.999511718750
vt 0.108895351290 0.998841859475
vt 0.108398437500 0.998841859475
vt 0.108398437500 0.999511718750
vt 0.109068296775 0.999511718750
vt 0.109068296775 0.999014804960
vt 0.108398437500 0.999014804960
vt 0.108398437500 0.999511718750
vt 0.108642022691 0.999511718750
vt 0.108642022691 0.999014804960
vt 0.108398437500 0.999014804960
vt 0.108398437500 0.999511718750
vt 0.108895351290 0.999511718750
vt 0.108895351290 0.999268133559
vt 0.108398437500 0.999268133559
vt 0.108398437500 0.999511718750
vt 0.108642022691 0.999511718750
vt 0.108642022691 0.998841859475
vt 0.108398437500 0.998841859475
vt 0.108398437500 0.999511718750
vt 0.109068296775 0.999511718750
vt 0.109068296775 0.999268133559
vt 0.108398437500 0.999268133559
vt 0.302734375000 0.999511718750
vt 0.303452139363 0.999511718750
vt 0.303452139363 0.998305972055
vt 0.302734375000 0.998305972055
vt 0.302734375000 0.999511718750
vt 0.303940121695 0.999511718750
vt 0.303940121695 0.998793954387
vt 0.302734375000 0.998793954387
vt 0.302734375000 0.999511718750
vt 0.302977960191 0.999511718750
vt 0.302977960191 0.998793954387
vt 0.302734375000 0.998793954387
vt 0.302734375000 0.999511718750
vt 0.303452139363 0.999511718750
vt 0.303452139363 0.999268133559
vt 0.302734375000 0.999268133559
vt 0.302734375000 0.999511718750
vt 0.302977960191 0.999511718750
vt 0.302977960191 0.998305972055
vt 0.302734375000 0.998305972055
vt 0.302734375000 0.999511718750
vt 0.303940121695 0.999511718750
vt 0.303940121695 0.999268133559
vt 0.302734375000 0.999268133559
vt 0.004422762049 0.999511718750
vt 0.091964959818 0.999511718750
vt 0.098850301216 0.989898223214
vt 0.085079618420 0.963461110489
vt 0.000488281250 0.966551162626
vt 0.000488281250 0.999511718750
vt 0.085136038140 0.999511718750
vt 0.097932460095 0.972589530522
vt 0.090700768901 0.963233790836
vt 0.003216920064 0.966429504051
vt 0.108398437500 0.999511718750
vt 0.193046194390 0.999511718750
vt 0.193046194390 0.995150383902
vt 0.108398437500 0.995150383902
vt 0.108398437500 0.999511718750
vt 0.138207037498 0.999511718750
vt 0.138207037498 0.995150383902
vt 0.108398437500 0.995150383902
vt 0.108398437500 0.999511718750
vt 0.120223293634 0.999511718750
vt 0.120223293634 0.995150383902
vt 0.108398437500 0.995150383902
vt 0.108398437500 0.999511718750
vt 0.195940635269 0.999511718750
vt 0.195940635269 0.995150383902
vt 0.108398437500 0.995150383902
vt 0.108398437500 0.999511718750
vt 0.141592991258 0.999511718750
vt 0.141592991258 0.995150383902
vt 0.108398437500 0.995150383902
vt 0.008838257359 0.999511718750
vt 0.070101388680 0.999511718750
vt 0.063969203894 0.980989593234
vt 0.000488281250 0.973189352875
vt 0.000488281250 0.999511718750
vt 0.064446637150 0.999511718750
vt 0.072791970164 0.981875725986
vt 0.011986152915 0.974404190129
vt 0.108398437500 0.999511718750
vt 0.172356793400 0.999511718750
vt 0.172356793400 0.996820682355
vt 0.108398437500 0.996820682355
vt 0.108398437500 0.999511718750
vt 0.127909276126 0.999511718750
vt 0.127909276126 0.996820682355
vt 0.108398437500 0.996820682355
vt 0.108398437500 0.999511718750
vt 0.169661568821 0.999511718750
vt 0.169661568821 0.996820682355
vt 0.108398437500 0.996820682355
vt 0.108398437500 0.999511718750
vt 0.136013452370 0.999511718750
vt 0.136013452370 0.996820682355
vt 0.108398437500 0.996820682355
vt 0.209249368615 0.993652343750
vt 0.218239751279 0.993652343750
vt 0.215891219943 0.989207200366
vt 0.208007812500 0.988466343135
vt 0.208007812500 0.993652343750
vt 0.215925955107 0.993652343750
vt 0.218680091666 0.989446439453
vt 0.209729147849 0.988605258593
vt 0.208007812500 0.993652343750
vt 0.215925955107 0.993652343750
vt 0.215925955107 0.993441236585
vt 0.208007812500 0.993441236585
vt 0.208007812500 0.993652343750
vt 0.213035227257 0.993652343750
vt 0.213035227257 0.993441236585
vt 0.208007812500 0.993441236585
vt 0.208007812500 0.993652343750
vt 0.216998195164 0.993652343750
vt 0.216998195164 0.993441236585
vt 0.208007812500 0.993441236585
vt 0.208007812500 0.993652343750
vt 0.213340360105 0.993652343750
vt 0.213340360105 0.993441236585
vt 0.208007812500 0.993441236585
vt 0.110890998027 0.999511718750
vt 0.129608144590 0.999511718750
vt 0.127682041634 0.980837112860
vt 0.108398437500 0.973240968822
vt 0.108398437500 0.999511718750
vt 0.129124237669 0.999511718750
vt 0.137760681216 0.982842506993
vt 0.120345959376 0.975982547902
vt 0.108398437500 0.999511718750
vt 0.129124237669 0.999511718750
vt 0.129124237669 0.996588696459
vt 0.108398437500 0.996588696459
vt 0.108398437500 0.999511718750
vt 0.127172109963 0.999511718750
vt 0.127172109963 0.996588696459
vt 0.108398437500 0.996588696459
vt 0.108398437500 0.999511718750
vt 0.127115584064 0.999511718750
vt 0.127115584064 0.996588696459
vt 0.108398437500 0.996588696459
vt 0.108398437500 0.999511718750
vt 0.134787169182 0.999511718750
vt 0.134787169182 0.996588696459
vt 0.108398437500 0.996588696459
vt 0.108398437500 0.999511718750
vt 0.109239618359 0.999511718750
vt 0.109239618359 0.996069048051
vt 0.108398437500 0.996069048051
vt 0.108398437500 0.999511718750
vt 0.111841108199 0.999511718750
vt 0.111841108199 0.998670537891
vt 0.108398437500 0.998670537891
vt 0.108398437500 0.999511718750
vt 0.108642022691 0.999511718750
vt 0.108642022691 0.998670537891
vt 0.108398437500 0.998670537891
vt 0.108398437500 0.999511718750
vt 0.109239618359 0.999511718750
vt 0.109239618359 0.999268133559
vt 0.108398437500 0.999268133559
vt 0.108398437500 0.999511718750
vt 0.108642022691 0.999511718750
vt 0.108642022691 0.996069048051
vt 0.108398437500 0.996069048051
vt 0.108398437500 0.999511718750
vt 0.111841108199 0.999511718750
vt 0.111841108199 0.999268133559
vt 0.108398437500 0.999268133559
vt 0.108398437500 0.999511718750
vt 0.110321136607 0.999511718750
vt 0.110321136607 0.995036246842
vt 0.108398437500 0.995036246842
vt 0.108398437500 0.999511718750
vt 0.112873909408 0.999511718750
vt 0.112873909408 0.997589019643
vt 0.108398437500 0.997589019643
vt 0.108398437500 0.999511718750
vt 0.108642022691 0.999511718750
vt 0.108642022691 0.997589019643
vt 0.108398437500 0.997589019643
vt 0.108398437500 0.999511718750
vt 0.110321136607 0.999511718750
vt 0.110321136607 0.999268133559
vt 0.108398437500 0.999268133559
vt 0.108398437500 0.999511718750
vt 0.108642022691 0.999511718750
vt 0.108642022691 0.995036246842
vt 0.108398437500 0.995036246842
vt 0.108398437500 0.999511718750
vt 0.112873909408 0.999511718750
vt 0.112873909408 0.999268133559
vt 0.108398437500 0.999268133559
vt 0.108398437500 0.999511718750
vt 0.109059365318 0.999511718750
vt 0.109059365318 0.992626377352
vt 0.108398437500 0.992626377352
vt 0.108398437500 0.999511718750
vt 0.115283778898 0.999511718750
vt 0.115283778898 0.998850790932
vt 0.108398437500 0.998850790932
vt 0.108398437500 0.999511718750
vt 0.108642022691 0.999511718750
vt 0.108642022691 0.998850790932
vt 0.108398437500 0.998850790932
vt 0.108398437500 0.999511718750
vt 0.109059365318 0.999511718750
vt 0.109059365318 0.999268133559
vt 0.108398437500 0.999268133559
vt 0.108398437500 0.999511718750
vt 0.108642022691 0.999511718750
vt 0.108642022691 0.992626377352
vt 0.108398437500 0.992626377352
vt 0.108398437500 0.999511718750
vt 0.115283778898 0.999511718750
vt 0.115283778898 0.999268133559
vt 0.108398437500 0.999268133559
vt 0.108398437500 0.999511718750
vt 0.109479955748 0.999511718750
vt 0.109479955748 0.998478917540
vt 0.108398437500 0.998478917540
vt 0.108398437500 0.999511718750
vt 0.109431238710 0.999511718750
vt 0.109431238710 0.998430200502
vt 0.108398437500 0.998430200502
vt 0.108398437500 0.999511718750
vt 0.108642022691 0.999511718750
vt 0.108642022691 0.998430200502
vt 0.108398437500 0.998430200502
vt 0.108398437500 0.999511718750
vt 0.109479955748 0.999511718750
vt 0.109479955748 0.999268133559
vt 0.108398437500 0.999268133559
vt 0.108398437500 0.999511718750
vt 0.108642022691 0.999511718750
vt 0.108642022691 0.998478917540
vt 0.108398437500 0.998478917540
vt 0.108398437500 0.999511718750
vt 0.109431238710 0.999511718750
vt 0.109431238710 0.999268133559
vt 0.108398437500 0.999268133559
vt 0.108398437500 0.999511718750
vt 0.108879112277 0.999511718750
vt 0.108879112277 0.998651051075
vt 0.108398437500 0.998651051075
vt 0.108398437500 0.999511718750
vt 0.109259105175 0.999511718750
vt 0.109259105175 0.999031043973
vt 0.108398437500 0.999031043973
vt 0.108398437500 0.999511718750
vt 0.108642022691 0.999511718750
vt 0.108642022691 0.999031043973
vt 0.108398437500 0.999031043973
vt 0.108398437500 0.999511718750
vt 0.108879112277 0.999511718750
vt 0.108879112277 0.999268133559
vt 0.108398437500 0.999268133559
vt 0.108398437500 0.999511718750
vt 0.108642022691 0.999511718750
vt 0.108642022691 0.998651051075
vt 0.108398437500 0.998651051075
vt 0.108398437500 0.999511718750
vt 0.109259105175 0.999511718750
vt 0.109259105175 0.999268133559
vt 0.108398437500 0.999268133559
vt 0.296875000000 0.999511718750
vt 0.297355674777 0.999511718750
vt 0.297355674777 0.998306784005
vt 0.296875000000 0.998306784005
vt 0.296875000000 0.999511718750
vt 0.298079934745 0.999511718750
vt 0.298079934745 0.999031043973
vt 0.296875000000 0.999031043973
vt 0.296875000000 0.999511718750
vt 0.297118585191 0.999511718750
vt 0.297118585191 0.999031043973
vt 0.296875000000 0.999031043973
vt 0.296875000000 0.999511718750
vt 0.297355674777 0.999511718750
vt 0.297355674777 0.999268133559
vt 0.296875000000 0.999268133559
vt 0.296875000000 0.999511718750
vt 0.297118585191 0.999511718750
vt 0.297118585191 0.998306784005
vt 0.296875000000 0.998306784005
vt 0.296875000000 0.999511718750
vt 0.298079934745 0.999511718750
vt 0.298079934745 0.999268133559
vt 0.296875000000 0.999268133559
vt 0.003587612823 0.999511718750
vt 0.072547740311 0.999511718750
vt 0.077971570563 0.991457168436
vt 0.067123910059 0.969307155072
vt 0.000488281250 0.971896117673
vt 0.000488281250 0.999511718750
vt 0.067174184964 0.999511718750
vt 0.077153732147 0.976957263127
vt 0.071421287243 0.969119355831
vt 0.002513149210 0.971796611159
vt 0.108398437500 0.999511718750
vt 0.175084341214 0.999511718750
vt 0.175084341214 0.995150383902
vt 0.108398437500 0.995150383902
vt 0.108398437500 0.999511718750
vt 0.133062071264 0.999511718750
vt 0.133062071264 0.995150383902
vt 0.108398437500 0.995150383902
vt 0.108398437500 0.999511718750
vt 0.118108932614 0.999511718750
vt 0.118108932614 0.995150383902
vt 0.108398437500 0.995150383902
vt 0.108398437500 0.999511718750
vt 0.177358564988 0.999511718750
vt 0.177358564988 0.995150383902
vt 0.108398437500 0.995150383902
vt 0.108398437500 0.999511718750
vt 0.136187415154 0.999511718750
vt 0.136187415154 0.995150383902
vt 0.108398437500 0.995150383902
vt 0.114721977150 0.999511718750
vt 0.163009880608 0.999511718750
vt 0.158357974578 0.984002417059
vt 0.108398437500 0.977470970068
vt 0.108398437500 0.999511718750
vt 0.158783109225 0.999511718750
vt 0.165406259526 0.984736315245
vt 0.117525798651 0.978476675736
vt 0.000488281250 0.999511718750
vt 0.050872952975 0.999511718750
vt 0.050872952975 0.996820682355
vt 0.000488281250 0.996820682355
vt 0.000488281250 0.999511718750
vt 0.016680213458 0.999511718750
vt 0.016680213458 0.996820682355
vt 0.000488281250 0.996820682355
vt 0.000488281250 0.999511718750
vt 0.048776184708 0.999511718750
vt 0.048776184708 0.996820682355
vt 0.000488281250 0.996820682355
vt 0.000488281250 0.999511718750
vt 0.023418212697 0.999511718750
vt 0.023418212697 0.996820682355
vt 0.000488281250 0.996820682355
vt 0.208936473451 0.999511718750
vt 0.216022587666 0.999511718750
vt 0.214214290535 0.995789547216
vt 0.208007812500 0.995169185293
vt 0.208007812500 0.999511718750
vt 0.214245217290 0.999511718750
vt 0.216414749390 0.995987852988
vt 0.209363770063 0.995283079835
vt 0.208007812500 0.999511718750
vt 0.214245217290 0.999511718750
vt 0.214245217290 0.999300611585
vt 0.208007812500 0.999300611585
vt 0.208007812500 0.999511718750
vt 0.212145988360 0.999511718750
vt 0.212145988360 0.999300611585
vt 0.208007812500 0.999300611585
vt 0.208007812500 0.999511718750
vt 0.215093926715 0.999511718750
vt 0.215093926715 0.999300611585
vt 0.208007812500 0.999300611585
vt 0.208007812500 0.999511718750
vt 0.212448534061 0.999511718750
vt 0.212448534061 0.999300611585
vt 0.208007812500 0.999300611585
vt 0.110213091611 0.999511718750
vt 0.124960188882 0.999511718750
vt 0.123548697005 0.983868535910
vt 0.108398437500 0.977505463470
vt 0.108398437500 0.999511718750
vt 0.124830694008 0.999511718750
vt 0.132189584357 0.985635544511
vt 0.118593012852 0.979925017282
vt 0.108398437500 0.999511718750
vt 0.124830694008 0.999511718750
vt 0.124830694008 0.996588696459
vt 0.108398437500 0.996588696459
vt 0.108398437500 0.999511718750
vt 0.124105171046 0.999511718750
vt 0.124105171046 0.996588696459
vt 0.108398437500 0.996588696459
vt 0.108398437500 0.999511718750
vt 0.123145534771 0.999511718750
vt 0.123145534771 0.996588696459
vt 0.108398437500 0.996588696459
vt 0.108398437500 0.999511718750
vt 0.130479384966 0.999511718750
vt 0.130479384966 0.996588696459
vt 0.108398437500 0.996588696459
vt 0.108398437500 0.999511718750
vt 0.109254233471 0.999511718750
vt 0.109254233471 0.993545505473
vt 0.108398437500 0.993545505473
vt 0.108398437500 0.999511718750
vt 0.114364650777 0.999511718750
vt 0.114364650777 0.998655922779
vt 0.108398437500 0.998655922779
vt 0.108398437500 0.999511718750
vt 0.108642022691 0.999511718750
vt 0.108642022691 0.998655922779
vt 0.108398437500 0.998655922779
vt 0.108398437500 0.999511718750
vt 0.109254233471 0.999511718750
vt 0.109254233471 0.999268133559
vt 0.108398437500 0.999268133559
vt 0.108398437500 0.999511718750
vt 0.108642022691 0.999511718750
vt 0.108642022691 0.993545505473
vt 0.108398437500 0.993545505473
vt 0.108398437500 0.999511718750
vt 0.114364650777 0.999511718750
vt 0.114364650777 0.999268133559
vt 0.108398437500 0.999268133559
vt 0.108398437500 0.999511718750
vt 0.111318211989 0.999511718750
vt 0.111318211989 0.997613378162
vt 0.108398437500 0.997613378162
vt 0.108398437500 0.999511718750
vt 0.110296778088 0.999511718750
vt 0.110296778088 0.996591944261
vt 0.108398437500 0.996591944261
vt 0.108398437500 0.999511718750
vt 0.108642022691 0.999511718750
vt 0.108642022691 0.996591944261
vt 0.108398437500 0.996591944261
vt 0.108398437500 0.999511718750
vt 0.111318211989 0.999511718750
vt 0.111318211989 0.999268133559
vt 0.108398437500 0.999268133559
vt 0.108398437500 0.999511718750
vt 0.108642022691 0.999511718750
vt 0.108642022691 0.997613378162
vt 0.108398437500 0.997613378162
vt 0.108398437500 0.999511718750
vt 0.110296778088 0.999511718750
vt 0.110296778088 0.999268133559
vt 0.108398437500 0.999268133559
vt 0.108398437500 0.999511718750
vt 0.109052869713 0.999511718750
vt 0.109052869713 0.996799803624
vt 0.108398437500 0.996799803624
vt 0.108398437500 0.999511718750
vt 0.111110352626 0.999511718750
vt 0.111110352626 0.998857286537
vt 0.108398437500 0.998857286537
vt 0.108398437500 0.999511718750
vt 0.108642022691 0.999511718750
vt 0.108642022691 0.998857286537
vt 0.108398437500 0.998857286537
vt 0.108398437500 0.999511718750
vt 0.109052869713 0.999511718750
vt 0.109052869713 0.999268133559
vt 0.108398437500 0.999268133559
vt 0.108398437500 0.999511718750
vt 0.108642022691 0.999511718750
vt 0.108642022691 0.996799803624
vt 0.108398437500 0.996799803624
vt 0.108398437500 0.999511718750
vt 0.111110352626 0.999511718750
vt 0.111110352626 0.999268133559
vt 0.108398437500 0.999268133559
vt 0.302734375000 0.999511718750
vt 0.303137102516 0.999511718750
vt 0.303137102516 0.998833739969
vt 0.302734375000 0.998833739969
vt 0.302734375000 0.999511718750
vt 0.303412353781 0.999511718750
vt 0.303412353781 0.999108991234
vt 0.302734375000 0.999108991234
vt 0.302734375000 0.999511718750
vt 0.302977960191 0.999511718750
vt 0.302977960191 0.999108991234
vt 0.302734375000 0.999108991234
vt 0.302734375000 0.999511718750
vt 0.303137102516 0.999511718750
vt 0.303137102516 0.999268133559
vt 0.302734375000 0.999268133559
vt 0.302734375000 0.999511718750
vt 0.302977960191 0.999511718750
vt 0.302977960191 0.998833739969
vt 0.302734375000 0.998833739969
vt 0.302734375000 0.999511718750
vt 0.303412353781 0.999511718750
vt 0.303412353781 0.999268133559
vt 0.302734375000 0.999268133559
vt 0.004051584615 0.999511718750
vt 0.083335084481 0.999511718750
vt 0.089570865370 0.989248662705
vt 0.077099303593 0.961025258579
vt 0.000488281250 0.964324098023
vt 0.000488281250 0.999511718750
vt 0.077170294044 0.999511718750
vt 0.088416146725 0.970777919993
vt 0.081744624886 0.960792626856
vt 0.002534523867 0.964203381569
vt 0.108398437500 0.999511718750
vt 0.185080450294 0.999511718750
vt 0.185080450294 0.995150383902
vt 0.108398437500 0.995150383902
vt 0.108398437500 0.999511718750
vt 0.139254561585 0.999511718750
vt 0.139254561585 0.995150383902
vt 0.108398437500 0.995150383902
vt 0.108398437500 0.999511718750
vt 0.120407404262 0.999511718750
vt 0.120407404262 0.995150383902
vt 0.108398437500 0.995150383902
vt 0.108398437500 0.999511718750
vt 0.187681937367 0.999511718750
vt 0.187681937367 0.995150383902
vt 0.108398437500 0.995150383902
vt 0.108398437500 0.999511718750
vt 0.143766018465 0.999511718750
vt 0.143766018465 0.995150383902
vt 0.108398437500 0.995150383902
vt 0.007184798080 0.999511718750
vt 0.062766385064 0.999511718750
vt 0.057821478616 0.979772961300
vt 0.000488281250 0.971460359576
vt 0.000488281250 0.999511718750
vt 0.058420956552 0.999511718750
vt 0.066146954432 0.980686745915
vt 0.011140516702 0.972711495448
vt 0.108398437500 0.999511718750
vt 0.166331112802 0.999511718750
vt 0.166331112802 0.996820682355
vt 0.108398437500 0.996820682355
vt 0.108398437500 0.999511718750
vt 0.128747163393 0.999511718750
vt 0.128747163393 0.996820682355
vt 0.108398437500 0.996820682355
vt 0.108398437500 0.999511718750
vt 0.163980024484 0.999511718750
vt 0.163980024484 0.996820682355
vt 0.108398437500 0.996820682355
vt 0.108398437500 0.999511718750
vt 0.137238029889 0.999511718750
vt 0.137238029889 0.996820682355
vt 0.108398437500 0.996820682355
vt 0.208964029103 0.993652343750
vt 0.217120132537 0.993652343750
vt 0.215135360672 0.988914922910
vt 0.208007812500 0.988125352770
vt 0.208007812500 0.993652343750
vt 0.215178960522 0.993652343750
vt 0.217673272877 0.989162256730
vt 0.209566757722 0.988264239326
vt 0.208007812500 0.993652343750
vt 0.215178960522 0.993652343750
vt 0.215178960522 0.993441236585
vt 0.208007812500 0.993441236585
vt 0.208007812500 0.993652343750
vt 0.213144199905 0.993652343750
vt 0.213144199905 0.993441236585
vt 0.208007812500 0.993441236585
vt 0.208007812500 0.993652343750
vt 0.216163915933 0.993652343750
vt 0.216163915933 0.993441236585
vt 0.208007812500 0.993441236585
vt 0.208007812500 0.993652343750
vt 0.213616910421 0.993652343750
vt 0.213616910421 0.993441236585
vt 0.208007812500 0.993441236585
vt 0.110148271996 0.999511718750
vt 0.127109644709 0.999511718750
vt 0.125725980440 0.979587062931
vt 0.108398437500 0.971482444477
vt 0.108398437500 0.999511718750
vt 0.127527697408 0.999511718750
vt 0.137222648293 0.982049921487
vt 0.121858806961 0.974863785957
vt 0.108398437500 0.999511718750
vt 0.127527697408 0.999511718750
vt 0.127527697408 0.996588696459
vt 0.108398437500 0.996588696459
vt 0.108398437500 0.999511718750
vt 0.128371079696 0.999511718750
vt 0.128371079696 0.996588696459
vt 0.108398437500 0.996588696459
vt 0.108398437500 0.999511718750
vt 0.125359810213 0.999511718750
vt 0.125359810213 0.996588696459
vt 0.108398437500 0.996588696459
vt 0.108398437500 0.999511718750
vt 0.136482278708 0.999511718750
vt 0.136482278708 0.996588696459
vt 0.108398437500 0.996588696459
vt 0.108398437500 0.999511718750
vt 0.112503659918 0.999511718750
vt 0.112503659918 0.996393828306
vt 0.108398437500 0.996393828306
vt 0.108398437500 0.999511718750
vt 0.111516327944 0.999511718750
vt 0.111516327944 0.995406496332
vt 0.108398437500 0.995406496332
vt 0.108398437500 0.999511718750
vt 0.108642022691 0.999511718750
vt 0.108642022691 0.995406496332
vt 0.108398437500 0.995406496332
vt 0.108398437500 0.999511718750
vt 0.112503659918 0.999511718750
vt 0.112503659918 0.999268133559
vt 0.108398437500 0.999268133559
vt 0.108398437500 0.999511718750
vt 0.108642022691 0.999511718750
vt 0.108642022691 0.996393828306
vt 0.108398437500 0.996393828306
vt 0.108398437500 0.999511718750
vt 0.111516327944 0.999511718750
vt 0.111516327944 0.999268133559
vt 0.108398437500 0.999268133559
vt 0.108398437500 0.999511718750
vt 0.109296454904 0.999511718750
vt 0.109296454904 0.994523094039
vt 0.108398437500 0.994523094039
vt 0.108398437500 0.999511718750
vt 0.113387062211 0.999511718750
vt 0.113387062211 0.998613701346
vt 0.108398437500 0.998613701346
vt 0.108398437500 0.999511718750
vt 0.108642022691 0.999511718750
vt 0.108642022691 0.998613701346
vt 0.108398437500 0.998613701346
vt 0.108398437500 0.999511718750
vt 0.109296454904 0.999511718750
vt 0.109296454904 0.999268133559
vt 0.108398437500 0.999268133559
vt 0.108398437500 0.999511718750
vt 0.108642022691 0.999511718750
vt 0.108642022691 0.994523094039
vt 0.108398437500 0.994523094039
vt 0.108398437500 0.999511718750
vt 0.113387062211 0.999511718750
vt 0.113387062211 0.999268133559
vt 0.108398437500 0.999268133559
vt 0.108398437500 0.999511718750
vt 0.109681319506 0.999511718750
vt 0.109681319506 0.997640984483
vt 0.108398437500 0.997640984483
vt 0.108398437500 0.999511718750
vt 0.110269171767 0.999511718750
vt 0.110269171767 0.998228836744
vt 0.108398437500 0.998228836744
vt 0.108398437500 0.999511718750
vt 0.108642022691 0.999511718750
vt 0.108642022691 0.998228836744
vt 0.108398437500 0.998228836744
vt 0.108398437500 0.999511718750
vt 0.109681319506 0.999511718750
vt 0.109681319506 0.999268133559
vt 0.108398437500 0.999268133559
vt 0.108398437500 0.999511718750
vt 0.108642022691 0.999511718750
vt 0.108642022691 0.997640984483
vt 0.108398437500 0.997640984483
vt 0.108398437500 0.999511718750
vt 0.110269171767 0.999511718750
vt 0.110269171767 0.999268133559
vt 0.108398437500 0.999268133559
vt 0.108398437500 0.999511718750
vt 0.108975734403 0.999511718750
vt 0.108975734403 0.998732246139
vt 0.108398437500 0.998732246139
vt 0.108398437500 0.999511718750
vt 0.109177910111 0.999511718750
vt 0.109177910111 0.998934421847
vt 0.108398437500 0.998934421847
vt 0.108398437500 0.999511718750
vt 0.108642022691 0.999511718750
vt 0.108642022691 0.998934421847
vt 0.108398437500 0.998934421847
vt 0.108398437500 0.999511718750
vt 0.108975734403 0.999511718750
vt 0.108975734403 0.999268133559
vt 0.108398437500 0.999268133559
vt 0.108398437500 0.999511718750
vt 0.108642022691 0.999511718750
vt 0.108642022691 0.998732246139
vt 0.108398437500 0.998732246139
vt 0.108398437500 0.999511718750
vt 0.109177910111 0.999511718750
vt 0.109177910111 0.999268133559
vt 0.108398437500 0.999268133559
vt 0.296875000000 0.999511718750
vt 0.297708873304 0.999511718750
vt 0.297708873304 0.998108668050
vt 0.296875000000 0.998108668050
vt 0.296875000000 0.999511718750
vt 0.298278050700 0.999511718750
vt 0.298278050700 0.998677845446
vt 0.296875000000 0.998677845446
vt 0.296875000000 0.999511718750
vt 0.297118585191 0.999511718750
vt 0.297118585191 0.998677845446
vt 0.296875000000 0.998677845446
vt 0.296875000000 0.999511718750
vt 0.297708873304 0.999511718750
vt 0.297708873304 0.999268133559
vt 0.296875000000 0.999268133559
vt 0.296875000000 0.999511718750
vt 0.297118585191 0.999511718750
vt 0.297118585191 0.998108668050
vt 0.296875000000 0.998108668050
vt 0.296875000000 0.999511718750
vt 0.298278050700 0.999511718750
vt 0.298278050700 0.999268133559
vt 0.296875000000 0.999268133559
vt 0.111126591639 0.999511718750
vt 0.171828021224 0.999511718750
vt 0.176602290967 0.990677695825
vt 0.167053751481 0.966384132780
vt 0.108398437500 0.969223640149
vt 0.108398437500 0.999511718750
vt 0.167122441624 0.999511718750
vt 0.175485134830 0.974784867474
vt 0.170289294244 0.966192030153
vt 0.109658867818 0.969127152837
vt 0.208007812500 0.999511718750
vt 0.266731816624 0.999511718750
vt 0.266731816624 0.995150383902
vt 0.208007812500 0.995150383902
vt 0.208007812500 0.999511718750
vt 0.234110529058 0.999511718750
vt 0.234110529058 0.995150383902
vt 0.208007812500 0.995150383902
vt 0.208007812500 0.999511718750
vt 0.218049406627 0.999511718750
vt 0.218049406627 0.995150383902
vt 0.208007812500 0.995150383902
vt 0.208007812500 0.999511718750
vt 0.268709242085 0.999511718750
vt 0.268709242085 0.995150383902
vt 0.208007812500 0.995150383902
vt 0.208007812500 0.999511718750
vt 0.238418510130 0.999511718750
vt 0.238418510130 0.995150383902
vt 0.208007812500 0.995150383902
vt 0.004993321003 0.999511718750
vt 0.047618501224 0.999511718750
vt 0.044269927994 0.982549508094
vt 0.000488281250 0.975406196167
vt 0.000488281250 0.999511718750
vt 0.044848843655 0.999511718750
vt 0.050885115457 0.983310084396
vt 0.008816203756 0.976446218345
vt 0.108398437500 0.999511718750
vt 0.152758999905 0.999511718750
vt 0.152758999905 0.996820682355
vt 0.108398437500 0.996820682355
vt 0.108398437500 0.999511718750
vt 0.125688016240 0.999511718750
vt 0.125688016240 0.996820682355
vt 0.108398437500 0.996820682355
vt 0.108398437500 0.999511718750
vt 0.151023617721 0.999511718750
vt 0.151023617721 0.996820682355
vt 0.108398437500 0.996820682355
vt 0.108398437500 0.999511718750
vt 0.132921316658 0.999511718750
vt 0.132921316658 0.996820682355
vt 0.108398437500 0.996820682355
vt 0.208619048622 0.999511718750
vt 0.214873548172 0.999511718750
vt 0.213456131560 0.995440447365
vt 0.208007812500 0.994761902134
vt 0.208007812500 0.999511718750
vt 0.213498222704 0.999511718750
vt 0.215407930601 0.995646833720
vt 0.209201379936 0.994873856714
vt 0.208007812500 0.999511718750
vt 0.213498222704 0.999511718750
vt 0.213498222704 0.999300611585
vt 0.208007812500 0.999300611585
vt 0.208007812500 0.999511718750
vt 0.212318766054 0.999511718750
vt 0.212318766054 0.999300611585
vt 0.208007812500 0.999300611585
vt 0.208007812500 0.999511718750
vt 0.214262312050 0.999511718750
vt 0.214262312050 0.999300611585
vt 0.208007812500 0.999300611585
vt 0.208007812500 0.999511718750
vt 0.212796796472 0.999511718750
vt 0.212796796472 0.999300611585
vt 0.208007812500 0.999300611585
vt 0.001462488758 0.999511718750
vt 0.014455741087 0.999511718750
vt 0.013656136829 0.982370887451
vt 0.000488281250 0.975398626604
vt 0.000488281250 0.999511718750
vt 0.015388108157 0.999511718750
vt 0.024115687420 0.984737524194
vt 0.012632784215 0.978657430442
vt 0.000488281250 0.999511718750
vt 0.015388108157 0.999511718750
vt 0.015388108157 0.996588696459
vt 0.000488281250 0.996588696459
vt 0.000488281250 0.999511718750
vt 0.017647752820 0.999511718750
vt 0.017647752820 0.996588696459
vt 0.000488281250 0.996588696459
vt 0.000488281250 0.999511718750
vt 0.013481533578 0.999511718750
vt 0.013481533578 0.996588696459
vt 0.000488281250 0.996588696459
vt 0.000488281250 0.999511718750
vt 0.024621045143 0.999511718750
vt 0.024621045143 0.996588696459
vt 0.000488281250 0.996588696459
vt 0.000488281250 0.999511718750
vt 0.002917637554 0.999511718750
vt 0.002917637554 0.993305168085
vt 0.000488281250 0.993305168085
vt 0.000488281250 0.999511718750
vt 0.006694831915 0.999511718750
vt 0.006694831915 0.997082362446
vt 0.000488281250 0.997082362446
vt 0.000488281250 0.999511718750
vt 0.000731866441 0.999511718750
vt 0.000731866441 0.997082362446
vt 0.000488281250 0.997082362446
vt 0.000488281250 0.999511718750
vt 0.002917637554 0.999511718750
vt 0.002917637554 0.999268133559
vt 0.000488281250 0.999268133559
vt 0.000488281250 0.999511718750
vt 0.000731866441 0.999511718750
vt 0.000731866441 0.993305168085
vt 0.000488281250 0.993305168085
vt 0.000488281250 0.999511718750
vt 0.006694831915 0.999511718750
vt 0.006694831915 0.999268133559
vt 0.000488281250 0.999268133559
vt 0.000488281250 0.999511718750
vt 0.001206045613 0.999511718750
vt 0.001206045613 0.997363297366
vt 0.000488281250 0.997363297366
vt 0.000488281250 0.999511718750
vt 0.002636702634 0.999511718750
vt 0.002636702634 0.998793954387
vt 0.000488281250 0.998793954387
vt 0.000488281250 0.999511718750
vt 0.000731866441 0.999511718750
vt 0.000731866441 0.998793954387
vt 0.000488281250 0.998793954387
vt 0.000488281250 0.999511718750
vt 0.001206045613 0.999511718750
vt 0.001206045613 0.999268133559
vt 0.000488281250 0.999268133559
vt 0.000488281250 0.999511718750
vt 0.000731866441 0.999511718750
vt 0.000731866441 0.997363297366
vt 0.000488281250 0.997363297366
vt 0.000488281250 0.999511718750
vt 0.002636702634 0.999511718750
vt 0.002636702634 0.999268133559
vt 0.000488281250 0.999268133559
vt 0.302734375000 0.999511718750
vt 0.303176076146 0.999511718750
vt 0.303176076146 0.998938806381
vt 0.302734375000 0.998938806381
vt 0.302734375000 0.999511718750
vt 0.303307287369 0.999511718750
vt 0.303307287369 0.999070017604
vt 0.302734375000 0.999070017604
vt 0.302734375000 0.999511718750
vt 0.302977960191 0.999511718750
vt 0.302977960191 0.999070017604
vt 0.302734375000 0.999070017604
vt 0.302734375000 0.999511718750
vt 0.303176076146 0.999511718750
vt 0.303176076146 0.999268133559
vt 0.302734375000 0.999268133559
vt 0.302734375000 0.999511718750
vt 0.302977960191 0.999511718750
vt 0.302977960191 0.998938806381
vt 0.302734375000 0.998938806381
vt 0.302734375000 0.999511718750
vt 0.303307287369 0.999511718750
vt 0.303307287369 0.999268133559
vt 0.302734375000 0.999268133559
vt 0.208007812500 0.986816406250
vt 0.209770905311 0.986816406250
vt 0.209770905311 0.985517285232
vt 0.208007812500 0.985517285232
vt 0.299804687500 0.999511718750
vt 0.301103808518 0.999511718750
vt 0.301103808518 0.997748625939
vt 0.299804687500 0.997748625939
vt 0.299804687500 0.999511718750
vt 0.300593439547 0.999511718750
vt 0.300593439547 0.997748625939
vt 0.299804687500 0.997748625939
vt 0.299804687500 0.999511718750
vt 0.301567780311 0.999511718750
vt 0.301567780311 0.998722966703
vt 0.299804687500 0.998722966703
vt 0.299804687500 0.999511718750
vt 0.300593439547 0.999511718750
vt 0.300593439547 0.998212597732
vt 0.299804687500 0.998212597732
vt 0.299804687500 0.999511718750
vt 0.301103808518 0.999511718750
vt 0.301103808518 0.998722966703
vt 0.299804687500 0.998722966703
vt 0.004756821739 0.999511718750
vt 0.099731847621 0.999511718750
vt 0.107201793477 0.989898223214
vt 0.092261901765 0.963461110489
vt 0.000488281250 0.966551162626
vt 0.000488281250 0.999511718750
vt 0.092313908635 0.999511718750
vt 0.106355695580 0.972586832251
vt 0.098566473780 0.963230154889
vt 0.003645238478 0.966426188393
vt 0.108398437500 0.999511718750
vt 0.200224064885 0.999511718750
vt 0.200224064885 0.995150383902
vt 0.108398437500 0.995150383902
vt 0.108398437500 0.999511718750
vt 0.138764887631 0.999511718750
vt 0.138764887631 0.995150383902
vt 0.108398437500 0.995150383902
vt 0.108398437500 0.999511718750
vt 0.120572975993 0.999511718750
vt 0.120572975993 0.995150383902
vt 0.108398437500 0.995150383902
vt 0.108398437500 0.999511718750
vt 0.203373463382 0.999511718750
vt 0.203373463382 0.995150383902
vt 0.108398437500 0.995150383902
vt 0.108398437500 0.999511718750
vt 0.141634241957 0.999511718750
vt 0.141634241957 0.995150383902
vt 0.108398437500 0.995150383902
vt 0.117858798992 0.999511718750
vt 0.184278133786 0.999511718750
vt 0.177343013093 0.980976937395
vt 0.108398437500 0.973171367271
vt 0.108398437500 0.999511718750
vt 0.177783460586 0.999511718750
vt 0.186759655459 0.981874770474
vt 0.120761942337 0.974402829812
vt 0.000488281250 0.999511718750
vt 0.069873304336 0.999511718750
vt 0.069873304336 0.996820682355
vt 0.000488281250 0.996820682355
vt 0.000488281250 0.999511718750
vt 0.020278026546 0.999511718750
vt 0.020278026546 0.996820682355
vt 0.000488281250 0.996820682355
vt 0.000488281250 0.999511718750
vt 0.066907616044 0.999511718750
vt 0.066907616044 0.996820682355
vt 0.000488281250 0.996820682355
vt 0.000488281250 0.999511718750
vt 0.028476002765 0.999511718750
vt 0.028476002765 0.996820682355
vt 0.000488281250 0.996820682355
vt 0.209432773957 0.993652343750
vt 0.219180067898 0.993652343750
vt 0.216566201801 0.989204271184
vt 0.208007812500 0.988462925756
vt 0.208007812500 0.993652343750
vt 0.216598250234 0.993652343750
vt 0.219586228577 0.989446439453
vt 0.209875298964 0.988605258593
vt 0.208007812500 0.993652343750
vt 0.216598250234 0.993652343750
vt 0.216598250234 0.993441236585
vt 0.208007812500 0.993441236585
vt 0.208007812500 0.993652343750
vt 0.213167041661 0.993652343750
vt 0.213167041661 0.993441236585
vt 0.208007812500 0.993441236585
vt 0.208007812500 0.993652343750
vt 0.217755106441 0.993652343750
vt 0.217755106441 0.993441236585
vt 0.208007812500 0.993441236585
vt 0.208007812500 0.993652343750
vt 0.213389315475 0.993652343750
vt 0.213389315475 0.993441236585
vt 0.208007812500 0.993441236585
vt 0.111337600252 0.999511718750
vt 0.131639313630 0.999511718750
vt 0.129382683129 0.980832858652
vt 0.108398437500 0.973234984158
vt 0.108398437500 0.999511718750
vt 0.130715835679 0.999511718750
vt 0.139196811907 0.982716920806
vt 0.120107842091 0.975805278641
vt 0.108398437500 0.999511718750
vt 0.130715835679 0.999511718750
vt 0.130715835679 0.996588696459
vt 0.108398437500 0.996588696459
vt 0.108398437500 0.999511718750
vt 0.127213117826 0.999511718750
vt 0.127213117826 0.996588696459
vt 0.108398437500 0.996588696459
vt 0.108398437500 0.999511718750
vt 0.128700150878 0.999511718750
vt 0.128700150878 0.996588696459
vt 0.108398437500 0.996588696459
vt 0.108398437500 0.999511718750
vt 0.134839039961 0.999511718750
vt 0.134839039961 0.996588696459
vt 0.108398437500 0.996588696459
vt 0.108398437500 0.999511718750
vt 0.109419871401 0.999511718750
vt 0.109419871401 0.991294778309
vt 0.108398437500 0.991294778309
vt 0.108398437500 0.999511718750
vt 0.116615377941 0.999511718750
vt 0.116615377941 0.998490284849
vt 0.108398437500 0.998490284849
vt 0.108398437500 0.999511718750
vt 0.108642022691 0.999511718750
vt 0.108642022691 0.998490284849
vt 0.108398437500 0.998490284849
vt 0.108398437500 0.999511718750
vt 0.109419871401 0.999511718750
vt 0.109419871401 0.999268133559
vt 0.108398437500 0.999268133559
vt 0.108398437500 0.999511718750
vt 0.108642022691 0.999511718750
vt 0.108642022691 0.991294778309
vt 0.108398437500 0.991294778309
vt 0.108398437500 0.999511718750
vt 0.116615377941 0.999511718750
vt 0.116615377941 0.999268133559
vt 0.108398437500 0.999268133559
vt 0.108398437500 0.999511718750
vt 0.111883329632 0.999511718750
vt 0.111883329632 0.996897237700
vt 0.108398437500 0.996897237700
vt 0.108398437500 0.999511718750
vt 0.111012918550 0.999511718750
vt 0.111012918550 0.996026826618
vt 0.108398437500 0.996026826618
vt 0.108398437500 0.999511718750
vt 0.108642022691 0.999511718750
vt 0.108642022691 0.996026826618
vt 0.108398437500 0.996026826618
vt 0.108398437500 0.999511718750
vt 0.111883329632 0.999511718750
vt 0.111883329632 0.999268133559
vt 0.108398437500 0.999268133559
vt 0.108398437500 0.999511718750
vt 0.108642022691 0.999511718750
vt 0.108642022691 0.996897237700
vt 0.108398437500 0.996897237700
vt 0.108398437500 0.999511718750
vt 0.111012918550 0.999511718750
vt 0.111012918550 0.999268133559
vt 0.108398437500 0.999268133559
vt 0.108398437500 0.999511718750
vt 0.109179534012 0.999511718750
vt 0.109179534012 0.995776745822
vt 0.108398437500 0.995776745822
vt 0.108398437500 0.999511718750
vt 0.112133410428 0.999511718750
vt 0.112133410428 0.998730622238
vt 0.108398437500 0.998730622238
vt 0.108398437500 0.999511718750
vt 0.108642022691 0.999511718750
vt 0.108642022691 0.998730622238
vt 0.108398437500 0.998730622238
vt 0.108398437500 0.999511718750
vt 0.109179534012 0.999511718750
vt 0.109179534012 0.999268133559
vt 0.108398437500 0.999268133559
vt 0.108398437500 0.999511718750
vt 0.108642022691 0.999511718750
vt 0.108642022691 0.995776745822
vt 0.108398437500 0.995776745822
vt 0.108398437500 0.999511718750
vt 0.112133410428 0.999511718750
vt 0.112133410428 0.999268133559
vt 0.108398437500 0.999268133559
vt 0.296875000000 0.999511718750
vt 0.297355674777 0.999511718750
vt 0.297355674777 0.998577975518
vt 0.296875000000 0.998577975518
vt 0.296875000000 0.999511718750
vt 0.297808743232 0.999511718750
vt 0.297808743232 0.999031043973
vt 0.296875000000 0.999031043973
vt 0.296875000000 0.999511718750
vt 0.297118585191 0.999511718750
vt 0.297118585191 0.999031043973
vt 0.296875000000 0.999031043973
vt 0.296875000000 0.999511718750
vt 0.297355674777 0.999511718750
vt 0.297355674777 0.999268133559
vt 0.296875000000 0.999268133559
vt 0.296875000000 0.999511718750
vt 0.297118585191 0.999511718750
vt 0.297118585191 0.998577975518
vt 0.296875000000 0.998577975518
vt 0.296875000000 0.999511718750
vt 0.297808743232 0.999511718750
vt 0.297808743232 0.999268133559
vt 0.296875000000 0.999268133559
vt 0.208007812500 0.986816406250
vt 0.209770905311 0.986816406250
vt 0.209770905311 0.985517285232
vt 0.208007812500 0.985517285232
vt 0.299804687500 0.999511718750
vt 0.301103808518 0.999511718750
vt 0.301103808518 0.997748625939
vt 0.299804687500 0.997748625939
vt 0.299804687500 0.999511718750
vt 0.300593439547 0.999511718750
vt 0.300593439547 0.997748625939
vt 0.299804687500 0.997748625939
vt 0.299804687500 0.999511718750
vt 0.301567780311 0.999511718750
vt 0.301567780311 0.998722966703
vt 0.299804687500 0.998722966703
vt 0.299804687500 0.999511718750
vt 0.300593439547 0.999511718750
vt 0.300593439547 0.998212597732
vt 0.299804687500 0.998212597732
vt 0.299804687500 0.999511718750
vt 0.301103808518 0.999511718750
vt 0.301103808518 0.998722966703
vt 0.299804687500 0.998722966703
vt 0.003921672513 0.999511718750
vt 0.080314628114 0.999511718750
vt 0.086323062824 0.991457168436
vt 0.074306193403 0.969307155072
vt 0.000488281250 0.971896117673
vt 0.000488281250 0.999511718750
vt 0.074351579863 0.999511718750
vt 0.085584691173 0.976954115752
vt 0.079297630564 0.969115114711
vt 0.002951615811 0.971792743638
vt 0.108398437500 0.999511718750
vt 0.182261736113 0.999511718750
vt 0.182261736113 0.995150383902
vt 0.108398437500 0.995150383902
vt 0.108398437500 0.999511718750
vt 0.133598204219 0.999511718750
vt 0.133598204219 0.995150383902
vt 0.108398437500 0.995150383902
vt 0.108398437500 0.999511718750
vt 0.118447172168 0.999511718750
vt 0.118447172168 0.995150383902
vt 0.108398437500 0.995150383902
vt 0.108398437500 0.999511718750
vt 0.184791393101 0.999511718750
vt 0.184791393101 0.995150383902
vt 0.108398437500 0.995150383902
vt 0.108398437500 0.999511718750
vt 0.136226653368 0.999511718750
vt 0.136226653368 0.995150383902
vt 0.108398437500 0.995150383902
vt 0.007942595745 0.999511718750
vt 0.061384375736 0.999511718750
vt 0.055915196196 0.983987672200
vt 0.000488281250 0.977450015692
vt 0.000488281250 0.999511718750
vt 0.056299425773 0.999511718750
vt 0.063549422823 0.984735200591
vt 0.010475560616 0.978475088856
vt 0.108398437500 0.999511718750
vt 0.164209582023 0.999511718750
vt 0.164209582023 0.996820682355
vt 0.108398437500 0.996820682355
vt 0.108398437500 0.999511718750
vt 0.124857718958 0.999511718750
vt 0.124857718958 0.996820682355
vt 0.108398437500 0.996820682355
vt 0.108398437500 0.999511718750
vt 0.161840217491 0.999511718750
vt 0.161840217491 0.996820682355
vt 0.108398437500 0.996820682355
vt 0.108398437500 0.999511718750
vt 0.131685462780 0.999511718750
vt 0.131685462780 0.996820682355
vt 0.108398437500 0.996820682355
vt 0.209123842913 0.999511718750
vt 0.216966538964 0.999511718750
vt 0.214889556317 0.995786134363
vt 0.208007812500 0.995165203632
vt 0.208007812500 0.999511718750
vt 0.214917512417 0.999511718750
vt 0.217320886301 0.995987852988
vt 0.209509921178 0.995283079835
vt 0.208007812500 0.999511718750
vt 0.214917512417 0.999511718750
vt 0.214917512417 0.999300611585
vt 0.208007812500 0.999300611585
vt 0.208007812500 0.999511718750
vt 0.212273235801 0.999511718750
vt 0.212273235801 0.999300611585
vt 0.208007812500 0.999300611585
vt 0.208007812500 0.999511718750
vt 0.215850508551 0.999511718750
vt 0.215850508551 0.999300611585
vt 0.208007812500 0.999300611585
vt 0.208007812500 0.999511718750
vt 0.212495319330 0.999511718750
vt 0.212495319330 0.999300611585
vt 0.208007812500 0.999300611585
vt 0.110671778410 0.999511718750
vt 0.127003203903 0.999511718750
vt 0.125252596110 0.983863574909
vt 0.108398437500 0.977498484515
vt 0.108398437500 0.999511718750
vt 0.126414459207 0.999511718750
vt 0.133580684557 0.985491224908
vt 0.118302481629 0.979721305155
vt 0.108398437500 0.999511718750
vt 0.126414459207 0.999511718750
vt 0.126414459207 0.996588696459
vt 0.108398437500 0.996588696459
vt 0.108398437500 0.999511718750
vt 0.124144199893 0.999511718750
vt 0.124144199893 0.996588696459
vt 0.108398437500 0.996588696459
vt 0.108398437500 0.999511718750
vt 0.124729862994 0.999511718750
vt 0.124729862994 0.996588696459
vt 0.108398437500 0.996588696459
vt 0.108398437500 0.999511718750
vt 0.130528746137 0.999511718750
vt 0.130528746137 0.996588696459
vt 0.108398437500 0.996588696459
vt 0.108398437500 0.999511718750
vt 0.111620257626 0.999511718750
vt 0.111620257626 0.996507501395
vt 0.108398437500 0.996507501395
vt 0.108398437500 0.999511718750
vt 0.111402654855 0.999511718750
vt 0.111402654855 0.996289898624
vt 0.108398437500 0.996289898624
vt 0.108398437500 0.999511718750
vt 0.108642022691 0.999511718750
vt 0.108642022691 0.996289898624
vt 0.108398437500 0.996289898624
vt 0.108398437500 0.999511718750
vt 0.111620257626 0.999511718750
vt 0.111620257626 0.999268133559
vt 0.108398437500 0.999268133559
vt 0.108398437500 0.999511718750
vt 0.108642022691 0.999511718750
vt 0.108642022691 0.996507501395
vt 0.108398437500 0.996507501395
vt 0.108398437500 0.999511718750
vt 0.111402654855 0.999511718750
vt 0.111402654855 0.999268133559
vt 0.108398437500 0.999268133559
vt 0.108398437500 0.999511718750
vt 0.109103210652 0.999511718750
vt 0.109103210652 0.994704970982
vt 0.108398437500 0.994704970982
vt 0.108398437500 0.999511718750
vt 0.113205185268 0.999511718750
vt 0.113205185268 0.998806945598
vt 0.108398437500 0.998806945598
vt 0.108398437500 0.999511718750
vt 0.108642022691 0.999511718750
vt 0.108642022691 0.998806945598
vt 0.108398437500 0.998806945598
vt 0.108398437500 0.999511718750
vt 0.109103210652 0.999511718750
vt 0.109103210652 0.999268133559
vt 0.108398437500 0.999268133559
vt 0.108398437500 0.999511718750
vt 0.108642022691 0.999511718750
vt 0.108642022691 0.994704970982
vt 0.108398437500 0.994704970982
vt 0.108398437500 0.999511718750
vt 0.113205185268 0.999511718750
vt 0.113205185268 0.999268133559
vt 0.108398437500 0.999268133559
vt 0.108398437500 0.999511718750
vt 0.109405256289 0.999511718750
vt 0.109405256289 0.997709188337
vt 0.108398437500 0.997709188337
vt 0.108398437500 0.999511718750
vt 0.110200967913 0.999511718750
vt 0.110200967913 0.998504899961
vt 0.108398437500 0.998504899961
vt 0.108398437500 0.999511718750
vt 0.108642022691 0.999511718750
vt 0.108642022691 0.998504899961
vt 0.108398437500 0.998504899961
vt 0.108398437500 0.999511718750
vt 0.109405256289 0.999511718750
vt 0.109405256289 0.999268133559
vt 0.108398437500 0.999268133559
vt 0.108398437500 0.999511718750
vt 0.108642022691 0.999511718750
vt 0.108642022691 0.997709188337
vt 0.108398437500 0.997709188337
vt 0.108398437500 0.999511718750
vt 0.110200967913 0.999511718750
vt 0.110200967913 0.999268133559
vt 0.108398437500 0.999268133559
vt 0.108398437500 0.999511718750
vt 0.108851505955 0.999511718750
vt 0.108851505955 0.998760664411
vt 0.108398437500 0.998760664411
vt 0.108398437500 0.999511718750
vt 0.109149491839 0.999511718750
vt 0.109149491839 0.999058650295
vt 0.108398437500 0.999058650295
vt 0.108398437500 0.999511718750
vt 0.108642022691 0.999511718750
vt 0.108642022691 0.999058650295
vt 0.108398437500 0.999058650295
vt 0.108398437500 0.999511718750
vt 0.108851505955 0.999511718750
vt 0.108851505955 0.999268133559
vt 0.108398437500 0.999268133559
vt 0.108398437500 0.999511718750
vt 0.108642022691 0.999511718750
vt 0.108642022691 0.998760664411
vt 0.108398437500 0.998760664411
vt 0.108398437500 0.999511718750
vt 0.109149491839 0.999511718750
vt 0.109149491839 0.999268133559
vt 0.108398437500 0.999268133559
vt 0.302734375000 0.999511718750
vt 0.303388807213 0.999511718750
vt 0.303388807213 0.998159820940
vt 0.302734375000 0.998159820940
vt 0.302734375000 0.999511718750
vt 0.304086272810 0.999511718750
vt 0.304086272810 0.998857286537
vt 0.302734375000 0.998857286537
vt 0.302734375000 0.999511718750
vt 0.302977960191 0.999511718750
vt 0.302977960191 0.998857286537
vt 0.302734375000 0.998857286537
vt 0.302734375000 0.999511718750
vt 0.303388807213 0.999511718750
vt 0.303388807213 0.999268133559
vt 0.302734375000 0.999268133559
vt 0.302734375000 0.999511718750
vt 0.302977960191 0.999511718750
vt 0.302977960191 0.998159820940
vt 0.302734375000 0.998159820940
vt 0.302734375000 0.999511718750
vt 0.304086272810 0.999511718750
vt 0.304086272810 0.999268133559
vt 0.302734375000 0.999268133559
vt 0.112295800555 0.999511718750
vt 0.199012128534 0.999511718750
vt 0.205832513881 0.989248662705
vt 0.192191743188 0.961025258579
vt 0.108398437500 0.964324098023
vt 0.108398437500 0.999511718750
vt 0.192256653673 0.999511718750
vt 0.204776605059 0.970773556268
vt 0.197557767884 0.960786746692
vt 0.110908562713 0.964198019388
vt 0.208007812500 0.999511718750
vt 0.291866028673 0.999511718750
vt 0.291866028673 0.995150383902
vt 0.208007812500 0.995150383902
vt 0.208007812500 0.999511718750
vt 0.239354760765 0.999511718750
vt 0.239354760765 0.995150383902
vt 0.208007812500 0.995150383902
vt 0.208007812500 0.999511718750
vt 0.220330473563 0.999511718750
vt 0.220330473563 0.995150383902
vt 0.208007812500 0.995150383902
vt 0.208007812500 0.999511718750
vt 0.294724140479 0.999511718750
vt 0.294724140479 0.995150383902
vt 0.208007812500 0.995150383902
vt 0.208007812500 0.999511718750
vt 0.243410610288 0.999511718750
vt 0.243410610288 0.995150383902
vt 0.208007812500 0.995150383902
vt 0.008366437908 0.999511718750
vt 0.069096082961 0.999511718750
vt 0.063298135469 0.979752577017
vt 0.000488281250 0.971431390841
vt 0.000488281250 0.999511718750
vt 0.063846942271 0.999511718750
vt 0.072189728013 0.980685200134
vt 0.011986117471 0.972709294792
vt 0.108398437500 0.999511718750
vt 0.171757098521 0.999511718750
vt 0.171757098521 0.996820682355
vt 0.108398437500 0.996820682355
vt 0.108398437500 0.999511718750
vt 0.128990666061 0.999511718750
vt 0.128990666061 0.996820682355
vt 0.108398437500 0.996820682355
vt 0.108398437500 0.999511718750
vt 0.169128082553 0.999511718750
vt 0.169128082553 0.996820682355
vt 0.108398437500 0.996820682355
vt 0.108398437500 0.999511718750
vt 0.137562973632 0.999511718750
vt 0.137562973632 0.996820682355
vt 0.108398437500 0.996820682355
vt 0.209161289449 0.993652343750
vt 0.218073150891 0.993652343750
vt 0.215811333300 0.988910204187
vt 0.208007812500 0.988119847593
vt 0.208007812500 0.993652343750
vt 0.215851255649 0.993652343750
vt 0.218579409787 0.989162256730
vt 0.209712908837 0.988264239326
vt 0.208007812500 0.993652343750
vt 0.215851255649 0.993652343750
vt 0.215851255649 0.993441236585
vt 0.208007812500 0.993441236585
vt 0.208007812500 0.993652343750
vt 0.213261735458 0.993652343750
vt 0.213261735458 0.993441236585
vt 0.208007812500 0.993441236585
vt 0.208007812500 0.993652343750
vt 0.216919673942 0.993652343750
vt 0.216919673942 0.993441236585
vt 0.208007812500 0.993441236585
vt 0.208007812500 0.993652343750
vt 0.213659274506 0.993652343750
vt 0.213659274506 0.993441236585
vt 0.208007812500 0.993441236585
vt 0.002727042430 0.999511718750
vt 0.021272145872 0.999511718750
vt 0.019527874537 0.979580189029
vt 0.000488281250 0.971472774524
vt 0.000488281250 0.999511718750
vt 0.021182151900 0.999511718750
vt 0.030595731083 0.981856892597
vt 0.013533131584 0.974591318980
vt 0.000488281250 0.999511718750
vt 0.021182151900 0.999511718750
vt 0.021182151900 0.996588696459
vt 0.000488281250 0.996588696459
vt 0.000488281250 0.999511718750
vt 0.020495988753 0.999511718750
vt 0.020495988753 0.996588696459
vt 0.000488281250 0.996588696459
vt 0.000488281250 0.999511718750
vt 0.019033384691 0.999511718750
vt 0.019033384691 0.996588696459
vt 0.000488281250 0.996588696459
vt 0.000488281250 0.999511718750
vt 0.028616460091 0.999511718750
vt 0.028616460091 0.996588696459
vt 0.000488281250 0.996588696459
vt 0.000488281250 0.999511718750
vt 0.003310621663 0.999511718750
vt 0.003310621663 0.990645217799
vt 0.000488281250 0.990645217799
vt 0.000488281250 0.999511718750
vt 0.009354782201 0.999511718750
vt 0.009354782201 0.996689378337
vt 0.000488281250 0.996689378337
vt 0.000488281250 0.999511718750
vt 0.000731866441 0.999511718750
vt 0.000731866441 0.996689378337
vt 0.000488281250 0.996689378337
vt 0.000488281250 0.999511718750
vt 0.003310621663 0.999511718750
vt 0.003310621663 0.999268133559
vt 0.000488281250 0.999268133559
vt 0.000488281250 0.999511718750
vt 0.000731866441 0.999511718750
vt 0.000731866441 0.990645217799
vt 0.000488281250 0.990645217799
vt 0.000488281250 0.999511718750
vt 0.009354782201 0.999511718750
vt 0.009354782201 0.999268133559
vt 0.000488281250 0.999268133559
vt 0.000488281250 0.999511718750
vt 0.001322154554 0.999511718750
vt 0.001322154554 0.996442545344
vt 0.000488281250 0.996442545344
vt 0.000488281250 0.999511718750
vt 0.003557454656 0.999511718750
vt 0.003557454656 0.998677845446
vt 0.000488281250 0.998677845446
vt 0.000488281250 0.999511718750
vt 0.000731866441 0.999511718750
vt 0.000731866441 0.998677845446
vt 0.000488281250 0.998677845446
vt 0.000488281250 0.999511718750
vt 0.001322154554 0.999511718750
vt 0.001322154554 0.999268133559
vt 0.000488281250 0.999268133559
vt 0.000488281250 0.999511718750
vt 0.000731866441 0.999511718750
vt 0.000731866441 0.996442545344
vt 0.000488281250 0.996442545344
vt 0.000488281250 0.999511718750
vt 0.003557454656 0.999511718750
vt 0.003557454656 0.999268133559
vt 0.000488281250 0.999268133559
vt 0.296875000000 0.999511718750
vt 0.297388152802 0.999511718750
vt 0.297388152802 0.998693272508
vt 0.296875000000 0.998693272508
vt 0.296875000000 0.999511718750
vt 0.297693446242 0.999511718750
vt 0.297693446242 0.998998565948
vt 0.296875000000 0.998998565948
vt 0.296875000000 0.999511718750
vt 0.297118585191 0.999511718750
vt 0.297118585191 0.998998565948
vt 0.296875000000 0.998998565948
vt 0.296875000000 0.999511718750
vt 0.297388152802 0.999511718750
vt 0.297388152802 0.999268133559
vt 0.296875000000 0.999268133559
vt 0.296875000000 0.999511718750
vt 0.297118585191 0.999511718750
vt 0.297118585191 0.998693272508
vt 0.296875000000 0.998693272508
vt 0.296875000000 0.999511718750
vt 0.297693446242 0.999511718750
vt 0.297693446242 0.999268133559
vt 0.296875000000 0.999268133559
vt 0.003550495079 0.999511718750
vt 0.071684752777 0.999511718750
vt 0.077043626978 0.990677695825
vt 0.066325878576 0.966384132780
vt 0.000488281250 0.969223640149
vt 0.000488281250 0.999511718750
vt 0.066387082633 0.999511718750
vt 0.076048093743 0.974778902482
vt 0.070313548242 0.966183992264
vt 0.002242570800 0.969119823004
vt 0.108398437500 0.999511718750
vt 0.174297238883 0.999511718750
vt 0.174297238883 0.995150383902
vt 0.108398437500 0.995150383902
vt 0.108398437500 0.999511718750
vt 0.134951164972 0.999511718750
vt 0.134951164972 0.995150383902
vt 0.108398437500 0.995150383902
vt 0.108398437500 0.999511718750
vt 0.118730789301 0.999511718750
vt 0.118730789301 0.995150383902
vt 0.108398437500 0.995150383902
vt 0.108398437500 0.999511718750
vt 0.176532695198 0.999511718750
vt 0.176532695198 0.995150383902
vt 0.108398437500 0.995150383902
vt 0.108398437500 0.999511718750
vt 0.138840921940 0.999511718750
vt 0.138840921940 0.995150383902
vt 0.108398437500 0.995150383902
vt 0.006234557254 0.999511718750
vt 0.054000951491 0.999511718750
vt 0.049757429971 0.982521740167
vt 0.000488281250 0.975366734306
vt 0.000488281250 0.999511718750
vt 0.050274254421 0.999511718750
vt 0.056915444060 0.983307970810
vt 0.009644909176 0.976443209333
vt 0.108398437500 0.999511718750
vt 0.158184410671 0.999511718750
vt 0.158184410671 0.996820682355
vt 0.108398437500 0.996820682355
vt 0.108398437500 0.999511718750
vt 0.125910343368 0.999511718750
vt 0.125910343368 0.996820682355
vt 0.108398437500 0.996820682355
vt 0.108398437500 0.999511718750
vt 0.156164831737 0.999511718750
vt 0.156164831737 0.996820682355
vt 0.108398437500 0.996820682355
vt 0.108398437500 0.999511718750
vt 0.133217784021 0.999511718750
vt 0.133217784021 0.996820682355
vt 0.108398437500 0.996820682355
vt 0.208827901088 0.999511718750
vt 0.215837189477 0.999511718750
vt 0.214132929489 0.995434018489
vt 0.208007812500 0.994754401779
vt 0.208007812500 0.999511718750
vt 0.214170517831 0.999511718750
vt 0.216314067511 0.995646833720
vt 0.209347531050 0.994873856714
vt 0.208007812500 0.999511718750
vt 0.214170517831 0.999511718750
vt 0.214170517831 0.999300611585
vt 0.208007812500 0.999300611585
vt 0.208007812500 0.999511718750
vt 0.212427330746 0.999511718750
vt 0.212427330746 0.999300611585
vt 0.208007812500 0.999300611585
vt 0.208007812500 0.999511718750
vt 0.215017100889 0.999511718750
vt 0.215017100889 0.999300611585
vt 0.208007812500 0.999300611585
vt 0.208007812500 0.999511718750
vt 0.212835297358 0.999511718750
vt 0.212835297358 0.999300611585
vt 0.208007812500 0.999300611585
vt 0.109897186620 0.999511718750
vt 0.124473465073 0.999511718750
vt 0.123287942627 0.982361498317
vt 0.108398437500 0.975385418314
vt 0.108398437500 0.999511718750
vt 0.124841157930 0.999511718750
vt 0.133190941222 0.984484521961
vt 0.119991569884 0.978300309010
vt 0.108398437500 0.999511718750
vt 0.124841157930 0.999511718750
vt 0.124841157930 0.996588696459
vt 0.108398437500 0.996588696459
vt 0.108398437500 0.999511718750
vt 0.125589584186 0.999511718750
vt 0.125589584186 0.996588696459
vt 0.108398437500 0.996588696459
vt 0.108398437500 0.999511718750
vt 0.122974715953 0.999511718750
vt 0.122974715953 0.996588696459
vt 0.108398437500 0.996588696459
vt 0.108398437500 0.999511718750
vt 0.132571244983 0.999511718750
vt 0.132571244983 0.996588696459
vt 0.108398437500 0.996588696459
vt 0.108398437500 0.999511718750
vt 0.109171414506 0.999511718750
vt 0.109171414506 0.996832281650
vt 0.108398437500 0.996832281650
vt 0.108398437500 0.999511718750
vt 0.111077874600 0.999511718750
vt 0.111077874600 0.998738741744
vt 0.108398437500 0.998738741744
vt 0.108398437500 0.999511718750
vt 0.108642022691 0.999511718750
vt 0.108642022691 0.998738741744
vt 0.108398437500 0.998738741744
vt 0.108398437500 0.999511718750
vt 0.109171414506 0.999511718750
vt 0.109171414506 0.999268133559
vt 0.108398437500 0.999268133559
vt 0.108398437500 0.999511718750
vt 0.108642022691 0.999511718750
vt 0.108642022691 0.996832281650
vt 0.108398437500 0.996832281650
vt 0.108398437500 0.999511718750
vt 0.111077874600 0.999511718750
vt 0.111077874600 0.999268133559
vt 0.108398437500 0.999268133559
vt 0.108398437500 0.999511718750
vt 0.110165242085 0.999511718750
vt 0.110165242085 0.996028450519
vt 0.108398437500 0.996028450519
vt 0.108398437500 0.999511718750
vt 0.111881705731 0.999511718750
vt 0.111881705731 0.997744914165
vt 0.108398437500 0.997744914165
vt 0.108398437500 0.999511718750
vt 0.108642022691 0.999511718750
vt 0.108642022691 0.997744914165
vt 0.108398437500 0.997744914165
vt 0.108398437500 0.999511718750
vt 0.110165242085 0.999511718750
vt 0.110165242085 0.999268133559
vt 0.108398437500 0.999268133559
vt 0.108398437500 0.999511718750
vt 0.108642022691 0.999511718750
vt 0.108642022691 0.996028450519
vt 0.108398437500 0.996028450519
vt 0.108398437500 0.999511718750
vt 0.111881705731 0.999511718750
vt 0.111881705731 0.999268133559
vt 0.108398437500 0.999268133559
vt 0.108398437500 0.999511718750
vt 0.109005776576 0.999511718750
vt 0.109005776576 0.994152844549
vt 0.108398437500 0.994152844549
vt 0.108398437500 0.999511718750
vt 0.113757311701 0.999511718750
vt 0.113757311701 0.998904379674
vt 0.108398437500 0.998904379674
vt 0.108398437500 0.999511718750
vt 0.108642022691 0.999511718750
vt 0.108642022691 0.998904379674
vt 0.108398437500 0.998904379674
vt 0.108398437500 0.999511718750
vt 0.109005776576 0.999511718750
vt 0.109005776576 0.999268133559
vt 0.108398437500 0.999268133559
vt 0.108398437500 0.999511718750
vt 0.108642022691 0.999511718750
vt 0.108642022691 0.994152844549
vt 0.108398437500 0.994152844549
vt 0.108398437500 0.999511718750
vt 0.113757311701 0.999511718750
vt 0.113757311701 0.999268133559
vt 0.108398437500 0.999268133559
vt 0.108398437500 0.999511718750
vt 0.109392265079 0.999511718750
vt 0.109392265079 0.998707887620
vt 0.108398437500 0.998707887620
vt 0.108398437500 0.999511718750
vt 0.109202268630 0.999511718750
vt 0.109202268630 0.998517891171
vt 0.108398437500 0.998517891171
vt 0.108398437500 0.999511718750
vt 0.108642022691 0.999511718750
vt 0.108642022691 0.998517891171
vt 0.108398437500 0.998517891171
vt 0.108398437500 0.999511718750
vt 0.109392265079 0.999511718750
vt 0.109392265079 0.999268133559
vt 0.108398437500 0.999268133559
vt 0.108398437500 0.999511718750
vt 0.108642022691 0.999511718750
vt 0.108642022691 0.998707887620
vt 0.108398437500 0.998707887620
vt 0.108398437500 0.999511718750
vt 0.109202268630 0.999511718750
vt 0.109202268630 0.999268133559
vt 0.108398437500 0.999268133559
vt 0.108398437500 0.999511718750
vt 0.108840138646 0.999511718750
vt 0.108840138646 0.998841859475
vt 0.108398437500 0.998841859475
vt 0.108398437500 0.999511718750
vt 0.109068296775 0.999511718750
vt 0.109068296775 0.999070017604
vt 0.108398437500 0.999070017604
vt 0.108398437500 0.999511718750
vt 0.108642022691 0.999511718750
vt 0.108642022691 0.999070017604
vt 0.108398437500 0.999070017604
vt 0.108398437500 0.999511718750
vt 0.108840138646 0.999511718750
vt 0.108840138646 0.999268133559
vt 0.108398437500 0.999268133559
vt 0.108398437500 0.999511718750
vt 0.108642022691 0.999511718750
vt 0.108642022691 0.998841859475
vt 0.108398437500 0.998841859475
vt 0.108398437500 0.999511718750
vt 0.109068296775 0.999511718750
vt 0.109068296775 0.999268133559
vt 0.108398437500 0.999268133559
vt 0.302734375000 0.999511718750
vt 0.303176076146 0.999511718750
vt 0.303176076146 0.998573915765
vt 0.302734375000 0.998573915765
vt 0.302734375000 0.999511718750
vt 0.303672177985 0.999511718750
vt 0.303672177985 0.999070017604
vt 0.302734375000 0.999070017604
vt 0.302734375000 0.999511718750
vt 0.302977960191 0.999511718750
vt 0.302977960191 0.999070017604
vt 0.302734375000 0.999070017604
vt 0.302734375000 0.999511718750
vt 0.303176076146 0.999511718750
vt 0.303176076146 0.999268133559
vt 0.302734375000 0.999268133559
vt 0.302734375000 0.999511718750
vt 0.302977960191 0.999511718750
vt 0.302977960191 0.998573915765
vt 0.302734375000 0.998573915765
vt 0.302734375000 0.999511718750
vt 0.303672177985 0.999511718750
vt 0.303672177985 0.999268133559
vt 0.302734375000 0.999268133559
usemtl atlas
s off
g root
g body
g cognition_0
g cognition_0_mass_0
f 5/1 4/2 3/3
f 5/1 3/3 2/4
f 5/1 2/4 1/5
f 6/6 7/7 8/8
f 6/6 8/8 9/9
f 6/6 9/9 10/10
f 1/11 2/12 7/13
f 1/11 7/13 6/14
f 2/15 3/16 8/17
f 2/15 8/17 7/18
f 3/19 4/20 9/21
f 3/19 9/21 8/22
f 4/23 5/24 10/25
f 4/23 10/25 9/26
f 5/27 1/28 6/29
f 5/27 6/29 10/30
f 30/79 29/80 28/81
f 30/79 28/81 27/82
f 31/83 32/84 33/85
f 31/83 33/85 34/86
f 27/87 28/88 32/89
f 27/87 32/89 31/90
f 28/91 29/92 33/93
f 28/91 33/93 32/94
f 29/95 30/96 34/97
f 29/95 34/97 33/98
f 30/99 27/100 31/101
f 30/99 31/101 34/102
f 35/103 38/104 37/105
f 35/103 37/105 36/106
f 39/107 40/108 41/109
f 39/107 41/109 42/110
f 35/111 39/112 42/113
f 35/111 42/113 38/114
f 36/115 37/116 41/117
f 36/115 41/117 40/118
f 38/119 42/120 41/121
f 38/119 41/121 37/122
f 35/123 36/124 40/125
f 35/123 40/125 39/126
f 43/127 46/128 45/129
f 43/127 45/129 44/130
f 47/131 48/132 49/133
f 47/131 49/133 50/134
f 43/135 47/136 50/137
f 43/135 50/137 46/138
f 44/139 45/140 49/141
f 44/139 49/141 48/142
f 46/143 50/144 49/145
f 46/143 49/145 45/146
f 43/147 44/148 48/149
f 43/147 48/149 47/150
f 51/151 54/152 53/153
f 51/151 53/153 52/154
f 55/155 56/156 57/157
f 55/155 57/157 58/158
f 51/159 55/160 58/161
f 51/159 58/161 54/162
f 52/163 53/164 57/165
f 52/163 57/165 56/166
f 54/167 58/168 57/169
f 54/167 57/169 53/170
f 51/171 52/172 56/173
f 51/171 56/173 55/174
f 59/175 62/176 61/177
f 59/175 61/177 60/178
f 63/179 64/180 65/181
f 63/179 65/181 66/182
f 59/183 63/184 66/185
f 59/183 66/185 62/186
f 60/187 61/188 65/189
f 60/187 65/189 64/190
f 62/191 66/192 65/193
f 62/191 65/193 61/194
f 59/195 60/196 64/197
f 59/195 64/197 63/198
f 71/203 72/204 73/205
f 71/203 73/205 74/206
f 67/207 71/208 74/209
f 67/207 74/209 70/210
f 68/211 69/212 73/213
f 68/211 73/213 72/214
f 70/215 74/216 73/217
f 70/215 73/217 69/218
f 67/219 68/220 72/221
f 67/219 72/221 71/222
g cognition_0_membrane_0
f 14/31 13/32 12/33
f 14/31 12/33 11/34
f 15/35 16/36 17/37
f 15/35 17/37 18/38
f 11/39 12/40 16/41
f 11/39 16/41 15/42
f 12/43 13/44 17/45
f 12/43 17/45 16/46
f 13/47 14/48 18/49
f 13/47 18/49 17/50
f 14/51 11/52 15/53
f 14/51 15/53 18/54
f 22/55 21/56 20/57
f 22/55 20/57 19/58
f 23/59 24/60 25/61
f 23/59 25/61 26/62
f 19/63 20/64 24/65
f 19/63 24/65 23/66
f 20/67 21/68 25/69
f 20/67 25/69 24/70
f 21/71 22/72 26/73
f 21/71 26/73 25/74
f 22/75 19/76 23/77
f 22/75 23/77 26/78
g cognition_0_mass_1
f 79/223 78/224 77/225
f 79/223 77/225 76/226
f 79/223 76/226 75/227
f 80/228 81/229 82/230
f 80/228 82/230 83/231
f 80/228 83/231 84/232
f 75/233 76/234 81/235
f 75/233 81/235 80/236
f 76/237 77/238 82/239
f 76/237 82/239 81/240
f 77/241 78/242 83/243
f 77/241 83/243 82/244
f 78/245 79/246 84/247
f 78/245 84/247 83/248
f 79/249 75/250 80/251
f 79/249 80/251 84/252
f 104/301 103/302 102/303
f 104/301 102/303 101/304
f 105/305 106/306 107/307
f 105/305 107/307 108/308
f 101/309 102/310 106/311
f 101/309 106/311 105/312
f 102/313 103/314 107/315
f 102/313 107/315 106/316
f 103/317 104/318 108/319
f 103/317 108/319 107/320
f 104/321 101/322 105/323
f 104/321 105/323 108/324
f 109/325 112/326 111/327
f 109/325 111/327 110/328
f 113/329 114/330 115/331
f 113/329 115/331 116/332
f 109/333 113/334 116/335
f 109/333 116/335 112/336
f 110/337 111/338 115/339
f 110/337 115/339 114/340
f 112/341 116/342 115/343
f 112/341 115/343 111/344
f 109/345 110/346 114/347
f 109/345 114/347 113/348
f 117/349 120/350 119/351
f 117/349 119/351 118/352
f 121/353 122/354 123/355
f 121/353 123/355 124/356
f 117/357 121/358 124/359
f 117/357 124/359 120/360
f 118/361 119/362 123/363
f 118/361 123/363 122/364
f 120/365 124/366 123/367
f 120/365 123/367 119/368
f 117/369 118/370 122/371
f 117/369 122/371 121/372
f 125/373 128/374 127/375
f 125/373 127/375 126/376
f 129/377 130/378 131/379
f 129/377 131/379 132/380
f 125/381 129/382 132/383
f 125/381 132/383 128/384
f 126/385 127/386 131/387
f 126/385 131/387 130/388
f 128/389 132/390 131/391
f 128/389 131/391 127/392
f 125/393 126/394 130/395
f 125/393 130/395 129/396
f 133/397 136/398 135/399
f 133/397 135/399 134/400
f 137/401 138/402 139/403
f 137/401 139/403 140/404
f 133/405 137/406 140/407
f 133/405 140/407 136/408
f 134/409 135/410 139/411
f 134/409 139/411 138/412
f 136/413 140/414 139/415
f 136/413 139/415 135/416
f 133/417 134/418 138/419
f 133/417 138/419 137/420
f 141/421 144/422 143/423
f 141/421 143/423 142/424
f 145/425 146/426 147/427
f 145/425 147/427 148/428
f 141/429 145/430 148/431
f 141/429 148/431 144/432
f 142/433 143/434 147/435
f 142/433 147/435 146/436
f 144/437 148/438 147/439
f 144/437 147/439 143/440
f 141/441 142/442 146/443
f 141/441 146/443 145/444
g cognition_0_membrane_1
f 88/253 87/254 86/255
f 88/253 86/255 85/256
f 89/257 90/258 91/259
f 89/257 91/259 92/260
f 85/261 86/262 90/263
f 85/261 90/263 89/264
f 86/265 87/266 91/267
f 86/265 91/267 90/268
f 87/269 88/270 92/271
f 87/269 92/271 91/272
f 88/273 85/274 89/275
f 88/273 89/275 92/276
f 96/277 95/278 94/279
f 96/277 94/279 93/280
f 97/281 98/282 99/283
f 97/281 99/283 100/284
f 93/285 94/286 98/287
f 93/285 98/287 97/288
f 94/289 95/290 99/291
f 94/289 99/291 98/292
f 95/293 96/294 100/295
f 95/293 100/295 99/296
f 96/297 93/298 97/299
f 96/297 97/299 100/300
g cognition_0_mass_2
f 153/445 152/446 151/447
f 153/445 151/447 150/448
f 153/445 150/448 149/449
f 154/450 155/451 156/452
f 154/450 156/452 157/453
f 154/450 157/453 158/454
f 149/455 150/456 155/457
f 149/455 155/457 154/458
f 150/459 151/460 156/461
f 150/459 156/461 155/462
f 151/463 152/464 157/465
f 151/463 157/465 156/466
f 152/467 153/468 158/469
f 152/467 158/469 157/470
f 153/471 149/472 154/473
f 153/471 154/473 158/474
f 178/523 177/524 176/525
f 178/523 176/525 175/526
f 179/527 180/528 181/529
f 179/527 181/529 182/530
f 175/531 176/532 180/533
f 175/531 180/533 179/534
f 176/535 177/536 181/537
f 176/535 181/537 180/538
f 177/539 178/540 182/541
f 177/539 182/541 181/542
f 178/543 175/544 179/545
f 178/543 179/545 182/546
f 183/547 186/548 185/549
f 183/547 185/549 184/550
f 187/551 188/552 189/553
f 187/551 189/553 190/554
f 183/555 187/556 190/557
f 183/555 190/557 186/558
f 184/559 185/560 189/561
f 184/559 189/561 188/562
f 186/563 190/564 189/565
f 186/563 189/565 185/566
f 183/567 184/568 188/569
f 183/567 188/569 187/570
f 191/571 194/572 193/573
f 191/571 193/573 192/574
f 195/575 196/576 197/577
f 195/575 197/577 198/578
f 191/579 195/580 198/581
f 191/579 198/581 194/582
f 192/583 193/584 197/585
f 192/583 197/585 196/586
f 194/587 198/588 197/589
f 194/587 197/589 193/590
f 191/591 192/592 196/593
f 191/591 196/593 195/594
f 199/595 202/596 201/597
f 199/595 201/597 200/598
f 203/599 204/600 205/601
f 203/599 205/601 206/602
f 199/603 203/604 206/605
f 199/603 206/605 202/606
f 200/607 201/608 205/609
f 200/607 205/609 204/610
f 202/611 206/612 205/613
f 202/611 205/613 201/614
f 199/615 200/616 204/617
f 199/615 204/617 203/618
g cognition_0_membrane_2
f 162/475 161/476 160/477
f 162/475 160/477 159/478
f 163/479 164/480 165/481
f 163/479 165/481 166/482
f 159/483 160/484 164/485
f 159/483 164/485 163/486
f 160/487 161/488 165/489
f 160/487 165/489 164/490
f 161/491 162/492 166/493
f 161/491 166/493 165/494
f 162/495 159/496 163/497
f 162/495 163/497 166/498
f 170/499 169/500 168/501
f 170/499 168/501 167/502
f 171/503 172/504 173/505
f 171/503 173/505 174/506
f 167/507 168/508 172/509
f 167/507 172/509 171/510
f 168/511 169/512 173/513
f 168/511 173/513 172/514
f 169/515 170/516 174/517
f 169/515 174/517 173/518
f 170/519 167/520 171/521
f 170/519 171/521 174/522
g cognition_0_mass_3
f 211/619 210/620 209/621
f 211/619 209/621 208/622
f 211/619 208/622 207/623
f 212/624 213/625 214/626
f 212/624 214/626 215/627
f 212/624 215/627 216/628
f 207/629 208/630 213/631
f 207/629 213/631 212/632
f 208/633 209/634 214/635
f 208/633 214/635 213/636
f 209/637 210/638 215/639
f 209/637 215/639 214/640
f 210/641 211/642 216/643
f 210/641 216/643 215/644
f 211/645 207/646 212/647
f 211/645 212/647 216/648
f 236/697 235/698 234/699
f 236/697 234/699 233/700
f 237/701 238/702 239/703
f 237/701 239/703 240/704
f 233/705 234/706 238/707
f 233/705 238/707 237/708
f 234/709 235/710 239/711
f 234/709 239/711 238/712
f 235/713 236/714 240/715
f 235/713 240/715 239/716
f 236/717 233/718 237/719
f 236/717 237/719 240/720
f 241/721 244/722 243/723
f 241/721 243/723 242/724
f 245/725 246/726 247/727
f 245/725 247/727 248/728
f 241/729 245/730 248/731
f 241/729 248/731 244/732
f 242/733 243/734 247/735
f 242/733 247/735 246/736
f 244/737 248/738 247/739
f 244/737 247/739 243/740
f 241/741 242/742 246/743
f 241/741 246/743 245/744
f 249/745 252/746 251/747
f 249/745 251/747 250/748
f 253/749 254/750 255/751
f 253/749 255/751 256/752
f 249/753 253/754 256/755
f 249/753 256/755 252/756
f 250/757 251/758 255/759
f 250/757 255/759 254/760
f 252/761 256/762 255/763
f 252/761 255/763 251/764
f 249/765 250/766 254/767
f 249/765 254/767 253/768
f 257/769 260/770 259/771
f 257/769 259/771 258/772
f 261/773 262/774 263/775
f 261/773 263/775 264/776
f 257/777 261/778 264/779
f 257/777 264/779 260/780
f 258/781 259/782 263/783
f 258/781 263/783 262/784
f 260/785 264/786 263/787
f 260/785 263/787 259/788
f 257/789 258/790 262/791
f 257/789 262/791 261/792
f 265/793 268/794 267/795
f 265/793 267/795 266/796
f 269/797 270/798 271/799
f 269/797 271/799 272/800
f 265/801 269/802 272/803
f 265/801 272/803 268/804
f 266/805 267/806 271/807
f 266/805 271/807 270/808
f 268/809 272/810 271/811
f 268/809 271/811 267/812
f 265/813 266/814 270/815
f 265/813 270/815 269/816
f 273/817 276/818 275/819
f 273/817 275/819 274/820
f 277/821 278/822 279/823
f 277/821 279/823 280/824
f 273/825 277/826 280/827
f 273/825 280/827 276/828
f 274/829 275/830 279/831
f 274/829 279/831 278/832
f 276/833 280/834 279/835
f 276/833 279/835 275/836
f 273/837 274/838 278/839
f 273/837 278/839 277/840
f 281/841 284/842 283/843
f 281/841 283/843 282/844
f 285/845 286/846 287/847
f 285/845 287/847 288/848
f 281/849 285/850 288/851
f 281/849 288/851 284/852
f 282/853 283/854 287/855
f 282/853 287/855 286/856
f 284/857 288/858 287/859
f 284/857 287/859 283/860
f 281/861 282/862 286/863
f 281/861 286/863 285/864
g cognition_0_membrane_3
f 220/649 219/650 218/651
f 220/649 218/651 217/652
f 221/653 222/654 223/655
f 221/653 223/655 224/656
f 217/657 218/658 222/659
f 217/657 222/659 221/660
f 218/661 219/662 223/663
f 218/661 223/663 222/664
f 219/665 220/666 224/667
f 219/665 224/667 223/668
f 220/669 217/670 221/671
f 220/669 221/671 224/672
f 228/673 227/674 226/675
f 228/673 226/675 225/676
f 229/677 230/678 231/679
f 229/677 231/679 232/680
f 225/681 226/682 230/683
f 225/681 230/683 229/684
f 226/685 227/686 231/687
f 226/685 231/687 230/688
f 227/689 228/690 232/691
f 227/689 232/691 231/692
f 228/693 225/694 229/695
f 228/693 229/695 232/696
g cognition_1
g cognition_1_mass_0
f 293/865 292/866 291/867
f 293/865 291/867 290/868
f 293/865 290/868 289/869
f 294/870 295/871 296/872
f 294/870 296/872 297/873
f 294/870 297/873 298/874
f 289/875 290/876 295/877
f 289/875 295/877 294/878
f 290/879 291/880 296/881
f 290/879 296/881 295/882
f 291/883 292/884 297/885
f 291/883 297/885 296/886
f 292/887 293/888 298/889
f 292/887 298/889 297/890
f 293/891 289/892 294/893
f 293/891 294/893 298/894
f 318/943 317/944 316/945
f 318/943 316/945 315/946
f 319/947 320/948 321/949
f 319/947 321/949 322/950
f 315/951 316/952 320/953
f 315/951 320/953 319/954
f 316/955 317/956 321/957
f 316/955 321/957 320/958
f 317/959 318/960 322/961
f 317/959 322/961 321/962
f 318/963 315/964 319/965
f 318/963 319/965 322/966
f 323/967 326/968 325/969
f 323/967 325/969 324/970
f 327/971 328/972 329/973
f 327/971 329/973 330/974
f 323/975 327/976 330/977
f 323/975 330/977 326/978
f 324/979 325/980 329/981
f 324/979 329/981 328/982
f 326/983 330/984 329/985
f 326/983 329/985 325/986
f 323/987 324/988 328/989
f 323/987 328/989 327/990
f 331/991 334/992 333/993
f 331/991 333/993 332/994
f 335/995 336/996 337/997
f 335/995 337/997 338/998
f 331/999 335/1000 338/1001
f 331/999 338/1001 334/1002
f 332/1003 333/1004 337/1005
f 332/1003 337/1005 336/1006
f 334/1007 338/1008 337/1009
f 334/1007 337/1009 333/1010
f 331/1011 332/1012 336/1013
f 331/1011 336/1013 335/1014
f 339/1015 342/1016 341/1017
f 339/1015 341/1017 340/1018
f 343/1019 344/1020 345/1021
f 343/1019 345/1021 346/1022
f 339/1023 343/1024 346/1025
f 339/1023 346/1025 342/1026
f 340/1027 341/1028 345/1029
f 340/1027 345/1029 344/1030
f 342/1031 346/1032 345/1033
f 342/1031 345/1033 341/1034
f 339/1035 340/1036 344/1037
f 339/1035 344/1037 343/1038
f 347/1039 350/1040 349/1041
f 347/1039 349/1041 348/1042
f 351/1043 352/1044 353/1045
f 351/1043 353/1045 354/1046
f 347/1047 351/1048 354/1049
f 347/1047 354/1049 350/1050
f 348/1051 349/1052 353/1053
f 348/1051 353/1053 352/1054
f 350/1055 354/1056 353/1057
f 350/1055 353/1057 349/1058
f 347/1059 348/1060 352/1061
f 347/1059 352/1061 351/1062
f 355/1063 358/1064 357/1065
f 355/1063 357/1065 356/1066
f 359/1067 360/1068 361/1069
f 359/1067 361/1069 362/1070
f 355/1071 359/1072 362/1073
f 355/1071 362/1073 358/1074
f 356/1075 357/1076 361/1077
f 356/1075 361/1077 360/1078
f 358/1079 362/1080 361/1081
f 358/1079 361/1081 357/1082
f 355/1083 356/1084 360/1085
f 355/1083 360/1085 359/1086
g cognition_1_membrane_0
f 302/895 301/896 300/897
f 302/895 300/897 299/898
f 303/899 304/900 305/901
f 303/899 305/901 306/902
f 299/903 300/904 304/905
f 299/903 304/905 303/906
f 300/907 301/908 305/909
f 300/907 305/909 304/910
f 301/911 302/912 306/913
f 301/911 306/913 305/914
f 302/915 299/916 303/917
f 302/915 303/917 306/918
f 310/919 309/920 308/921
f 310/919 308/921 307/922
f 311/923 312/924 313/925
f 311/923 313/925 314/926
f 307/927 308/928 312/929
f 307/927 312/929 311/930
f 308/931 309/932 313/933
f 308/931 313/933 312/934
f 309/935 310/936 314/937
f 309/935 314/937 313/938
f 310/939 307/940 311/941
f 310/939 311/941 314/942
g cognition_1_mass_1
f 367/1087 366/1088 365/1089
f 367/1087 365/1089 364/1090
f 367/1087 364/1090 363/1091
f 368/1092 369/1093 370/1094
f 368/1092 370/1094 371/1095
f 368/1092 371/1095 372/1096
f 363/1097 364/1098 369/1099
f 363/1097 369/1099 368/1100
f 364/1101 365/1102 370/1103
f 364/1101 370/1103 369/1104
f 365/1105 366/1106 371/1107
f 365/1105 371/1107 370/1108
f 366/1109 367/1110 372/1111
f 366/1109 372/1111 371/1112
f 367/1113 363/1114 368/1115
f 367/1113 368/1115 372/1116
f 392/1165 391/1166 390/1167
f 392/1165 390/1167 389/1168
f 393/1169 394/1170 395/1171
f 393/1169 395/1171 396/1172
f 389/1173 390/1174 394/1175
f 389/1173 394/1175 393/1176
f 390/1177 391/1178 395/1179
f 390/1177 395/1179 394/1180
f 391/1181 392/1182 396/1183
f 391/1181 396/1183 395/1184
f 392/1185 389/1186 393/1187
f 392/1185 393/1187 396/1188
f 397/1189 400/1190 399/1191
f 397/1189 399/1191 398/1192
f 401/1193 402/1194 403/1195
f 401/1193 403/1195 404/1196
f 397/1197 401/1198 404/1199
f 397/1197 404/1199 400/1200
f 398/1201 399/1202 403/1203
f 398/1201 403/1203 402/1204
f 400/1205 404/1206 403/1207
f 400/1205 403/1207 399/1208
f 397/1209 398/1210 402/1211
f 397/1209 402/1211 401/1212
f 405/1213 408/1214 407/1215
f 405/1213 407/1215 406/1216
f 409/1217 410/1218 411/1219
f 409/1217 411/1219 412/1220
f 405/1221 409/1222 412/1223
f 405/1221 412/1223 408/1224
f 406/1225 407/1226 411/1227
f 406/1225 411/1227 410/1228
f 408/1229 412/1230 411/1231
f 408/1229 411/1231 407/1232
f 405/1233 406/1234 410/1235
f 405/1233 410/1235 409/1236
f 413/1237 416/1238 415/1239
f 413/1237 415/1239 414/1240
f 417/1241 418/1242 419/1243
f 417/1241 419/1243 420/1244
f 413/1245 417/1246 420/1247
f 413/1245 420/1247 416/1248
f 414/1249 415/1250 419/1251
f 414/1249 419/1251 418/1252
f 416/1253 420/1254 419/1255
f 416/1253 419/1255 415/1256
f 413/1257 414/1258 418/1259
f 413/1257 418/1259 417/1260
f 425/1265 426/1266 427/1267
f 425/1265 427/1267 428/1268
f 421/1269 425/1270 428/1271
f 421/1269 428/1271 424/1272
f 422/1273 423/1274 427/1275
f 422/1273 427/1275 426/1276
f 424/1277 428/1278 427/1279
f 424/1277 427/1279 423/1280
f 421/1281 422/1282 426/1283
f 421/1281 426/1283 425/1284
g cognition_1_membrane_1
f 376/1117 375/1118 374/1119
f 376/1117 374/1119 373/1120
f 377/1121 378/1122 379/1123
f 377/1121 379/1123 380/1124
f 373/1125 374/1126 378/1127
f 373/1125 378/1127 377/1128
f 374/1129 375/1130 379/1131
f 374/1129 379/1131 378/1132
f 375/1133 376/1134 380/1135
f 375/1133 380/1135 379/1136
f 376/1137 373/1138 377/1139
f 376/1137 377/1139 380/1140
f 384/1141 383/1142 382/1143
f 384/1141 382/1143 381/1144
f 385/1145 386/1146 387/1147
f 385/1145 387/1147 388/1148
f 381/1149 382/1150 386/1151
f 381/1149 386/1151 385/1152
f 382/1153 383/1154 387/1155
f 382/1153 387/1155 386/1156
f 383/1157 384/1158 388/1159
f 383/1157 388/1159 387/1160
f 384/1161 381/1162 385/1163
f 384/1161 385/1163 388/1164
g cognition_1_mass_2
f 433/1285 432/1286 431/1287
f 433/1285 431/1287 430/1288
f 433/1285 430/1288 429/1289
f 434/1290 435/1291 436/1292
f 434/1290 436/1292 437/1293
f 434/1290 437/1293 438/1294
f 429/1295 430/1296 435/1297
f 429/1295 435/1297 434/1298
f 430/1299 431/1300 436/1301
f 430/1299 436/1301 435/1302
f 431/1303 432/1304 437/1305
f 431/1303 437/1305 436/1306
f 432/1307 433/1308 438/1309
f 432/1307 438/1309 437/1310
f 433/1311 429/1312 434/1313
f 433/1311 434/1313 438/1314
f 458/1363 457/1364 456/1365
f 458/1363 456/1365 455/1366
f 459/1367 460/1368 461/1369
f 459/1367 461/1369 462/1370
f 455/1371 456/1372 460/1373
f 455/1371 460/1373 459/1374
f 456/1375 457/1376 461/1377
f 456/1375 461/1377 460/1378
f 457/1379 458/1380 462/1381
f 457/1379 462/1381 461/1382
f 458/1383 455/1384 459/1385
f 458/1383 459/1385 462/1386
f 463/1387 466/1388 465/1389
f 463/1387 465/1389 464/1390
f 467/1391 468/1392 469/1393
f 467/1391 469/1393 470/1394
f 463/1395 467/1396 470/1397
f 463/1395 470/1397 466/1398
f 464/1399 465/1400 469/1401
f 464/1399 469/1401 468/1402
f 466/1403 470/1404 469/1405
f 466/1403 469/1405 465/1406
f 463/1407 464/1408 468/1409
f 463/1407 468/1409 467/1410
f 471/1411 474/1412 473/1413
f 471/1411 473/1413 472/1414
f 475/1415 476/1416 477/1417
f 475/1415 477/1417 478/1418
f 471/1419 475/1420 478/1421
f 471/1419 478/1421 474/1422
f 472/1423 473/1424 477/1425
f 472/1423 477/1425 476/1426
f 474/1427 478/1428 477/1429
f 474/1427 477/1429 473/1430
f 471/1431 472/1432 476/1433
f 471/1431 476/1433 475/1434
f 479/1435 482/1436 481/1437
f 479/1435 481/1437 480/1438
f 483/1439 484/1440 485/1441
f 483/1439 485/1441 486/1442
f 479/1443 483/1444 486/1445
f 479/1443 486/1445 482/1446
f 480/1447 481/1448 485/1449
f 480/1447 485/1449 484/1450
f 482/1451 486/1452 485/1453
f 482/1451 485/1453 481/1454
f 479/1455 480/1456 484/1457
f 479/1455 484/1457 483/1458
f 487/1459 490/1460 489/1461
f 487/1459 489/1461 488/1462
f 491/1463 492/1464 493/1465
f 491/1463 493/1465 494/1466
f 487/1467 491/1468 494/1469
f 487/1467 494/1469 490/1470
f 488/1471 489/1472 493/1473
f 488/1471 493/1473 492/1474
f 490/1475 494/1476 493/1477
f 490/1475 493/1477 489/1478
f 487/1479 488/1480 492/1481
f 487/1479 492/1481 491/1482
f 495/1483 498/1484 497/1485
f 495/1483 497/1485 496/1486
f 499/1487 500/1488 501/1489
f 499/1487 501/1489 502/1490
f 495/1491 499/1492 502/1493
f 495/1491 502/1493 498/1494
f 496/1495 497/1496 501/1497
f 496/1495 501/1497 500/1498
f 498/1499 502/1500 501/1501
f 498/1499 501/1501 497/1502
f 495/1503 496/1504 500/1505
f 495/1503 500/1505 499/1506
f 503/1507 506/1508 505/1509
f 503/1507 505/1509 504/1510
f 507/1511 508/1512 509/1513
f 507/1511 509/1513 510/1514
f 503/1515 507/1516 510/1517
f 503/1515 510/1517 506/1518
f 504/1519 505/1520 509/1521
f 504/1519 509/1521 508/1522
f 506/1523 510/1524 509/1525
f 506/1523 509/1525 505/1526
f 503/1527 504/1528 508/1529
f 503/1527 508/1529 507/1530
g cognition_1_membrane_2
f 442/1315 441/1316 440/1317
f 442/1315 440/1317 439/1318
f 443/1319 444/1320 445/1321
f 443/1319 445/1321 446/1322
f 439/1323 440/1324 444/1325
f 439/1323 444/1325 443/1326
f 440/1327 441/1328 445/1329
f 440/1327 445/1329 444/1330
f 441/1331 442/1332 446/1333
f 441/1331 446/1333 445/1334
f 442/1335 439/1336 443/1337
f 442/1335 443/1337 446/1338
f 450/1339 449/1340 448/1341
f 450/1339 448/1341 447/1342
f 451/1343 452/1344 453/1345
f 451/1343 453/1345 454/1346
f 447/1347 448/1348 452/1349
f 447/1347 452/1349 451/1350
f 448/1351 449/1352 453/1353
f 448/1351 453/1353 452/1354
f 449/1355 450/1356 454/1357
f 449/1355 454/1357 453/1358
f 450/1359 447/1360 451/1361
f 450/1359 451/1361 454/1362
g cognition_1_mass_3
f 515/1531 514/1532 513/1533
f 515/1531 513/1533 512/1534
f 515/1531 512/1534 511/1535
f 516/1536 517/1537 518/1538
f 516/1536 518/1538 519/1539
f 516/1536 519/1539 520/1540
f 511/1541 512/1542 517/1543
f 511/1541 517/1543 516/1544
f 512/1545 513/1546 518/1547
f 512/1545 518/1547 517/1548
f 513/1549 514/1550 519/1551
f 513/1549 519/1551 518/1552
f 514/1553 515/1554 520/1555
f 514/1553 520/1555 519/1556
f 515/1557 511/1558 516/1559
f 515/1557 516/1559 520/1560
f 540/1609 539/1610 538/1611
f 540/1609 538/1611 537/1612
f 541/1613 542/1614 543/1615
f 541/1613 543/1615 544/1616
f 537/1617 538/1618 542/1619
f 537/1617 542/1619 541/1620
f 538/1621 539/1622 543/1623
f 538/1621 543/1623 542/1624
f 539/1625 540/1626 544/1627
f 539/1625 544/1627 543/1628
f 540/1629 537/1630 541/1631
f 540/1629 541/1631 544/1632
f 545/1633 548/1634 547/1635
f 545/1633 547/1635 546/1636
f 549/1637 550/1638 551/1639
f 549/1637 551/1639 552/1640
f 545/1641 549/1642 552/1643
f 545/1641 552/1643 548/1644
f 546/1645 547/1646 551/1647
f 546/1645 551/1647 550/1648
f 548/1649 552/1650 551/1651
f 548/1649 551/1651 547/1652
f 545/1653 546/1654 550/1655
f 545/1653 550/1655 549/1656
f 553/1657 556/1658 555/1659
f 553/1657 555/1659 554/1660
f 557/1661 558/1662 559/1663
f 557/1661 559/1663 560/1664
f 553/1665 557/1666 560/1667
f 553/1665 560/1667 556/1668
f 554/1669 555/1670 559/1671
f 554/1669 559/1671 558/1672
f 556/1673 560/1674 559/1675
f 556/1673 559/1675 555/1676
f 553/1677 554/1678 558/1679
f 553/1677 558/1679 557/1680
f 561/1681 564/1682 563/1683
f 561/1681 563/1683 562/1684
f 565/1685 566/1686 567/1687
f 565/1685 567/1687 568/1688
f 561/1689 565/1690 568/1691
f 561/1689 568/1691 564/1692
f 562/1693 563/1694 567/1695
f 562/1693 567/1695 566/1696
f 564/1697 568/1698 567/1699
f 564/1697 567/1699 563/1700
f 561/1701 562/1702 566/1703
f 561/1701 566/1703 565/1704
f 569/1705 572/1706 571/1707
f 569/1705 571/1707 570/1708
f 573/1709 574/1710 575/1711
f 573/1709 575/1711 576/1712
f 569/1713 573/1714 576/1715
f 569/1713 576/1715 572/1716
f 570/1717 571/1718 575/1719
f 570/1717 575/1719 574/1720
f 572/1721 576/1722 575/1723
f 572/1721 575/1723 571/1724
f 569/1725 570/1726 574/1727
f 569/1725 574/1727 573/1728
g cognition_1_membrane_3
f 524/1561 523/1562 522/1563
f 524/1561 522/1563 521/1564
f 525/1565 526/1566 527/1567
f 525/1565 527/1567 528/1568
f 521/1569 522/1570 526/1571
f 521/1569 526/1571 525/1572
f 522/1573 523/1574 527/1575
f 522/1573 527/1575 526/1576
f 523/1577 524/1578 528/1579
f 523/1577 528/1579 527/1580
f 524/1581 521/1582 525/1583
f 524/1581 525/1583 528/1584
f 532/1585 531/1586 530/1587
f 532/1585 530/1587 529/1588
f 533/1589 534/1590 535/1591
f 533/1589 535/1591 536/1592
f 529/1593 530/1594 534/1595
f 529/1593 534/1595 533/1596
f 530/1597 531/1598 535/1599
f 530/1597 535/1599 534/1600
f 531/1601 532/1602 536/1603
f 531/1601 536/1603 535/1604
f 532/1605 529/1606 533/1607
f 532/1605 533/1607 536/1608
g cognition_2
g cognition_2_mass_0
f 581/1729 580/1730 579/1731
f 581/1729 579/1731 578/1732
f 581/1729 578/1732 577/1733
f 582/1734 583/1735 584/1736
f 582/1734 584/1736 585/1737
f 582/1734 585/1737 586/1738
f 577/1739 578/1740 583/1741
f 577/1739 583/1741 582/1742
f 578/1743 579/1744 584/1745
f 578/1743 584/1745 583/1746
f 579/1747 580/1748 585/1749
f 579/1747 585/1749 584/1750
f 580/1751 581/1752 586/1753
f 580/1751 586/1753 585/1754
f 581/1755 577/1756 582/1757
f 581/1755 582/1757 586/1758
f 606/1807 605/1808 604/1809
f 606/1807 604/1809 603/1810
f 607/1811 608/1812 609/1813
f 607/1811 609/1813 610/1814
f 603/1815 604/1816 608/1817
f 603/1815 608/1817 607/1818
f 604/1819 605/1820 609/1821
f 604/1819 609/1821 608/1822
f 605/1823 606/1824 610/1825
f 605/1823 610/1825 609/1826
f 606/1827 603/1828 607/1829
f 606/1827 607/1829 610/1830
f 611/1831 614/1832 613/1833
f 611/1831 613/1833 612/1834
f 615/1835 616/1836 617/1837
f 615/1835 617/1837 618/1838
f 611/1839 615/1840 618/1841
f 611/1839 618/1841 614/1842
f 612/1843 613/1844 617/1845
f 612/1843 617/1845 616/1846
f 614/1847 618/1848 617/1849
f 614/1847 617/1849 613/1850
f 611/1851 612/1852 616/1853
f 611/1851 616/1853 615/1854
f 619/1855 622/1856 621/1857
f 619/1855 621/1857 620/1858
f 623/1859 624/1860 625/1861
f 623/1859 625/1861 626/1862
f 619/1863 623/1864 626/1865
f 619/1863 626/1865 622/1866
f 620/1867 621/1868 625/1869
f 620/1867 625/1869 624/1870
f 622/1871 626/1872 625/1873
f 622/1871 625/1873 621/1874
f 619/1875 620/1876 624/1877
f 619/1875 624/1877 623/1878
f 627/1879 630/1880 629/1881
f 627/1879 629/1881 628/1882
f 631/1883 632/1884 633/1885
f 631/1883 633/1885 634/1886
f 627/1887 631/1888 634/1889
f 627/1887 634/1889 630/1890
f 628/1891 629/1892 633/1893
f 628/1891 633/1893 632/1894
f 630/1895 634/1896 633/1897
f 630/1895 633/1897 629/1898
f 627/1899 628/1900 632/1901
f 627/1899 632/1901 631/1902
g cognition_2_membrane_0
f 590/1759 589/1760 588/1761
f 590/1759 588/1761 587/1762
f 591/1763 592/1764 593/1765
f 591/1763 593/1765 594/1766
f 587/1767 588/1768 592/1769
f 587/1767 592/1769 591/1770
f 588/1771 589/1772 593/1773
f 588/1771 593/1773 592/1774
f 589/1775 590/1776 594/1777
f 589/1775 594/1777 593/1778
f 590/1779 587/1780 591/1781
f 590/1779 591/1781 594/1782
f 598/1783 597/1784 596/1785
f 598/1783 596/1785 595/1786
f 599/1787 600/1788 601/1789
f 599/1787 601/1789 602/1790
f 595/1791 596/1792 600/1793
f 595/1791 600/1793 599/1794
f 596/1795 597/1796 601/1797
f 596/1795 601/1797 600/1798
f 597/1799 598/1800 602/1801
f 597/1799 602/1801 601/1802
f 598/1803 595/1804 599/1805
f 598/1803 599/1805 602/1806
g cognition_2_mass_1
f 639/1903 638/1904 637/1905
f 639/1903 637/1905 636/1906
f 639/1903 636/1906 635/1907
f 640/1908 641/1909 642/1910
f 640/1908 642/1910 643/1911
f 640/1908 643/1911 644/1912
f 635/1913 636/1914 641/1915
f 635/1913 641/1915 640/1916
f 636/1917 637/1918 642/1919
f 636/1917 642/1919 641/1920
f 637/1921 638/1922 643/1923
f 637/1921 643/1923 642/1924
f 638/1925 639/1926 644/1927
f 638/1925 644/1927 643/1928
f 639/1929 635/1930 640/1931
f 639/1929 640/1931 644/1932
f 664/1981 663/1982 662/1983
f 664/1981 662/1983 661/1984
f 665/1985 666/1986 667/1987
f 665/1985 667/1987 668/1988
f 661/1989 662/1990 666/1991
f 661/1989 666/1991 665/1992
f 662/1993 663/1994 667/1995
f 662/1993 667/1995 666/1996
f 663/1997 664/1998 668/1999
f 663/1997 668/1999 667/2000
f 664/2001 661/2002 665/2003
f 664/2001 665/2003 668/2004
f 669/2005 672/2006 671/2007
f 669/2005 671/2007 670/2008
f 673/2009 674/2010 675/2011
f 673/2009 675/2011 676/2012
f 669/2013 673/2014 676/2015
f 669/2013 676/2015 672/2016
f 670/2017 671/2018 675/2019
f 670/2017 675/2019 674/2020
f 672/2021 676/2022 675/2023
f 672/2021 675/2023 671/2024
f 669/2025 670/2026 674/2027
f 669/2025 674/2027 673/2028
f 677/2029 680/2030 679/2031
f 677/2029 679/2031 678/2032
f 681/2033 682/2034 683/2035
f 681/2033 683/2035 684/2036
f 677/2037 681/2038 684/2039
f 677/2037 684/2039 680/2040
f 678/2041 679/2042 683/2043
f 678/2041 683/2043 682/2044
f 680/2045 684/2046 683/2047
f 680/2045 683/2047 679/2048
f 677/2049 678/2050 682/2051
f 677/2049 682/2051 681/2052
f 685/2053 688/2054 687/2055
f 685/2053 687/2055 686/2056
f 689/2057 690/2058 691/2059
f 689/2057 691/2059 692/2060
f 685/2061 689/2062 692/2063
f 685/2061 692/2063 688/2064
f 686/2065 687/2066 691/2067
f 686/2065 691/2067 690/2068
f 688/2069 692/2070 691/2071
f 688/2069 691/2071 687/2072
f 685/2073 686/2074 690/2075
f 685/2073 690/2075 689/2076
f 693/2077 696/2078 695/2079
f 693/2077 695/2079 694/2080
f 697/2081 698/2082 699/2083
f 697/2081 699/2083 700/2084
f 693/2085 697/2086 700/2087
f 693/2085 700/2087 696/2088
f 694/2089 695/2090 699/2091
f 694/2089 699/2091 698/2092
f 696/2093 700/2094 699/2095
f 696/2093 699/2095 695/2096
f 693/2097 694/2098 698/2099
f 693/2097 698/2099 697/2100
f 701/2101 704/2102 703/2103
f 701/2101 703/2103 702/2104
f 705/2105 706/2106 707/2107
f 705/2105 707/2107 708/2108
f 701/2109 705/2110 708/2111
f 701/2109 708/2111 704/2112
f 702/2113 703/2114 707/2115
f 702/2113 707/2115 706/2116
f 704/2117 708/2118 707/2119
f 704/2117 707/2119 703/2120
f 701/2121 702/2122 706/2123
f 701/2121 706/2123 705/2124
f 709/2125 712/2126 711/2127
f 709/2125 711/2127 710/2128
f 713/2129 714/2130 715/2131
f 713/2129 715/2131 716/2132
f 709/2133 713/2134 716/2135
f 709/2133 716/2135 712/2136
f 710/2137 711/2138 715/2139
f 710/2137 715/2139 714/2140
f 712/2141 716/2142 715/2143
f 712/2141 715/2143 711/2144
f 709/2145 710/2146 714/2147
f 709/2145 714/2147 713/2148
g cognition_2_membrane_1
f 648/1933 647/1934 646/1935
f 648/1933 646/1935 645/1936
f 649/1937 650/1938 651/1939
f 649/1937 651/1939 652/1940
f 645/1941 646/1942 650/1943
f 645/1941 650/1943 649/1944
f 646/1945 647/1946 651/1947
f 646/1945 651/1947 650/1948
f 647/1949 648/1950 652/1951
f 647/1949 652/1951 651/1952
f 648/1953 645/1954 649/1955
f 648/1953 649/1955 652/1956
f 656/1957 655/1958 654/1959
f 656/1957 654/1959 653/1960
f 657/1961 658/1962 659/1963
f 657/1961 659/1963 660/1964
f 653/1965 654/1966 658/1967
f 653/1965 658/1967 657/1968
f 654/1969 655/1970 659/1971
f 654/1969 659/1971 658/1972
f 655/1973 656/1974 660/1975
f 655/1973 660/1975 659/1976
f 656/1977 653/1978 657/1979
f 656/1977 657/1979 660/1980
g cognition_2_mass_2
f 721/2149 720/2150 719/2151
f 721/2149 719/2151 718/2152
f 721/2149 718/2152 717/2153
f 722/2154 723/2155 724/2156
f 722/2154 724/2156 725/2157
f 722/2154 725/2157 726/2158
f 717/2159 718/2160 723/2161
f 717/2159 723/2161 722/2162
f 718/2163 719/2164 724/2165
f 718/2163 724/2165 723/2166
f 719/2167 720/2168 725/2169
f 719/2167 725/2169 724/2170
f 720/2171 721/2172 726/2173
f 720/2171 726/2173 725/2174
f 721/2175 717/2176 722/2177
f 721/2175 722/2177 726/2178
f 746/2227 745/2228 744/2229
f 746/2227 744/2229 743/2230
f 747/2231 748/2232 749/2233
f 747/2231 749/2233 750/2234
f 743/2235 744/2236 748/2237
f 743/2235 748/2237 747/2238
f 744/2239 745/2240 749/2241
f 744/2239 749/2241 748/2242
f 745/2243 746/2244 750/2245
f 745/2243 750/2245 749/2246
f 746/2247 743/2248 747/2249
f 746/2247 747/2249 750/2250
f 751/2251 754/2252 753/2253
f 751/2251 753/2253 752/2254
f 755/2255 756/2256 757/2257
f 755/2255 757/2257 758/2258
f 751/2259 755/2260 758/2261
f 751/2259 758/2261 754/2262
f 752/2263 753/2264 757/2265
f 752/2263 757/2265 756/2266
f 754/2267 758/2268 757/2269
f 754/2267 757/2269 753/2270
f 751/2271 752/2272 756/2273
f 751/2271 756/2273 755/2274
f 759/2275 762/2276 761/2277
f 759/2275 761/2277 760/2278
f 763/2279 764/2280 765/2281
f 763/2279 765/2281 766/2282
f 759/2283 763/2284 766/2285
f 759/2283 766/2285 762/2286
f 760/2287 761/2288 765/2289
f 760/2287 765/2289 764/2290
f 762/2291 766/2292 765/2293
f 762/2291 765/2293 761/2294
f 759/2295 760/2296 764/2297
f 759/2295 764/2297 763/2298
f 767/2299 770/2300 769/2301
f 767/2299 769/2301 768/2302
f 771/2303 772/2304 773/2305
f 771/2303 773/2305 774/2306
f 767/2307 771/2308 774/2309
f 767/2307 774/2309 770/2310
f 768/2311 769/2312 773/2313
f 768/2311 773/2313 772/2314
f 770/2315 774/2316 773/2317
f 770/2315 773/2317 769/2318
f 767/2319 768/2320 772/2321
f 767/2319 772/2321 771/2322
f 775/2323 778/2324 777/2325
f 775/2323 777/2325 776/2326
f 779/2327 780/2328 781/2329
f 779/2327 781/2329 782/2330
f 775/2331 779/2332 782/2333
f 775/2331 782/2333 778/2334
f 776/2335 777/2336 781/2337
f 776/2335 781/2337 780/2338
f 778/2339 782/2340 781/2341
f 778/2339 781/2341 777/2342
f 775/2343 776/2344 780/2345
f 775/2343 780/2345 779/2346
f 787/2351 788/2352 789/2353
f 787/2351 789/2353 790/2354
f 783/2355 787/2356 790/2357
f 783/2355 790/2357 786/2358
f 784/2359 785/2360 789/2361
f 784/2359 789/2361 788/2362
f 786/2363 790/2364 789/2365
f 786/2363 789/2365 785/2366
f 783/2367 784/2368 788/2369
f 783/2367 788/2369 787/2370
g cognition_2_membrane_2
f 730/2179 729/2180 728/2181
f 730/2179 728/2181 727/2182
f 731/2183 732/2184 733/2185
f 731/2183 733/2185 734/2186
f 727/2187 728/2188 732/2189
f 727/2187 732/2189 731/2190
f 728/2191 729/2192 733/2193
f 728/2191 733/2193 732/2194
f 729/2195 730/2196 734/2197
f 729/2195 734/2197 733/2198
f 730/2199 727/2200 731/2201
f 730/2199 731/2201 734/2202
f 738/2203 737/2204 736/2205
f 738/2203 736/2205 735/2206
f 739/2207 740/2208 741/2209
f 739/2207 741/2209 742/2210
f 735/2211 736/2212 740/2213
f 735/2211 740/2213 739/2214
f 736/2215 737/2216 741/2217
f 736/2215 741/2217 740/2218
f 737/2219 738/2220 742/2221
f 737/2219 742/2221 741/2222
f 738/2223 735/2224 739/2225
f 738/2223 739/2225 742/2226
g cognition_2_mass_3
f 795/2371 794/2372 793/2373
f 795/2371 793/2373 792/2374
f 795/2371 792/2374 791/2375
f 796/2376 797/2377 798/2378
f 796/2376 798/2378 799/2379
f 796/2376 799/2379 800/2380
f 791/2381 792/2382 797/2383
f 791/2381 797/2383 796/2384
f 792/2385 793/2386 798/2387
f 792/2385 798/2387 797/2388
f 793/2389 794/2390 799/2391
f 793/2389 799/2391 798/2392
f 794/2393 795/2394 800/2395
f 794/2393 800/2395 799/2396
f 795/2397 791/2398 796/2399
f 795/2397 796/2399 800/2400
f 820/2449 819/2450 818/2451
f 820/2449 818/2451 817/2452
f 821/2453 822/2454 823/2455
f 821/2453 823/2455 824/2456
f 817/2457 818/2458 822/2459
f 817/2457 822/2459 821/2460
f 818/2461 819/2462 823/2463
f 818/2461 823/2463 822/2464
f 819/2465 820/2466 824/2467
f 819/2465 824/2467 823/2468
f 820/2469 817/2470 821/2471
f 820/2469 821/2471 824/2472
f 825/2473 828/2474 827/2475
f 825/2473 827/2475 826/2476
f 829/2477 830/2478 831/2479
f 829/2477 831/2479 832/2480
f 825/2481 829/2482 832/2483
f 825/2481 832/2483 828/2484
f 826/2485 827/2486 831/2487
f 826/2485 831/2487 830/2488
f 828/2489 832/2490 831/2491
f 828/2489 831/2491 827/2492
f 825/2493 826/2494 830/2495
f 825/2493 830/2495 829/2496
f 833/2497 836/2498 835/2499
f 833/2497 835/2499 834/2500
f 837/2501 838/2502 839/2503
f 837/2501 839/2503 840/2504
f 833/2505 837/2506 840/2507
f 833/2505 840/2507 836/2508
f 834/2509 835/2510 839/2511
f 834/2509 839/2511 838/2512
f 836/2513 840/2514 839/2515
f 836/2513 839/2515 835/2516
f 833/2517 834/2518 838/2519
f 833/2517 838/2519 837/2520
f 841/2521 844/2522 843/2523
f 841/2521 843/2523 842/2524
f 845/2525 846/2526 847/2527
f 845/2525 847/2527 848/2528
f 841/2529 845/2530 848/2531
f 841/2529 848/2531 844/2532
f 842/2533 843/2534 847/2535
f 842/2533 847/2535 846/2536
f 844/2537 848/2538 847/2539
f 844/2537 847/2539 843/2540
f 841/2541 842/2542 846/2543
f 841/2541 846/2543 845/2544
f 849/2545 852/2546 851/2547
f 849/2545 851/2547 850/2548
f 853/2549 854/2550 855/2551
f 853/2549 855/2551 856/2552
f 849/2553 853/2554 856/2555
f 849/2553 856/2555 852/2556
f 850/2557 851/2558 855/2559
f 850/2557 855/2559 854/2560
f 852/2561 856/2562 855/2563
f 852/2561 855/2563 851/2564
f 849/2565 850/2566 854/2567
f 849/2565 854/2567 853/2568
f 857/2569 860/2570 859/2571
f 857/2569 859/2571 858/2572
f 861/2573 862/2574 863/2575
f 861/2573 863/2575 864/2576
f 857/2577 861/2578 864/2579
f 857/2577 864/2579 860/2580
f 858/2581 859/2582 863/2583
f 858/2581 863/2583 862/2584
f 860/2585 864/2586 863/2587
f 860/2585 863/2587 859/2588
f 857/2589 858/2590 862/2591
f 857/2589 862/2591 861/2592
g cognition_2_membrane_3
f 804/2401 803/2402 802/2403
f 804/2401 802/2403 801/2404
f 805/2405 806/2406 807/2407
f 805/2405 807/2407 808/2408
f 801/2409 802/2410 806/2411
f 801/2409 806/2411 805/2412
f 802/2413 803/2414 807/2415
f 802/2413 807/2415 806/2416
f 803/2417 804/2418 808/2419
f 803/2417 808/2419 807/2420
f 804/2421 801/2422 805/2423
f 804/2421 805/2423 808/2424
f 812/2425 811/2426 810/2427
f 812/2425 810/2427 809/2428
f 813/2429 814/2430 815/2431
f 813/2429 815/2431 816/2432
f 809/2433 810/2434 814/2435
f 809/2433 814/2435 813/2436
f 810/2437 811/2438 815/2439
f 810/2437 815/2439 814/2440
f 811/2441 812/2442 816/2443
f 811/2441 816/2443 815/2444
f 812/2445 809/2446 813/2447
f 812/2445 813/2447 816/2448
g cognition_3
g cognition_3_mass_0
f 869/2593 868/2594 867/2595
f 869/2593 867/2595 866/2596
f 869/2593 866/2596 865/2597
f 870/2598 871/2599 872/2600
f 870/2598 872/2600 873/2601
f 870/2598 873/2601 874/2602
f 865/2603 866/2604 871/2605
f 865/2603 871/2605 870/2606
f 866/2607 867/2608 872/2609
f 866/2607 872/2609 871/2610
f 867/2611 868/2612 873/2613
f 867/2611 873/2613 872/2614
f 868/2615 869/2616 874/2617
f 868/2615 874/2617 873/2618
f 869/2619 865/2620 870/2621
f 869/2619 870/2621 874/2622
f 894/2671 893/2672 892/2673
f 894/2671 892/2673 891/2674
f 895/2675 896/2676 897/2677
f 895/2675 897/2677 898/2678
f 891/2679 892/2680 896/2681
f 891/2679 896/2681 895/2682
f 892/2683 893/2684 897/2685
f 892/2683 897/2685 896/2686
f 893/2687 894/2688 898/2689
f 893/2687 898/2689 897/2690
f 894/2691 891/2692 895/2693
f 894/2691 895/2693 898/2694
f 899/2695 902/2696 901/2697
f 899/2695 901/2697 900/2698
f 903/2699 904/2700 905/2701
f 903/2699 905/2701 906/2702
f 899/2703 903/2704 906/2705
f 899/2703 906/2705 902/2706
f 900/2707 901/2708 905/2709
f 900/2707 905/2709 904/2710
f 902/2711 906/2712 905/2713
f 902/2711 905/2713 901/2714
f 899/2715 900/2716 904/2717
f 899/2715 904/2717 903/2718
f 907/2719 910/2720 909/2721
f 907/2719 909/2721 908/2722
f 911/2723 912/2724 913/2725
f 911/2723 913/2725 914/2726
f 907/2727 911/2728 914/2729
f 907/2727 914/2729 910/2730
f 908/2731 909/2732 913/2733
f 908/2731 913/2733 912/2734
f 910/2735 914/2736 913/2737
f 910/2735 913/2737 909/2738
f 907/2739 908/2740 912/2741
f 907/2739 912/2741 911/2742
f 915/2743 918/2744 917/2745
f 915/2743 917/2745 916/2746
f 919/2747 920/2748 921/2749
f 919/2747 921/2749 922/2750
f 915/2751 919/2752 922/2753
f 915/2751 922/2753 918/2754
f 916/2755 917/2756 921/2757
f 916/2755 921/2757 920/2758
f 918/2759 922/2760 921/2761
f 918/2759 921/2761 917/2762
f 915/2763 916/2764 920/2765
f 915/2763 920/2765 919/2766
f 923/2767 926/2768 925/2769
f 923/2767 925/2769 924/2770
f 927/2771 928/2772 929/2773
f 927/2771 929/2773 930/2774
f 923/2775 927/2776 930/2777
f 923/2775 930/2777 926/2778
f 924/2779 925/2780 929/2781
f 924/2779 929/2781 928/2782
f 926/2783 930/2784 929/2785
f 926/2783 929/2785 925/2786
f 923/2787 924/2788 928/2789
f 923/2787 928/2789 927/2790
f 931/2791 934/2792 933/2793
f 931/2791 933/2793 932/2794
f 935/2795 936/2796 937/2797
f 935/2795 937/2797 938/2798
f 931/2799 935/2800 938/2801
f 931/2799 938/2801 934/2802
f 932/2803 933/2804 937/2805
f 932/2803 937/2805 936/2806
f 934/2807 938/2808 937/2809
f 934/2807 937/2809 933/2810
f 931/2811 932/2812 936/2813
f 931/2811 936/2813 935/2814
f 939/2815 942/2816 941/2817
f 939/2815 941/2817 940/2818
f 943/2819 944/2820 945/2821
f 943/2819 945/2821 946/2822
f 939/2823 943/2824 946/2825
f 939/2823 946/2825 942/2826
f 940/2827 941/2828 945/2829
f 940/2827 945/2829 944/2830
f 942/2831 946/2832 945/2833
f 942/2831 945/2833 941/2834
f 939/2835 940/2836 944/2837
f 939/2835 944/2837 943/2838
g cognition_3_membrane_0
f 878/2623 877/2624 876/2625
f 878/2623 876/2625 875/2626
f 879/2627 880/2628 881/2629
f 879/2627 881/2629 882/2630
f 875/2631 876/2632 880/2633
f 875/2631 880/2633 879/2634
f 876/2635 877/2636 881/2637
f 876/2635 881/2637 880/2638
f 877/2639 878/2640 882/2641
f 877/2639 882/2641 881/2642
f 878/2643 875/2644 879/2645
f 878/2643 879/2645 882/2646
f 886/2647 885/2648 884/2649
f 886/2647 884/2649 883/2650
f 887/2651 888/2652 889/2653
f 887/2651 889/2653 890/2654
f 883/2655 884/2656 888/2657
f 883/2655 888/2657 887/2658
f 884/2659 885/2660 889/2661
f 884/2659 889/2661 888/2662
f 885/2663 886/2664 890/2665
f 885/2663 890/2665 889/2666
f 886/2667 883/2668 887/2669
f 886/2667 887/2669 890/2670
g cognition_3_mass_1
f 951/2839 950/2840 949/2841
f 951/2839 949/2841 948/2842
f 951/2839 948/2842 947/2843
f 952/2844 953/2845 954/2846
f 952/2844 954/2846 955/2847
f 952/2844 955/2847 956/2848
f 947/2849 948/2850 953/2851
f 947/2849 953/2851 952/2852
f 948/2853 949/2854 954/2855
f 948/2853 954/2855 953/2856
f 949/2857 950/2858 955/2859
f 949/2857 955/2859 954/2860
f 950/2861 951/2862 956/2863
f 950/2861 956/2863 955/2864
f 951/2865 947/2866 952/2867
f 951/2865 952/2867 956/2868
f 976/2917 975/2918 974/2919
f 976/2917 974/2919 973/2920
f 977/2921 978/2922 979/2923
f 977/2921 979/2923 980/2924
f 973/2925 974/2926 978/2927
f 973/2925 978/2927 977/2928
f 974/2929 975/2930 979/2931
f 974/2929 979/2931 978/2932
f 975/2933 976/2934 980/2935
f 975/2933 980/2935 979/2936
f 976/2937 973/2938 977/2939
f 976/2937 977/2939 980/2940
f 981/2941 984/2942 983/2943
f 981/2941 983/2943 982/2944
f 985/2945 986/2946 987/2947
f 985/2945 987/2947 988/2948
f 981/2949 985/2950 988/2951
f 981/2949 988/2951 984/2952
f 982/2953 983/2954 987/2955
f 982/2953 987/2955 986/2956
f 984/2957 988/2958 987/2959
f 984/2957 987/2959 983/2960
f 981/2961 982/2962 986/2963
f 981/2961 986/2963 985/2964
f 989/2965 992/2966 991/2967
f 989/2965 991/2967 990/2968
f 993/2969 994/2970 995/2971
f 993/2969 995/2971 996/2972
f 989/2973 993/2974 996/2975
f 989/2973 996/2975 992/2976
f 990/2977 991/2978 995/2979
f 990/2977 995/2979 994/2980
f 992/2981 996/2982 995/2983
f 992/2981 995/2983 991/2984
f 989/2985 990/2986 994/2987
f 989/2985 994/2987 993/2988
f 997/2989 1000/2990 999/2991
f 997/2989 999/2991 998/2992
f 1001/2993 1002/2994 1003/2995
f 1001/2993 1003/2995 1004/2996
f 997/2997 1001/2998 1004/2999
f 997/2997 1004/2999 1000/3000
f 998/3001 999/3002 1003/3003
f 998/3001 1003/3003 1002/3004
f 1000/3005 1004/3006 1003/3007
f 1000/3005 1003/3007 999/3008
f 997/3009 998/3010 1002/3011
f 997/3009 1002/3011 1001/3012
f 1005/3013 1008/3014 1007/3015
f 1005/3013 1007/3015 1006/3016
f 1009/3017 1010/3018 1011/3019
f 1009/3017 1011/3019 1012/3020
f 1005/3021 1009/3022 1012/3023
f 1005/3021 1012/3023 1008/3024
f 1006/3025 1007/3026 1011/3027
f 1006/3025 1011/3027 1010/3028
f 1008/3029 1012/3030 1011/3031
f 1008/3029 1011/3031 1007/3032
f 1005/3033 1006/3034 1010/3035
f 1005/3033 1010/3035 1009/3036
g cognition_3_membrane_1
f 960/2869 959/2870 958/2871
f 960/2869 958/2871 957/2872
f 961/2873 962/2874 963/2875
f 961/2873 963/2875 964/2876
f 957/2877 958/2878 962/2879
f 957/2877 962/2879 961/2880
f 958/2881 959/2882 963/2883
f 958/2881 963/2883 962/2884
f 959/2885 960/2886 964/2887
f 959/2885 964/2887 963/2888
f 960/2889 957/2890 961/2891
f 960/2889 961/2891 964/2892
f 968/2893 967/2894 966/2895
f 968/2893 966/2895 965/2896
f 969/2897 970/2898 971/2899
f 969/2897 971/2899 972/2900
f 965/2901 966/2902 970/2903
f 965/2901 970/2903 969/2904
f 966/2905 967/2906 971/2907
f 966/2905 971/2907 970/2908
f 967/2909 968/2910 972/2911
f 967/2909 972/2911 971/2912
f 968/2913 965/2914 969/2915
f 968/2913 969/2915 972/2916
g cognition_3_mass_2
f 1017/3037 1016/3038 1015/3039
f 1017/3037 1015/3039 1014/3040
f 1017/3037 1014/3040 1013/3041
f 1018/3042 1019/3043 1020/3044
f 1018/3042 1020/3044 1021/3045
f 1018/3042 1021/3045 1022/3046
f 1013/3047 1014/3048 1019/3049
f 1013/3047 1019/3049 1018/3050
f 1014/3051 1015/3052 1020/3053
f 1014/3051 1020/3053 1019/3054
f 1015/3055 1016/3056 1021/3057
f 1015/3055 1021/3057 1020/3058
f 1016/3059 1017/3060 1022/3061
f 1016/3059 1022/3061 1021/3062
f 1017/3063 1013/3064 1018/3065
f 1017/3063 1018/3065 1022/3066
f 1042/3115 1041/3116 1040/3117
f 1042/3115 1040/3117 1039/3118
f 1043/3119 1044/3120 1045/3121
f 1043/3119 1045/3121 1046/3122
f 1039/3123 1040/3124 1044/3125
f 1039/3123 1044/3125 1043/3126
f 1040/3127 1041/3128 1045/3129
f 1040/3127 1045/3129 1044/3130
f 1041/3131 1042/3132 1046/3133
f 1041/3131 1046/3133 1045/3134
f 1042/3135 1039/3136 1043/3137
f 1042/3135 1043/3137 1046/3138
f 1047/3139 1050/3140 1049/3141
f 1047/3139 1049/3141 1048/3142
f 1051/3143 1052/3144 1053/3145
f 1051/3143 1053/3145 1054/3146
f 1047/3147 1051/3148 1054/3149
f 1047/3147 1054/3149 1050/3150
f 1048/3151 1049/3152 1053/3153
f 1048/3151 1053/3153 1052/3154
f 1050/3155 1054/3156 1053/3157
f 1050/3155 1053/3157 1049/3158
f 1047/3159 1048/3160 1052/3161
f 1047/3159 1052/3161 1051/3162
f 1055/3163 1058/3164 1057/3165
f 1055/3163 1057/3165 1056/3166
f 1059/3167 1060/3168 1061/3169
f 1059/3167 1061/3169 1062/3170
f 1055/3171 1059/3172 1062/3173
f 1055/3171 1062/3173 1058/3174
f 1056/3175 1057/3176 1061/3177
f 1056/3175 1061/3177 1060/3178
f 1058/3179 1062/3180 1061/3181
f 1058/3179 1061/3181 1057/3182
f 1055/3183 1056/3184 1060/3185
f 1055/3183 1060/3185 1059/3186
f 1063/3187 1066/3188 1065/3189
f 1063/3187 1065/3189 1064/3190
f 1067/3191 1068/3192 1069/3193
f 1067/3191 1069/3193 1070/3194
f 1063/3195 1067/3196 1070/3197
f 1063/3195 1070/3197 1066/3198
f 1064/3199 1065/3200 1069/3201
f 1064/3199 1069/3201 1068/3202
f 1066/3203 1070/3204 1069/3205
f 1066/3203 1069/3205 1065/3206
f 1063/3207 1064/3208 1068/3209
f 1063/3207 1068/3209 1067/3210
f 1071/3211 1074/3212 1073/3213
f 1071/3211 1073/3213 1072/3214
f 1075/3215 1076/3216 1077/3217
f 1075/3215 1077/3217 1078/3218
f 1071/3219 1075/3220 1078/3221
f 1071/3219 1078/3221 1074/3222
f 1072/3223 1073/3224 1077/3225
f 1072/3223 1077/3225 1076/3226
f 1074/3227 1078/3228 1077/3229
f 1074/3227 1077/3229 1073/3230
f 1071/3231 1072/3232 1076/3233
f 1071/3231 1076/3233 1075/3234
f 1079/3235 1082/3236 1081/3237
f 1079/3235 1081/3237 1080/3238
f 1083/3239 1084/3240 1085/3241
f 1083/3239 1085/3241 1086/3242
f 1079/3243 1083/3244 1086/3245
f 1079/3243 1086/3245 1082/3246
f 1080/3247 1081/3248 1085/3249
f 1080/3247 1085/3249 1084/3250
f 1082/3251 1086/3252 1085/3253
f 1082/3251 1085/3253 1081/3254
f 1079/3255 1080/3256 1084/3257
f 1079/3255 1084/3257 1083/3258
g cognition_3_membrane_2
f 1026/3067 1025/3068 1024/3069
f 1026/3067 1024/3069 1023/3070
f 1027/3071 1028/3072 1029/3073
f 1027/3071 1029/3073 1030/3074
f 1023/3075 1024/3076 1028/3077
f 1023/3075 1028/3077 1027/3078
f 1024/3079 1025/3080 1029/3081
f 1024/3079 1029/3081 1028/3082
f 1025/3083 1026/3084 1030/3085
f 1025/3083 1030/3085 1029/3086
f 1026/3087 1023/3088 1027/3089
f 1026/3087 1027/3089 1030/3090
f 1034/3091 1033/3092 1032/3093
f 1034/3091 1032/3093 1031/3094
f 1035/3095 1036/3096 1037/3097
f 1035/3095 1037/3097 1038/3098
f 1031/3099 1032/3100 1036/3101
f 1031/3099 1036/3101 1035/3102
f 1032/3103 1033/3104 1037/3105
f 1032/3103 1037/3105 1036/3106
f 1033/3107 1034/3108 1038/3109
f 1033/3107 1038/3109 1037/3110
f 1034/3111 1031/3112 1035/3113
f 1034/3111 1035/3113 1038/3114
g cognition_3_mass_3
f 1091/3259 1090/3260 1089/3261
f 1091/3259 1089/3261 1088/3262
f 1091/3259 1088/3262 1087/3263
f 1092/3264 1093/3265 1094/3266
f 1092/3264 1094/3266 1095/3267
f 1092/3264 1095/3267 1096/3268
f 1087/3269 1088/3270 1093/3271
f 1087/3269 1093/3271 1092/3272
f 1088/3273 1089/3274 1094/3275
f 1088/3273 1094/3275 1093/3276
f 1089/3277 1090/3278 1095/3279
f 1089/3277 1095/3279 1094/3280
f 1090/3281 1091/3282 1096/3283
f 1090/3281 1096/3283 1095/3284
f 1091/3285 1087/3286 1092/3287
f 1091/3285 1092/3287 1096/3288
f 1116/3337 1115/3338 1114/3339
f 1116/3337 1114/3339 1113/3340
f 1117/3341 1118/3342 1119/3343
f 1117/3341 1119/3343 1120/3344
f 1113/3345 1114/3346 1118/3347
f 1113/3345 1118/3347 1117/3348
f 1114/3349 1115/3350 1119/3351
f 1114/3349 1119/3351 1118/3352
f 1115/3353 1116/3354 1120/3355
f 1115/3353 1120/3355 1119/3356
f 1116/3357 1113/3358 1117/3359
f 1116/3357 1117/3359 1120/3360
f 1121/3361 1124/3362 1123/3363
f 1121/3361 1123/3363 1122/3364
f 1125/3365 1126/3366 1127/3367
f 1125/3365 1127/3367 1128/3368
f 1121/3369 1125/3370 1128/3371
f 1121/3369 1128/3371 1124/3372
f 1122/3373 1123/3374 1127/3375
f 1122/3373 1127/3375 1126/3376
f 1124/3377 1128/3378 1127/3379
f 1124/3377 1127/3379 1123/3380
f 1121/3381 1122/3382 1126/3383
f 1121/3381 1126/3383 1125/3384
f 1129/3385 1132/3386 1131/3387
f 1129/3385 1131/3387 1130/3388
f 1133/3389 1134/3390 1135/3391
f 1133/3389 1135/3391 1136/3392
f 1129/3393 1133/3394 1136/3395
f 1129/3393 1136/3395 1132/3396
f 1130/3397 1131/3398 1135/3399
f 1130/3397 1135/3399 1134/3400
f 1132/3401 1136/3402 1135/3403
f 1132/3401 1135/3403 1131/3404
f 1129/3405 1130/3406 1134/3407
f 1129/3405 1134/3407 1133/3408
f 1137/3409 1140/3410 1139/3411
f 1137/3409 1139/3411 1138/3412
f 1141/3413 1142/3414 1143/3415
f 1141/3413 1143/3415 1144/3416
f 1137/3417 1141/3418 1144/3419
f 1137/3417 1144/3419 1140/3420
f 1138/3421 1139/3422 1143/3423
f 1138/3421 1143/3423 1142/3424
f 1140/3425 1144/3426 1143/3427
f 1140/3425 1143/3427 1139/3428
f 1137/3429 1138/3430 1142/3431
f 1137/3429 1142/3431 1141/3432
f 1149/3437 1150/3438 1151/3439
f 1149/3437 1151/3439 1152/3440
f 1145/3441 1149/3442 1152/3443
f 1145/3441 1152/3443 1148/3444
f 1146/3445 1147/3446 1151/3447
f 1146/3445 1151/3447 1150/3448
f 1148/3449 1152/3450 1151/3451
f 1148/3449 1151/3451 1147/3452
f 1145/3453 1146/3454 1150/3455
f 1145/3453 1150/3455 1149/3456
g cognition_3_membrane_3
f 1100/3289 1099/3290 1098/3291
f 1100/3289 1098/3291 1097/3292
f 1101/3293 1102/3294 1103/3295
f 1101/3293 1103/3295 1104/3296
f 1097/3297 1098/3298 1102/3299
f 1097/3297 1102/3299 1101/3300
f 1098/3301 1099/3302 1103/3303
f 1098/3301 1103/3303 1102/3304
f 1099/3305 1100/3306 1104/3307
f 1099/3305 1104/3307 1103/3308
f 1100/3309 1097/3310 1101/3311
f 1100/3309 1101/3311 1104/3312
f 1108/3313 1107/3314 1106/3315
f 1108/3313 1106/3315 1105/3316
f 1109/3317 1110/3318 1111/3319
f 1109/3317 1111/3319 1112/3320
f 1105/3321 1106/3322 1110/3323
f 1105/3321 1110/3323 1109/3324
f 1106/3325 1107/3326 1111/3327
f 1106/3325 1111/3327 1110/3328
f 1107/3329 1108/3330 1112/3331
f 1107/3329 1112/3331 1111/3332
f 1108/3333 1105/3334 1109/3335
f 1108/3333 1109/3335 1112/3336
g cognition_4
g cognition_4_mass_0
f 1157/3457 1156/3458 1155/3459
f 1157/3457 1155/3459 1154/3460
f 1157/3457 1154/3460 1153/3461
f 1158/3462 1159/3463 1160/3464
f 1158/3462 1160/3464 1161/3465
f 1158/3462 1161/3465 1162/3466
f 1153/3467 1154/3468 1159/3469
f 1153/3467 1159/3469 1158/3470
f 1154/3471 1155/3472 1160/3473
f 1154/3471 1160/3473 1159/3474
f 1155/3475 1156/3476 1161/3477
f 1155/3475 1161/3477 1160/3478
f 1156/3479 1157/3480 1162/3481
f 1156/3479 1162/3481 1161/3482
f 1157/3483 1153/3484 1158/3485
f 1157/3483 1158/3485 1162/3486
f 1182/3535 1181/3536 1180/3537
f 1182/3535 1180/3537 1179/3538
f 1183/3539 1184/3540 1185/3541
f 1183/3539 1185/3541 1186/3542
f 1179/3543 1180/3544 1184/3545
f 1179/3543 1184/3545 1183/3546
f 1180/3547 1181/3548 1185/3549
f 1180/3547 1185/3549 1184/3550
f 1181/3551 1182/3552 1186/3553
f 1181/3551 1186/3553 1185/3554
f 1182/3555 1179/3556 1183/3557
f 1182/3555 1183/3557 1186/3558
f 1187/3559 1190/3560 1189/3561
f 1187/3559 1189/3561 1188/3562
f 1191/3563 1192/3564 1193/3565
f 1191/3563 1193/3565 1194/3566
f 1187/3567 1191/3568 1194/3569
f 1187/3567 1194/3569 1190/3570
f 1188/3571 1189/3572 1193/3573
f 1188/3571 1193/3573 1192/3574
f 1190/3575 1194/3576 1193/3577
f 1190/3575 1193/3577 1189/3578
f 1187/3579 1188/3580 1192/3581
f 1187/3579 1192/3581 1191/3582
f 1195/3583 1198/3584 1197/3585
f 1195/3583 1197/3585 1196/3586
f 1199/3587 1200/3588 1201/3589
f 1199/3587 1201/3589 1202/3590
f 1195/3591 1199/3592 1202/3593
f 1195/3591 1202/3593 1198/3594
f 1196/3595 1197/3596 1201/3597
f 1196/3595 1201/3597 1200/3598
f 1198/3599 1202/3600 1201/3601
f 1198/3599 1201/3601 1197/3602
f 1195/3603 1196/3604 1200/3605
f 1195/3603 1200/3605 1199/3606
f 1203/3607 1206/3608 1205/3609
f 1203/3607 1205/3609 1204/3610
f 1207/3611 1208/3612 1209/3613
f 1207/3611 1209/3613 1210/3614
f 1203/3615 1207/3616 1210/3617
f 1203/3615 1210/3617 1206/3618
f 1204/3619 1205/3620 1209/3621
f 1204/3619 1209/3621 1208/3622
f 1206/3623 1210/3624 1209/3625
f 1206/3623 1209/3625 1205/3626
f 1203/3627 1204/3628 1208/3629
f 1203/3627 1208/3629 1207/3630
f 1211/3631 1214/3632 1213/3633
f 1211/3631 1213/3633 1212/3634
f 1215/3635 1216/3636 1217/3637
f 1215/3635 1217/3637 1218/3638
f 1211/3639 1215/3640 1218/3641
f 1211/3639 1218/3641 1214/3642
f 1212/3643 1213/3644 1217/3645
f 1212/3643 1217/3645 1216/3646
f 1214/3647 1218/3648 1217/3649
f 1214/3647 1217/3649 1213/3650
f 1211/3651 1212/3652 1216/3653
f 1211/3651 1216/3653 1215/3654
f 1223/3659 1224/3660 1225/3661
f 1223/3659 1225/3661 1226/3662
f 1219/3663 1223/3664 1226/3665
f 1219/3663 1226/3665 1222/3666
f 1220/3667 1221/3668 1225/3669
f 1220/3667 1225/3669 1224/3670
f 1222/3671 1226/3672 1225/3673
f 1222/3671 1225/3673 1221/3674
f 1219/3675 1220/3676 1224/3677
f 1219/3675 1224/3677 1223/3678
g cognition_4_membrane_0
f 1166/3487 1165/3488 1164/3489
f 1166/3487 1164/3489 1163/3490
f 1167/3491 1168/3492 1169/3493
f 1167/3491 1169/3493 1170/3494
f 1163/3495 1164/3496 1168/3497
f 1163/3495 1168/3497 1167/3498
f 1164/3499 1165/3500 1169/3501
f 1164/3499 1169/3501 1168/3502
f 1165/3503 1166/3504 1170/3505
f 1165/3503 1170/3505 1169/3506
f 1166/3507 1163/3508 1167/3509
f 1166/3507 1167/3509 1170/3510
f 1174/3511 1173/3512 1172/3513
f 1174/3511 1172/3513 1171/3514
f 1175/3515 1176/3516 1177/3517
f 1175/3515 1177/3517 1178/3518
f 1171/3519 1172/3520 1176/3521
f 1171/3519 1176/3521 1175/3522
f 1172/3523 1173/3524 1177/3525
f 1172/3523 1177/3525 1176/3526
f 1173/3527 1174/3528 1178/3529
f 1173/3527 1178/3529 1177/3530
f 1174/3531 1171/3532 1175/3533
f 1174/3531 1175/3533 1178/3534
g cognition_4_mass_1
f 1231/3679 1230/3680 1229/3681
f 1231/3679 1229/3681 1228/3682
f 1231/3679 1228/3682 1227/3683
f 1232/3684 1233/3685 1234/3686
f 1232/3684 1234/3686 1235/3687
f 1232/3684 1235/3687 1236/3688
f 1227/3689 1228/3690 1233/3691
f 1227/3689 1233/3691 1232/3692
f 1228/3693 1229/3694 1234/3695
f 1228/3693 1234/3695 1233/3696
f 1229/3697 1230/3698 1235/3699
f 1229/3697 1235/3699 1234/3700
f 1230/3701 1231/3702 1236/3703
f 1230/3701 1236/3703 1235/3704
f 1231/3705 1227/3706 1232/3707
f 1231/3705 1232/3707 1236/3708
f 1256/3757 1255/3758 1254/3759
f 1256/3757 1254/3759 1253/3760
f 1257/3761 1258/3762 1259/3763
f 1257/3761 1259/3763 1260/3764
f 1253/3765 1254/3766 1258/3767
f 1253/3765 1258/3767 1257/3768
f 1254/3769 1255/3770 1259/3771
f 1254/3769 1259/3771 1258/3772
f 1255/3773 1256/3774 1260/3775
f 1255/3773 1260/3775 1259/3776
f 1256/3777 1253/3778 1257/3779
f 1256/3777 1257/3779 1260/3780
f 1261/3781 1264/3782 1263/3783
f 1261/3781 1263/3783 1262/3784
f 1265/3785 1266/3786 1267/3787
f 1265/3785 1267/3787 1268/3788
f 1261/3789 1265/3790 1268/3791
f 1261/3789 1268/3791 1264/3792
f 1262/3793 1263/3794 1267/3795
f 1262/3793 1267/3795 1266/3796
f 1264/3797 1268/3798 1267/3799
f 1264/3797 1267/3799 1263/3800
f 1261/3801 1262/3802 1266/3803
f 1261/3801 1266/3803 1265/3804
f 1269/3805 1272/3806 1271/3807
f 1269/3805 1271/3807 1270/3808
f 1273/3809 1274/3810 1275/3811
f 1273/3809 1275/3811 1276/3812
f 1269/3813 1273/3814 1276/3815
f 1269/3813 1276/3815 1272/3816
f 1270/3817 1271/3818 1275/3819
f 1270/3817 1275/3819 1274/3820
f 1272/3821 1276/3822 1275/3823
f 1272/3821 1275/3823 1271/3824
f 1269/3825 1270/3826 1274/3827
f 1269/3825 1274/3827 1273/3828
f 1277/3829 1280/3830 1279/3831
f 1277/3829 1279/3831 1278/3832
f 1281/3833 1282/3834 1283/3835
f 1281/3833 1283/3835 1284/3836
f 1277/3837 1281/3838 1284/3839
f 1277/3837 1284/3839 1280/3840
f 1278/3841 1279/3842 1283/3843
f 1278/3841 1283/3843 1282/3844
f 1280/3845 1284/3846 1283/3847
f 1280/3845 1283/3847 1279/3848
f 1277/3849 1278/3850 1282/3851
f 1277/3849 1282/3851 1281/3852
f 1285/3853 1288/3854 1287/3855
f 1285/3853 1287/3855 1286/3856
f 1289/3857 1290/3858 1291/3859
f 1289/3857 1291/3859 1292/3860
f 1285/3861 1289/3862 1292/3863
f 1285/3861 1292/3863 1288/3864
f 1286/3865 1287/3866 1291/3867
f 1286/3865 1291/3867 1290/3868
f 1288/3869 1292/3870 1291/3871
f 1288/3869 1291/3871 1287/3872
f 1285/3873 1286/3874 1290/3875
f 1285/3873 1290/3875 1289/3876
f 1293/3877 1296/3878 1295/3879
f 1293/3877 1295/3879 1294/3880
f 1297/3881 1298/3882 1299/3883
f 1297/3881 1299/3883 1300/3884
f 1293/3885 1297/3886 1300/3887
f 1293/3885 1300/3887 1296/3888
f 1294/3889 1295/3890 1299/3891
f 1294/3889 1299/3891 1298/3892
f 1296/3893 1300/3894 1299/3895
f 1296/3893 1299/3895 1295/3896
f 1293/3897 1294/3898 1298/3899
f 1293/3897 1298/3899 1297/3900
g cognition_4_membrane_1
f 1240/3709 1239/3710 1238/3711
f 1240/3709 1238/3711 1237/3712
f 1241/3713 1242/3714 1243/3715
f 1241/3713 1243/3715 1244/3716
f 1237/3717 1238/3718 1242/3719
f 1237/3717 1242/3719 1241/3720
f 1238/3721 1239/3722 1243/3723
f 1238/3721 1243/3723 1242/3724
f 1239/3725 1240/3726 1244/3727
f 1239/3725 1244/3727 1243/3728
f 1240/3729 1237/3730 1241/3731
f 1240/3729 1241/3731 1244/3732
f 1248/3733 1247/3734 1246/3735
f 1248/3733 1246/3735 1245/3736
f 1249/3737 1250/3738 1251/3739
f 1249/3737 1251/3739 1252/3740
f 1245/3741 1246/3742 1250/3743
f 1245/3741 1250/3743 1249/3744
f 1246/3745 1247/3746 1251/3747
f 1246/3745 1251/3747 1250/3748
f 1247/3749 1248/3750 1252/3751
f 1247/3749 1252/3751 1251/3752
f 1248/3753 1245/3754 1249/3755
f 1248/3753 1249/3755 1252/3756
g cognition_4_mass_2
f 1305/3901 1304/3902 1303/3903
f 1305/3901 1303/3903 1302/3904
f 1305/3901 1302/3904 1301/3905
f 1306/3906 1307/3907 1308/3908
f 1306/3906 1308/3908 1309/3909
f 1306/3906 1309/3909 1310/3910
f 1301/3911 1302/3912 1307/3913
f 1301/3911 1307/3913 1306/3914
f 1302/3915 1303/3916 1308/3917
f 1302/3915 1308/3917 1307/3918
f 1303/3919 1304/3920 1309/3921
f 1303/3919 1309/3921 1308/3922
f 1304/3923 1305/3924 1310/3925
f 1304/3923 1310/3925 1309/3926
f 1305/3927 1301/3928 1306/3929
f 1305/3927 1306/3929 1310/3930
f 1330/3979 1329/3980 1328/3981
f 1330/3979 1328/3981 1327/3982
f 1331/3983 1332/3984 1333/3985
f 1331/3983 1333/3985 1334/3986
f 1327/3987 1328/3988 1332/3989
f 1327/3987 1332/3989 1331/3990
f 1328/3991 1329/3992 1333/3993
f 1328/3991 1333/3993 1332/3994
f 1329/3995 1330/3996 1334/3997
f 1329/3995 1334/3997 1333/3998
f 1330/3999 1327/4000 1331/4001
f 1330/3999 1331/4001 1334/4002
f 1335/4003 1338/4004 1337/4005
f 1335/4003 1337/4005 1336/4006
f 1339/4007 1340/4008 1341/4009
f 1339/4007 1341/4009 1342/4010
f 1335/4011 1339/4012 1342/4013
f 1335/4011 1342/4013 1338/4014
f 1336/4015 1337/4016 1341/4017
f 1336/4015 1341/4017 1340/4018
f 1338/4019 1342/4020 1341/4021
f 1338/4019 1341/4021 1337/4022
f 1335/4023 1336/4024 1340/4025
f 1335/4023 1340/4025 1339/4026
f 1343/4027 1346/4028 1345/4029
f 1343/4027 1345/4029 1344/4030
f 1347/4031 1348/4032 1349/4033
f 1347/4031 1349/4033 1350/4034
f 1343/4035 1347/4036 1350/4037
f 1343/4035 1350/4037 1346/4038
f 1344/4039 1345/4040 1349/4041
f 1344/4039 1349/4041 1348/4042
f 1346/4043 1350/4044 1349/4045
f 1346/4043 1349/4045 1345/4046
f 1343/4047 1344/4048 1348/4049
f 1343/4047 1348/4049 1347/4050
f 1351/4051 1354/4052 1353/4053
f 1351/4051 1353/4053 1352/4054
f 1355/4055 1356/4056 1357/4057
f 1355/4055 1357/4057 1358/4058
f 1351/4059 1355/4060 1358/4061
f 1351/4059 1358/4061 1354/4062
f 1352/4063 1353/4064 1357/4065
f 1352/4063 1357/4065 1356/4066
f 1354/4067 1358/4068 1357/4069
f 1354/4067 1357/4069 1353/4070
f 1351/4071 1352/4072 1356/4073
f 1351/4071 1356/4073 1355/4074
g cognition_4_membrane_2
f 1314/3931 1313/3932 1312/3933
f 1314/3931 1312/3933 1311/3934
f 1315/3935 1316/3936 1317/3937
f 1315/3935 1317/3937 1318/3938
f 1311/3939 1312/3940 1316/3941
f 1311/3939 1316/3941 1315/3942
f 1312/3943 1313/3944 1317/3945
f 1312/3943 1317/3945 1316/3946
f 1313/3947 1314/3948 1318/3949
f 1313/3947 1318/3949 1317/3950
f 1314/3951 1311/3952 1315/3953
f 1314/3951 1315/3953 1318/3954
f 1322/3955 1321/3956 1320/3957
f 1322/3955 1320/3957 1319/3958
f 1323/3959 1324/3960 1325/3961
f 1323/3959 1325/3961 1326/3962
f 1319/3963 1320/3964 1324/3965
f 1319/3963 1324/3965 1323/3966
f 1320/3967 1321/3968 1325/3969
f 1320/3967 1325/3969 1324/3970
f 1321/3971 1322/3972 1326/3973
f 1321/3971 1326/3973 1325/3974
f 1322/3975 1319/3976 1323/3977
f 1322/3975 1323/3977 1326/3978
g cognition_4_mass_3
f 1363/4075 1362/4076 1361/4077
f 1363/4075 1361/4077 1360/4078
f 1363/4075 1360/4078 1359/4079
f 1364/4080 1365/4081 1366/4082
f 1364/4080 1366/4082 1367/4083
f 1364/4080 1367/4083 1368/4084
f 1359/4085 1360/4086 1365/4087
f 1359/4085 1365/4087 1364/4088
f 1360/4089 1361/4090 1366/4091
f 1360/4089 1366/4091 1365/4092
f 1361/4093 1362/4094 1367/4095
f 1361/4093 1367/4095 1366/4096
f 1362/4097 1363/4098 1368/4099
f 1362/4097 1368/4099 1367/4100
f 1363/4101 1359/4102 1364/4103
f 1363/4101 1364/4103 1368/4104
f 1388/4153 1387/4154 1386/4155
f 1388/4153 1386/4155 1385/4156
f 1389/4157 1390/4158 1391/4159
f 1389/4157 1391/4159 1392/4160
f 1385/4161 1386/4162 1390/4163
f 1385/4161 1390/4163 1389/4164
f 1386/4165 1387/4166 1391/4167
f 1386/4165 1391/4167 1390/4168
f 1387/4169 1388/4170 1392/4171
f 1387/4169 1392/4171 1391/4172
f 1388/4173 1385/4174 1389/4175
f 1388/4173 1389/4175 1392/4176
f 1393/4177 1396/4178 1395/4179
f 1393/4177 1395/4179 1394/4180
f 1397/4181 1398/4182 1399/4183
f 1397/4181 1399/4183 1400/4184
f 1393/4185 1397/4186 1400/4187
f 1393/4185 1400/4187 1396/4188
f 1394/4189 1395/4190 1399/4191
f 1394/4189 1399/4191 1398/4192
f 1396/4193 1400/4194 1399/4195
f 1396/4193 1399/4195 1395/4196
f 1393/4197 1394/4198 1398/4199
f 1393/4197 1398/4199 1397/4200
f 1401/4201 1404/4202 1403/4203
f 1401/4201 1403/4203 1402/4204
f 1405/4205 1406/4206 1407/4207
f 1405/4205 1407/4207 1408/4208
f 1401/4209 1405/4210 1408/4211
f 1401/4209 1408/4211 1404/4212
f 1402/4213 1403/4214 1407/4215
f 1402/4213 1407/4215 1406/4216
f 1404/4217 1408/4218 1407/4219
f 1404/4217 1407/4219 1403/4220
f 1401/4221 1402/4222 1406/4223
f 1401/4221 1406/4223 1405/4224
f 1409/4225 1412/4226 1411/4227
f 1409/4225 1411/4227 1410/4228
f 1413/4229 1414/4230 1415/4231
f 1413/4229 1415/4231 1416/4232
f 1409/4233 1413/4234 1416/4235
f 1409/4233 1416/4235 1412/4236
f 1410/4237 1411/4238 1415/4239
f 1410/4237 1415/4239 1414/4240
f 1412/4241 1416/4242 1415/4243
f 1412/4241 1415/4243 1411/4244
f 1409/4245 1410/4246 1414/4247
f 1409/4245 1414/4247 1413/4248
f 1417/4249 1420/4250 1419/4251
f 1417/4249 1419/4251 1418/4252
f 1421/4253 1422/4254 1423/4255
f 1421/4253 1423/4255 1424/4256
f 1417/4257 1421/4258 1424/4259
f 1417/4257 1424/4259 1420/4260
f 1418/4261 1419/4262 1423/4263
f 1418/4261 1423/4263 1422/4264
f 1420/4265 1424/4266 1423/4267
f 1420/4265 1423/4267 1419/4268
f 1417/4269 1418/4270 1422/4271
f 1417/4269 1422/4271 1421/4272
f 1425/4273 1428/4274 1427/4275
f 1425/4273 1427/4275 1426/4276
f 1429/4277 1430/4278 1431/4279
f 1429/4277 1431/4279 1432/4280
f 1425/4281 1429/4282 1432/4283
f 1425/4281 1432/4283 1428/4284
f 1426/4285 1427/4286 1431/4287
f 1426/4285 1431/4287 1430/4288
f 1428/4289 1432/4290 1431/4291
f 1428/4289 1431/4291 1427/4292
f 1425/4293 1426/4294 1430/4295
f 1425/4293 1430/4295 1429/4296
f 1433/4297 1436/4298 1435/4299
f 1433/4297 1435/4299 1434/4300
f 1437/4301 1438/4302 1439/4303
f 1437/4301 1439/4303 1440/4304
f 1433/4305 1437/4306 1440/4307
f 1433/4305 1440/4307 1436/4308
f 1434/4309 1435/4310 1439/4311
f 1434/4309 1439/4311 1438/4312
f 1436/4313 1440/4314 1439/4315
f 1436/4313 1439/4315 1435/4316
f 1433/4317 1434/4318 1438/4319
f 1433/4317 1438/4319 1437/4320
g cognition_4_membrane_3
f 1372/4105 1371/4106 1370/4107
f 1372/4105 1370/4107 1369/4108
f 1373/4109 1374/4110 1375/4111
f 1373/4109 1375/4111 1376/4112
f 1369/4113 1370/4114 1374/4115
f 1369/4113 1374/4115 1373/4116
f 1370/4117 1371/4118 1375/4119
f 1370/4117 1375/4119 1374/4120
f 1371/4121 1372/4122 1376/4123
f 1371/4121 1376/4123 1375/4124
f 1372/4125 1369/4126 1373/4127
f 1372/4125 1373/4127 1376/4128
f 1380/4129 1379/4130 1378/4131
f 1380/4129 1378/4131 1377/4132
f 1381/4133 1382/4134 1383/4135
f 1381/4133 1383/4135 1384/4136
f 1377/4137 1378/4138 1382/4139
f 1377/4137 1382/4139 1381/4140
f 1378/4141 1379/4142 1383/4143
f 1378/4141 1383/4143 1382/4144
f 1379/4145 1380/4146 1384/4147
f 1379/4145 1384/4147 1383/4148
f 1380/4149 1377/4150 1381/4151
f 1380/4149 1381/4151 1384/4152
g cognition_0_mass_0__glow
f 67/199 70/200 69/201
f 67/199 69/201 68/202
g cognition_1_mass_1__glow
f 421/1261 424/1262 423/1263
f 421/1261 423/1263 422/1264
g cognition_2_mass_2__glow
f 783/2347 786/2348 785/2349
f 783/2347 785/2349 784/2350
g cognition_3_mass_3__glow
f 1145/3433 1148/3434 1147/3435
f 1145/3433 1147/3435 1146/3436
g cognition_4_mass_0__glow
f 1219/3655 1222/3656 1221/3657
f 1219/3655 1221/3657 1220/3658
