# di-13 | final single-asset pipeline | blocks +Y up -Z front
mtllib di-13.mtl
v 0.016230521565 2.578438168691 -0.210291821245
v -0.187965016876 2.689464586369 -0.210291821245
v -0.240589725194 2.592679236764 -0.210291821245
v -0.036394186753 2.481652819086 -0.210291821245
v 0.016230521565 2.578438168691 0.199223830653
v -0.187965016876 2.689464586369 0.199223830653
v -0.240589725194 2.592679236764 0.199223830653
v -0.036394186753 2.481652819086 0.199223830653
v -0.132561831302 2.681301365583 0.213058818893
v -0.203618738616 2.550616220981 0.213058818893
v -0.091797372327 2.489816039872 0.213058818893
v -0.020740465013 2.620501184474 0.213058818893
v -0.132561831302 2.681301365583 0.296068748331
v -0.203618738616 2.550616220981 0.296068748331
v -0.091797372327 2.489816039872 0.296068748331
v -0.020740465013 2.620501184474 0.296068748331
v -0.075629138324 2.430516634096 -0.224639216456
v -0.201354773623 2.643815421754 -0.224639216456
v -0.315235323471 2.576690312254 -0.224639216456
v -0.189509688173 2.363391524595 -0.224639216456
v -0.075629138324 2.430516634096 0.213571225865
v -0.201354773623 2.643815421754 0.213571225865
v -0.315235323471 2.576690312254 0.213571225865
v -0.189509688173 2.363391524595 0.213571225865
v -0.159492686530 2.598661234060 0.227406214104
v -0.296003910631 2.518196827469 0.227406214104
v -0.231371775266 2.408545712290 0.227406214104
v -0.094860551165 2.489010118881 0.227406214104
v -0.159492686530 2.598661234060 0.310416143543
v -0.296003910631 2.518196827469 0.310416143543
v -0.231371775266 2.408545712290 0.310416143543
v -0.094860551165 2.489010118881 0.310416143543
v -0.249886964769 2.338683284367 -0.238986611668
v -0.254858046876 2.601398552483 -0.238986611668
v -0.409831891694 2.598466146945 -0.238986611668
v -0.404860809587 2.335750878829 -0.238986611668
v -0.249886964769 2.338683284367 0.227918621076
v -0.254858046876 2.601398552483 0.227918621076
v -0.409831891694 2.598466146945 0.227918621076
v -0.404860809587 2.335750878829 0.227918621076
v -0.246994536969 2.533795017897 0.241753609316
v -0.415132308563 2.530613525349 0.241753609316
v -0.412724319493 2.403354413414 0.241753609316
v -0.244586547899 2.406535905963 0.241753609316
v -0.246994536969 2.533795017897 0.324763538755
v -0.415132308563 2.530613525349 0.324763538755
v -0.412724319493 2.403354413414 0.324763538755
v -0.244586547899 2.406535905963 0.324763538755
v -0.471268110781 2.343718010441 -0.253334006880
v -0.343424590499 2.590499015334 -0.253334006880
v -0.501738570366 2.672512687759 -0.253334006880
v -0.629582090648 2.425731682866 -0.253334006880
v -0.471268110781 2.343718010441 0.242266016288
v -0.343424590499 2.590499015334 0.242266016288
v -0.501738570366 2.672512687759 0.242266016288
v -0.629582090648 2.425731682866 0.242266016288
v -0.378259515580 2.523713904925 0.256101004528
v -0.536199358712 2.605533757905 0.256101004528
v -0.594747165567 2.492516793275 0.256101004528
v -0.436807322435 2.410696940294 0.256101004528
v -0.378259515580 2.523713904925 0.339110933966
v -0.536199358712 2.605533757905 0.339110933966
v -0.594747165567 2.492516793275 0.339110933966
v -0.436807322435 2.410696940294 0.339110933966
v -0.686021447546 2.465518158653 -0.267681402091
v -0.445299213468 2.632726211972 -0.267681402091
v -0.560485091427 2.798554360355 -0.267681402091
v -0.801207325505 2.631346307036 -0.267681402091
v -0.686021447546 2.465518158653 0.256613411499
v -0.445299213468 2.632726211972 0.256613411499
v -0.560485091427 2.798554360355 0.256613411499
v -0.801207325505 2.631346307036 0.256613411499
v -0.517477983557 2.591311508624 0.270448399739
v -0.624491137680 2.745373738434 0.270448399739
v -0.729028555416 2.672761010384 0.270448399739
v -0.622015401293 2.518698780574 0.270448399739
v -0.517477983557 2.591311508624 0.353458329178
v -0.624491137680 2.745373738434 0.353458329178
v -0.729028555416 2.672761010384 0.353458329178
v -0.622015401293 2.518698780574 0.353458329178
v -0.833694722676 2.695100638272 -0.282028797303
v -0.527997694256 2.734800029119 -0.282028797303
v -0.557068919395 2.958657044249 -0.282028797303
v -0.862765947816 2.918957653402 -0.282028797303
v -0.833694722676 2.695100638272 0.270960806711
v -0.527997694256 2.734800029119 0.270960806711
v -0.557068919395 2.958657044249 0.270960806711
v -0.862765947816 2.918957653402 0.270960806711
v -0.619567027052 2.737251710290 0.284795794951
v -0.644974637194 2.932897808479 0.284795794951
v -0.771196615020 2.916505972231 0.284795794951
v -0.745789004877 2.720859874042 0.284795794951
v -0.619567027052 2.737251710290 0.367805724390
v -0.644974637194 2.932897808479 0.367805724390
v -0.771196615020 2.916505972231 0.367805724390
v -0.745789004877 2.720859874042 0.367805724390
v -0.862200587118 2.993229674010 -0.296376192514
v -0.557634280093 2.884385023642 -0.296376192514
v -0.473595427053 3.119540385256 -0.296376192514
v -0.778161734078 3.228385035624 -0.296376192514
v -0.862200587118 2.993229674010 0.285308201923
v -0.557634280093 2.884385023642 0.285308201923
v -0.473595427053 3.119540385256 0.285308201923
v -0.778161734078 3.228385035624 0.285308201923
v -0.642799373574 2.937506660599 0.299143190162
v -0.573138797338 3.132429097095 0.299143190162
v -0.692996640597 3.175263398666 0.299143190162
v -0.762657216833 2.980340962170 0.299143190162
v -0.642799373574 2.937506660599 0.382153119601
v -0.573138797338 3.132429097095 0.382153119601
v -0.692996640597 3.175263398666 0.382153119601
v -0.762657216833 2.980340962170 0.382153119601
v -0.742430591449 3.296754686479 -0.310723587726
v -0.509326569681 3.051170734400 -0.310723587726
v -0.310726463571 3.239678505637 -0.310723587726
v -0.543830485339 3.485262457715 -0.310723587726
v -0.742430591449 3.296754686479 0.299655597134
v -0.509326569681 3.051170734400 0.299655597134
v -0.310726463571 3.239678505637 0.299655597134
v -0.543830485339 3.485262457715 0.299655597134
v -0.561352559997 3.147464824152 0.313490585374
v -0.404178830667 3.296651398084 0.313490585374
v -0.491804495024 3.388968367963 0.313490585374
v -0.648978224354 3.239781794032 0.313490585374
v -0.561352559997 3.147464824152 0.396500514813
v -0.404178830667 3.296651398084 0.396500514813
v -0.491804495024 3.388968367963 0.396500514813
v -0.648978224354 3.239781794032 0.396500514813
v -0.478578298789 3.531750969694 -0.325070982938
v -0.375978650121 3.193189993658 -0.325070982938
v -0.090781944124 3.279617798124 -0.325070982938
v -0.193381592793 3.618178774160 -0.325070982938
v -0.478578298789 3.531750969694 0.314002992346
v -0.375978650121 3.193189993658 0.314002992346
v -0.090781944124 3.279617798124 0.314002992346
v -0.193381592793 3.618178774160 0.314002992346
v -0.374562396876 3.311946828282 0.327837980586
v -0.157883372212 3.377610603430 0.327837980586
v -0.194797846038 3.499421939536 0.327837980586
v -0.411476870701 3.433758164388 0.327837980586
v -0.374562396876 3.311946828282 0.410847910024
v -0.157883372212 3.377610603430 0.410847910024
v -0.194797846038 3.499421939536 0.410847910024
v -0.411476870701 3.433758164388 0.410847910024
v -0.111166653679 3.630755782384 -0.339418378149
v -0.172996883238 3.267040789900 -0.339418378149
v 0.144702610306 3.213033028267 -0.339418378149
v 0.206532839864 3.576748020752 -0.339418378149
v -0.111166653679 3.630755782384 0.328350387558
v -0.172996883238 3.267040789900 0.328350387558
v 0.144702610306 3.213033028267 0.328350387558
v 0.206532839864 3.576748020752 0.328350387558
v -0.110286533881 3.378939242581 0.342185375797
v 0.122491061309 3.339367895663 0.342185375797
v 0.143822490507 3.464849568071 0.342185375797
v -0.088955104683 3.504420914988 0.342185375797
v -0.110286533881 3.378939242581 0.425195305236
v 0.122491061309 3.339367895663 0.425195305236
v 0.143822490507 3.464849568071 0.425195305236
v -0.088955104683 3.504420914988 0.425195305236
v 0.288620805455 3.550175930875 -0.353765773361
v 0.062614644714 3.239605118143 -0.353765773361
v 0.342833955454 3.035686114845 -0.353765773361
v 0.568840116195 3.346256927577 -0.353765773361
v 0.288620805455 3.550175930875 0.342697782769
v 0.062614644714 3.239605118143 0.342697782769
v 0.342833955454 3.035686114845 0.342697782769
v 0.568840116195 3.346256927577 0.342697782769
v 0.178898128646 3.313795023458 0.356532771009
v 0.377663448795 3.169151080584 0.356532771009
v 0.452556632263 3.272067022263 0.356532771009
v 0.253791312115 3.416710965137 0.356532771009
v 0.178898128646 3.313795023458 0.439542700448
v 0.377663448795 3.169151080584 0.439542700448
v 0.452556632263 3.272067022263 0.439542700448
v 0.253791312115 3.416710965137 0.439542700448
v 0.632673063618 3.283614145854 -0.368113168573
v 0.279001008031 3.098328896568 -0.368113168573
v 0.451127053160 2.769775099460 -0.368113168573
v 0.804799108748 2.955060348746 -0.368113168573
v 0.632673063618 3.283614145854 0.357045177981
v 0.279001008031 3.098328896568 0.357045177981
v 0.451127053160 2.769775099460 0.357045177981
v 0.804799108748 2.955060348746 0.357045177981
v 0.426235486390 3.110336277004 0.370880166221
v 0.544818045933 2.883986161428 0.370880166221
v 0.657564630389 2.943052968310 0.370880166221
v 0.538982070846 3.169403083886 0.370880166221
v 0.426235486390 3.110336277004 0.453890095659
v 0.544818045933 2.883986161428 0.453890095659
v 0.657564630389 2.943052968310 0.453890095659
v 0.538982070846 3.169403083886 0.453890095659
v 0.835117178288 2.867538494432 -0.382460563784
v 0.420808983620 2.857296953774 -0.382460563784
v 0.430577513794 2.462123782495 -0.382460563784
v 0.844885708462 2.472365323154 -0.382460563784
v 0.835117178288 2.867538494432 0.371392573192
v 0.420808983620 2.857296953774 0.371392573192
v 0.430577513794 2.462123782495 0.371392573192
v 0.844885708462 2.472365323154 0.371392573192
v 0.565948542424 2.795837061265 0.385227561432
v 0.572503128446 2.530679816677 0.385227561432
v 0.699746149657 2.533825215663 0.385227561432
v 0.693191563636 2.798982460250 0.385227561432
v 0.565948542424 2.795837061265 0.468237490871
v 0.572503128446 2.530679816677 0.468237490871
v 0.699746149657 2.533825215663 0.468237490871
v 0.693191563636 2.798982460250 0.468237490871
v 0.832790468154 2.377291715114 -0.396807958996
v 0.442672754101 2.557197390534 -0.396807958996
v 0.266911479429 2.176066631128 -0.396807958996
v 0.657029193483 1.996160955709 -0.396807958996
v 0.832790468154 2.377291715114 0.385739968404
v 0.442672754101 2.557197390534 0.385739968404
v 0.266911479429 2.176066631128 0.385739968404
v 0.657029193483 1.996160955709 0.385739968404
v 0.549629019786 2.428167944776 0.399574956644
v 0.434489387517 2.178492607782 0.399574956644
v 0.550072927797 2.125190401467 0.399574956644
v 0.665212560066 2.374865738461 0.399574956644
v 0.549629019786 2.428167944776 0.482584886083
v 0.434489387517 2.178492607782 0.482584886083
v 0.550072927797 2.125190401467 0.482584886083
v 0.665212560066 2.374865738461 0.482584886083
v 0.602283626234 1.913582339779 -0.411155354208
v 0.321657046678 2.258645247059 -0.411155354208
v -0.022918457224 1.978415054190 -0.411155354208
v 0.257708122332 1.633352146910 -0.411155354208
v 0.602283626234 1.913582339779 0.400087363616
v 0.321657046678 2.258645247059 0.400087363616
v -0.022918457224 1.978415054190 0.400087363616
v 0.257708122332 1.633352146910 0.400087363616
v 0.359948542967 2.085173411065 0.413922351855
v 0.139108282308 1.905572400149 0.413922351855
v 0.219416626043 1.806823982904 0.413922351855
v 0.440256886702 1.986424993820 0.413922351855
v 0.359948542967 2.085173411065 0.496932281294
v 0.139108282308 1.905572400149 0.496932281294
v 0.219416626043 1.806823982904 0.496932281294
v 0.440256886702 1.986424993820 0.496932281294
v 0.169283064464 1.581845641890 -0.425502749419
v 0.065506600644 2.029921559211 -0.425502749419
v -0.391006261501 1.924191059779 -0.425502749419
v -0.287229797681 1.476115142459 -0.425502749419
v 0.169283064464 1.581845641890 0.414434758827
v 0.065506600644 2.029921559211 0.414434758827
v -0.391006261501 1.924191059779 0.414434758827
v -0.287229797681 1.476115142459 0.414434758827
v 0.018163251167 1.848226628672 0.428269747067
v -0.268605335918 1.781809691828 0.428269747067
v -0.239886448204 1.657810072997 0.428269747067
v 0.046882138881 1.724227009842 0.428269747067
v 0.018163251167 1.848226628672 0.511279676506
v -0.268605335918 1.781809691828 0.511279676506
v -0.239886448204 1.657810072997 0.511279676506
v 0.046882138881 1.724227009842 0.511279676506
v -0.392570688532 1.468693158121 -0.439850144631
v -0.285665370650 1.931613044117 -0.439850144631
v -0.766090512918 2.042560972920 -0.439850144631
v -0.872995830801 1.579641086924 -0.439850144631
v -0.392570688532 1.468693158121 0.428782154039
v -0.285665370650 1.931613044117 0.428782154039
v -0.766090512918 2.042560972920 0.428782154039
v -0.872995830801 1.579641086924 0.428782154039
v -0.416876090010 1.783426261383 0.442617142279
v -0.713144817047 1.851845664828 0.442617142279
v -0.741785111441 1.727827869658 0.442617142279
v -0.445516384404 1.659408466213 0.442617142279
v -0.416876090010 1.783426261383 0.525627071717
v -0.713144817047 1.851845664828 0.525627071717
v -0.741785111441 1.727827869658 0.525627071717
v -0.445516384404 1.659408466213 0.525627071717
v -0.973866345151 1.620639040917 -0.454197539842
v -0.665219998568 2.001563018927 -0.454197539842
v -1.067344640180 2.327387353098 -0.454197539842
v -1.375990986764 1.946463375087 -0.454197539842
v -0.973866345151 1.620639040917 0.443129549251
v -0.665219998568 2.001563018927 0.443129549251
v -1.067344640180 2.327387353098 0.443129549251
v -1.375990986764 1.946463375087 0.443129549251
v -0.858645149713 1.924693228631 0.456964537490
v -1.102436495640 2.122226890444 0.456964537490
v -1.182565835619 2.023333165384 0.456964537490
v -0.938774489692 1.825799503570 0.456964537490
v -0.858645149713 1.924693228631 0.539974466929
v -1.102436495640 2.122226890444 0.539974466929
v -1.182565835619 2.023333165384 0.539974466929
v -0.938774489692 1.825799503570 0.539974466929
v -1.450712896192 2.030129751149 -0.468544935054
v -0.992622730752 2.243720977037 -0.468544935054
v -1.221688943052 2.735000422870 -0.468544935054
v -1.679779108492 2.521409196983 -0.468544935054
v -1.450712896192 2.030129751149 0.457476944462
v -0.992622730752 2.243720977037 0.457476944462
v -1.221688943052 2.735000422870 0.457476944462
v -1.679779108492 2.521409196983 0.457476944462
v -1.210172491179 2.262870019810 0.471311932702
v -1.346870875747 2.556047725692 0.471311932702
v -1.462229348065 2.502260154209 0.471311932702
v -1.325530963497 2.209082448327 0.471311932702
v -1.210172491179 2.262870019810 0.554321862141
v -1.346870875747 2.556047725692 0.554321862141
v -1.462229348065 2.502260154209 0.554321862141
v -1.325530963497 2.209082448327 0.554321862141
v -1.710999908911 2.632585153385 -0.482892330266
v -1.190468142633 2.623824466468 -0.482892330266
v -1.180933977841 3.190313793895 -0.482892330266
v -1.701465744119 3.199074480812 -0.482892330266
v -1.710999908911 2.632585153385 0.471824339674
v -1.190468142633 2.623824466468 0.471824339674
v -1.180933977841 3.190313793895 0.471824339674
v -1.701465744119 3.199074480812 0.471824339674
v -1.385138428768 2.743808366192 0.485659327914
v -1.379531589142 3.076948696609 0.485659327914
v -1.506795457984 3.079090581088 0.485659327914
v -1.512402297610 2.745950250670 0.485659327914
v -1.385138428768 2.743808366192 0.568669257352
v -1.379531589142 3.076948696609 0.568669257352
v -1.506795457984 3.079090581088 0.568669257352
v -1.512402297610 2.745950250670 0.568669257352
v -1.680087918755 3.315919548637 -0.497239725477
v -1.202311803205 3.073468726070 -0.497239725477
v -0.934828106901 3.600574883267 -0.497239725477
v -1.412604222452 3.843025705835 -0.497239725477
v -1.680087918755 3.315919548637 0.486171734885
v -1.202311803205 3.073468726070 0.486171734885
v -0.934828106901 3.600574883267 0.486171734885
v -1.412604222452 3.843025705835 0.486171734885
v -1.328290369440 3.276559708093 0.500006723125
v -1.173121842997 3.582336422046 0.500006723125
v -1.286625656217 3.639934723811 0.500006723125
v -1.441794182660 3.334158009859 0.500006723125
v -1.328290369440 3.276559708093 0.583016652564
v -1.173121842997 3.582336422046 0.583016652564
v -1.286625656217 3.639934723811 0.583016652564
v -1.441794182660 3.334158009859 0.583016652564
v -1.340152690183 3.941305641413 -0.511587120689
v -1.007279639170 3.502294947689 -0.511587120689
v -0.516728737477 3.874247562189 -0.511587120689
v -0.849601788489 4.313258255912 -0.511587120689
v -1.340152690183 3.941305641413 0.500519130097
v -1.007279639170 3.502294947689 0.500519130097
v -0.516728737477 3.874247562189 0.500519130097
v -0.849601788489 4.313258255912 0.500519130097
v -1.030472840308 3.750545610744 0.514354118337
v -0.749505996325 3.963584363392 0.514354118337
v -0.826408587351 4.065007592857 0.514354118337
v -1.107375431335 3.851968840209 0.514354118337
v -1.030472840308 3.750545610744 0.597364047776
v -0.749505996325 3.963584363392 0.597364047776
v -0.826408587351 4.065007592857 0.597364047776
v -1.107375431335 3.851968840209 0.597364047776
v -0.738450182913 4.371355006427 -0.525934515901
v -0.627880343053 3.816150811674 -0.525934515901
v -0.000051324759 3.941184006071 -0.525934515901
v -0.110621164620 4.496388200825 -0.525934515901
v -0.738450182913 4.371355006427 0.514866525309
v -0.627880343053 3.816150811674 0.514866525309
v -0.000051324759 3.941184006071 0.514866525309
v -0.110621164620 4.496388200825 0.514866525309
v -0.534485996492 4.058471914021 0.528701513549
v -0.179155311849 4.129236611532 0.528701513549
v -0.204015511181 4.254067098477 0.528701513549
v -0.559346195823 4.183302400966 0.528701513549
v -0.534485996492 4.058471914021 0.611711442987
v -0.179155311849 4.129236611532 0.611711442987
v -0.204015511181 4.254067098477 0.611711442987
v -0.559346195823 4.183302400966 0.611711442987
v 0.018071836766 4.500000000000 -0.540281911112
v -0.128744326145 3.937572206896 -0.540281911112
v 0.514406464849 3.769684110922 -0.540281911112
v 0.661222627760 4.332111904027 -0.540281911112
v 0.018071836766 4.500000000000 0.529213920520
v -0.128744326145 3.937572206896 0.529213920520
v 0.514406464849 3.769684110922 0.529213920520
v 0.661222627760 4.332111904027 0.529213920520
v 0.070188061463 4.120245713573 0.543048908760
v 0.430141849049 4.026283369310 0.543048908760
v 0.462290240152 4.149438397349 0.543048908760
v 0.102336452565 4.243400741612 0.543048908760
v 0.070188061463 4.120245713573 0.626058838199
v 0.430141849049 4.026283369310 0.626058838199
v 0.462290240152 4.149438397349 0.626058838199
v 0.102336452565 4.243400741612 0.626058838199
v 0.781534973398 4.277631498698 -0.554629306324
v 0.394094119211 3.824164516251 -0.554629306324
v 0.918124091696 3.376434851208 -0.554629306324
v 1.305564945883 3.829901833654 -0.554629306324
v 0.781534973398 4.277631498698 0.543561315732
v 0.394094119211 3.824164516251 0.543561315732
v 0.918124091696 3.376434851208 0.543561315732
v 1.305564945883 3.829901833654 0.543561315732
v 0.663379759599 3.902628853774 0.557396303972
v 0.953598628365 3.654666707094 0.557396303972
v 1.036279305495 3.751437496132 0.557396303972
v 0.746060436729 3.999399642811 0.557396303972
v 0.663379759599 3.902628853774 0.640406233410
v 0.953598628365 3.654666707094 0.640406233410
v 1.036279305495 3.751437496132 0.640406233410
v 0.746060436729 3.999399642811 0.640406233410
v 1.392028545421 3.725697080676 -0.568976701535
v 0.831660492159 3.480639604186 -0.568976701535
v 1.117666871628 2.826634509627 -0.568976701535
v 1.678034924891 3.071691986117 -0.568976701535
v 1.392028545421 3.725697080676 0.557908710944
v 0.831660492159 3.480639604186 0.557908710944
v 1.117666871628 2.826634509627 0.557908710944
v 1.678034924891 3.071691986117 0.557908710944
v 1.118120240801 3.429984126334 0.571743699183
v 1.274957025754 3.071348572246 0.571743699183
v 1.391575176249 3.122347463969 0.571743699183
v 1.234738391295 3.480983018057 0.571743699183
v 1.118120240801 3.429984126334 0.654753628622
v 1.274957025754 3.071348572246 0.654753628622
v 1.391575176249 3.122347463969 0.654753628622
v 1.234738391295 3.480983018057 0.654753628622
v 1.710999908911 2.936923932355 -0.583324096747
v 1.084701887609 2.961402563389 -0.583324096747
v 1.055865027851 2.223597079813 -0.583324096747
v 1.682163049153 2.199118448780 -0.583324096747
v 1.710999908911 2.936923932355 0.572256106155
v 1.084701887609 2.961402563389 0.572256106155
v 1.055865027851 2.223597079813 0.572256106155
v 1.682163049153 2.199118448780 0.572256106155
v 1.327673238024 2.783161358491 0.586091094395
v 1.312006914163 2.382330624858 0.586091094395
v 1.439191698737 2.377359653677 0.586091094395
v 1.454858022599 2.778190387310 0.586091094395
v 1.327673238024 2.783161358491 0.669101023834
v 1.312006914163 2.382330624858 0.669101023834
v 1.439191698737 2.377359653677 0.669101023834
v 1.454858022599 2.778190387310 0.669101023834
v 1.652184322044 2.060237149697 -0.597671491959
v 1.085843754960 2.362478378896 -0.597671491959
v 0.726637637025 1.689396823907 -0.597671491959
v 1.292978204109 1.387155594708 -0.597671491959
v 1.652184322044 2.060237149697 0.586603501367
v 1.085843754960 2.362478378896 0.586603501367
v 0.726637637025 1.689396823907 0.586603501367
v 1.292978204109 1.387155594708 0.586603501367
v 1.229982340797 2.086009538405 0.600438489607
v 1.036547954109 1.723551575471 0.600438489607
v 1.148839618272 1.663624435199 0.600438489607
v 1.342274004960 2.026082398132 0.600438489607
v 1.229982340797 2.086009538405 0.683448419045
v 1.036547954109 1.723551575471 0.683448419045
v 1.148839618272 1.663624435199 0.683448419045
v 1.342274004960 2.026082398132 0.683448419045
v -0.294814288091 2.625976030191 -0.188155840061
v -0.012259539214 2.723267432495 -0.188155840061
v -0.098740785707 2.974427209274 -0.188155840061
v -0.381295534584 2.877135806970 -0.188155840061
v -0.294814288091 2.625976030191 0.188155840061
v -0.012259539214 2.723267432495 0.188155840061
v -0.098740785707 2.974427209274 0.188155840061
v -0.381295534584 2.877135806970 0.188155840061
v 0.211754075056 2.776989607163 -0.318204729515
v 0.270553793824 2.792744944322 -0.318204729515
v 0.217851256533 2.989433491179 -0.318204729515
v 0.159051537765 2.973678154020 -0.318204729515
v 0.211754075056 2.776989607163 -0.257330781260
v 0.270553793824 2.792744944322 -0.257330781260
v 0.217851256533 2.989433491179 -0.257330781260
v 0.159051537765 2.973678154020 -0.257330781260
v 0.223609618717 2.775507547702 -0.245709391139
v 0.261027621569 2.785533671348 -0.245709391139
v 0.205995712872 2.990915550641 -0.245709391139
v 0.168577710020 2.980889426994 -0.245709391139
v 0.223609618717 2.775507547702 -0.219146213718
v 0.261027621569 2.785533671348 -0.219146213718
v 0.205995712872 2.990915550641 -0.219146213718
v 0.168577710020 2.980889426994 -0.219146213718
v 0.149059578559 2.990984735033 -0.318204729515
v 0.192103960167 3.034029116642 -0.318204729515
v 0.048117950602 3.178015126207 -0.318204729515
v 0.005073568993 3.134970744598 -0.318204729515
v 0.149059578559 2.990984735033 -0.257330781260
v 0.192103960167 3.034029116642 -0.257330781260
v 0.048117950602 3.178015126207 -0.257330781260
v 0.005073568993 3.134970744598 -0.257330781260
v 0.160067810275 2.995629005720 -0.245709391139
v 0.187459689481 3.023020884925 -0.245709391139
v 0.037109718886 3.173370855520 -0.245709391139
v 0.009717839680 3.145978976315 -0.245709391139
v 0.160067810275 2.995629005720 -0.219146213718
v 0.187459689481 3.023020884925 -0.219146213718
v 0.037109718886 3.173370855520 -0.219146213718
v 0.009717839680 3.145978976315 -0.219146213718
v -0.012233012020 3.144962703805 -0.318204729515
v 0.003522325139 3.203762422572 -0.318204729515
v -0.193166221717 3.256464959864 -0.318204729515
v -0.208921558876 3.197665241096 -0.318204729515
v -0.012233012020 3.144962703805 -0.257330781260
v 0.003522325139 3.203762422572 -0.257330781260
v -0.193166221717 3.256464959864 -0.257330781260
v -0.208921558876 3.197665241096 -0.257330781260
v -0.005021739045 3.154488876059 -0.245709391139
v 0.005004384601 3.191906878912 -0.245709391139
v -0.200377494691 3.246938787609 -0.245709391139
v -0.210403618338 3.209520784757 -0.245709391139
v -0.005021739045 3.154488876059 -0.219146213718
v 0.005004384601 3.191906878912 -0.219146213718
v -0.200377494691 3.246938787609 -0.219146213718
v -0.210403618338 3.209520784757 -0.219146213718
v -0.228905477289 3.197665241096 -0.318204729515
v -0.244660814448 3.256464959864 -0.318204729515
v -0.441349361304 3.203762422572 -0.318204729515
v -0.425594024145 3.144962703805 -0.318204729515
v -0.228905477289 3.197665241096 -0.257330781260
v -0.244660814448 3.256464959864 -0.257330781260
v -0.441349361304 3.203762422572 -0.257330781260
v -0.425594024145 3.144962703805 -0.257330781260
v -0.227423417827 3.209520784757 -0.245709391139
v -0.237449541474 3.246938787609 -0.245709391139
v -0.442831420766 3.191906878912 -0.245709391139
v -0.432805297120 3.154488876059 -0.245709391139
v -0.227423417827 3.209520784757 -0.219146213718
v -0.237449541474 3.246938787609 -0.219146213718
v -0.442831420766 3.191906878912 -0.219146213718
v -0.432805297120 3.154488876059 -0.219146213718
v -0.442900605159 3.134970744598 -0.318204729515
v -0.485944986767 3.178015126207 -0.318204729515
v -0.629930996332 3.034029116642 -0.318204729515
v -0.586886614724 2.990984735033 -0.318204729515
v -0.442900605159 3.134970744598 -0.257330781260
v -0.485944986767 3.178015126207 -0.257330781260
v -0.629930996332 3.034029116642 -0.257330781260
v -0.586886614724 2.990984735033 -0.257330781260
v -0.447544875845 3.145978976315 -0.245709391139
v -0.474936755051 3.173370855520 -0.245709391139
v -0.625286725646 3.023020884925 -0.245709391139
v -0.597894846440 2.995629005720 -0.245709391139
v -0.447544875845 3.145978976315 -0.219146213718
v -0.474936755051 3.173370855520 -0.219146213718
v -0.625286725646 3.023020884925 -0.219146213718
v -0.597894846440 2.995629005720 -0.219146213718
v -0.596878573930 2.973678154020 -0.318204729515
v -0.655678292698 2.989433491179 -0.318204729515
v -0.708380829989 2.792744944322 -0.318204729515
v -0.649581111221 2.776989607163 -0.318204729515
v -0.596878573930 2.973678154020 -0.257330781260
v -0.655678292698 2.989433491179 -0.257330781260
v -0.708380829989 2.792744944322 -0.257330781260
v -0.649581111221 2.776989607163 -0.257330781260
v -0.606404746185 2.980889426994 -0.245709391139
v -0.643822749037 2.990915550641 -0.245709391139
v -0.698854657734 2.785533671348 -0.245709391139
v -0.661436654882 2.775507547702 -0.245709391139
v -0.606404746185 2.980889426994 -0.219146213718
v -0.643822749037 2.990915550641 -0.219146213718
v -0.698854657734 2.785533671348 -0.219146213718
v -0.661436654882 2.775507547702 -0.219146213718
v -0.649581111221 2.757005688750 -0.318204729515
v -0.708380829989 2.741250351591 -0.318204729515
v -0.655678292698 2.544561804735 -0.318204729515
v -0.596878573930 2.560317141894 -0.318204729515
v -0.649581111221 2.757005688750 -0.257330781260
v -0.708380829989 2.741250351591 -0.257330781260
v -0.655678292698 2.544561804735 -0.257330781260
v -0.596878573930 2.560317141894 -0.257330781260
v -0.661436654882 2.758487748212 -0.245709391139
v -0.698854657734 2.748461624566 -0.245709391139
v -0.643822749037 2.543079745273 -0.245709391139
v -0.606404746185 2.553105868920 -0.245709391139
v -0.661436654882 2.758487748212 -0.219146213718
v -0.698854657734 2.748461624566 -0.219146213718
v -0.643822749037 2.543079745273 -0.219146213718
v -0.606404746185 2.553105868920 -0.219146213718
v -0.586886614724 2.543010560881 -0.318204729515
v -0.629930996332 2.499966179272 -0.318204729515
v -0.485944986767 2.355980169707 -0.318204729515
v -0.442900605159 2.399024551316 -0.318204729515
v -0.586886614724 2.543010560881 -0.257330781260
v -0.629930996332 2.499966179272 -0.257330781260
v -0.485944986767 2.355980169707 -0.257330781260
v -0.442900605159 2.399024551316 -0.257330781260
v -0.597894846440 2.538366290194 -0.245709391139
v -0.625286725646 2.510974410989 -0.245709391139
v -0.474936755051 2.360624440394 -0.245709391139
v -0.447544875845 2.388016319599 -0.245709391139
v -0.597894846440 2.538366290194 -0.219146213718
v -0.625286725646 2.510974410989 -0.219146213718
v -0.474936755051 2.360624440394 -0.219146213718
v -0.447544875845 2.388016319599 -0.219146213718
v -0.425594024145 2.389032592109 -0.318204729515
v -0.441349361304 2.330232873342 -0.318204729515
v -0.244660814448 2.277530336050 -0.318204729515
v -0.228905477289 2.336330054818 -0.318204729515
v -0.425594024145 2.389032592109 -0.257330781260
v -0.441349361304 2.330232873342 -0.257330781260
v -0.244660814448 2.277530336050 -0.257330781260
v -0.228905477289 2.336330054818 -0.257330781260
v -0.432805297120 2.379506419854 -0.245709391139
v -0.442831420766 2.342088417002 -0.245709391139
v -0.237449541474 2.287056508305 -0.245709391139
v -0.227423417827 2.324474511157 -0.245709391139
v -0.432805297120 2.379506419854 -0.219146213718
v -0.442831420766 2.342088417002 -0.219146213718
v -0.237449541474 2.287056508305 -0.219146213718
v -0.227423417827 2.324474511157 -0.219146213718
v -0.208921558876 2.336330054818 -0.318204729515
v -0.193166221717 2.277530336050 -0.318204729515
v 0.003522325139 2.330232873342 -0.318204729515
v -0.012233012020 2.389032592109 -0.318204729515
v -0.208921558876 2.336330054818 -0.257330781260
v -0.193166221717 2.277530336050 -0.257330781260
v 0.003522325139 2.330232873342 -0.257330781260
v -0.012233012020 2.389032592109 -0.257330781260
v -0.210403618338 2.324474511157 -0.245709391139
v -0.200377494691 2.287056508305 -0.245709391139
v 0.005004384601 2.342088417002 -0.245709391139
v -0.005021739045 2.379506419854 -0.245709391139
v -0.210403618338 2.324474511157 -0.219146213718
v -0.200377494691 2.287056508305 -0.219146213718
v 0.005004384601 2.342088417002 -0.219146213718
v -0.005021739045 2.379506419854 -0.219146213718
v 0.005073568993 2.399024551316 -0.318204729515
v 0.048117950602 2.355980169707 -0.318204729515
v 0.192103960167 2.499966179272 -0.318204729515
v 0.149059578559 2.543010560881 -0.318204729515
v 0.005073568993 2.399024551316 -0.257330781260
v 0.048117950602 2.355980169707 -0.257330781260
v 0.192103960167 2.499966179272 -0.257330781260
v 0.149059578559 2.543010560881 -0.257330781260
v 0.009717839680 2.388016319599 -0.245709391139
v 0.037109718886 2.360624440394 -0.245709391139
v 0.187459689481 2.510974410989 -0.245709391139
v 0.160067810275 2.538366290194 -0.245709391139
v 0.009717839680 2.388016319599 -0.219146213718
v 0.037109718886 2.360624440394 -0.219146213718
v 0.187459689481 2.510974410989 -0.219146213718
v 0.160067810275 2.538366290194 -0.219146213718
v 0.159051537765 2.560317141894 -0.318204729515
v 0.217851256533 2.544561804735 -0.318204729515
v 0.270553793824 2.741250351591 -0.318204729515
v 0.211754075056 2.757005688750 -0.318204729515
v 0.159051537765 2.560317141894 -0.257330781260
v 0.217851256533 2.544561804735 -0.257330781260
v 0.270553793824 2.741250351591 -0.257330781260
v 0.211754075056 2.757005688750 -0.257330781260
v 0.168577710020 2.553105868920 -0.245709391139
v 0.205995712872 2.543079745273 -0.245709391139
v 0.261027621569 2.748461624566 -0.245709391139
v 0.223609618717 2.758487748212 -0.245709391139
v 0.168577710020 2.553105868920 -0.219146213718
v 0.205995712872 2.543079745273 -0.219146213718
v 0.261027621569 2.748461624566 -0.219146213718
v 0.223609618717 2.758487748212 -0.219146213718
v 0.665541689321 2.776989607163 -0.495292578984
v 0.724341408089 2.792744944322 -0.495292578984
v 0.610842858409 3.216327298311 -0.495292578984
v 0.552043139641 3.200571961152 -0.495292578984
v 0.665541689321 2.776989607163 -0.434418630729
v 0.724341408089 2.792744944322 -0.434418630729
v 0.610842858409 3.216327298311 -0.434418630729
v 0.552043139641 3.200571961152 -0.434418630729
v 0.677397232982 2.775507547702 -0.422797240608
v 0.714815235834 2.785533671348 -0.422797240608
v 0.598987314748 3.217809357773 -0.422797240608
v 0.561569311896 3.207783234126 -0.422797240608
v 0.677397232982 2.775507547702 -0.396234063187
v 0.714815235834 2.785533671348 -0.396234063187
v 0.598987314748 3.217809357773 -0.396234063187
v 0.561569311896 3.207783234126 -0.396234063187
v 0.542051180435 3.217878542165 -0.495292578984
v 0.585095562044 3.260922923774 -0.495292578984
v 0.275011757735 3.571006728083 -0.495292578984
v 0.231967376126 3.527962346474 -0.495292578984
v 0.542051180435 3.217878542165 -0.434418630729
v 0.585095562044 3.260922923774 -0.434418630729
v 0.275011757735 3.571006728083 -0.434418630729
v 0.231967376126 3.527962346474 -0.434418630729
v 0.553059412151 3.222522812852 -0.422797240608
v 0.580451291357 3.249914692058 -0.422797240608
v 0.264003526018 3.566362457396 -0.422797240608
v 0.236611646813 3.538970578191 -0.422797240608
v 0.553059412151 3.222522812852 -0.396234063187
v 0.580451291357 3.249914692058 -0.396234063187
v 0.264003526018 3.566362457396 -0.396234063187
v 0.236611646813 3.538970578191 -0.396234063187
v 0.214660795113 3.537954305681 -0.495292578984
v 0.230416132272 3.596754024448 -0.495292578984
v -0.193166221717 3.710252574128 -0.495292578984
v -0.208921558876 3.651452855361 -0.495292578984
v 0.214660795113 3.537954305681 -0.434418630729
v 0.230416132272 3.596754024448 -0.434418630729
v -0.193166221717 3.710252574128 -0.434418630729
v -0.208921558876 3.651452855361 -0.434418630729
v 0.221872068087 3.547480477936 -0.422797240608
v 0.231898191734 3.584898480788 -0.422797240608
v -0.200377494691 3.700726401874 -0.422797240608
v -0.210403618338 3.663308399022 -0.422797240608
v 0.221872068087 3.547480477936 -0.396234063187
v 0.231898191734 3.584898480788 -0.396234063187
v -0.200377494691 3.700726401874 -0.396234063187
v -0.210403618338 3.663308399022 -0.396234063187
v -0.228905477289 3.651452855361 -0.495292578984
v -0.244660814448 3.710252574128 -0.495292578984
v -0.668243168437 3.596754024448 -0.495292578984
v -0.652487831278 3.537954305681 -0.495292578984
v -0.228905477289 3.651452855361 -0.434418630729
v -0.244660814448 3.710252574128 -0.434418630729
v -0.668243168437 3.596754024448 -0.434418630729
v -0.652487831278 3.537954305681 -0.434418630729
v -0.227423417827 3.663308399022 -0.422797240608
v -0.237449541474 3.700726401874 -0.422797240608
v -0.669725227899 3.584898480788 -0.422797240608
v -0.659699104252 3.547480477936 -0.422797240608
v -0.227423417827 3.663308399022 -0.396234063187
v -0.237449541474 3.700726401874 -0.396234063187
v -0.669725227899 3.584898480788 -0.396234063187
v -0.659699104252 3.547480477936 -0.396234063187
v -0.669794412291 3.527962346474 -0.495292578984
v -0.712838793900 3.571006728083 -0.495292578984
v -1.022922598209 3.260922923774 -0.495292578984
v -0.979878216600 3.217878542165 -0.495292578984
v -0.669794412291 3.527962346474 -0.434418630729
v -0.712838793900 3.571006728083 -0.434418630729
v -1.022922598209 3.260922923774 -0.434418630729
v -0.979878216600 3.217878542165 -0.434418630729
v -0.674438682978 3.538970578191 -0.422797240608
v -0.701830562183 3.566362457396 -0.422797240608
v -1.018278327522 3.249914692058 -0.422797240608
v -0.990886448316 3.222522812852 -0.422797240608
v -0.674438682978 3.538970578191 -0.396234063187
v -0.701830562183 3.566362457396 -0.396234063187
v -1.018278327522 3.249914692058 -0.396234063187
v -0.990886448316 3.222522812852 -0.396234063187
v -0.989870175806 3.200571961152 -0.495292578984
v -1.048669894574 3.216327298311 -0.495292578984
v -1.162168444254 2.792744944322 -0.495292578984
v -1.103368725486 2.776989607163 -0.495292578984
v -0.989870175806 3.200571961152 -0.434418630729
v -1.048669894574 3.216327298311 -0.434418630729
v -1.162168444254 2.792744944322 -0.434418630729
v -1.103368725486 2.776989607163 -0.434418630729
v -0.999396348061 3.207783234126 -0.422797240608
v -1.036814350913 3.217809357773 -0.422797240608
v -1.152642271999 2.785533671348 -0.422797240608
v -1.115224269147 2.775507547702 -0.422797240608
v -0.999396348061 3.207783234126 -0.396234063187
v -1.036814350913 3.217809357773 -0.396234063187
v -1.152642271999 2.785533671348 -0.396234063187
v -1.115224269147 2.775507547702 -0.396234063187
v -1.103368725486 2.757005688750 -0.495292578984
v -1.162168444254 2.741250351591 -0.495292578984
v -1.048669894574 2.317667997603 -0.495292578984
v -0.989870175806 2.333423334762 -0.495292578984
v -1.103368725486 2.757005688750 -0.434418630729
v -1.162168444254 2.741250351591 -0.434418630729
v -1.048669894574 2.317667997603 -0.434418630729
v -0.989870175806 2.333423334762 -0.434418630729
v -1.115224269147 2.758487748212 -0.422797240608
v -1.152642271999 2.748461624566 -0.422797240608
v -1.036814350913 2.316185938141 -0.422797240608
v -0.999396348061 2.326212061787 -0.422797240608
v -1.115224269147 2.758487748212 -0.396234063187
v -1.152642271999 2.748461624566 -0.396234063187
v -1.036814350913 2.316185938141 -0.396234063187
v -0.999396348061 2.326212061787 -0.396234063187
v -0.979878216600 2.316116753748 -0.495292578984
v -1.022922598209 2.273072372140 -0.495292578984
v -0.712838793900 1.962988567831 -0.495292578984
v -0.669794412291 2.006032949440 -0.495292578984
v -0.979878216600 2.316116753748 -0.434418630729
v -1.022922598209 2.273072372140 -0.434418630729
v -0.712838793900 1.962988567831 -0.434418630729
v -0.669794412291 2.006032949440 -0.434418630729
v -0.990886448316 2.311472483062 -0.422797240608
v -1.018278327522 2.284080603856 -0.422797240608
v -0.701830562183 1.967632838517 -0.422797240608
v -0.674438682978 1.995024717723 -0.422797240608
v -0.990886448316 2.311472483062 -0.396234063187
v -1.018278327522 2.284080603856 -0.396234063187
v -0.701830562183 1.967632838517 -0.396234063187
v -0.674438682978 1.995024717723 -0.396234063187
v -0.652487831278 1.996040990233 -0.495292578984
v -0.668243168437 1.937241271465 -0.495292578984
v -0.244660814448 1.823742721785 -0.495292578984
v -0.228905477289 1.882542440553 -0.495292578984
v -0.652487831278 1.996040990233 -0.434418630729
v -0.668243168437 1.937241271465 -0.434418630729
v -0.244660814448 1.823742721785 -0.434418630729
v -0.228905477289 1.882542440553 -0.434418630729
v -0.659699104252 1.986514817978 -0.422797240608
v -0.669725227899 1.949096815126 -0.422797240608
v -0.237449541474 1.833268894040 -0.422797240608
v -0.227423417827 1.870686896892 -0.422797240608
v -0.659699104252 1.986514817978 -0.396234063187
v -0.669725227899 1.949096815126 -0.396234063187
v -0.237449541474 1.833268894040 -0.396234063187
v -0.227423417827 1.870686896892 -0.396234063187
v -0.208921558876 1.882542440553 -0.495292578984
v -0.193166221717 1.823742721785 -0.495292578984
v 0.230416132272 1.937241271465 -0.495292578984
v 0.214660795113 1.996040990233 -0.495292578984
v -0.208921558876 1.882542440553 -0.434418630729
v -0.193166221717 1.823742721785 -0.434418630729
v 0.230416132272 1.937241271465 -0.434418630729
v 0.214660795113 1.996040990233 -0.434418630729
v -0.210403618338 1.870686896892 -0.422797240608
v -0.200377494691 1.833268894040 -0.422797240608
v 0.231898191734 1.949096815126 -0.422797240608
v 0.221872068087 1.986514817978 -0.422797240608
v -0.210403618338 1.870686896892 -0.396234063187
v -0.200377494691 1.833268894040 -0.396234063187
v 0.231898191734 1.949096815126 -0.396234063187
v 0.221872068087 1.986514817978 -0.396234063187
v 0.231967376126 2.006032949440 -0.495292578984
v 0.275011757735 1.962988567831 -0.495292578984
v 0.585095562044 2.273072372140 -0.495292578984
v 0.542051180435 2.316116753748 -0.495292578984
v 0.231967376126 2.006032949440 -0.434418630729
v 0.275011757735 1.962988567831 -0.434418630729
v 0.585095562044 2.273072372140 -0.434418630729
v 0.542051180435 2.316116753748 -0.434418630729
v 0.236611646813 1.995024717723 -0.422797240608
v 0.264003526018 1.967632838517 -0.422797240608
v 0.580451291357 2.284080603856 -0.422797240608
v 0.553059412151 2.311472483062 -0.422797240608
v 0.236611646813 1.995024717723 -0.396234063187
v 0.264003526018 1.967632838517 -0.396234063187
v 0.580451291357 2.284080603856 -0.396234063187
v 0.553059412151 2.311472483062 -0.396234063187
v 0.552043139641 2.333423334762 -0.495292578984
v 0.610842858409 2.317667997603 -0.495292578984
v 0.724341408089 2.741250351591 -0.495292578984
v 0.665541689321 2.757005688750 -0.495292578984
v 0.552043139641 2.333423334762 -0.434418630729
v 0.610842858409 2.317667997603 -0.434418630729
v 0.724341408089 2.741250351591 -0.434418630729
v 0.665541689321 2.757005688750 -0.434418630729
v 0.561569311896 2.326212061787 -0.422797240608
v 0.598987314748 2.316185938141 -0.422797240608
v 0.714815235834 2.748461624566 -0.422797240608
v 0.677397232982 2.758487748212 -0.422797240608
v 0.561569311896 2.326212061787 -0.396234063187
v 0.598987314748 2.316185938141 -0.396234063187
v 0.714815235834 2.748461624566 -0.396234063187
v 0.677397232982 2.758487748212 -0.396234063187
v 1.174669256545 2.776989607163 -0.683448419045
v 1.233468975313 2.792744944322 -0.683448419045
v 1.051760265392 3.470891081923 -0.683448419045
v 0.992960546624 3.455135744764 -0.683448419045
v 1.174669256545 2.776989607163 -0.622574470790
v 1.233468975313 2.792744944322 -0.622574470790
v 1.051760265392 3.470891081923 -0.622574470790
v 0.992960546624 3.455135744764 -0.622574470790
v 1.186524800206 2.775507547702 -0.610953080669
v 1.223942803058 2.785533671348 -0.610953080669
v 1.039904721731 3.472373141385 -0.610953080669
v 1.002486718879 3.462347017738 -0.610953080669
v 1.186524800206 2.775507547702 -0.584389903248
v 1.223942803058 2.785533671348 -0.584389903248
v 1.039904721731 3.472373141385 -0.584389903248
v 1.002486718879 3.462347017738 -0.584389903248
v 0.982968587418 3.472442325777 -0.683448419045
v 1.026012969027 3.515486707386 -0.683448419045
v 0.529575541347 4.011924135066 -0.683448419045
v 0.486531159738 3.968879753457 -0.683448419045
v 0.982968587418 3.472442325777 -0.622574470790
v 1.026012969027 3.515486707386 -0.622574470790
v 0.529575541347 4.011924135066 -0.622574470790
v 0.486531159738 3.968879753457 -0.622574470790
v 0.993976819134 3.477086596464 -0.610953080669
v 1.021368698340 3.504478475670 -0.610953080669
v 0.518567309630 4.007279864379 -0.610953080669
v 0.491175430425 3.979887985174 -0.610953080669
v 0.993976819134 3.477086596464 -0.584389903248
v 1.021368698340 3.504478475670 -0.584389903248
v 0.518567309630 4.007279864379 -0.584389903248
v 0.491175430425 3.979887985174 -0.584389903248
v 0.469224578725 3.978871712664 -0.683448419045
v 0.484979915884 4.037671431431 -0.683448419045
v -0.193166221717 4.219380141353 -0.683448419045
v -0.208921558876 4.160580422585 -0.683448419045
v 0.469224578725 3.978871712664 -0.622574470790
v 0.484979915884 4.037671431431 -0.622574470790
v -0.193166221717 4.219380141353 -0.622574470790
v -0.208921558876 4.160580422585 -0.622574470790
v 0.476435851699 3.988397884919 -0.610953080669
v 0.486461975346 4.025815887771 -0.610953080669
v -0.200377494691 4.209853969098 -0.610953080669
v -0.210403618338 4.172435966246 -0.610953080669
v 0.476435851699 3.988397884919 -0.584389903248
v 0.486461975346 4.025815887771 -0.584389903248
v -0.200377494691 4.209853969098 -0.584389903248
v -0.210403618338 4.172435966246 -0.584389903248
v -0.228905477289 4.160580422585 -0.683448419045
v -0.244660814448 4.219380141353 -0.683448419045
v -0.922806952049 4.037671431431 -0.683448419045
v -0.907051614890 3.978871712664 -0.683448419045
v -0.228905477289 4.160580422585 -0.622574470790
v -0.244660814448 4.219380141353 -0.622574470790
v -0.922806952049 4.037671431431 -0.622574470790
v -0.907051614890 3.978871712664 -0.622574470790
v -0.227423417827 4.172435966246 -0.610953080669
v -0.237449541474 4.209853969098 -0.610953080669
v -0.924289011511 4.025815887771 -0.610953080669
v -0.914262887864 3.988397884919 -0.610953080669
v -0.227423417827 4.172435966246 -0.584389903248
v -0.237449541474 4.209853969098 -0.584389903248
v -0.924289011511 4.025815887771 -0.584389903248
v -0.914262887864 3.988397884919 -0.584389903248
v -0.924358195903 3.968879753457 -0.683448419045
v -0.967402577512 4.011924135066 -0.683448419045
v -1.463840005192 3.515486707386 -0.683448419045
v -1.420795623583 3.472442325777 -0.683448419045
v -0.924358195903 3.968879753457 -0.622574470790
v -0.967402577512 4.011924135066 -0.622574470790
v -1.463840005192 3.515486707386 -0.622574470790
v -1.420795623583 3.472442325777 -0.622574470790
v -0.929002466590 3.979887985174 -0.610953080669
v -0.956394345795 4.007279864379 -0.610953080669
v -1.459195734505 3.504478475670 -0.610953080669
v -1.431803855299 3.477086596464 -0.610953080669
v -0.929002466590 3.979887985174 -0.584389903248
v -0.956394345795 4.007279864379 -0.584389903248
v -1.459195734505 3.504478475670 -0.584389903248
v -1.431803855299 3.477086596464 -0.584389903248
v -1.430787582789 3.455135744764 -0.683448419045
v -1.489587301557 3.470891081923 -0.683448419045
v -1.671296011478 2.792744944322 -0.683448419045
v -1.612496292710 2.776989607163 -0.683448419045
v -1.430787582789 3.455135744764 -0.622574470790
v -1.489587301557 3.470891081923 -0.622574470790
v -1.671296011478 2.792744944322 -0.622574470790
v -1.612496292710 2.776989607163 -0.622574470790
v -1.440313755044 3.462347017738 -0.610953080669
v -1.477731757896 3.472373141385 -0.610953080669
v -1.661769839223 2.785533671348 -0.610953080669
v -1.624351836371 2.775507547702 -0.610953080669
v -1.440313755044 3.462347017738 -0.584389903248
v -1.477731757896 3.472373141385 -0.584389903248
v -1.661769839223 2.785533671348 -0.584389903248
v -1.624351836371 2.775507547702 -0.584389903248
v -1.612496292710 2.757005688750 -0.683448419045
v -1.671296011478 2.741250351591 -0.683448419045
v -1.489587301557 2.063104213991 -0.683448419045
v -1.430787582789 2.078859551150 -0.683448419045
v -1.612496292710 2.757005688750 -0.622574470790
v -1.671296011478 2.741250351591 -0.622574470790
v -1.489587301557 2.063104213991 -0.622574470790
v -1.430787582789 2.078859551150 -0.622574470790
v -1.624351836371 2.758487748212 -0.610953080669
v -1.661769839223 2.748461624566 -0.610953080669
v -1.477731757896 2.061622154529 -0.610953080669
v -1.440313755044 2.071648278175 -0.610953080669
v -1.624351836371 2.758487748212 -0.584389903248
v -1.661769839223 2.748461624566 -0.584389903248
v -1.477731757896 2.061622154529 -0.584389903248
v -1.440313755044 2.071648278175 -0.584389903248
v -1.420795623583 2.061552970136 -0.683448419045
v -1.463840005192 2.018508588528 -0.683448419045
v -0.967402577512 1.522071160848 -0.683448419045
v -0.924358195903 1.565115542457 -0.683448419045
v -1.420795623583 2.061552970136 -0.622574470790
v -1.463840005192 2.018508588528 -0.622574470790
v -0.967402577512 1.522071160848 -0.622574470790
v -0.924358195903 1.565115542457 -0.622574470790
v -1.431803855299 2.056908699450 -0.610953080669
v -1.459195734505 2.029516820244 -0.610953080669
v -0.956394345795 1.526715431534 -0.610953080669
v -0.929002466590 1.554107310740 -0.610953080669
v -1.431803855299 2.056908699450 -0.584389903248
v -1.459195734505 2.029516820244 -0.584389903248
v -0.956394345795 1.526715431534 -0.584389903248
v -0.929002466590 1.554107310740 -0.584389903248
v -0.907051614890 1.555123583250 -0.683448419045
v -0.922806952049 1.496323864482 -0.683448419045
v -0.244660814448 1.314615154561 -0.683448419045
v -0.228905477289 1.373414873329 -0.683448419045
v -0.907051614890 1.555123583250 -0.622574470790
v -0.922806952049 1.496323864482 -0.622574470790
v -0.244660814448 1.314615154561 -0.622574470790
v -0.228905477289 1.373414873329 -0.622574470790
v -0.914262887864 1.545597410995 -0.610953080669
v -0.924289011511 1.508179408143 -0.610953080669
v -0.237449541474 1.324141326816 -0.610953080669
v -0.227423417827 1.361559329668 -0.610953080669
v -0.914262887864 1.545597410995 -0.584389903248
v -0.924289011511 1.508179408143 -0.584389903248
v -0.237449541474 1.324141326816 -0.584389903248
v -0.227423417827 1.361559329668 -0.584389903248
v -0.208921558876 1.373414873329 -0.683448419045
v -0.193166221717 1.314615154561 -0.683448419045
v 0.484979915884 1.496323864482 -0.683448419045
v 0.469224578725 1.555123583250 -0.683448419045
v -0.208921558876 1.373414873329 -0.622574470790
v -0.193166221717 1.314615154561 -0.622574470790
v 0.484979915884 1.496323864482 -0.622574470790
v 0.469224578725 1.555123583250 -0.622574470790
v -0.210403618338 1.361559329668 -0.610953080669
v -0.200377494691 1.324141326816 -0.610953080669
v 0.486461975346 1.508179408143 -0.610953080669
v 0.476435851699 1.545597410995 -0.610953080669
v -0.210403618338 1.361559329668 -0.584389903248
v -0.200377494691 1.324141326816 -0.584389903248
v 0.486461975346 1.508179408143 -0.584389903248
v 0.476435851699 1.545597410995 -0.584389903248
v 0.486531159738 1.565115542457 -0.683448419045
v 0.529575541347 1.522071160848 -0.683448419045
v 1.026012969027 2.018508588528 -0.683448419045
v 0.982968587418 2.061552970136 -0.683448419045
v 0.486531159738 1.565115542457 -0.622574470790
v 0.529575541347 1.522071160848 -0.622574470790
v 1.026012969027 2.018508588528 -0.622574470790
v 0.982968587418 2.061552970136 -0.622574470790
v 0.491175430425 1.554107310740 -0.610953080669
v 0.518567309630 1.526715431534 -0.610953080669
v 1.021368698340 2.029516820244 -0.610953080669
v 0.993976819134 2.056908699450 -0.610953080669
v 0.491175430425 1.554107310740 -0.584389903248
v 0.518567309630 1.526715431534 -0.584389903248
v 1.021368698340 2.029516820244 -0.584389903248
v 0.993976819134 2.056908699450 -0.584389903248
v 0.992960546624 2.078859551150 -0.683448419045
v 1.051760265392 2.063104213991 -0.683448419045
v 1.233468975313 2.741250351591 -0.683448419045
v 1.174669256545 2.757005688750 -0.683448419045
v 0.992960546624 2.078859551150 -0.622574470790
v 1.051760265392 2.063104213991 -0.622574470790
v 1.233468975313 2.741250351591 -0.622574470790
v 1.174669256545 2.757005688750 -0.622574470790
v 1.002486718879 2.071648278175 -0.610953080669
v 1.039904721731 2.061622154529 -0.610953080669
v 1.223942803058 2.748461624566 -0.610953080669
v 1.186524800206 2.758487748212 -0.610953080669
v 1.002486718879 2.071648278175 -0.584389903248
v 1.039904721731 2.061622154529 -0.584389903248
v 1.223942803058 2.748461624566 -0.584389903248
v 1.186524800206 2.758487748212 -0.584389903248
v 0.569427379523 1.520304256849 -0.437185628377
v 1.240647342948 1.377632049299 -0.437185628377
v 1.328091599188 1.789024930108 -0.437185628377
v 0.656871635763 1.931697137658 -0.437185628377
v 0.569427379523 1.520304256849 0.426117637785
v 1.240647342948 1.377632049299 0.426117637785
v 1.328091599188 1.789024930108 0.426117637785
v 0.656871635763 1.931697137658 0.426117637785
v 1.322304171829 1.333692866315 0.153623709415
v 1.322304171829 1.333692866315 -0.109351747048
v 1.322304171829 1.488644734601 -0.109351747048
v 1.322304171829 1.488644734601 0.153623709415
v 1.438518073044 1.333692866315 0.153623709415
v 1.438518073044 1.333692866315 -0.109351747048
v 1.438518073044 1.488644734601 -0.109351747048
v 1.438518073044 1.488644734601 0.153623709415
v 1.119919603134 1.333692866315 0.324464065101
v 1.305871331684 1.333692866315 0.138512336551
v 1.305871331684 1.488644734601 0.138512336551
v 1.119919603134 1.488644734601 0.324464065101
v 1.202095240750 1.333692866315 0.406639702718
v 1.388046969301 1.333692866315 0.220687974168
v 1.388046969301 1.488644734601 0.220687974168
v 1.202095240750 1.488644734601 0.406639702718
v 0.817271761124 1.333692866315 0.318204729515
v 1.080247217586 1.333692866315 0.318204729515
v 1.080247217586 1.488644734601 0.318204729515
v 0.817271761124 1.488644734601 0.318204729515
v 0.817271761124 1.333692866315 0.434418630729
v 1.080247217586 1.333692866315 0.434418630729
v 1.080247217586 1.488644734601 0.434418630729
v 0.817271761124 1.488644734601 0.434418630729
v 0.591647647026 1.333692866315 0.138512336551
v 0.777599375577 1.333692866315 0.324464065101
v 0.777599375577 1.488644734601 0.324464065101
v 0.591647647026 1.488644734601 0.138512336551
v 0.509472009410 1.333692866315 0.220687974168
v 0.695423737960 1.333692866315 0.406639702718
v 0.695423737960 1.488644734601 0.406639702718
v 0.509472009410 1.488644734601 0.220687974168
v 0.575214806881 1.333692866315 -0.109351747048
v 0.575214806881 1.333692866315 0.153623709415
v 0.575214806881 1.488644734601 0.153623709415
v 0.575214806881 1.488644734601 -0.109351747048
v 0.459000905667 1.333692866315 -0.109351747048
v 0.459000905667 1.333692866315 0.153623709415
v 0.459000905667 1.488644734601 0.153623709415
v 0.459000905667 1.488644734601 -0.109351747048
v 0.777599375577 1.333692866315 -0.280192102734
v 0.591647647026 1.333692866315 -0.094240374184
v 0.591647647026 1.488644734601 -0.094240374184
v 0.777599375577 1.488644734601 -0.280192102734
v 0.695423737960 1.333692866315 -0.362367740351
v 0.509472009410 1.333692866315 -0.176416011800
v 0.509472009410 1.488644734601 -0.176416011800
v 0.695423737960 1.488644734601 -0.362367740351
v 1.080247217586 1.333692866315 -0.273932767148
v 0.817271761124 1.333692866315 -0.273932767148
v 0.817271761124 1.488644734601 -0.273932767148
v 1.080247217586 1.488644734601 -0.273932767148
v 1.080247217586 1.333692866315 -0.390146668362
v 0.817271761124 1.333692866315 -0.390146668362
v 0.817271761124 1.488644734601 -0.390146668362
v 1.080247217586 1.488644734601 -0.390146668362
v 1.305871331684 1.333692866315 -0.094240374184
v 1.119919603134 1.333692866315 -0.280192102734
v 1.119919603134 1.488644734601 -0.280192102734
v 1.305871331684 1.488644734601 -0.094240374184
v 1.388046969301 1.333692866315 -0.176416011800
v 1.202095240750 1.333692866315 -0.362367740351
v 1.202095240750 1.488644734601 -0.362367740351
v 1.388046969301 1.488644734601 -0.176416011800
v 0.713564689279 1.505246720489 -0.160485863582
v 0.641622750432 1.505246720489 -0.160485863582
v 0.641622750432 0.453787614265 -0.160485863582
v 0.713564689279 0.453787614265 -0.160485863582
v 0.713564689279 1.505246720489 -0.083009929439
v 0.641622750432 1.505246720489 -0.083009929439
v 0.641622750432 0.453787614265 -0.083009929439
v 0.713564689279 0.453787614265 -0.083009929439
v 0.771671639886 0.210291821245 -0.082779546114
v 0.716562070252 0.210291821245 -0.027669976480
v 0.638625369459 0.210291821245 -0.027669976480
v 0.583515799825 0.210291821245 -0.082779546114
v 0.583515799825 0.210291821245 -0.160716246907
v 0.638625369459 0.210291821245 -0.215825816541
v 0.716562070252 0.210291821245 -0.215825816541
v 0.771671639886 0.210291821245 -0.160716246907
v 0.771671639886 0.475923595449 -0.082779546114
v 0.716562070252 0.475923595449 -0.027669976480
v 0.638625369459 0.475923595449 -0.027669976480
v 0.583515799825 0.475923595449 -0.082779546114
v 0.583515799825 0.475923595449 -0.160716246907
v 0.638625369459 0.475923595449 -0.215825816541
v 0.716562070252 0.475923595449 -0.215825816541
v 0.771671639886 0.475923595449 -0.160716246907
v 0.575214806881 0.439952626025 -0.224126809485
v 0.779972632830 0.439952626025 -0.224126809485
v 0.779972632830 0.500826574280 -0.224126809485
v 0.575214806881 0.500826574280 -0.224126809485
v 0.575214806881 0.439952626025 -0.019368983536
v 0.779972632830 0.439952626025 -0.019368983536
v 0.779972632830 0.500826574280 -0.019368983536
v 0.575214806881 0.500826574280 -0.019368983536
v 0.984730458779 1.505246720489 -0.171553854173
v 0.912788519932 1.505246720489 -0.171553854173
v 0.912788519932 0.243495793020 -0.171553854173
v 0.984730458779 0.243495793020 -0.171553854173
v 0.984730458779 1.505246720489 -0.094077920031
v 0.912788519932 1.505246720489 -0.094077920031
v 0.912788519932 0.243495793020 -0.094077920031
v 0.984730458779 0.243495793020 -0.094077920031
v 1.042837409386 0.000000000000 -0.093847536705
v 0.987727839752 0.000000000000 -0.038737967071
v 0.909791138959 0.000000000000 -0.038737967071
v 0.854681569325 0.000000000000 -0.093847536705
v 0.854681569325 0.000000000000 -0.171784237498
v 0.909791138959 0.000000000000 -0.226893807132
v 0.987727839752 0.000000000000 -0.226893807132
v 1.042837409386 0.000000000000 -0.171784237498
v 1.042837409386 0.265631774204 -0.093847536705
v 0.987727839752 0.265631774204 -0.038737967071
v 0.909791138959 0.265631774204 -0.038737967071
v 0.854681569325 0.265631774204 -0.093847536705
v 0.854681569325 0.265631774204 -0.171784237498
v 0.909791138959 0.265631774204 -0.226893807132
v 0.987727839752 0.265631774204 -0.226893807132
v 1.042837409386 0.265631774204 -0.171784237498
v 0.846380576381 0.229660804780 -0.235194800076
v 1.051138402330 0.229660804780 -0.235194800076
v 1.051138402330 0.290534753035 -0.235194800076
v 0.846380576381 0.290534753035 -0.235194800076
v 0.846380576381 0.229660804780 -0.030436974128
v 1.051138402330 0.229660804780 -0.030436974128
v 1.051138402330 0.290534753035 -0.030436974128
v 0.846380576381 0.290534753035 -0.030436974128
v 1.255896228278 1.505246720489 -0.116213901214
v 1.183954289432 1.505246720489 -0.116213901214
v 1.183954289432 0.542331539000 -0.116213901214
v 1.255896228278 0.542331539000 -0.116213901214
v 1.255896228278 1.505246720489 -0.038737967071
v 1.183954289432 1.505246720489 -0.038737967071
v 1.183954289432 0.542331539000 -0.038737967071
v 1.255896228278 0.542331539000 -0.038737967071
v 1.314003178886 0.298835745979 -0.038507583746
v 1.258893609252 0.298835745979 0.016601985888
v 1.180956908459 0.298835745979 0.016601985888
v 1.125847338825 0.298835745979 -0.038507583746
v 1.125847338825 0.298835745979 -0.116444284539
v 1.180956908459 0.298835745979 -0.171553854173
v 1.258893609252 0.298835745979 -0.171553854173
v 1.314003178886 0.298835745979 -0.116444284539
v 1.314003178886 0.564467520183 -0.038507583746
v 1.258893609252 0.564467520183 0.016601985888
v 1.180956908459 0.564467520183 0.016601985888
v 1.125847338825 0.564467520183 -0.038507583746
v 1.125847338825 0.564467520183 -0.116444284539
v 1.180956908459 0.564467520183 -0.171553854173
v 1.258893609252 0.564467520183 -0.171553854173
v 1.314003178886 0.564467520183 -0.116444284539
v 1.117546345881 0.528496550760 -0.179854847117
v 1.322304171829 0.528496550760 -0.179854847117
v 1.322304171829 0.589370499015 -0.179854847117
v 1.117546345881 0.589370499015 -0.179854847117
v 1.117546345881 0.528496550760 0.024902978832
v 1.322304171829 0.528496550760 0.024902978832
v 1.322304171829 0.589370499015 0.024902978832
v 1.117546345881 0.589370499015 0.024902978832
vt 0.046875000000 0.925781250000
vt 0.052039077260 0.925781250000
vt 0.052039077260 0.914886196761
vt 0.046875000000 0.914886196761
vt 0.046875000000 0.925781250000
vt 0.057770053239 0.925781250000
vt 0.057770053239 0.920617172740
vt 0.046875000000 0.920617172740
vt 0.046875000000 0.925781250000
vt 0.066071046183 0.925781250000
vt 0.066071046183 0.920617172740
vt 0.046875000000 0.920617172740
vt 0.046875000000 0.925781250000
vt 0.052039077260 0.925781250000
vt 0.052039077260 0.906585203817
vt 0.046875000000 0.906585203817
vt 0.046875000000 0.925781250000
vt 0.066071046183 0.925781250000
vt 0.066071046183 0.914886196761
vt 0.046875000000 0.914886196761
vt 0.046875000000 0.925781250000
vt 0.057770053239 0.925781250000
vt 0.057770053239 0.906585203817
vt 0.046875000000 0.906585203817
vt 0.003906250000 0.996093750000
vt 0.009872588678 0.996093750000
vt 0.009872588678 0.989120915927
vt 0.003906250000 0.989120915927
vt 0.003906250000 0.996093750000
vt 0.010879084073 0.996093750000
vt 0.010879084073 0.990127411322
vt 0.003906250000 0.990127411322
vt 0.003906250000 0.996093750000
vt 0.007797340442 0.996093750000
vt 0.007797340442 0.990127411322
vt 0.003906250000 0.990127411322
vt 0.003906250000 0.996093750000
vt 0.009872588678 0.996093750000
vt 0.009872588678 0.992202659558
vt 0.003906250000 0.992202659558
vt 0.003906250000 0.996093750000
vt 0.007797340442 0.996093750000
vt 0.007797340442 0.989120915927
vt 0.003906250000 0.989120915927
vt 0.003906250000 0.996093750000
vt 0.010879084073 0.996093750000
vt 0.010879084073 0.992202659558
vt 0.003906250000 0.992202659558
vt 0.046875000000 0.925781250000
vt 0.053071470763 0.925781250000
vt 0.053071470762 0.914175232088
vt 0.046875000000 0.914175232088
vt 0.046875000000 0.925781250000
vt 0.058481017912 0.925781250000
vt 0.058481017912 0.919584779238
vt 0.046875000000 0.919584779237
vt 0.046875000000 0.925781250000
vt 0.067416114484 0.925781250000
vt 0.067416114484 0.919584779237
vt 0.046875000000 0.919584779237
vt 0.046875000000 0.925781250000
vt 0.053071470762 0.925781250000
vt 0.053071470762 0.905240135516
vt 0.046875000000 0.905240135516
vt 0.046875000000 0.925781250000
vt 0.067416114484 0.925781250000
vt 0.067416114484 0.914175232088
vt 0.046875000000 0.914175232088
vt 0.046875000000 0.925781250000
vt 0.058481017912 0.925781250000
vt 0.058481017912 0.905240135516
vt 0.046875000000 0.905240135516
vt 0.003906250000 0.996093750000
vt 0.009872588678 0.996093750000
vt 0.009872588678 0.988665898536
vt 0.003906250000 0.988665898536
vt 0.003906250000 0.996093750000
vt 0.011334101464 0.996093750000
vt 0.011334101464 0.990127411322
vt 0.003906250000 0.990127411322
vt 0.003906250000 0.996093750000
vt 0.007797340442 0.996093750000
vt 0.007797340442 0.990127411322
vt 0.003906250000 0.990127411322
vt 0.003906250000 0.996093750000
vt 0.009872588678 0.996093750000
vt 0.009872588678 0.992202659558
vt 0.003906250000 0.992202659558
vt 0.003906250000 0.996093750000
vt 0.007797340442 0.996093750000
vt 0.007797340442 0.988665898536
vt 0.003906250000 0.988665898536
vt 0.003906250000 0.996093750000
vt 0.011334101464 0.996093750000
vt 0.011334101464 0.992202659558
vt 0.003906250000 0.992202659558
vt 0.046875000000 0.925781250000
vt 0.054140699331 0.925781250000
vt 0.054140699331 0.913464267414
vt 0.046875000000 0.913464267414
vt 0.046875000000 0.925781250000
vt 0.059191982586 0.925781250000
vt 0.059191982586 0.918515550669
vt 0.046875000000 0.918515550669
vt 0.046875000000 0.925781250000
vt 0.068761182785 0.925781250000
vt 0.068761182785 0.918515550669
vt 0.046875000000 0.918515550669
vt 0.046875000000 0.925781250000
vt 0.054140699331 0.925781250000
vt 0.054140699331 0.903895067215
vt 0.046875000000 0.903895067215
vt 0.046875000000 0.925781250000
vt 0.068761182785 0.925781250000
vt 0.068761182785 0.913464267414
vt 0.046875000000 0.913464267414
vt 0.046875000000 0.925781250000
vt 0.059191982586 0.925781250000
vt 0.059191982586 0.903895067215
vt 0.046875000000 0.903895067215
vt 0.003906250000 0.996093750000
vt 0.009872588678 0.996093750000
vt 0.009872588678 0.988210881145
vt 0.003906250000 0.988210881145
vt 0.003906250000 0.996093750000
vt 0.011789118855 0.996093750000
vt 0.011789118855 0.990127411322
vt 0.003906250000 0.990127411322
vt 0.003906250000 0.996093750000
vt 0.007797340442 0.996093750000
vt 0.007797340442 0.990127411322
vt 0.003906250000 0.990127411322
vt 0.003906250000 0.996093750000
vt 0.009872588678 0.996093750000
vt 0.009872588678 0.992202659558
vt 0.003906250000 0.992202659558
vt 0.003906250000 0.996093750000
vt 0.007797340442 0.996093750000
vt 0.007797340442 0.988210881145
vt 0.003906250000 0.988210881145
vt 0.003906250000 0.996093750000
vt 0.011789118855 0.996093750000
vt 0.011789118855 0.992202659558
vt 0.003906250000 0.992202659558
vt 0.046875000000 0.925781250000
vt 0.055232637497 0.925781250000
vt 0.055232637497 0.912753302741
vt 0.046875000000 0.912753302741
vt 0.046875000000 0.925781250000
vt 0.059902947259 0.925781250000
vt 0.059902947259 0.917423612503
vt 0.046875000000 0.917423612503
vt 0.046875000000 0.925781250000
vt 0.070106251086 0.925781250000
vt 0.070106251086 0.917423612503
vt 0.046875000000 0.917423612503
vt 0.046875000000 0.925781250000
vt 0.055232637497 0.925781250000
vt 0.055232637497 0.902549998914
vt 0.046875000000 0.902549998914
vt 0.046875000000 0.925781250000
vt 0.070106251086 0.925781250000
vt 0.070106251086 0.912753302741
vt 0.046875000000 0.912753302741
vt 0.046875000000 0.925781250000
vt 0.059902947259 0.925781250000
vt 0.059902947259 0.902549998914
vt 0.046875000000 0.902549998914
vt 0.003906250000 0.996093750000
vt 0.009872588678 0.996093750000
vt 0.009872588678 0.987755863754
vt 0.003906250000 0.987755863754
vt 0.003906250000 0.996093750000
vt 0.012244136246 0.996093750000
vt 0.012244136246 0.990127411322
vt 0.003906250000 0.990127411322
vt 0.003906250000 0.996093750000
vt 0.007797340442 0.996093750000
vt 0.007797340442 0.990127411322
vt 0.003906250000 0.990127411322
vt 0.003906250000 0.996093750000
vt 0.009872588678 0.996093750000
vt 0.009872588678 0.992202659558
vt 0.003906250000 0.992202659558
vt 0.003906250000 0.996093750000
vt 0.007797340442 0.996093750000
vt 0.007797340442 0.987755863754
vt 0.003906250000 0.987755863754
vt 0.003906250000 0.996093750000
vt 0.012244136246 0.996093750000
vt 0.012244136246 0.992202659558
vt 0.003906250000 0.992202659558
vt 0.046875000000 0.925781250000
vt 0.056339428308 0.925781250000
vt 0.056339428308 0.912042338067
vt 0.046875000000 0.912042338067
vt 0.046875000000 0.925781250000
vt 0.060613911933 0.925781250000
vt 0.060613911933 0.916316821692
vt 0.046875000000 0.916316821692
vt 0.046875000000 0.925781250000
vt 0.071451319387 0.925781250000
vt 0.071451319387 0.916316821692
vt 0.046875000000 0.916316821692
vt 0.046875000000 0.925781250000
vt 0.056339428308 0.925781250000
vt 0.056339428308 0.901204930613
vt 0.046875000000 0.901204930613
vt 0.046875000000 0.925781250000
vt 0.071451319387 0.925781250000
vt 0.071451319387 0.912042338067
vt 0.046875000000 0.912042338067
vt 0.046875000000 0.925781250000
vt 0.060613911933 0.925781250000
vt 0.060613911933 0.901204930613
vt 0.046875000000 0.901204930613
vt 0.003906250000 0.996093750000
vt 0.009872588678 0.996093750000
vt 0.009872588678 0.987300846363
vt 0.003906250000 0.987300846363
vt 0.003906250000 0.996093750000
vt 0.012699153637 0.996093750000
vt 0.012699153637 0.990127411322
vt 0.003906250000 0.990127411322
vt 0.003906250000 0.996093750000
vt 0.007797340442 0.996093750000
vt 0.007797340442 0.990127411322
vt 0.003906250000 0.990127411322
vt 0.003906250000 0.996093750000
vt 0.009872588678 0.996093750000
vt 0.009872588678 0.992202659558
vt 0.003906250000 0.992202659558
vt 0.003906250000 0.996093750000
vt 0.007797340442 0.996093750000
vt 0.007797340442 0.987300846363
vt 0.003906250000 0.987300846363
vt 0.003906250000 0.996093750000
vt 0.012699153637 0.996093750000
vt 0.012699153637 0.992202659558
vt 0.003906250000 0.992202659558
vt 0.046875000000 0.925781250000
vt 0.057456412135 0.925781250000
vt 0.057456412135 0.911331373394
vt 0.046875000000 0.911331373394
vt 0.046875000000 0.925781250000
vt 0.061324876606 0.925781250000
vt 0.061324876606 0.915199837865
vt 0.046875000000 0.915199837865
vt 0.046875000000 0.925781250000
vt 0.072796387688 0.925781250000
vt 0.072796387688 0.915199837865
vt 0.046875000000 0.915199837865
vt 0.046875000000 0.925781250000
vt 0.057456412135 0.925781250000
vt 0.057456412135 0.899859862312
vt 0.046875000000 0.899859862312
vt 0.046875000000 0.925781250000
vt 0.072796387688 0.925781250000
vt 0.072796387688 0.911331373394
vt 0.046875000000 0.911331373394
vt 0.046875000000 0.925781250000
vt 0.061324876606 0.925781250000
vt 0.061324876606 0.899859862312
vt 0.046875000000 0.899859862312
vt 0.003906250000 0.996093750000
vt 0.009872588678 0.996093750000
vt 0.009872588678 0.986845828972
vt 0.003906250000 0.986845828972
vt 0.003906250000 0.996093750000
vt 0.013154171028 0.996093750000
vt 0.013154171028 0.990127411322
vt 0.003906250000 0.990127411322
vt 0.003906250000 0.996093750000
vt 0.007797340442 0.996093750000
vt 0.007797340442 0.990127411322
vt 0.003906250000 0.990127411322
vt 0.003906250000 0.996093750000
vt 0.009872588678 0.996093750000
vt 0.009872588678 0.992202659558
vt 0.003906250000 0.992202659558
vt 0.003906250000 0.996093750000
vt 0.007797340442 0.996093750000
vt 0.007797340442 0.986845828972
vt 0.003906250000 0.986845828972
vt 0.003906250000 0.996093750000
vt 0.013154171028 0.996093750000
vt 0.013154171028 0.992202659558
vt 0.003906250000 0.992202659558
vt 0.046875000000 0.925781250000
vt 0.058580671413 0.925781250000
vt 0.058580671413 0.910620408721
vt 0.046875000000 0.910620408721
vt 0.046875000000 0.925781250000
vt 0.062035841279 0.925781250000
vt 0.062035841279 0.914075578587
vt 0.046875000000 0.914075578587
vt 0.046875000000 0.925781250000
vt 0.074141455989 0.925781250000
vt 0.074141455989 0.914075578587
vt 0.046875000000 0.914075578587
vt 0.046875000000 0.925781250000
vt 0.058580671413 0.925781250000
vt 0.058580671413 0.898514794011
vt 0.046875000000 0.898514794011
vt 0.046875000000 0.925781250000
vt 0.074141455989 0.925781250000
vt 0.074141455989 0.910620408721
vt 0.046875000000 0.910620408721
vt 0.046875000000 0.925781250000
vt 0.062035841279 0.925781250000
vt 0.062035841279 0.898514794011
vt 0.046875000000 0.898514794011
vt 0.003906250000 0.996093750000
vt 0.009872588678 0.996093750000
vt 0.009872588678 0.986390811581
vt 0.003906250000 0.986390811581
vt 0.003906250000 0.996093750000
vt 0.013609188419 0.996093750000
vt 0.013609188419 0.990127411322
vt 0.003906250000 0.990127411322
vt 0.003906250000 0.996093750000
vt 0.007797340442 0.996093750000
vt 0.007797340442 0.990127411322
vt 0.003906250000 0.990127411322
vt 0.003906250000 0.996093750000
vt 0.009872588678 0.996093750000
vt 0.009872588678 0.992202659558
vt 0.003906250000 0.992202659558
vt 0.003906250000 0.996093750000
vt 0.007797340442 0.996093750000
vt 0.007797340442 0.986390811581
vt 0.003906250000 0.986390811581
vt 0.003906250000 0.996093750000
vt 0.013609188419 0.996093750000
vt 0.013609188419 0.992202659558
vt 0.003906250000 0.992202659558
vt 0.046875000000 0.925781250000
vt 0.059710294488 0.925781250000
vt 0.059710294488 0.909909444047
vt 0.046875000000 0.909909444047
vt 0.046875000000 0.925781250000
vt 0.062746805953 0.925781250000
vt 0.062746805953 0.912945955512
vt 0.046875000000 0.912945955512
vt 0.046875000000 0.925781250000
vt 0.075486524290 0.925781250000
vt 0.075486524290 0.912945955512
vt 0.046875000000 0.912945955512
vt 0.046875000000 0.925781250000
vt 0.059710294488 0.925781250000
vt 0.059710294488 0.897169725710
vt 0.046875000000 0.897169725710
vt 0.046875000000 0.925781250000
vt 0.075486524290 0.925781250000
vt 0.075486524290 0.909909444047
vt 0.046875000000 0.909909444047
vt 0.046875000000 0.925781250000
vt 0.062746805953 0.925781250000
vt 0.062746805953 0.897169725710
vt 0.046875000000 0.897169725710
vt 0.003906250000 0.996093750000
vt 0.009872588678 0.996093750000
vt 0.009872588678 0.985935794190
vt 0.003906250000 0.985935794190
vt 0.003906250000 0.996093750000
vt 0.014064205810 0.996093750000
vt 0.014064205810 0.990127411322
vt 0.003906250000 0.990127411322
vt 0.003906250000 0.996093750000
vt 0.007797340442 0.996093750000
vt 0.007797340442 0.990127411322
vt 0.003906250000 0.990127411322
vt 0.003906250000 0.996093750000
vt 0.009872588678 0.996093750000
vt 0.009872588678 0.992202659558
vt 0.003906250000 0.992202659558
vt 0.003906250000 0.996093750000
vt 0.007797340442 0.996093750000
vt 0.007797340442 0.985935794190
vt 0.003906250000 0.985935794190
vt 0.003906250000 0.996093750000
vt 0.014064205810 0.996093750000
vt 0.014064205810 0.992202659558
vt 0.003906250000 0.992202659558
vt 0.046875000000 0.925781250000
vt 0.060843980165 0.925781250000
vt 0.060843980165 0.909198479374
vt 0.046875000000 0.909198479374
vt 0.046875000000 0.925781250000
vt 0.063457770626 0.925781250000
vt 0.063457770626 0.911812269835
vt 0.046875000000 0.911812269835
vt 0.046875000000 0.925781250000
vt 0.076831592591 0.925781250000
vt 0.076831592591 0.911812269835
vt 0.046875000000 0.911812269835
vt 0.046875000000 0.925781250000
vt 0.060843980165 0.925781250000
vt 0.060843980165 0.895824657409
vt 0.046875000000 0.895824657409
vt 0.046875000000 0.925781250000
vt 0.076831592591 0.925781250000
vt 0.076831592591 0.909198479374
vt 0.046875000000 0.909198479374
vt 0.046875000000 0.925781250000
vt 0.063457770626 0.925781250000
vt 0.063457770626 0.895824657409
vt 0.046875000000 0.895824657409
vt 0.003906250000 0.996093750000
vt 0.009872588678 0.996093750000
vt 0.009872588678 0.985480776799
vt 0.003906250000 0.985480776799
vt 0.003906250000 0.996093750000
vt 0.014519223201 0.996093750000
vt 0.014519223201 0.990127411322
vt 0.003906250000 0.990127411322
vt 0.003906250000 0.996093750000
vt 0.007797340442 0.996093750000
vt 0.007797340442 0.990127411322
vt 0.003906250000 0.990127411322
vt 0.003906250000 0.996093750000
vt 0.009872588678 0.996093750000
vt 0.009872588678 0.992202659558
vt 0.003906250000 0.992202659558
vt 0.003906250000 0.996093750000
vt 0.007797340442 0.996093750000
vt 0.007797340442 0.985480776799
vt 0.003906250000 0.985480776799
vt 0.003906250000 0.996093750000
vt 0.014519223201 0.996093750000
vt 0.014519223201 0.992202659558
vt 0.003906250000 0.992202659558
vt 0.046875000000 0.925781250000
vt 0.061980813782 0.925781250000
vt 0.061980813782 0.908487514700
vt 0.046875000000 0.908487514700
vt 0.046875000000 0.925781250000
vt 0.064168735300 0.925781250000
vt 0.064168735300 0.910675436218
vt 0.046875000000 0.910675436218
vt 0.046875000000 0.925781250000
vt 0.078176660893 0.925781250000
vt 0.078176660893 0.910675436218
vt 0.046875000000 0.910675436218
vt 0.046875000000 0.925781250000
vt 0.061980813782 0.925781250000
vt 0.061980813782 0.894479589107
vt 0.046875000000 0.894479589107
vt 0.046875000000 0.925781250000
vt 0.078176660893 0.925781250000
vt 0.078176660893 0.908487514700
vt 0.046875000000 0.908487514700
vt 0.046875000000 0.925781250000
vt 0.064168735300 0.925781250000
vt 0.064168735300 0.894479589107
vt 0.046875000000 0.894479589107
vt 0.003906250000 0.996093750000
vt 0.009872588678 0.996093750000
vt 0.009872588678 0.985025759408
vt 0.003906250000 0.985025759408
vt 0.003906250000 0.996093750000
vt 0.014974240592 0.996093750000
vt 0.014974240592 0.990127411322
vt 0.003906250000 0.990127411322
vt 0.003906250000 0.996093750000
vt 0.007797340442 0.996093750000
vt 0.007797340442 0.990127411322
vt 0.003906250000 0.990127411322
vt 0.003906250000 0.996093750000
vt 0.009872588678 0.996093750000
vt 0.009872588678 0.992202659558
vt 0.003906250000 0.992202659558
vt 0.003906250000 0.996093750000
vt 0.007797340442 0.996093750000
vt 0.007797340442 0.985025759408
vt 0.003906250000 0.985025759408
vt 0.003906250000 0.996093750000
vt 0.014974240592 0.996093750000
vt 0.014974240592 0.992202659558
vt 0.003906250000 0.992202659558
vt 0.140625000000 0.996093750000
vt 0.156870134474 0.996093750000
vt 0.156870134474 0.978089050027
vt 0.140625000000 0.978089050027
vt 0.140625000000 0.996093750000
vt 0.158629699973 0.996093750000
vt 0.158629699973 0.979848615526
vt 0.140625000000 0.979848615526
vt 0.140625000000 0.996093750000
vt 0.173271729194 0.996093750000
vt 0.173271729194 0.979848615526
vt 0.140625000000 0.979848615526
vt 0.140625000000 0.996093750000
vt 0.156870134474 0.996093750000
vt 0.156870134474 0.963447020806
vt 0.140625000000 0.963447020806
vt 0.140625000000 0.996093750000
vt 0.173271729194 0.996093750000
vt 0.173271729194 0.978089050027
vt 0.140625000000 0.978089050027
vt 0.140625000000 0.996093750000
vt 0.158629699973 0.996093750000
vt 0.158629699973 0.963447020806
vt 0.140625000000 0.963447020806
vt 0.003906250000 0.996093750000
vt 0.009872588678 0.996093750000
vt 0.009872588678 0.984570742017
vt 0.003906250000 0.984570742017
vt 0.003906250000 0.996093750000
vt 0.015429257983 0.996093750000
vt 0.015429257983 0.990127411322
vt 0.003906250000 0.990127411322
vt 0.003906250000 0.996093750000
vt 0.007797340442 0.996093750000
vt 0.007797340442 0.990127411322
vt 0.003906250000 0.990127411322
vt 0.003906250000 0.996093750000
vt 0.009872588678 0.996093750000
vt 0.009872588678 0.992202659558
vt 0.003906250000 0.992202659558
vt 0.003906250000 0.996093750000
vt 0.007797340442 0.996093750000
vt 0.007797340442 0.984570742017
vt 0.003906250000 0.984570742017
vt 0.003906250000 0.996093750000
vt 0.015429257983 0.996093750000
vt 0.015429257983 0.992202659558
vt 0.003906250000 0.992202659558
vt 0.140625000000 0.996093750000
vt 0.158011453320 0.996093750000
vt 0.158011453320 0.977378085353
vt 0.140625000000 0.977378085353
vt 0.140625000000 0.996093750000
vt 0.159340664647 0.996093750000
vt 0.159340664647 0.978707296680
vt 0.140625000000 0.978707296680
vt 0.140625000000 0.996093750000
vt 0.174616797495 0.996093750000
vt 0.174616797495 0.978707296680
vt 0.140625000000 0.978707296680
vt 0.140625000000 0.996093750000
vt 0.158011453320 0.996093750000
vt 0.158011453320 0.962101952505
vt 0.140625000000 0.962101952505
vt 0.140625000000 0.996093750000
vt 0.174616797495 0.996093750000
vt 0.174616797495 0.977378085353
vt 0.140625000000 0.977378085353
vt 0.140625000000 0.996093750000
vt 0.159340664647 0.996093750000
vt 0.159340664647 0.962101952505
vt 0.140625000000 0.962101952505
vt 0.003906250000 0.996093750000
vt 0.009872588678 0.996093750000
vt 0.009872588678 0.984115724626
vt 0.003906250000 0.984115724626
vt 0.003906250000 0.996093750000
vt 0.015884275374 0.996093750000
vt 0.015884275374 0.990127411322
vt 0.003906250000 0.990127411322
vt 0.003906250000 0.996093750000
vt 0.007797340442 0.996093750000
vt 0.007797340442 0.990127411322
vt 0.003906250000 0.990127411322
vt 0.003906250000 0.996093750000
vt 0.009872588678 0.996093750000
vt 0.009872588678 0.992202659558
vt 0.003906250000 0.992202659558
vt 0.003906250000 0.996093750000
vt 0.007797340442 0.996093750000
vt 0.007797340442 0.984115724626
vt 0.003906250000 0.984115724626
vt 0.003906250000 0.996093750000
vt 0.015884275374 0.996093750000
vt 0.015884275374 0.992202659558
vt 0.003906250000 0.992202659558
vt 0.140625000000 0.996093750000
vt 0.159154401094 0.996093750000
vt 0.159154401094 0.976667120680
vt 0.140625000000 0.976667120680
vt 0.140625000000 0.996093750000
vt 0.160051629320 0.996093750000
vt 0.160051629320 0.977564348906
vt 0.140625000000 0.977564348906
vt 0.140625000000 0.996093750000
vt 0.175961865796 0.996093750000
vt 0.175961865796 0.977564348906
vt 0.140625000000 0.977564348906
vt 0.140625000000 0.996093750000
vt 0.159154401094 0.996093750000
vt 0.159154401094 0.960756884204
vt 0.140625000000 0.960756884204
vt 0.140625000000 0.996093750000
vt 0.175961865796 0.996093750000
vt 0.175961865796 0.976667120680
vt 0.140625000000 0.976667120680
vt 0.140625000000 0.996093750000
vt 0.160051629320 0.996093750000
vt 0.160051629320 0.960756884204
vt 0.140625000000 0.960756884204
vt 0.003906250000 0.996093750000
vt 0.009872588678 0.996093750000
vt 0.009872588678 0.983660707235
vt 0.003906250000 0.983660707235
vt 0.003906250000 0.996093750000
vt 0.016339292765 0.996093750000
vt 0.016339292765 0.990127411322
vt 0.003906250000 0.990127411322
vt 0.003906250000 0.996093750000
vt 0.007797340442 0.996093750000
vt 0.007797340442 0.990127411322
vt 0.003906250000 0.990127411322
vt 0.003906250000 0.996093750000
vt 0.009872588678 0.996093750000
vt 0.009872588678 0.992202659558
vt 0.003906250000 0.992202659558
vt 0.003906250000 0.996093750000
vt 0.007797340442 0.996093750000
vt 0.007797340442 0.983660707235
vt 0.003906250000 0.983660707235
vt 0.003906250000 0.996093750000
vt 0.016339292765 0.996093750000
vt 0.016339292765 0.992202659558
vt 0.003906250000 0.992202659558
vt 0.140625000000 0.996093750000
vt 0.160298693900 0.996093750000
vt 0.160298693900 0.975956156007
vt 0.140625000000 0.975956156007
vt 0.140625000000 0.996093750000
vt 0.160762593993 0.996093750000
vt 0.160762593993 0.976420056100
vt 0.140625000000 0.976420056100
vt 0.140625000000 0.996093750000
vt 0.177306934097 0.996093750000
vt 0.177306934097 0.976420056100
vt 0.140625000000 0.976420056100
vt 0.140625000000 0.996093750000
vt 0.160298693900 0.996093750000
vt 0.160298693900 0.959411815903
vt 0.140625000000 0.959411815903
vt 0.140625000000 0.996093750000
vt 0.177306934097 0.996093750000
vt 0.177306934097 0.975956156007
vt 0.140625000000 0.975956156007
vt 0.140625000000 0.996093750000
vt 0.160762593993 0.996093750000
vt 0.160762593993 0.959411815903
vt 0.140625000000 0.959411815903
vt 0.003906250000 0.996093750000
vt 0.009872588678 0.996093750000
vt 0.009872588678 0.983205689844
vt 0.003906250000 0.983205689844
vt 0.003906250000 0.996093750000
vt 0.016794310156 0.996093750000
vt 0.016794310156 0.990127411322
vt 0.003906250000 0.990127411322
vt 0.003906250000 0.996093750000
vt 0.007797340442 0.996093750000
vt 0.007797340442 0.990127411322
vt 0.003906250000 0.990127411322
vt 0.003906250000 0.996093750000
vt 0.009872588678 0.996093750000
vt 0.009872588678 0.992202659558
vt 0.003906250000 0.992202659558
vt 0.003906250000 0.996093750000
vt 0.007797340442 0.996093750000
vt 0.007797340442 0.983205689844
vt 0.003906250000 0.983205689844
vt 0.003906250000 0.996093750000
vt 0.016794310156 0.996093750000
vt 0.016794310156 0.992202659558
vt 0.003906250000 0.992202659558
vt 0.140625000000 0.996093750000
vt 0.161444109956 0.996093750000
vt 0.161444109956 0.975245191333
vt 0.140625000000 0.975245191333
vt 0.140625000000 0.996093750000
vt 0.161473558667 0.996093750000
vt 0.161473558667 0.975274640044
vt 0.140625000000 0.975274640044
vt 0.140625000000 0.996093750000
vt 0.178652002398 0.996093750000
vt 0.178652002398 0.975274640044
vt 0.140625000000 0.975274640044
vt 0.140625000000 0.996093750000
vt 0.161444109956 0.996093750000
vt 0.161444109956 0.958066747602
vt 0.140625000000 0.958066747602
vt 0.140625000000 0.996093750000
vt 0.178652002398 0.996093750000
vt 0.178652002398 0.975245191333
vt 0.140625000000 0.975245191333
vt 0.140625000000 0.996093750000
vt 0.161473558667 0.996093750000
vt 0.161473558667 0.958066747602
vt 0.140625000000 0.958066747602
vt 0.003906250000 0.996093750000
vt 0.009872588678 0.996093750000
vt 0.009872588678 0.982750672453
vt 0.003906250000 0.982750672453
vt 0.003906250000 0.996093750000
vt 0.017249327547 0.996093750000
vt 0.017249327547 0.990127411322
vt 0.003906250000 0.990127411322
vt 0.003906250000 0.996093750000
vt 0.007797340442 0.996093750000
vt 0.007797340442 0.990127411322
vt 0.003906250000 0.990127411322
vt 0.003906250000 0.996093750000
vt 0.009872588678 0.996093750000
vt 0.009872588678 0.992202659558
vt 0.003906250000 0.992202659558
vt 0.003906250000 0.996093750000
vt 0.007797340442 0.996093750000
vt 0.007797340442 0.982750672453
vt 0.003906250000 0.982750672453
vt 0.003906250000 0.996093750000
vt 0.017249327547 0.996093750000
vt 0.017249327547 0.992202659558
vt 0.003906250000 0.992202659558
vt 0.140625000000 0.996093750000
vt 0.162590473542 0.996093750000
vt 0.162590473542 0.974534226660
vt 0.140625000000 0.974534226660
vt 0.140625000000 0.996093750000
vt 0.162184523340 0.996093750000
vt 0.162184523340 0.974128276458
vt 0.140625000000 0.974128276458
vt 0.140625000000 0.996093750000
vt 0.179997070699 0.996093750000
vt 0.179997070699 0.974128276458
vt 0.140625000000 0.974128276458
vt 0.140625000000 0.996093750000
vt 0.162590473542 0.996093750000
vt 0.162590473542 0.956721679301
vt 0.140625000000 0.956721679301
vt 0.140625000000 0.996093750000
vt 0.179997070699 0.996093750000
vt 0.179997070699 0.974534226660
vt 0.140625000000 0.974534226660
vt 0.140625000000 0.996093750000
vt 0.162184523340 0.996093750000
vt 0.162184523340 0.956721679301
vt 0.140625000000 0.956721679301
vt 0.003906250000 0.996093750000
vt 0.009872588678 0.996093750000
vt 0.009872588678 0.982295655062
vt 0.003906250000 0.982295655062
vt 0.003906250000 0.996093750000
vt 0.017704344938 0.996093750000
vt 0.017704344938 0.990127411322
vt 0.003906250000 0.990127411322
vt 0.003906250000 0.996093750000
vt 0.007797340442 0.996093750000
vt 0.007797340442 0.990127411322
vt 0.003906250000 0.990127411322
vt 0.003906250000 0.996093750000
vt 0.009872588678 0.996093750000
vt 0.009872588678 0.992202659558
vt 0.003906250000 0.992202659558
vt 0.003906250000 0.996093750000
vt 0.007797340442 0.996093750000
vt 0.007797340442 0.982295655062
vt 0.003906250000 0.982295655062
vt 0.003906250000 0.996093750000
vt 0.017704344938 0.996093750000
vt 0.017704344938 0.992202659558
vt 0.003906250000 0.992202659558
vt 0.140625000000 0.996093750000
vt 0.163737643669 0.996093750000
vt 0.163737643669 0.973823261986
vt 0.140625000000 0.973823261986
vt 0.140625000000 0.996093750000
vt 0.162895488014 0.996093750000
vt 0.162895488014 0.972981106331
vt 0.140625000000 0.972981106331
vt 0.140625000000 0.996093750000
vt 0.181342139000 0.996093750000
vt 0.181342139000 0.972981106331
vt 0.140625000000 0.972981106331
vt 0.140625000000 0.996093750000
vt 0.163737643669 0.996093750000
vt 0.163737643669 0.955376611000
vt 0.140625000000 0.955376611000
vt 0.140625000000 0.996093750000
vt 0.181342139000 0.996093750000
vt 0.181342139000 0.973823261986
vt 0.140625000000 0.973823261986
vt 0.140625000000 0.996093750000
vt 0.162895488014 0.996093750000
vt 0.162895488014 0.955376611000
vt 0.140625000000 0.955376611000
vt 0.003906250000 0.996093750000
vt 0.009872588678 0.996093750000
vt 0.009872588678 0.981840637671
vt 0.003906250000 0.981840637671
vt 0.003906250000 0.996093750000
vt 0.018159362329 0.996093750000
vt 0.018159362329 0.990127411322
vt 0.003906250000 0.990127411322
vt 0.003906250000 0.996093750000
vt 0.007797340442 0.996093750000
vt 0.007797340442 0.990127411322
vt 0.003906250000 0.990127411322
vt 0.003906250000 0.996093750000
vt 0.009872588678 0.996093750000
vt 0.009872588678 0.992202659558
vt 0.003906250000 0.992202659558
vt 0.003906250000 0.996093750000
vt 0.007797340442 0.996093750000
vt 0.007797340442 0.981840637671
vt 0.003906250000 0.981840637671
vt 0.003906250000 0.996093750000
vt 0.018159362329 0.996093750000
vt 0.018159362329 0.992202659558
vt 0.003906250000 0.992202659558
vt 0.140625000000 0.996093750000
vt 0.164885505925 0.996093750000
vt 0.164885505925 0.973112297313
vt 0.140625000000 0.973112297313
vt 0.140625000000 0.996093750000
vt 0.163606452687 0.996093750000
vt 0.163606452687 0.971833244075
vt 0.140625000000 0.971833244075
vt 0.140625000000 0.996093750000
vt 0.182687207301 0.996093750000
vt 0.182687207301 0.971833244075
vt 0.140625000000 0.971833244075
vt 0.140625000000 0.996093750000
vt 0.164885505925 0.996093750000
vt 0.164885505925 0.954031542699
vt 0.140625000000 0.954031542699
vt 0.140625000000 0.996093750000
vt 0.182687207301 0.996093750000
vt 0.182687207301 0.973112297313
vt 0.140625000000 0.973112297313
vt 0.140625000000 0.996093750000
vt 0.163606452687 0.996093750000
vt 0.163606452687 0.954031542699
vt 0.140625000000 0.954031542699
vt 0.003906250000 0.996093750000
vt 0.009872588678 0.996093750000
vt 0.009872588678 0.981385620280
vt 0.003906250000 0.981385620280
vt 0.003906250000 0.996093750000
vt 0.018614379720 0.996093750000
vt 0.018614379720 0.990127411322
vt 0.003906250000 0.990127411322
vt 0.003906250000 0.996093750000
vt 0.007797340442 0.996093750000
vt 0.007797340442 0.990127411322
vt 0.003906250000 0.990127411322
vt 0.003906250000 0.996093750000
vt 0.009872588678 0.996093750000
vt 0.009872588678 0.992202659558
vt 0.003906250000 0.992202659558
vt 0.003906250000 0.996093750000
vt 0.007797340442 0.996093750000
vt 0.007797340442 0.981385620280
vt 0.003906250000 0.981385620280
vt 0.003906250000 0.996093750000
vt 0.018614379720 0.996093750000
vt 0.018614379720 0.992202659558
vt 0.003906250000 0.992202659558
vt 0.140625000000 0.996093750000
vt 0.166033966508 0.996093750000
vt 0.166033966508 0.972401332639
vt 0.140625000000 0.972401332639
vt 0.140625000000 0.996093750000
vt 0.164317417361 0.996093750000
vt 0.164317417361 0.970684783492
vt 0.140625000000 0.970684783492
vt 0.140625000000 0.996093750000
vt 0.184032275602 0.996093750000
vt 0.184032275602 0.970684783492
vt 0.140625000000 0.970684783492
vt 0.140625000000 0.996093750000
vt 0.166033966508 0.996093750000
vt 0.166033966508 0.952686474398
vt 0.140625000000 0.952686474398
vt 0.140625000000 0.996093750000
vt 0.184032275602 0.996093750000
vt 0.184032275602 0.972401332639
vt 0.140625000000 0.972401332639
vt 0.140625000000 0.996093750000
vt 0.164317417361 0.996093750000
vt 0.164317417361 0.952686474398
vt 0.140625000000 0.952686474398
vt 0.003906250000 0.996093750000
vt 0.009872588678 0.996093750000
vt 0.009872588678 0.980930602889
vt 0.003906250000 0.980930602889
vt 0.003906250000 0.996093750000
vt 0.019069397111 0.996093750000
vt 0.019069397111 0.990127411322
vt 0.003906250000 0.990127411322
vt 0.003906250000 0.996093750000
vt 0.007797340442 0.996093750000
vt 0.007797340442 0.990127411322
vt 0.003906250000 0.990127411322
vt 0.003906250000 0.996093750000
vt 0.009872588678 0.996093750000
vt 0.009872588678 0.992202659558
vt 0.003906250000 0.992202659558
vt 0.003906250000 0.996093750000
vt 0.007797340442 0.996093750000
vt 0.007797340442 0.980930602889
vt 0.003906250000 0.980930602889
vt 0.003906250000 0.996093750000
vt 0.019069397111 0.996093750000
vt 0.019069397111 0.992202659558
vt 0.003906250000 0.992202659558
vt 0.140625000000 0.996093750000
vt 0.167182947797 0.996093750000
vt 0.167182947797 0.971690367966
vt 0.140625000000 0.971690367966
vt 0.140625000000 0.996093750000
vt 0.165028382034 0.996093750000
vt 0.165028382034 0.969535802203
vt 0.140625000000 0.969535802203
vt 0.140625000000 0.996093750000
vt 0.185377343903 0.996093750000
vt 0.185377343903 0.969535802203
vt 0.140625000000 0.969535802203
vt 0.140625000000 0.996093750000
vt 0.167182947797 0.996093750000
vt 0.167182947797 0.951341406097
vt 0.140625000000 0.951341406097
vt 0.140625000000 0.996093750000
vt 0.185377343903 0.996093750000
vt 0.185377343903 0.971690367966
vt 0.140625000000 0.971690367966
vt 0.140625000000 0.996093750000
vt 0.165028382034 0.996093750000
vt 0.165028382034 0.951341406097
vt 0.140625000000 0.951341406097
vt 0.003906250000 0.996093750000
vt 0.009872588678 0.996093750000
vt 0.009872588678 0.980475585498
vt 0.003906250000 0.980475585498
vt 0.003906250000 0.996093750000
vt 0.019524414502 0.996093750000
vt 0.019524414502 0.990127411322
vt 0.003906250000 0.990127411322
vt 0.003906250000 0.996093750000
vt 0.007797340442 0.996093750000
vt 0.007797340442 0.990127411322
vt 0.003906250000 0.990127411322
vt 0.003906250000 0.996093750000
vt 0.009872588678 0.996093750000
vt 0.009872588678 0.992202659558
vt 0.003906250000 0.992202659558
vt 0.003906250000 0.996093750000
vt 0.007797340442 0.996093750000
vt 0.007797340442 0.980475585498
vt 0.003906250000 0.980475585498
vt 0.003906250000 0.996093750000
vt 0.019524414502 0.996093750000
vt 0.019524414502 0.992202659558
vt 0.003906250000 0.992202659558
vt 0.074218750000 0.996093750000
vt 0.101926135013 0.996093750000
vt 0.101926135013 0.970979403292
vt 0.074218750000 0.970979403293
vt 0.074218750000 0.996093750000
vt 0.099333096707 0.996093750000
vt 0.099333096708 0.968386364987
vt 0.074218750000 0.968386364987
vt 0.074218750000 0.996093750000
vt 0.120316162204 0.996093750000
vt 0.120316162204 0.968386364987
vt 0.074218750000 0.968386364987
vt 0.074218750000 0.996093750000
vt 0.101926135013 0.996093750000
vt 0.101926135013 0.949996337796
vt 0.074218750000 0.949996337796
vt 0.074218750000 0.996093750000
vt 0.120316162204 0.996093750000
vt 0.120316162204 0.970979403292
vt 0.074218750000 0.970979403292
vt 0.074218750000 0.996093750000
vt 0.099333096707 0.996093750000
vt 0.099333096707 0.949996337796
vt 0.074218750000 0.949996337796
vt 0.003906250000 0.996093750000
vt 0.009872588678 0.996093750000
vt 0.009872588679 0.980020568107
vt 0.003906250000 0.980020568107
vt 0.003906250000 0.996093750000
vt 0.019979431893 0.996093750000
vt 0.019979431893 0.990127411322
vt 0.003906250000 0.990127411322
vt 0.003906250000 0.996093750000
vt 0.007797340442 0.996093750000
vt 0.007797340442 0.990127411322
vt 0.003906250000 0.990127411322
vt 0.003906250000 0.996093750000
vt 0.009872588678 0.996093750000
vt 0.009872588678 0.992202659558
vt 0.003906250000 0.992202659558
vt 0.003906250000 0.996093750000
vt 0.007797340442 0.996093750000
vt 0.007797340442 0.980020568107
vt 0.003906250000 0.980020568107
vt 0.003906250000 0.996093750000
vt 0.019979431893 0.996093750000
vt 0.019979431893 0.992202659558
vt 0.003906250000 0.992202659558
vt 0.074218750000 0.996093750000
vt 0.103075973675 0.996093750000
vt 0.103075973675 0.970268438619
vt 0.074218750000 0.970268438619
vt 0.074218750000 0.996093750000
vt 0.100044061381 0.996093750000
vt 0.100044061381 0.967236526325
vt 0.074218750000 0.967236526325
vt 0.074218750000 0.996093750000
vt 0.121661230506 0.996093750000
vt 0.121661230506 0.967236526325
vt 0.074218750000 0.967236526325
vt 0.074218750000 0.996093750000
vt 0.103075973675 0.996093750000
vt 0.103075973675 0.948651269494
vt 0.074218750000 0.948651269494
vt 0.074218750000 0.996093750000
vt 0.121661230506 0.996093750000
vt 0.121661230506 0.970268438619
vt 0.074218750000 0.970268438619
vt 0.074218750000 0.996093750000
vt 0.100044061381 0.996093750000
vt 0.100044061381 0.948651269494
vt 0.074218750000 0.948651269494
vt 0.003906250000 0.996093750000
vt 0.009872588678 0.996093750000
vt 0.009872588678 0.979565550716
vt 0.003906250000 0.979565550716
vt 0.003906250000 0.996093750000
vt 0.020434449284 0.996093750000
vt 0.020434449284 0.990127411322
vt 0.003906250000 0.990127411322
vt 0.003906250000 0.996093750000
vt 0.007797340442 0.996093750000
vt 0.007797340442 0.990127411322
vt 0.003906250000 0.990127411322
vt 0.003906250000 0.996093750000
vt 0.009872588678 0.996093750000
vt 0.009872588678 0.992202659558
vt 0.003906250000 0.992202659558
vt 0.003906250000 0.996093750000
vt 0.007797340442 0.996093750000
vt 0.007797340442 0.979565550716
vt 0.003906250000 0.979565550716
vt 0.003906250000 0.996093750000
vt 0.020434449284 0.996093750000
vt 0.020434449284 0.992202659558
vt 0.003906250000 0.992202659558
vt 0.074218750000 0.996093750000
vt 0.104226167635 0.996093750000
vt 0.104226167634 0.969557473946
vt 0.074218750000 0.969557473946
vt 0.074218750000 0.996093750000
vt 0.100755026054 0.996093750000
vt 0.100755026054 0.966086332366
vt 0.074218750000 0.966086332366
vt 0.074218750000 0.996093750000
vt 0.123006298807 0.996093750000
vt 0.123006298807 0.966086332366
vt 0.074218750000 0.966086332366
vt 0.074218750000 0.996093750000
vt 0.104226167634 0.996093750000
vt 0.104226167634 0.947306201193
vt 0.074218750000 0.947306201193
vt 0.074218750000 0.996093750000
vt 0.123006298807 0.996093750000
vt 0.123006298807 0.969557473946
vt 0.074218750000 0.969557473946
vt 0.074218750000 0.996093750000
vt 0.100755026054 0.996093750000
vt 0.100755026054 0.947306201193
vt 0.074218750000 0.947306201193
vt 0.003906250000 0.996093750000
vt 0.009872588678 0.996093750000
vt 0.009872588678 0.979110533325
vt 0.003906250000 0.979110533325
vt 0.003906250000 0.996093750000
vt 0.020889466675 0.996093750000
vt 0.020889466675 0.990127411322
vt 0.003906250000 0.990127411322
vt 0.003906250000 0.996093750000
vt 0.007797340442 0.996093750000
vt 0.007797340442 0.990127411322
vt 0.003906250000 0.990127411322
vt 0.003906250000 0.996093750000
vt 0.009872588678 0.996093750000
vt 0.009872588678 0.992202659558
vt 0.003906250000 0.992202659558
vt 0.003906250000 0.996093750000
vt 0.007797340442 0.996093750000
vt 0.007797340442 0.979110533325
vt 0.003906250000 0.979110533325
vt 0.003906250000 0.996093750000
vt 0.020889466675 0.996093750000
vt 0.020889466675 0.992202659558
vt 0.003906250000 0.992202659558
vt 0.074218750000 0.996093750000
vt 0.105376677544 0.996093750000
vt 0.105376677544 0.968846509272
vt 0.074218750000 0.968846509272
vt 0.074218750000 0.996093750000
vt 0.101465990728 0.996093750000
vt 0.101465990728 0.964935822456
vt 0.074218750000 0.964935822456
vt 0.074218750000 0.996093750000
vt 0.124351367108 0.996093750000
vt 0.124351367108 0.964935822456
vt 0.074218750000 0.964935822456
vt 0.074218750000 0.996093750000
vt 0.105376677544 0.996093750000
vt 0.105376677544 0.945961132892
vt 0.074218750000 0.945961132892
vt 0.074218750000 0.996093750000
vt 0.124351367108 0.996093750000
vt 0.124351367108 0.968846509272
vt 0.074218750000 0.968846509272
vt 0.074218750000 0.996093750000
vt 0.101465990728 0.996093750000
vt 0.101465990728 0.945961132892
vt 0.074218750000 0.945961132892
vt 0.003906250000 0.996093750000
vt 0.009872588679 0.996093750000
vt 0.009872588678 0.978655515934
vt 0.003906250000 0.978655515934
vt 0.003906250000 0.996093750000
vt 0.021344484066 0.996093750000
vt 0.021344484066 0.990127411322
vt 0.003906250000 0.990127411322
vt 0.003906250000 0.996093750000
vt 0.007797340442 0.996093750000
vt 0.007797340442 0.990127411322
vt 0.003906250000 0.990127411322
vt 0.003906250000 0.996093750000
vt 0.009872588678 0.996093750000
vt 0.009872588678 0.992202659558
vt 0.003906250000 0.992202659558
vt 0.003906250000 0.996093750000
vt 0.007797340442 0.996093750000
vt 0.007797340442 0.978655515934
vt 0.003906250000 0.978655515934
vt 0.003906250000 0.996093750000
vt 0.021344484066 0.996093750000
vt 0.021344484066 0.992202659558
vt 0.003906250000 0.992202659558
vt 0.074218750000 0.996093750000
vt 0.106527469652 0.996093750000
vt 0.106527469652 0.968135544599
vt 0.074218750000 0.968135544599
vt 0.074218750000 0.996093750000
vt 0.102176955401 0.996093750000
vt 0.102176955401 0.963785030348
vt 0.074218750000 0.963785030348
vt 0.074218750000 0.996093750000
vt 0.125696435409 0.996093750000
vt 0.125696435409 0.963785030348
vt 0.074218750000 0.963785030348
vt 0.074218750000 0.996093750000
vt 0.106527469652 0.996093750000
vt 0.106527469652 0.944616064591
vt 0.074218750000 0.944616064591
vt 0.074218750000 0.996093750000
vt 0.125696435409 0.996093750000
vt 0.125696435409 0.968135544599
vt 0.074218750000 0.968135544599
vt 0.074218750000 0.996093750000
vt 0.102176955401 0.996093750000
vt 0.102176955401 0.944616064591
vt 0.074218750000 0.944616064591
vt 0.003906250000 0.996093750000
vt 0.009872588678 0.996093750000
vt 0.009872588678 0.978200498543
vt 0.003906250000 0.978200498543
vt 0.003906250000 0.996093750000
vt 0.021799501457 0.996093750000
vt 0.021799501457 0.990127411322
vt 0.003906250000 0.990127411322
vt 0.003906250000 0.996093750000
vt 0.007797340442 0.996093750000
vt 0.007797340442 0.990127411322
vt 0.003906250000 0.990127411322
vt 0.003906250000 0.996093750000
vt 0.009872588678 0.996093750000
vt 0.009872588678 0.992202659558
vt 0.003906250000 0.992202659558
vt 0.003906250000 0.996093750000
vt 0.007797340442 0.996093750000
vt 0.007797340442 0.978200498543
vt 0.003906250000 0.978200498543
vt 0.003906250000 0.996093750000
vt 0.021799501457 0.996093750000
vt 0.021799501457 0.992202659558
vt 0.003906250000 0.992202659558
vt 0.074218750000 0.996093750000
vt 0.107678514839 0.996093750000
vt 0.107678514839 0.967424579925
vt 0.074218750000 0.967424579925
vt 0.074218750000 0.996093750000
vt 0.102887920075 0.996093750000
vt 0.102887920075 0.962633985161
vt 0.074218750000 0.962633985161
vt 0.074218750000 0.996093750000
vt 0.127041503710 0.996093750000
vt 0.127041503710 0.962633985161
vt 0.074218750000 0.962633985161
vt 0.074218750000 0.996093750000
vt 0.107678514839 0.996093750000
vt 0.107678514839 0.943270996290
vt 0.074218750000 0.943270996290
vt 0.074218750000 0.996093750000
vt 0.127041503710 0.996093750000
vt 0.127041503710 0.967424579925
vt 0.074218750000 0.967424579925
vt 0.074218750000 0.996093750000
vt 0.102887920075 0.996093750000
vt 0.102887920075 0.943270996290
vt 0.074218750000 0.943270996290
vt 0.003906250000 0.996093750000
vt 0.009872588679 0.996093750000
vt 0.009872588678 0.977745481152
vt 0.003906250000 0.977745481152
vt 0.003906250000 0.996093750000
vt 0.022254518848 0.996093750000
vt 0.022254518848 0.990127411322
vt 0.003906250000 0.990127411322
vt 0.003906250000 0.996093750000
vt 0.007797340442 0.996093750000
vt 0.007797340442 0.990127411322
vt 0.003906250000 0.990127411322
vt 0.003906250000 0.996093750000
vt 0.009872588678 0.996093750000
vt 0.009872588678 0.992202659558
vt 0.003906250000 0.992202659558
vt 0.003906250000 0.996093750000
vt 0.007797340442 0.996093750000
vt 0.007797340442 0.977745481152
vt 0.003906250000 0.977745481152
vt 0.003906250000 0.996093750000
vt 0.022254518848 0.996093750000
vt 0.022254518848 0.992202659558
vt 0.003906250000 0.992202659558
vt 0.074218750000 0.996093750000
vt 0.108829787857 0.996093750000
vt 0.108829787857 0.966713615252
vt 0.074218750000 0.966713615252
vt 0.074218750000 0.996093750000
vt 0.103598884748 0.996093750000
vt 0.103598884748 0.961482712143
vt 0.074218750000 0.961482712143
vt 0.074218750000 0.996093750000
vt 0.128386572011 0.996093750000
vt 0.128386572011 0.961482712143
vt 0.074218750000 0.961482712143
vt 0.074218750000 0.996093750000
vt 0.108829787857 0.996093750000
vt 0.108829787857 0.941925927989
vt 0.074218750000 0.941925927989
vt 0.074218750000 0.996093750000
vt 0.128386572011 0.996093750000
vt 0.128386572011 0.966713615252
vt 0.074218750000 0.966713615252
vt 0.074218750000 0.996093750000
vt 0.103598884748 0.996093750000
vt 0.103598884748 0.941925927989
vt 0.074218750000 0.941925927989
vt 0.003906250000 0.996093750000
vt 0.009872588678 0.996093750000
vt 0.009872588678 0.977290463761
vt 0.003906250000 0.977290463761
vt 0.003906250000 0.996093750000
vt 0.022709536239 0.996093750000
vt 0.022709536239 0.990127411322
vt 0.003906250000 0.990127411322
vt 0.003906250000 0.996093750000
vt 0.007797340442 0.996093750000
vt 0.007797340442 0.990127411322
vt 0.003906250000 0.990127411322
vt 0.003906250000 0.996093750000
vt 0.009872588678 0.996093750000
vt 0.009872588678 0.992202659558
vt 0.003906250000 0.992202659558
vt 0.003906250000 0.996093750000
vt 0.007797340442 0.996093750000
vt 0.007797340442 0.977290463761
vt 0.003906250000 0.977290463761
vt 0.003906250000 0.996093750000
vt 0.022709536239 0.996093750000
vt 0.022709536239 0.992202659558
vt 0.003906250000 0.992202659558
vt 0.074218750000 0.996093750000
vt 0.109981266703 0.996093750000
vt 0.109981266703 0.966002650578
vt 0.074218750000 0.966002650578
vt 0.074218750000 0.996093750000
vt 0.104309849422 0.996093750000
vt 0.104309849422 0.960331233297
vt 0.074218750000 0.960331233297
vt 0.074218750000 0.996093750000
vt 0.129731640312 0.996093750000
vt 0.129731640312 0.960331233297
vt 0.074218750000 0.960331233297
vt 0.074218750000 0.996093750000
vt 0.109981266703 0.996093750000
vt 0.109981266703 0.940580859688
vt 0.074218750000 0.940580859688
vt 0.074218750000 0.996093750000
vt 0.129731640312 0.996093750000
vt 0.129731640312 0.966002650578
vt 0.074218750000 0.966002650578
vt 0.074218750000 0.996093750000
vt 0.104309849422 0.996093750000
vt 0.104309849422 0.940580859688
vt 0.074218750000 0.940580859688
vt 0.003906250000 0.996093750000
vt 0.009872588678 0.996093750000
vt 0.009872588678 0.976835446370
vt 0.003906250000 0.976835446370
vt 0.003906250000 0.996093750000
vt 0.023164553630 0.996093750000
vt 0.023164553630 0.990127411322
vt 0.003906250000 0.990127411322
vt 0.003906250000 0.996093750000
vt 0.007797340442 0.996093750000
vt 0.007797340442 0.990127411322
vt 0.003906250000 0.990127411322
vt 0.003906250000 0.996093750000
vt 0.009872588678 0.996093750000
vt 0.009872588678 0.992202659558
vt 0.003906250000 0.992202659558
vt 0.003906250000 0.996093750000
vt 0.007797340442 0.996093750000
vt 0.007797340442 0.976835446370
vt 0.003906250000 0.976835446370
vt 0.003906250000 0.996093750000
vt 0.023164553630 0.996093750000
vt 0.023164553630 0.992202659558
vt 0.003906250000 0.992202659558
vt 0.046875000000 0.925781250000
vt 0.059326489416 0.925781250000
vt 0.059326489416 0.911773324407
vt 0.046875000000 0.911773324407
vt 0.046875000000 0.925781250000
vt 0.060882925593 0.925781250000
vt 0.060882925593 0.913329760584
vt 0.046875000000 0.913329760584
vt 0.046875000000 0.925781250000
vt 0.064514610006 0.925781250000
vt 0.064514610006 0.913329760584
vt 0.046875000000 0.913329760584
vt 0.046875000000 0.925781250000
vt 0.059326489416 0.925781250000
vt 0.059326489416 0.908141639994
vt 0.046875000000 0.908141639994
vt 0.046875000000 0.925781250000
vt 0.064514610006 0.925781250000
vt 0.064514610006 0.911773324407
vt 0.046875000000 0.911773324407
vt 0.046875000000 0.925781250000
vt 0.060882925593 0.925781250000
vt 0.060882925593 0.908141639994
vt 0.046875000000 0.908141639994
vt 0.003906250000 0.996093750000
vt 0.013451264102 0.996093750000
vt 0.013451264102 0.993240283676
vt 0.003906250000 0.993240283676
vt 0.003906250000 0.996093750000
vt 0.006759716324 0.996093750000
vt 0.006759716324 0.986548735898
vt 0.003906250000 0.986548735898
vt 0.003906250000 0.996093750000
vt 0.006759716324 0.996093750000
vt 0.006759716324 0.986548735898
vt 0.003906250000 0.986548735898
vt 0.003906250000 0.996093750000
vt 0.013451264102 0.996093750000
vt 0.013451264102 0.993240283676
vt 0.003906250000 0.993240283676
vt 0.003906250000 0.996093750000
vt 0.006759716324 0.996093750000
vt 0.006759716324 0.993240283676
vt 0.003906250000 0.993240283676
vt 0.003906250000 0.996093750000
vt 0.006759716324 0.996093750000
vt 0.006759716324 0.993240283676
vt 0.003906250000 0.993240283676
vt 0.003906250000 0.925781250000
vt 0.013873139102 0.925781250000
vt 0.013873139102 0.923965407794
vt 0.003906250000 0.923965407794
vt 0.003906250000 0.925781250000
vt 0.005722092207 0.925781250000
vt 0.005722092206 0.915814360898
vt 0.003906250000 0.915814360898
vt 0.003906250000 0.925781250000
vt 0.005151398942 0.925781250000
vt 0.005151398942 0.915814360898
vt 0.003906250000 0.915814360898
vt 0.003906250000 0.925781250000
vt 0.013873139102 0.925781250000
vt 0.013873139102 0.924536101058
vt 0.003906250000 0.924536101058
vt 0.003906250000 0.925781250000
vt 0.005151398942 0.925781250000
vt 0.005151398942 0.923965407794
vt 0.003906250000 0.923965407794
vt 0.003906250000 0.925781250000
vt 0.005722092206 0.925781250000
vt 0.005722092206 0.924536101058
vt 0.003906250000 0.924536101058
vt 0.003906250000 0.996093750000
vt 0.013451264102 0.996093750000
vt 0.013451264102 0.993240283676
vt 0.003906250000 0.993240283676
vt 0.003906250000 0.996093750000
vt 0.006759716324 0.996093750000
vt 0.006759716325 0.986548735898
vt 0.003906250000 0.986548735898
vt 0.003906250000 0.996093750000
vt 0.006759716324 0.996093750000
vt 0.006759716324 0.986548735898
vt 0.003906250000 0.986548735898
vt 0.003906250000 0.996093750000
vt 0.013451264102 0.996093750000
vt 0.013451264102 0.993240283676
vt 0.003906250000 0.993240283676
vt 0.003906250000 0.996093750000
vt 0.006759716324 0.996093750000
vt 0.006759716324 0.993240283676
vt 0.003906250000 0.993240283676
vt 0.003906250000 0.996093750000
vt 0.006759716324 0.996093750000
vt 0.006759716324 0.993240283676
vt 0.003906250000 0.993240283676
vt 0.195312500000 0.996093750000
vt 0.205279389102 0.996093750000
vt 0.205279389102 0.994277907794
vt 0.195312500000 0.994277907794
vt 0.003906250000 0.925781250000
vt 0.005722092207 0.925781250000
vt 0.005722092206 0.915814360898
vt 0.003906250000 0.915814360898
vt 0.003906250000 0.925781250000
vt 0.005151398942 0.925781250000
vt 0.005151398942 0.915814360898
vt 0.003906250000 0.915814360898
vt 0.003906250000 0.925781250000
vt 0.013873139102 0.925781250000
vt 0.013873139102 0.924536101058
vt 0.003906250000 0.924536101058
vt 0.003906250000 0.925781250000
vt 0.005151398942 0.925781250000
vt 0.005151398942 0.923965407794
vt 0.003906250000 0.923965407794
vt 0.003906250000 0.925781250000
vt 0.005722092206 0.925781250000
vt 0.005722092206 0.924536101058
vt 0.003906250000 0.924536101058
vt 0.003906250000 0.996093750000
vt 0.013451264102 0.996093750000
vt 0.013451264102 0.993240283676
vt 0.003906250000 0.993240283676
vt 0.003906250000 0.996093750000
vt 0.006759716324 0.996093750000
vt 0.006759716324 0.986548735898
vt 0.003906250000 0.986548735898
vt 0.003906250000 0.996093750000
vt 0.006759716324 0.996093750000
vt 0.006759716324 0.986548735898
vt 0.003906250000 0.986548735898
vt 0.003906250000 0.996093750000
vt 0.013451264102 0.996093750000
vt 0.013451264102 0.993240283676
vt 0.003906250000 0.993240283676
vt 0.003906250000 0.996093750000
vt 0.006759716324 0.996093750000
vt 0.006759716324 0.993240283676
vt 0.003906250000 0.993240283676
vt 0.003906250000 0.996093750000
vt 0.006759716324 0.996093750000
vt 0.006759716324 0.993240283676
vt 0.003906250000 0.993240283676
vt 0.003906250000 0.925781250000
vt 0.013873139102 0.925781250000
vt 0.013873139102 0.923965407794
vt 0.003906250000 0.923965407793
vt 0.003906250000 0.925781250000
vt 0.005722092207 0.925781250000
vt 0.005722092207 0.915814360898
vt 0.003906250000 0.915814360898
vt 0.003906250000 0.925781250000
vt 0.005151398942 0.925781250000
vt 0.005151398942 0.915814360898
vt 0.003906250000 0.915814360898
vt 0.003906250000 0.925781250000
vt 0.013873139102 0.925781250000
vt 0.013873139102 0.924536101058
vt 0.003906250000 0.924536101058
vt 0.003906250000 0.925781250000
vt 0.005151398942 0.925781250000
vt 0.005151398942 0.923965407794
vt 0.003906250000 0.923965407794
vt 0.003906250000 0.925781250000
vt 0.005722092207 0.925781250000
vt 0.005722092207 0.924536101058
vt 0.003906250000 0.924536101058
vt 0.003906250000 0.996093750000
vt 0.013451264102 0.996093750000
vt 0.013451264102 0.993240283676
vt 0.003906250000 0.993240283676
vt 0.003906250000 0.996093750000
vt 0.006759716324 0.996093750000
vt 0.006759716324 0.986548735898
vt 0.003906250000 0.986548735898
vt 0.003906250000 0.996093750000
vt 0.006759716324 0.996093750000
vt 0.006759716324 0.986548735898
vt 0.003906250000 0.986548735898
vt 0.003906250000 0.996093750000
vt 0.013451264102 0.996093750000
vt 0.013451264102 0.993240283676
vt 0.003906250000 0.993240283676
vt 0.003906250000 0.996093750000
vt 0.006759716324 0.996093750000
vt 0.006759716324 0.993240283676
vt 0.003906250000 0.993240283676
vt 0.003906250000 0.996093750000
vt 0.006759716324 0.996093750000
vt 0.006759716324 0.993240283676
vt 0.003906250000 0.993240283676
vt 0.003906250000 0.925781250000
vt 0.013873139102 0.925781250000
vt 0.013873139102 0.923965407793
vt 0.003906250000 0.923965407794
vt 0.003906250000 0.925781250000
vt 0.005722092206 0.925781250000
vt 0.005722092207 0.915814360898
vt 0.003906250000 0.915814360898
vt 0.003906250000 0.925781250000
vt 0.005151398942 0.925781250000
vt 0.005151398942 0.915814360898
vt 0.003906250000 0.915814360898
vt 0.003906250000 0.925781250000
vt 0.013873139102 0.925781250000
vt 0.013873139102 0.924536101058
vt 0.003906250000 0.924536101058
vt 0.003906250000 0.925781250000
vt 0.005151398942 0.925781250000
vt 0.005151398942 0.923965407793
vt 0.003906250000 0.923965407793
vt 0.003906250000 0.925781250000
vt 0.005722092206 0.925781250000
vt 0.005722092206 0.924536101058
vt 0.003906250000 0.924536101058
vt 0.003906250000 0.996093750000
vt 0.013451264102 0.996093750000
vt 0.013451264102 0.993240283676
vt 0.003906250000 0.993240283676
vt 0.003906250000 0.996093750000
vt 0.006759716325 0.996093750000
vt 0.006759716324 0.986548735898
vt 0.003906250000 0.986548735898
vt 0.003906250000 0.996093750000
vt 0.006759716324 0.996093750000
vt 0.006759716324 0.986548735898
vt 0.003906250000 0.986548735898
vt 0.003906250000 0.996093750000
vt 0.013451264102 0.996093750000
vt 0.013451264102 0.993240283676
vt 0.003906250000 0.993240283676
vt 0.003906250000 0.996093750000
vt 0.006759716324 0.996093750000
vt 0.006759716324 0.993240283676
vt 0.003906250000 0.993240283676
vt 0.003906250000 0.996093750000
vt 0.006759716324 0.996093750000
vt 0.006759716324 0.993240283676
vt 0.003906250000 0.993240283676
vt 0.003906250000 0.925781250000
vt 0.013873139102 0.925781250000
vt 0.013873139102 0.923965407794
vt 0.003906250000 0.923965407794
vt 0.003906250000 0.925781250000
vt 0.005722092206 0.925781250000
vt 0.005722092207 0.915814360898
vt 0.003906250000 0.915814360898
vt 0.003906250000 0.925781250000
vt 0.005151398942 0.925781250000
vt 0.005151398942 0.915814360898
vt 0.003906250000 0.915814360898
vt 0.003906250000 0.925781250000
vt 0.013873139102 0.925781250000
vt 0.013873139102 0.924536101058
vt 0.003906250000 0.924536101058
vt 0.003906250000 0.925781250000
vt 0.005151398942 0.925781250000
vt 0.005151398942 0.923965407794
vt 0.003906250000 0.923965407794
vt 0.003906250000 0.925781250000
vt 0.005722092206 0.925781250000
vt 0.005722092206 0.924536101058
vt 0.003906250000 0.924536101058
vt 0.003906250000 0.996093750000
vt 0.013451264102 0.996093750000
vt 0.013451264102 0.993240283676
vt 0.003906250000 0.993240283676
vt 0.003906250000 0.996093750000
vt 0.006759716324 0.996093750000
vt 0.006759716324 0.986548735898
vt 0.003906250000 0.986548735898
vt 0.003906250000 0.996093750000
vt 0.006759716324 0.996093750000
vt 0.006759716324 0.986548735898
vt 0.003906250000 0.986548735898
vt 0.003906250000 0.996093750000
vt 0.013451264102 0.996093750000
vt 0.013451264102 0.993240283676
vt 0.003906250000 0.993240283676
vt 0.003906250000 0.996093750000
vt 0.006759716324 0.996093750000
vt 0.006759716324 0.993240283676
vt 0.003906250000 0.993240283676
vt 0.003906250000 0.996093750000
vt 0.006759716324 0.996093750000
vt 0.006759716324 0.993240283676
vt 0.003906250000 0.993240283676
vt 0.003906250000 0.925781250000
vt 0.013873139102 0.925781250000
vt 0.013873139102 0.923965407794
vt 0.003906250000 0.923965407794
vt 0.003906250000 0.925781250000
vt 0.005722092207 0.925781250000
vt 0.005722092206 0.915814360898
vt 0.003906250000 0.915814360898
vt 0.003906250000 0.925781250000
vt 0.005151398942 0.925781250000
vt 0.005151398942 0.915814360898
vt 0.003906250000 0.915814360898
vt 0.003906250000 0.925781250000
vt 0.013873139102 0.925781250000
vt 0.013873139102 0.924536101058
vt 0.003906250000 0.924536101058
vt 0.003906250000 0.925781250000
vt 0.005151398942 0.925781250000
vt 0.005151398942 0.923965407794
vt 0.003906250000 0.923965407794
vt 0.003906250000 0.925781250000
vt 0.005722092206 0.925781250000
vt 0.005722092206 0.924536101058
vt 0.003906250000 0.924536101058
vt 0.003906250000 0.996093750000
vt 0.013451264102 0.996093750000
vt 0.013451264102 0.993240283676
vt 0.003906250000 0.993240283676
vt 0.003906250000 0.996093750000
vt 0.006759716324 0.996093750000
vt 0.006759716324 0.986548735898
vt 0.003906250000 0.986548735898
vt 0.003906250000 0.996093750000
vt 0.006759716324 0.996093750000
vt 0.006759716324 0.986548735898
vt 0.003906250000 0.986548735898
vt 0.003906250000 0.996093750000
vt 0.013451264102 0.996093750000
vt 0.013451264102 0.993240283676
vt 0.003906250000 0.993240283676
vt 0.003906250000 0.996093750000
vt 0.006759716324 0.996093750000
vt 0.006759716324 0.993240283676
vt 0.003906250000 0.993240283676
vt 0.003906250000 0.996093750000
vt 0.006759716324 0.996093750000
vt 0.006759716324 0.993240283676
vt 0.003906250000 0.993240283676
vt 0.003906250000 0.925781250000
vt 0.013873139102 0.925781250000
vt 0.013873139102 0.923965407794
vt 0.003906250000 0.923965407794
vt 0.003906250000 0.925781250000
vt 0.005722092207 0.925781250000
vt 0.005722092206 0.915814360898
vt 0.003906250000 0.915814360898
vt 0.003906250000 0.925781250000
vt 0.005151398942 0.925781250000
vt 0.005151398942 0.915814360898
vt 0.003906250000 0.915814360898
vt 0.003906250000 0.925781250000
vt 0.013873139102 0.925781250000
vt 0.013873139102 0.924536101058
vt 0.003906250000 0.924536101058
vt 0.003906250000 0.925781250000
vt 0.005151398942 0.925781250000
vt 0.005151398942 0.923965407794
vt 0.003906250000 0.923965407794
vt 0.003906250000 0.925781250000
vt 0.005722092206 0.925781250000
vt 0.005722092206 0.924536101058
vt 0.003906250000 0.924536101058
vt 0.003906250000 0.996093750000
vt 0.013451264102 0.996093750000
vt 0.013451264102 0.993240283676
vt 0.003906250000 0.993240283676
vt 0.003906250000 0.996093750000
vt 0.006759716324 0.996093750000
vt 0.006759716325 0.986548735898
vt 0.003906250000 0.986548735898
vt 0.003906250000 0.996093750000
vt 0.006759716324 0.996093750000
vt 0.006759716324 0.986548735898
vt 0.003906250000 0.986548735898
vt 0.003906250000 0.996093750000
vt 0.013451264102 0.996093750000
vt 0.013451264102 0.993240283676
vt 0.003906250000 0.993240283676
vt 0.003906250000 0.996093750000
vt 0.006759716324 0.996093750000
vt 0.006759716324 0.993240283676
vt 0.003906250000 0.993240283676
vt 0.003906250000 0.996093750000
vt 0.006759716324 0.996093750000
vt 0.006759716324 0.993240283676
vt 0.003906250000 0.993240283676
vt 0.195312500000 0.996093750000
vt 0.205279389102 0.996093750000
vt 0.205279389102 0.994277907794
vt 0.195312500000 0.994277907794
vt 0.003906250000 0.925781250000
vt 0.005722092207 0.925781250000
vt 0.005722092206 0.915814360898
vt 0.003906250000 0.915814360898
vt 0.003906250000 0.925781250000
vt 0.005151398942 0.925781250000
vt 0.005151398942 0.915814360898
vt 0.003906250000 0.915814360898
vt 0.003906250000 0.925781250000
vt 0.013873139102 0.925781250000
vt 0.013873139102 0.924536101058
vt 0.003906250000 0.924536101058
vt 0.003906250000 0.925781250000
vt 0.005151398942 0.925781250000
vt 0.005151398942 0.923965407794
vt 0.003906250000 0.923965407794
vt 0.003906250000 0.925781250000
vt 0.005722092206 0.925781250000
vt 0.005722092206 0.924536101058
vt 0.003906250000 0.924536101058
vt 0.003906250000 0.996093750000
vt 0.013451264102 0.996093750000
vt 0.013451264102 0.993240283676
vt 0.003906250000 0.993240283676
vt 0.003906250000 0.996093750000
vt 0.006759716324 0.996093750000
vt 0.006759716324 0.986548735898
vt 0.003906250000 0.986548735898
vt 0.003906250000 0.996093750000
vt 0.006759716324 0.996093750000
vt 0.006759716324 0.986548735898
vt 0.003906250000 0.986548735898
vt 0.003906250000 0.996093750000
vt 0.013451264102 0.996093750000
vt 0.013451264102 0.993240283676
vt 0.003906250000 0.993240283676
vt 0.003906250000 0.996093750000
vt 0.006759716324 0.996093750000
vt 0.006759716324 0.993240283676
vt 0.003906250000 0.993240283676
vt 0.003906250000 0.996093750000
vt 0.006759716324 0.996093750000
vt 0.006759716324 0.993240283676
vt 0.003906250000 0.993240283676
vt 0.003906250000 0.925781250000
vt 0.013873139102 0.925781250000
vt 0.013873139102 0.923965407794
vt 0.003906250000 0.923965407794
vt 0.003906250000 0.925781250000
vt 0.005722092206 0.925781250000
vt 0.005722092207 0.915814360898
vt 0.003906250000 0.915814360898
vt 0.003906250000 0.925781250000
vt 0.005151398942 0.925781250000
vt 0.005151398942 0.915814360898
vt 0.003906250000 0.915814360898
vt 0.003906250000 0.925781250000
vt 0.013873139102 0.925781250000
vt 0.013873139102 0.924536101058
vt 0.003906250000 0.924536101058
vt 0.003906250000 0.925781250000
vt 0.005151398942 0.925781250000
vt 0.005151398942 0.923965407794
vt 0.003906250000 0.923965407794
vt 0.003906250000 0.925781250000
vt 0.005722092206 0.925781250000
vt 0.005722092206 0.924536101058
vt 0.003906250000 0.924536101058
vt 0.003906250000 0.996093750000
vt 0.013451264102 0.996093750000
vt 0.013451264102 0.993240283676
vt 0.003906250000 0.993240283676
vt 0.003906250000 0.996093750000
vt 0.006759716324 0.996093750000
vt 0.006759716324 0.986548735898
vt 0.003906250000 0.986548735898
vt 0.003906250000 0.996093750000
vt 0.006759716324 0.996093750000
vt 0.006759716324 0.986548735898
vt 0.003906250000 0.986548735898
vt 0.003906250000 0.996093750000
vt 0.013451264102 0.996093750000
vt 0.013451264102 0.993240283676
vt 0.003906250000 0.993240283676
vt 0.003906250000 0.996093750000
vt 0.006759716324 0.996093750000
vt 0.006759716324 0.993240283676
vt 0.003906250000 0.993240283676
vt 0.003906250000 0.996093750000
vt 0.006759716324 0.996093750000
vt 0.006759716324 0.993240283676
vt 0.003906250000 0.993240283676
vt 0.003906250000 0.925781250000
vt 0.013873139102 0.925781250000
vt 0.013873139102 0.923965407794
vt 0.003906250000 0.923965407794
vt 0.003906250000 0.925781250000
vt 0.005722092206 0.925781250000
vt 0.005722092207 0.915814360898
vt 0.003906250000 0.915814360898
vt 0.003906250000 0.925781250000
vt 0.005151398942 0.925781250000
vt 0.005151398942 0.915814360898
vt 0.003906250000 0.915814360898
vt 0.003906250000 0.925781250000
vt 0.013873139102 0.925781250000
vt 0.013873139102 0.924536101058
vt 0.003906250000 0.924536101058
vt 0.003906250000 0.925781250000
vt 0.005151398942 0.925781250000
vt 0.005151398942 0.923965407794
vt 0.003906250000 0.923965407794
vt 0.003906250000 0.925781250000
vt 0.005722092206 0.925781250000
vt 0.005722092206 0.924536101058
vt 0.003906250000 0.924536101058
vt 0.003906250000 0.996093750000
vt 0.013451264102 0.996093750000
vt 0.013451264102 0.993240283676
vt 0.003906250000 0.993240283676
vt 0.003906250000 0.996093750000
vt 0.006759716324 0.996093750000
vt 0.006759716324 0.986548735898
vt 0.003906250000 0.986548735898
vt 0.003906250000 0.996093750000
vt 0.006759716324 0.996093750000
vt 0.006759716324 0.986548735898
vt 0.003906250000 0.986548735898
vt 0.003906250000 0.996093750000
vt 0.013451264102 0.996093750000
vt 0.013451264102 0.993240283676
vt 0.003906250000 0.993240283676
vt 0.003906250000 0.996093750000
vt 0.006759716324 0.996093750000
vt 0.006759716324 0.993240283676
vt 0.003906250000 0.993240283676
vt 0.003906250000 0.996093750000
vt 0.006759716324 0.996093750000
vt 0.006759716324 0.993240283676
vt 0.003906250000 0.993240283676
vt 0.003906250000 0.925781250000
vt 0.013873139102 0.925781250000
vt 0.013873139102 0.923965407794
vt 0.003906250000 0.923965407794
vt 0.003906250000 0.925781250000
vt 0.005722092206 0.925781250000
vt 0.005722092207 0.915814360898
vt 0.003906250000 0.915814360898
vt 0.003906250000 0.925781250000
vt 0.005151398942 0.925781250000
vt 0.005151398942 0.915814360898
vt 0.003906250000 0.915814360898
vt 0.003906250000 0.925781250000
vt 0.013873139102 0.925781250000
vt 0.013873139102 0.924536101058
vt 0.003906250000 0.924536101058
vt 0.003906250000 0.925781250000
vt 0.005151398942 0.925781250000
vt 0.005151398942 0.923965407794
vt 0.003906250000 0.923965407794
vt 0.003906250000 0.925781250000
vt 0.005722092206 0.925781250000
vt 0.005722092206 0.924536101058
vt 0.003906250000 0.924536101058
vt 0.003906250000 0.996093750000
vt 0.013451264102 0.996093750000
vt 0.013451264102 0.993240283676
vt 0.003906250000 0.993240283676
vt 0.003906250000 0.996093750000
vt 0.006759716324 0.996093750000
vt 0.006759716324 0.986548735898
vt 0.003906250000 0.986548735898
vt 0.003906250000 0.996093750000
vt 0.006759716324 0.996093750000
vt 0.006759716324 0.986548735898
vt 0.003906250000 0.986548735898
vt 0.003906250000 0.996093750000
vt 0.013451264102 0.996093750000
vt 0.013451264102 0.993240283676
vt 0.003906250000 0.993240283676
vt 0.003906250000 0.996093750000
vt 0.006759716324 0.996093750000
vt 0.006759716324 0.993240283676
vt 0.003906250000 0.993240283676
vt 0.003906250000 0.996093750000
vt 0.006759716324 0.996093750000
vt 0.006759716324 0.993240283676
vt 0.003906250000 0.993240283676
vt 0.003906250000 0.925781250000
vt 0.013873139102 0.925781250000
vt 0.013873139102 0.923965407794
vt 0.003906250000 0.923965407794
vt 0.003906250000 0.925781250000
vt 0.005722092207 0.925781250000
vt 0.005722092206 0.915814360898
vt 0.003906250000 0.915814360898
vt 0.003906250000 0.925781250000
vt 0.005151398942 0.925781250000
vt 0.005151398942 0.915814360898
vt 0.003906250000 0.915814360898
vt 0.003906250000 0.925781250000
vt 0.013873139102 0.925781250000
vt 0.013873139102 0.924536101058
vt 0.003906250000 0.924536101058
vt 0.003906250000 0.925781250000
vt 0.005151398942 0.925781250000
vt 0.005151398942 0.923965407794
vt 0.003906250000 0.923965407794
vt 0.003906250000 0.925781250000
vt 0.005722092206 0.925781250000
vt 0.005722092206 0.924536101058
vt 0.003906250000 0.924536101058
vt 0.003906250000 0.996093750000
vt 0.024462096322 0.996093750000
vt 0.024462096322 0.993240283676
vt 0.003906250000 0.993240283676
vt 0.003906250000 0.996093750000
vt 0.006759716324 0.996093750000
vt 0.006759716324 0.975537903678
vt 0.003906250000 0.975537903678
vt 0.003906250000 0.996093750000
vt 0.006759716324 0.996093750000
vt 0.006759716324 0.975537903678
vt 0.003906250000 0.975537903678
vt 0.003906250000 0.996093750000
vt 0.024462096322 0.996093750000
vt 0.024462096322 0.993240283676
vt 0.003906250000 0.993240283676
vt 0.003906250000 0.996093750000
vt 0.006759716324 0.996093750000
vt 0.006759716324 0.993240283676
vt 0.003906250000 0.993240283676
vt 0.003906250000 0.996093750000
vt 0.006759716324 0.996093750000
vt 0.006759716324 0.993240283676
vt 0.003906250000 0.993240283676
vt 0.003906250000 0.925781250000
vt 0.024883971322 0.925781250000
vt 0.024883971322 0.923965407794
vt 0.003906250000 0.923965407794
vt 0.003906250000 0.925781250000
vt 0.005722092207 0.925781250000
vt 0.005722092206 0.904803528678
vt 0.003906250000 0.904803528679
vt 0.003906250000 0.925781250000
vt 0.005151398942 0.925781250000
vt 0.005151398942 0.904803528679
vt 0.003906250000 0.904803528679
vt 0.003906250000 0.925781250000
vt 0.024883971322 0.925781250000
vt 0.024883971322 0.924536101058
vt 0.003906250000 0.924536101058
vt 0.003906250000 0.925781250000
vt 0.005151398942 0.925781250000
vt 0.005151398942 0.923965407794
vt 0.003906250000 0.923965407794
vt 0.003906250000 0.925781250000
vt 0.005722092206 0.925781250000
vt 0.005722092206 0.924536101058
vt 0.003906250000 0.924536101058
vt 0.003906250000 0.996093750000
vt 0.024462096322 0.996093750000
vt 0.024462096322 0.993240283676
vt 0.003906250000 0.993240283676
vt 0.003906250000 0.996093750000
vt 0.006759716324 0.996093750000
vt 0.006759716324 0.975537903678
vt 0.003906250000 0.975537903678
vt 0.003906250000 0.996093750000
vt 0.006759716324 0.996093750000
vt 0.006759716324 0.975537903678
vt 0.003906250000 0.975537903678
vt 0.003906250000 0.996093750000
vt 0.024462096322 0.996093750000
vt 0.024462096322 0.993240283676
vt 0.003906250000 0.993240283676
vt 0.003906250000 0.996093750000
vt 0.006759716324 0.996093750000
vt 0.006759716324 0.993240283676
vt 0.003906250000 0.993240283676
vt 0.003906250000 0.996093750000
vt 0.006759716324 0.996093750000
vt 0.006759716324 0.993240283676
vt 0.003906250000 0.993240283676
vt 0.195312500000 0.996093750000
vt 0.216290221322 0.996093750000
vt 0.216290221322 0.994277907794
vt 0.195312500000 0.994277907793
vt 0.003906250000 0.925781250000
vt 0.005722092207 0.925781250000
vt 0.005722092206 0.904803528678
vt 0.003906250000 0.904803528678
vt 0.003906250000 0.925781250000
vt 0.005151398942 0.925781250000
vt 0.005151398942 0.904803528678
vt 0.003906250000 0.904803528678
vt 0.003906250000 0.925781250000
vt 0.024883971322 0.925781250000
vt 0.024883971322 0.924536101058
vt 0.003906250000 0.924536101058
vt 0.003906250000 0.925781250000
vt 0.005151398942 0.925781250000
vt 0.005151398942 0.923965407794
vt 0.003906250000 0.923965407794
vt 0.003906250000 0.925781250000
vt 0.005722092207 0.925781250000
vt 0.005722092207 0.924536101058
vt 0.003906250000 0.924536101058
vt 0.003906250000 0.996093750000
vt 0.024462096322 0.996093750000
vt 0.024462096322 0.993240283676
vt 0.003906250000 0.993240283676
vt 0.003906250000 0.996093750000
vt 0.006759716324 0.996093750000
vt 0.006759716324 0.975537903678
vt 0.003906250000 0.975537903678
vt 0.003906250000 0.996093750000
vt 0.006759716324 0.996093750000
vt 0.006759716324 0.975537903678
vt 0.003906250000 0.975537903678
vt 0.003906250000 0.996093750000
vt 0.024462096322 0.996093750000
vt 0.024462096322 0.993240283676
vt 0.003906250000 0.993240283676
vt 0.003906250000 0.996093750000
vt 0.006759716324 0.996093750000
vt 0.006759716324 0.993240283676
vt 0.003906250000 0.993240283676
vt 0.003906250000 0.996093750000
vt 0.006759716324 0.996093750000
vt 0.006759716324 0.993240283676
vt 0.003906250000 0.993240283676
vt 0.003906250000 0.925781250000
vt 0.024883971322 0.925781250000
vt 0.024883971322 0.923965407794
vt 0.003906250000 0.923965407794
vt 0.003906250000 0.925781250000
vt 0.005722092207 0.925781250000
vt 0.005722092206 0.904803528678
vt 0.003906250000 0.904803528678
vt 0.003906250000 0.925781250000
vt 0.005151398942 0.925781250000
vt 0.005151398942 0.904803528678
vt 0.003906250000 0.904803528678
vt 0.003906250000 0.925781250000
vt 0.024883971322 0.925781250000
vt 0.024883971322 0.924536101058
vt 0.003906250000 0.924536101058
vt 0.003906250000 0.925781250000
vt 0.005151398942 0.925781250000
vt 0.005151398942 0.923965407794
vt 0.003906250000 0.923965407794
vt 0.003906250000 0.925781250000
vt 0.005722092206 0.925781250000
vt 0.005722092206 0.924536101058
vt 0.003906250000 0.924536101058
vt 0.003906250000 0.996093750000
vt 0.024462096322 0.996093750000
vt 0.024462096322 0.993240283676
vt 0.003906250000 0.993240283676
vt 0.003906250000 0.996093750000
vt 0.006759716324 0.996093750000
vt 0.006759716324 0.975537903678
vt 0.003906250000 0.975537903678
vt 0.003906250000 0.996093750000
vt 0.006759716324 0.996093750000
vt 0.006759716324 0.975537903678
vt 0.003906250000 0.975537903678
vt 0.003906250000 0.996093750000
vt 0.024462096322 0.996093750000
vt 0.024462096322 0.993240283676
vt 0.003906250000 0.993240283676
vt 0.003906250000 0.996093750000
vt 0.006759716324 0.996093750000
vt 0.006759716324 0.993240283676
vt 0.003906250000 0.993240283676
vt 0.003906250000 0.996093750000
vt 0.006759716324 0.996093750000
vt 0.006759716324 0.993240283676
vt 0.003906250000 0.993240283676
vt 0.003906250000 0.925781250000
vt 0.024883971322 0.925781250000
vt 0.024883971322 0.923965407794
vt 0.003906250000 0.923965407794
vt 0.003906250000 0.925781250000
vt 0.005722092206 0.925781250000
vt 0.005722092207 0.904803528678
vt 0.003906250000 0.904803528678
vt 0.003906250000 0.925781250000
vt 0.005151398942 0.925781250000
vt 0.005151398942 0.904803528678
vt 0.003906250000 0.904803528678
vt 0.003906250000 0.925781250000
vt 0.024883971322 0.925781250000
vt 0.024883971322 0.924536101058
vt 0.003906250000 0.924536101058
vt 0.003906250000 0.925781250000
vt 0.005151398942 0.925781250000
vt 0.005151398942 0.923965407794
vt 0.003906250000 0.923965407794
vt 0.003906250000 0.925781250000
vt 0.005722092206 0.925781250000
vt 0.005722092206 0.924536101058
vt 0.003906250000 0.924536101058
vt 0.003906250000 0.996093750000
vt 0.024462096322 0.996093750000
vt 0.024462096322 0.993240283676
vt 0.003906250000 0.993240283676
vt 0.003906250000 0.996093750000
vt 0.006759716324 0.996093750000
vt 0.006759716324 0.975537903678
vt 0.003906250000 0.975537903678
vt 0.003906250000 0.996093750000
vt 0.006759716324 0.996093750000
vt 0.006759716324 0.975537903678
vt 0.003906250000 0.975537903678
vt 0.003906250000 0.996093750000
vt 0.024462096322 0.996093750000
vt 0.024462096322 0.993240283676
vt 0.003906250000 0.993240283676
vt 0.003906250000 0.996093750000
vt 0.006759716324 0.996093750000
vt 0.006759716324 0.993240283676
vt 0.003906250000 0.993240283676
vt 0.003906250000 0.996093750000
vt 0.006759716324 0.996093750000
vt 0.006759716324 0.993240283676
vt 0.003906250000 0.993240283676
vt 0.003906250000 0.925781250000
vt 0.024883971322 0.925781250000
vt 0.024883971322 0.923965407793
vt 0.003906250000 0.923965407794
vt 0.003906250000 0.925781250000
vt 0.005722092206 0.925781250000
vt 0.005722092207 0.904803528678
vt 0.003906250000 0.904803528678
vt 0.003906250000 0.925781250000
vt 0.005151398942 0.925781250000
vt 0.005151398942 0.904803528678
vt 0.003906250000 0.904803528678
vt 0.003906250000 0.925781250000
vt 0.024883971322 0.925781250000
vt 0.024883971322 0.924536101058
vt 0.003906250000 0.924536101058
vt 0.003906250000 0.925781250000
vt 0.005151398942 0.925781250000
vt 0.005151398942 0.923965407793
vt 0.003906250000 0.923965407793
vt 0.003906250000 0.925781250000
vt 0.005722092206 0.925781250000
vt 0.005722092206 0.924536101058
vt 0.003906250000 0.924536101058
vt 0.003906250000 0.996093750000
vt 0.024462096322 0.996093750000
vt 0.024462096322 0.993240283676
vt 0.003906250000 0.993240283676
vt 0.003906250000 0.996093750000
vt 0.006759716324 0.996093750000
vt 0.006759716324 0.975537903678
vt 0.003906250000 0.975537903678
vt 0.003906250000 0.996093750000
vt 0.006759716324 0.996093750000
vt 0.006759716324 0.975537903678
vt 0.003906250000 0.975537903678
vt 0.003906250000 0.996093750000
vt 0.024462096322 0.996093750000
vt 0.024462096322 0.993240283676
vt 0.003906250000 0.993240283676
vt 0.003906250000 0.996093750000
vt 0.006759716324 0.996093750000
vt 0.006759716324 0.993240283676
vt 0.003906250000 0.993240283676
vt 0.003906250000 0.996093750000
vt 0.006759716324 0.996093750000
vt 0.006759716324 0.993240283676
vt 0.003906250000 0.993240283676
vt 0.003906250000 0.925781250000
vt 0.024883971322 0.925781250000
vt 0.024883971322 0.923965407794
vt 0.003906250000 0.923965407794
vt 0.003906250000 0.925781250000
vt 0.005722092207 0.925781250000
vt 0.005722092206 0.904803528678
vt 0.003906250000 0.904803528679
vt 0.003906250000 0.925781250000
vt 0.005151398942 0.925781250000
vt 0.005151398942 0.904803528679
vt 0.003906250000 0.904803528679
vt 0.003906250000 0.925781250000
vt 0.024883971322 0.925781250000
vt 0.024883971322 0.924536101058
vt 0.003906250000 0.924536101058
vt 0.003906250000 0.925781250000
vt 0.005151398942 0.925781250000
vt 0.005151398942 0.923965407794
vt 0.003906250000 0.923965407794
vt 0.003906250000 0.925781250000
vt 0.005722092206 0.925781250000
vt 0.005722092206 0.924536101058
vt 0.003906250000 0.924536101058
vt 0.003906250000 0.996093750000
vt 0.024462096321 0.996093750000
vt 0.024462096321 0.993240283676
vt 0.003906250000 0.993240283676
vt 0.003906250000 0.996093750000
vt 0.006759716324 0.996093750000
vt 0.006759716324 0.975537903679
vt 0.003906250000 0.975537903679
vt 0.003906250000 0.996093750000
vt 0.006759716324 0.996093750000
vt 0.006759716324 0.975537903679
vt 0.003906250000 0.975537903679
vt 0.003906250000 0.996093750000
vt 0.024462096321 0.996093750000
vt 0.024462096321 0.993240283676
vt 0.003906250000 0.993240283676
vt 0.003906250000 0.996093750000
vt 0.006759716324 0.996093750000
vt 0.006759716324 0.993240283676
vt 0.003906250000 0.993240283676
vt 0.003906250000 0.996093750000
vt 0.006759716324 0.996093750000
vt 0.006759716324 0.993240283676
vt 0.003906250000 0.993240283676
vt 0.003906250000 0.925781250000
vt 0.024883971322 0.925781250000
vt 0.024883971322 0.923965407794
vt 0.003906250000 0.923965407794
vt 0.003906250000 0.925781250000
vt 0.005722092207 0.925781250000
vt 0.005722092206 0.904803528678
vt 0.003906250000 0.904803528678
vt 0.003906250000 0.925781250000
vt 0.005151398942 0.925781250000
vt 0.005151398942 0.904803528678
vt 0.003906250000 0.904803528678
vt 0.003906250000 0.925781250000
vt 0.024883971322 0.925781250000
vt 0.024883971322 0.924536101058
vt 0.003906250000 0.924536101058
vt 0.003906250000 0.925781250000
vt 0.005151398942 0.925781250000
vt 0.005151398942 0.923965407794
vt 0.003906250000 0.923965407794
vt 0.003906250000 0.925781250000
vt 0.005722092206 0.925781250000
vt 0.005722092206 0.924536101058
vt 0.003906250000 0.924536101058
vt 0.003906250000 0.996093750000
vt 0.024462096322 0.996093750000
vt 0.024462096322 0.993240283676
vt 0.003906250000 0.993240283676
vt 0.003906250000 0.996093750000
vt 0.006759716325 0.996093750000
vt 0.006759716324 0.975537903678
vt 0.003906250000 0.975537903678
vt 0.003906250000 0.996093750000
vt 0.006759716324 0.996093750000
vt 0.006759716324 0.975537903678
vt 0.003906250000 0.975537903678
vt 0.003906250000 0.996093750000
vt 0.024462096322 0.996093750000
vt 0.024462096322 0.993240283676
vt 0.003906250000 0.993240283676
vt 0.003906250000 0.996093750000
vt 0.006759716324 0.996093750000
vt 0.006759716324 0.993240283676
vt 0.003906250000 0.993240283676
vt 0.003906250000 0.996093750000
vt 0.006759716324 0.996093750000
vt 0.006759716324 0.993240283676
vt 0.003906250000 0.993240283676
vt 0.195312500000 0.996093750000
vt 0.216290221322 0.996093750000
vt 0.216290221322 0.994277907794
vt 0.195312500000 0.994277907793
vt 0.003906250000 0.925781250000
vt 0.005722092207 0.925781250000
vt 0.005722092206 0.904803528678
vt 0.003906250000 0.904803528678
vt 0.003906250000 0.925781250000
vt 0.005151398942 0.925781250000
vt 0.005151398942 0.904803528678
vt 0.003906250000 0.904803528678
vt 0.003906250000 0.925781250000
vt 0.024883971322 0.925781250000
vt 0.024883971322 0.924536101058
vt 0.003906250000 0.924536101058
vt 0.003906250000 0.925781250000
vt 0.005151398942 0.925781250000
vt 0.005151398942 0.923965407794
vt 0.003906250000 0.923965407794
vt 0.003906250000 0.925781250000
vt 0.005722092207 0.925781250000
vt 0.005722092207 0.924536101058
vt 0.003906250000 0.924536101058
vt 0.003906250000 0.996093750000
vt 0.024462096322 0.996093750000
vt 0.024462096322 0.993240283676
vt 0.003906250000 0.993240283676
vt 0.003906250000 0.996093750000
vt 0.006759716324 0.996093750000
vt 0.006759716324 0.975537903678
vt 0.003906250000 0.975537903678
vt 0.003906250000 0.996093750000
vt 0.006759716324 0.996093750000
vt 0.006759716324 0.975537903678
vt 0.003906250000 0.975537903678
vt 0.003906250000 0.996093750000
vt 0.024462096322 0.996093750000
vt 0.024462096322 0.993240283676
vt 0.003906250000 0.993240283676
vt 0.003906250000 0.996093750000
vt 0.006759716324 0.996093750000
vt 0.006759716324 0.993240283676
vt 0.003906250000 0.993240283676
vt 0.003906250000 0.996093750000
vt 0.006759716324 0.996093750000
vt 0.006759716324 0.993240283676
vt 0.003906250000 0.993240283676
vt 0.003906250000 0.925781250000
vt 0.024883971322 0.925781250000
vt 0.024883971322 0.923965407794
vt 0.003906250000 0.923965407794
vt 0.003906250000 0.925781250000
vt 0.005722092207 0.925781250000
vt 0.005722092206 0.904803528678
vt 0.003906250000 0.904803528678
vt 0.003906250000 0.925781250000
vt 0.005151398942 0.925781250000
vt 0.005151398942 0.904803528678
vt 0.003906250000 0.904803528678
vt 0.003906250000 0.925781250000
vt 0.024883971322 0.925781250000
vt 0.024883971322 0.924536101058
vt 0.003906250000 0.924536101058
vt 0.003906250000 0.925781250000
vt 0.005151398942 0.925781250000
vt 0.005151398942 0.923965407794
vt 0.003906250000 0.923965407794
vt 0.003906250000 0.925781250000
vt 0.005722092206 0.925781250000
vt 0.005722092206 0.924536101058
vt 0.003906250000 0.924536101058
vt 0.003906250000 0.996093750000
vt 0.024462096322 0.996093750000
vt 0.024462096322 0.993240283676
vt 0.003906250000 0.993240283676
vt 0.003906250000 0.996093750000
vt 0.006759716324 0.996093750000
vt 0.006759716324 0.975537903678
vt 0.003906250000 0.975537903678
vt 0.003906250000 0.996093750000
vt 0.006759716324 0.996093750000
vt 0.006759716324 0.975537903678
vt 0.003906250000 0.975537903678
vt 0.003906250000 0.996093750000
vt 0.024462096322 0.996093750000
vt 0.024462096322 0.993240283676
vt 0.003906250000 0.993240283676
vt 0.003906250000 0.996093750000
vt 0.006759716324 0.996093750000
vt 0.006759716324 0.993240283676
vt 0.003906250000 0.993240283676
vt 0.003906250000 0.996093750000
vt 0.006759716324 0.996093750000
vt 0.006759716324 0.993240283676
vt 0.003906250000 0.993240283676
vt 0.003906250000 0.925781250000
vt 0.024883971322 0.925781250000
vt 0.024883971322 0.923965407794
vt 0.003906250000 0.923965407794
vt 0.003906250000 0.925781250000
vt 0.005722092206 0.925781250000
vt 0.005722092207 0.904803528678
vt 0.003906250000 0.904803528678
vt 0.003906250000 0.925781250000
vt 0.005151398942 0.925781250000
vt 0.005151398942 0.904803528678
vt 0.003906250000 0.904803528678
vt 0.003906250000 0.925781250000
vt 0.024883971322 0.925781250000
vt 0.024883971322 0.924536101058
vt 0.003906250000 0.924536101058
vt 0.003906250000 0.925781250000
vt 0.005151398942 0.925781250000
vt 0.005151398942 0.923965407794
vt 0.003906250000 0.923965407794
vt 0.003906250000 0.925781250000
vt 0.005722092206 0.925781250000
vt 0.005722092206 0.924536101058
vt 0.003906250000 0.924536101058
vt 0.003906250000 0.996093750000
vt 0.024462096322 0.996093750000
vt 0.024462096322 0.993240283676
vt 0.003906250000 0.993240283676
vt 0.003906250000 0.996093750000
vt 0.006759716324 0.996093750000
vt 0.006759716324 0.975537903678
vt 0.003906250000 0.975537903678
vt 0.003906250000 0.996093750000
vt 0.006759716324 0.996093750000
vt 0.006759716324 0.975537903678
vt 0.003906250000 0.975537903678
vt 0.003906250000 0.996093750000
vt 0.024462096322 0.996093750000
vt 0.024462096322 0.993240283676
vt 0.003906250000 0.993240283676
vt 0.003906250000 0.996093750000
vt 0.006759716324 0.996093750000
vt 0.006759716324 0.993240283676
vt 0.003906250000 0.993240283676
vt 0.003906250000 0.996093750000
vt 0.006759716324 0.996093750000
vt 0.006759716324 0.993240283676
vt 0.003906250000 0.993240283676
vt 0.003906250000 0.925781250000
vt 0.024883971322 0.925781250000
vt 0.024883971322 0.923965407793
vt 0.003906250000 0.923965407794
vt 0.003906250000 0.925781250000
vt 0.005722092207 0.925781250000
vt 0.005722092207 0.904803528678
vt 0.003906250000 0.904803528678
vt 0.003906250000 0.925781250000
vt 0.005151398942 0.925781250000
vt 0.005151398942 0.904803528678
vt 0.003906250000 0.904803528678
vt 0.003906250000 0.925781250000
vt 0.024883971322 0.925781250000
vt 0.024883971322 0.924536101058
vt 0.003906250000 0.924536101058
vt 0.003906250000 0.925781250000
vt 0.005151398942 0.925781250000
vt 0.005151398942 0.923965407793
vt 0.003906250000 0.923965407793
vt 0.003906250000 0.925781250000
vt 0.005722092206 0.925781250000
vt 0.005722092206 0.924536101058
vt 0.003906250000 0.924536101058
vt 0.003906250000 0.996093750000
vt 0.024462096321 0.996093750000
vt 0.024462096321 0.993240283676
vt 0.003906250000 0.993240283676
vt 0.003906250000 0.996093750000
vt 0.006759716324 0.996093750000
vt 0.006759716324 0.975537903679
vt 0.003906250000 0.975537903679
vt 0.003906250000 0.996093750000
vt 0.006759716324 0.996093750000
vt 0.006759716324 0.975537903679
vt 0.003906250000 0.975537903679
vt 0.003906250000 0.996093750000
vt 0.024462096321 0.996093750000
vt 0.024462096321 0.993240283676
vt 0.003906250000 0.993240283676
vt 0.003906250000 0.996093750000
vt 0.006759716324 0.996093750000
vt 0.006759716324 0.993240283676
vt 0.003906250000 0.993240283676
vt 0.003906250000 0.996093750000
vt 0.006759716324 0.996093750000
vt 0.006759716324 0.993240283676
vt 0.003906250000 0.993240283676
vt 0.003906250000 0.925781250000
vt 0.024883971322 0.925781250000
vt 0.024883971322 0.923965407794
vt 0.003906250000 0.923965407794
vt 0.003906250000 0.925781250000
vt 0.005722092206 0.925781250000
vt 0.005722092207 0.904803528678
vt 0.003906250000 0.904803528678
vt 0.003906250000 0.925781250000
vt 0.005151398942 0.925781250000
vt 0.005151398942 0.904803528678
vt 0.003906250000 0.904803528678
vt 0.003906250000 0.925781250000
vt 0.024883971322 0.925781250000
vt 0.024883971322 0.924536101058
vt 0.003906250000 0.924536101058
vt 0.003906250000 0.925781250000
vt 0.005151398942 0.925781250000
vt 0.005151398942 0.923965407794
vt 0.003906250000 0.923965407794
vt 0.003906250000 0.925781250000
vt 0.005722092206 0.925781250000
vt 0.005722092206 0.924536101058
vt 0.003906250000 0.924536101058
vt 0.003906250000 0.996093750000
vt 0.036815712958 0.996093750000
vt 0.036815712958 0.993240283676
vt 0.003906250000 0.993240283676
vt 0.003906250000 0.996093750000
vt 0.006759716324 0.996093750000
vt 0.006759716324 0.963184287042
vt 0.003906250000 0.963184287042
vt 0.003906250000 0.996093750000
vt 0.006759716324 0.996093750000
vt 0.006759716324 0.963184287042
vt 0.003906250000 0.963184287042
vt 0.003906250000 0.996093750000
vt 0.036815712958 0.996093750000
vt 0.036815712958 0.993240283676
vt 0.003906250000 0.993240283676
vt 0.003906250000 0.996093750000
vt 0.006759716324 0.996093750000
vt 0.006759716324 0.993240283676
vt 0.003906250000 0.993240283676
vt 0.003906250000 0.996093750000
vt 0.006759716324 0.996093750000
vt 0.006759716324 0.993240283676
vt 0.003906250000 0.993240283676
vt 0.003906250000 0.925781250000
vt 0.037237587958 0.925781250000
vt 0.037237587958 0.923965407794
vt 0.003906250000 0.923965407794
vt 0.003906250000 0.925781250000
vt 0.005722092207 0.925781250000
vt 0.005722092206 0.892449912042
vt 0.003906250000 0.892449912042
vt 0.003906250000 0.925781250000
vt 0.005151398942 0.925781250000
vt 0.005151398942 0.892449912042
vt 0.003906250000 0.892449912042
vt 0.003906250000 0.925781250000
vt 0.037237587958 0.925781250000
vt 0.037237587958 0.924536101058
vt 0.003906250000 0.924536101058
vt 0.003906250000 0.925781250000
vt 0.005151398942 0.925781250000
vt 0.005151398942 0.923965407794
vt 0.003906250000 0.923965407794
vt 0.003906250000 0.925781250000
vt 0.005722092206 0.925781250000
vt 0.005722092206 0.924536101058
vt 0.003906250000 0.924536101058
vt 0.003906250000 0.996093750000
vt 0.036815712958 0.996093750000
vt 0.036815712958 0.993240283676
vt 0.003906250000 0.993240283676
vt 0.003906250000 0.996093750000
vt 0.006759716324 0.996093750000
vt 0.006759716324 0.963184287042
vt 0.003906250000 0.963184287042
vt 0.003906250000 0.996093750000
vt 0.006759716324 0.996093750000
vt 0.006759716324 0.963184287042
vt 0.003906250000 0.963184287042
vt 0.003906250000 0.996093750000
vt 0.036815712958 0.996093750000
vt 0.036815712958 0.993240283676
vt 0.003906250000 0.993240283676
vt 0.003906250000 0.996093750000
vt 0.006759716324 0.996093750000
vt 0.006759716324 0.993240283676
vt 0.003906250000 0.993240283676
vt 0.003906250000 0.996093750000
vt 0.006759716324 0.996093750000
vt 0.006759716324 0.993240283676
vt 0.003906250000 0.993240283676
vt 0.195312500000 0.996093750000
vt 0.228643837958 0.996093750000
vt 0.228643837958 0.994277907794
vt 0.195312500000 0.994277907793
vt 0.003906250000 0.925781250000
vt 0.005722092207 0.925781250000
vt 0.005722092206 0.892449912042
vt 0.003906250000 0.892449912042
vt 0.003906250000 0.925781250000
vt 0.005151398942 0.925781250000
vt 0.005151398942 0.892449912042
vt 0.003906250000 0.892449912042
vt 0.003906250000 0.925781250000
vt 0.037237587958 0.925781250000
vt 0.037237587958 0.924536101058
vt 0.003906250000 0.924536101058
vt 0.003906250000 0.925781250000
vt 0.005151398942 0.925781250000
vt 0.005151398942 0.923965407794
vt 0.003906250000 0.923965407794
vt 0.003906250000 0.925781250000
vt 0.005722092207 0.925781250000
vt 0.005722092207 0.924536101058
vt 0.003906250000 0.924536101058
vt 0.003906250000 0.996093750000
vt 0.036815712958 0.996093750000
vt 0.036815712958 0.993240283676
vt 0.003906250000 0.993240283676
vt 0.003906250000 0.996093750000
vt 0.006759716325 0.996093750000
vt 0.006759716324 0.963184287042
vt 0.003906250000 0.963184287042
vt 0.003906250000 0.996093750000
vt 0.006759716324 0.996093750000
vt 0.006759716324 0.963184287042
vt 0.003906250000 0.963184287042
vt 0.003906250000 0.996093750000
vt 0.036815712958 0.996093750000
vt 0.036815712958 0.993240283676
vt 0.003906250000 0.993240283676
vt 0.003906250000 0.996093750000
vt 0.006759716324 0.996093750000
vt 0.006759716324 0.993240283676
vt 0.003906250000 0.993240283676
vt 0.003906250000 0.996093750000
vt 0.006759716324 0.996093750000
vt 0.006759716324 0.993240283676
vt 0.003906250000 0.993240283676
vt 0.003906250000 0.925781250000
vt 0.037237587958 0.925781250000
vt 0.037237587958 0.923965407794
vt 0.003906250000 0.923965407794
vt 0.003906250000 0.925781250000
vt 0.005722092207 0.925781250000
vt 0.005722092206 0.892449912042
vt 0.003906250000 0.892449912042
vt 0.003906250000 0.925781250000
vt 0.005151398942 0.925781250000
vt 0.005151398942 0.892449912042
vt 0.003906250000 0.892449912042
vt 0.003906250000 0.925781250000
vt 0.037237587958 0.925781250000
vt 0.037237587958 0.924536101058
vt 0.003906250000 0.924536101058
vt 0.003906250000 0.925781250000
vt 0.005151398942 0.925781250000
vt 0.005151398942 0.923965407794
vt 0.003906250000 0.923965407794
vt 0.003906250000 0.925781250000
vt 0.005722092206 0.925781250000
vt 0.005722092206 0.924536101058
vt 0.003906250000 0.924536101058
vt 0.003906250000 0.996093750000
vt 0.036815712958 0.996093750000
vt 0.036815712958 0.993240283676
vt 0.003906250000 0.993240283676
vt 0.003906250000 0.996093750000
vt 0.006759716324 0.996093750000
vt 0.006759716324 0.963184287042
vt 0.003906250000 0.963184287042
vt 0.003906250000 0.996093750000
vt 0.006759716324 0.996093750000
vt 0.006759716324 0.963184287042
vt 0.003906250000 0.963184287042
vt 0.003906250000 0.996093750000
vt 0.036815712958 0.996093750000
vt 0.036815712958 0.993240283676
vt 0.003906250000 0.993240283676
vt 0.003906250000 0.996093750000
vt 0.006759716324 0.996093750000
vt 0.006759716324 0.993240283676
vt 0.003906250000 0.993240283676
vt 0.003906250000 0.996093750000
vt 0.006759716324 0.996093750000
vt 0.006759716324 0.993240283676
vt 0.003906250000 0.993240283676
vt 0.003906250000 0.925781250000
vt 0.037237587958 0.925781250000
vt 0.037237587958 0.923965407794
vt 0.003906250000 0.923965407794
vt 0.003906250000 0.925781250000
vt 0.005722092206 0.925781250000
vt 0.005722092207 0.892449912042
vt 0.003906250000 0.892449912042
vt 0.003906250000 0.925781250000
vt 0.005151398942 0.925781250000
vt 0.005151398942 0.892449912042
vt 0.003906250000 0.892449912042
vt 0.003906250000 0.925781250000
vt 0.037237587958 0.925781250000
vt 0.037237587958 0.924536101058
vt 0.003906250000 0.924536101058
vt 0.003906250000 0.925781250000
vt 0.005151398942 0.925781250000
vt 0.005151398942 0.923965407794
vt 0.003906250000 0.923965407794
vt 0.003906250000 0.925781250000
vt 0.005722092206 0.925781250000
vt 0.005722092206 0.924536101058
vt 0.003906250000 0.924536101058
vt 0.003906250000 0.996093750000
vt 0.036815712958 0.996093750000
vt 0.036815712958 0.993240283676
vt 0.003906250000 0.993240283676
vt 0.003906250000 0.996093750000
vt 0.006759716324 0.996093750000
vt 0.006759716324 0.963184287042
vt 0.003906250000 0.963184287042
vt 0.003906250000 0.996093750000
vt 0.006759716324 0.996093750000
vt 0.006759716324 0.963184287042
vt 0.003906250000 0.963184287042
vt 0.003906250000 0.996093750000
vt 0.036815712958 0.996093750000
vt 0.036815712958 0.993240283676
vt 0.003906250000 0.993240283676
vt 0.003906250000 0.996093750000
vt 0.006759716324 0.996093750000
vt 0.006759716324 0.993240283676
vt 0.003906250000 0.993240283676
vt 0.003906250000 0.996093750000
vt 0.006759716324 0.996093750000
vt 0.006759716324 0.993240283676
vt 0.003906250000 0.993240283676
vt 0.003906250000 0.925781250000
vt 0.037237587958 0.925781250000
vt 0.037237587958 0.923965407793
vt 0.003906250000 0.923965407794
vt 0.003906250000 0.925781250000
vt 0.005722092206 0.925781250000
vt 0.005722092207 0.892449912042
vt 0.003906250000 0.892449912042
vt 0.003906250000 0.925781250000
vt 0.005151398942 0.925781250000
vt 0.005151398942 0.892449912042
vt 0.003906250000 0.892449912042
vt 0.003906250000 0.925781250000
vt 0.037237587958 0.925781250000
vt 0.037237587958 0.924536101058
vt 0.003906250000 0.924536101058
vt 0.003906250000 0.925781250000
vt 0.005151398942 0.925781250000
vt 0.005151398942 0.923965407793
vt 0.003906250000 0.923965407793
vt 0.003906250000 0.925781250000
vt 0.005722092206 0.925781250000
vt 0.005722092206 0.924536101058
vt 0.003906250000 0.924536101058
vt 0.003906250000 0.996093750000
vt 0.036815712958 0.996093750000
vt 0.036815712958 0.993240283676
vt 0.003906250000 0.993240283676
vt 0.003906250000 0.996093750000
vt 0.006759716324 0.996093750000
vt 0.006759716324 0.963184287042
vt 0.003906250000 0.963184287042
vt 0.003906250000 0.996093750000
vt 0.006759716324 0.996093750000
vt 0.006759716324 0.963184287042
vt 0.003906250000 0.963184287042
vt 0.003906250000 0.996093750000
vt 0.036815712958 0.996093750000
vt 0.036815712958 0.993240283676
vt 0.003906250000 0.993240283676
vt 0.003906250000 0.996093750000
vt 0.006759716324 0.996093750000
vt 0.006759716324 0.993240283676
vt 0.003906250000 0.993240283676
vt 0.003906250000 0.996093750000
vt 0.006759716324 0.996093750000
vt 0.006759716324 0.993240283676
vt 0.003906250000 0.993240283676
vt 0.003906250000 0.925781250000
vt 0.037237587958 0.925781250000
vt 0.037237587958 0.923965407794
vt 0.003906250000 0.923965407794
vt 0.003906250000 0.925781250000
vt 0.005722092207 0.925781250000
vt 0.005722092206 0.892449912042
vt 0.003906250000 0.892449912042
vt 0.003906250000 0.925781250000
vt 0.005151398942 0.925781250000
vt 0.005151398942 0.892449912042
vt 0.003906250000 0.892449912042
vt 0.003906250000 0.925781250000
vt 0.037237587958 0.925781250000
vt 0.037237587958 0.924536101058
vt 0.003906250000 0.924536101058
vt 0.003906250000 0.925781250000
vt 0.005151398942 0.925781250000
vt 0.005151398942 0.923965407794
vt 0.003906250000 0.923965407794
vt 0.003906250000 0.925781250000
vt 0.005722092206 0.925781250000
vt 0.005722092206 0.924536101058
vt 0.003906250000 0.924536101058
vt 0.003906250000 0.996093750000
vt 0.036815712958 0.996093750000
vt 0.036815712958 0.993240283676
vt 0.003906250000 0.993240283676
vt 0.003906250000 0.996093750000
vt 0.006759716325 0.996093750000
vt 0.006759716324 0.963184287042
vt 0.003906250000 0.963184287042
vt 0.003906250000 0.996093750000
vt 0.006759716324 0.996093750000
vt 0.006759716324 0.963184287042
vt 0.003906250000 0.963184287042
vt 0.003906250000 0.996093750000
vt 0.036815712958 0.996093750000
vt 0.036815712958 0.993240283676
vt 0.003906250000 0.993240283676
vt 0.003906250000 0.996093750000
vt 0.006759716324 0.996093750000
vt 0.006759716324 0.993240283676
vt 0.003906250000 0.993240283676
vt 0.003906250000 0.996093750000
vt 0.006759716324 0.996093750000
vt 0.006759716324 0.993240283676
vt 0.003906250000 0.993240283676
vt 0.003906250000 0.925781250000
vt 0.037237587958 0.925781250000
vt 0.037237587958 0.923965407794
vt 0.003906250000 0.923965407794
vt 0.003906250000 0.925781250000
vt 0.005722092207 0.925781250000
vt 0.005722092206 0.892449912042
vt 0.003906250000 0.892449912042
vt 0.003906250000 0.925781250000
vt 0.005151398942 0.925781250000
vt 0.005151398942 0.892449912042
vt 0.003906250000 0.892449912042
vt 0.003906250000 0.925781250000
vt 0.037237587958 0.925781250000
vt 0.037237587958 0.924536101058
vt 0.003906250000 0.924536101058
vt 0.003906250000 0.925781250000
vt 0.005151398942 0.925781250000
vt 0.005151398942 0.923965407794
vt 0.003906250000 0.923965407794
vt 0.003906250000 0.925781250000
vt 0.005722092206 0.925781250000
vt 0.005722092206 0.924536101058
vt 0.003906250000 0.924536101058
vt 0.003906250000 0.996093750000
vt 0.036815712958 0.996093750000
vt 0.036815712958 0.993240283676
vt 0.003906250000 0.993240283676
vt 0.003906250000 0.996093750000
vt 0.006759716325 0.996093750000
vt 0.006759716324 0.963184287042
vt 0.003906250000 0.963184287042
vt 0.003906250000 0.996093750000
vt 0.006759716324 0.996093750000
vt 0.006759716324 0.963184287042
vt 0.003906250000 0.963184287042
vt 0.003906250000 0.996093750000
vt 0.036815712958 0.996093750000
vt 0.036815712958 0.993240283676
vt 0.003906250000 0.993240283676
vt 0.003906250000 0.996093750000
vt 0.006759716324 0.996093750000
vt 0.006759716324 0.993240283676
vt 0.003906250000 0.993240283676
vt 0.003906250000 0.996093750000
vt 0.006759716324 0.996093750000
vt 0.006759716324 0.993240283676
vt 0.003906250000 0.993240283676
vt 0.195312500000 0.996093750000
vt 0.228643837958 0.996093750000
vt 0.228643837958 0.994277907794
vt 0.195312500000 0.994277907793
vt 0.003906250000 0.925781250000
vt 0.005722092207 0.925781250000
vt 0.005722092206 0.892449912042
vt 0.003906250000 0.892449912042
vt 0.003906250000 0.925781250000
vt 0.005151398942 0.925781250000
vt 0.005151398942 0.892449912042
vt 0.003906250000 0.892449912042
vt 0.003906250000 0.925781250000
vt 0.037237587958 0.925781250000
vt 0.037237587958 0.924536101058
vt 0.003906250000 0.924536101058
vt 0.003906250000 0.925781250000
vt 0.005151398942 0.925781250000
vt 0.005151398942 0.923965407794
vt 0.003906250000 0.923965407794
vt 0.003906250000 0.925781250000
vt 0.005722092207 0.925781250000
vt 0.005722092207 0.924536101058
vt 0.003906250000 0.924536101058
vt 0.003906250000 0.996093750000
vt 0.036815712958 0.996093750000
vt 0.036815712958 0.993240283676
vt 0.003906250000 0.993240283676
vt 0.003906250000 0.996093750000
vt 0.006759716324 0.996093750000
vt 0.006759716324 0.963184287042
vt 0.003906250000 0.963184287042
vt 0.003906250000 0.996093750000
vt 0.006759716324 0.996093750000
vt 0.006759716324 0.963184287042
vt 0.003906250000 0.963184287042
vt 0.003906250000 0.996093750000
vt 0.036815712958 0.996093750000
vt 0.036815712958 0.993240283676
vt 0.003906250000 0.993240283676
vt 0.003906250000 0.996093750000
vt 0.006759716324 0.996093750000
vt 0.006759716324 0.993240283676
vt 0.003906250000 0.993240283676
vt 0.003906250000 0.996093750000
vt 0.006759716324 0.996093750000
vt 0.006759716324 0.993240283676
vt 0.003906250000 0.993240283676
vt 0.003906250000 0.925781250000
vt 0.037237587958 0.925781250000
vt 0.037237587958 0.923965407794
vt 0.003906250000 0.923965407794
vt 0.003906250000 0.925781250000
vt 0.005722092207 0.925781250000
vt 0.005722092206 0.892449912042
vt 0.003906250000 0.892449912042
vt 0.003906250000 0.925781250000
vt 0.005151398942 0.925781250000
vt 0.005151398942 0.892449912042
vt 0.003906250000 0.892449912042
vt 0.003906250000 0.925781250000
vt 0.037237587958 0.925781250000
vt 0.037237587958 0.924536101058
vt 0.003906250000 0.924536101058
vt 0.003906250000 0.925781250000
vt 0.005151398942 0.925781250000
vt 0.005151398942 0.923965407794
vt 0.003906250000 0.923965407794
vt 0.003906250000 0.925781250000
vt 0.005722092206 0.925781250000
vt 0.005722092206 0.924536101058
vt 0.003906250000 0.924536101058
vt 0.003906250000 0.996093750000
vt 0.036815712958 0.996093750000
vt 0.036815712958 0.993240283676
vt 0.003906250000 0.993240283676
vt 0.003906250000 0.996093750000
vt 0.006759716324 0.996093750000
vt 0.006759716324 0.963184287042
vt 0.003906250000 0.963184287042
vt 0.003906250000 0.996093750000
vt 0.006759716324 0.996093750000
vt 0.006759716324 0.963184287042
vt 0.003906250000 0.963184287042
vt 0.003906250000 0.996093750000
vt 0.036815712958 0.996093750000
vt 0.036815712958 0.993240283676
vt 0.003906250000 0.993240283676
vt 0.003906250000 0.996093750000
vt 0.006759716324 0.996093750000
vt 0.006759716324 0.993240283676
vt 0.003906250000 0.993240283676
vt 0.003906250000 0.996093750000
vt 0.006759716324 0.996093750000
vt 0.006759716324 0.993240283676
vt 0.003906250000 0.993240283676
vt 0.003906250000 0.925781250000
vt 0.037237587958 0.925781250000
vt 0.037237587958 0.923965407794
vt 0.003906250000 0.923965407794
vt 0.003906250000 0.925781250000
vt 0.005722092206 0.925781250000
vt 0.005722092207 0.892449912042
vt 0.003906250000 0.892449912042
vt 0.003906250000 0.925781250000
vt 0.005151398942 0.925781250000
vt 0.005151398942 0.892449912042
vt 0.003906250000 0.892449912042
vt 0.003906250000 0.925781250000
vt 0.037237587958 0.925781250000
vt 0.037237587958 0.924536101058
vt 0.003906250000 0.924536101058
vt 0.003906250000 0.925781250000
vt 0.005151398942 0.925781250000
vt 0.005151398942 0.923965407794
vt 0.003906250000 0.923965407794
vt 0.003906250000 0.925781250000
vt 0.005722092206 0.925781250000
vt 0.005722092206 0.924536101058
vt 0.003906250000 0.924536101058
vt 0.003906250000 0.996093750000
vt 0.036815712958 0.996093750000
vt 0.036815712958 0.993240283676
vt 0.003906250000 0.993240283676
vt 0.003906250000 0.996093750000
vt 0.006759716324 0.996093750000
vt 0.006759716324 0.963184287042
vt 0.003906250000 0.963184287042
vt 0.003906250000 0.996093750000
vt 0.006759716324 0.996093750000
vt 0.006759716324 0.963184287042
vt 0.003906250000 0.963184287042
vt 0.003906250000 0.996093750000
vt 0.036815712958 0.996093750000
vt 0.036815712958 0.993240283676
vt 0.003906250000 0.993240283676
vt 0.003906250000 0.996093750000
vt 0.006759716324 0.996093750000
vt 0.006759716324 0.993240283676
vt 0.003906250000 0.993240283676
vt 0.003906250000 0.996093750000
vt 0.006759716324 0.996093750000
vt 0.006759716324 0.993240283676
vt 0.003906250000 0.993240283676
vt 0.003906250000 0.925781250000
vt 0.037237587958 0.925781250000
vt 0.037237587958 0.923965407793
vt 0.003906250000 0.923965407794
vt 0.003906250001 0.925781250000
vt 0.005722092207 0.925781250000
vt 0.005722092207 0.892449912042
vt 0.003906250000 0.892449912042
vt 0.003906250000 0.925781250000
vt 0.005151398942 0.925781250000
vt 0.005151398942 0.892449912042
vt 0.003906250000 0.892449912042
vt 0.003906250000 0.925781250000
vt 0.037237587958 0.925781250000
vt 0.037237587958 0.924536101058
vt 0.003906250000 0.924536101058
vt 0.003906250000 0.925781250000
vt 0.005151398942 0.925781250000
vt 0.005151398942 0.923965407793
vt 0.003906250000 0.923965407793
vt 0.003906250000 0.925781250000
vt 0.005722092206 0.925781250000
vt 0.005722092206 0.924536101058
vt 0.003906250000 0.924536101058
vt 0.003906250000 0.996093750000
vt 0.036815712958 0.996093750000
vt 0.036815712958 0.993240283676
vt 0.003906250000 0.993240283676
vt 0.003906250000 0.996093750000
vt 0.006759716324 0.996093750000
vt 0.006759716325 0.963184287042
vt 0.003906250000 0.963184287042
vt 0.003906250000 0.996093750000
vt 0.006759716324 0.996093750000
vt 0.006759716324 0.963184287042
vt 0.003906250000 0.963184287042
vt 0.003906250000 0.996093750000
vt 0.036815712958 0.996093750000
vt 0.036815712958 0.993240283676
vt 0.003906250000 0.993240283676
vt 0.003906250000 0.996093750000
vt 0.006759716324 0.996093750000
vt 0.006759716324 0.993240283676
vt 0.003906250000 0.993240283676
vt 0.003906250000 0.996093750000
vt 0.006759716324 0.996093750000
vt 0.006759716324 0.993240283676
vt 0.003906250000 0.993240283676
vt 0.003906250000 0.925781250000
vt 0.037237587958 0.925781250000
vt 0.037237587958 0.923965407794
vt 0.003906250000 0.923965407794
vt 0.003906250000 0.925781250000
vt 0.005722092206 0.925781250000
vt 0.005722092207 0.892449912042
vt 0.003906250000 0.892449912042
vt 0.003906250000 0.925781250000
vt 0.005151398942 0.925781250000
vt 0.005151398942 0.892449912042
vt 0.003906250000 0.892449912042
vt 0.003906250000 0.925781250000
vt 0.037237587958 0.925781250000
vt 0.037237587958 0.924536101058
vt 0.003906250000 0.924536101058
vt 0.003906250000 0.925781250000
vt 0.005151398942 0.925781250000
vt 0.005151398942 0.923965407794
vt 0.003906250000 0.923965407794
vt 0.003906250000 0.925781250000
vt 0.005722092206 0.925781250000
vt 0.005722092206 0.924536101058
vt 0.003906250000 0.924536101058
vt 0.074218750000 0.996093750000
vt 0.093933608242 0.996093750000
vt 0.093933608242 0.963927402343
vt 0.074218750000 0.963927402343
vt 0.074218750000 0.996093750000
vt 0.106385097658 0.996093750000
vt 0.106385097657 0.976378891758
vt 0.074218750000 0.976378891758
vt 0.074218750000 0.996093750000
vt 0.114686090601 0.996093750000
vt 0.114686090601 0.976378891758
vt 0.074218750000 0.976378891758
vt 0.074218750000 0.996093750000
vt 0.093933608242 0.996093750000
vt 0.093933608242 0.955626409399
vt 0.074218750000 0.955626409399
vt 0.074218750000 0.996093750000
vt 0.114686090601 0.996093750000
vt 0.114686090601 0.963927402343
vt 0.074218750000 0.963927402343
vt 0.074218750000 0.996093750000
vt 0.106385097657 0.996093750000
vt 0.106385097657 0.955626409399
vt 0.074218750000 0.955626409399
vt 0.046875000000 0.925781250000
vt 0.054138368826 0.925781250000
vt 0.054138368826 0.913454275478
vt 0.046875000000 0.913454275478
vt 0.046875000000 0.925781250000
vt 0.059201974522 0.925781250000
vt 0.059201974522 0.918517881174
vt 0.046875000000 0.918517881174
vt 0.046875000000 0.925781250000
vt 0.052322526619 0.925781250000
vt 0.052322526619 0.918517881174
vt 0.046875000000 0.918517881174
vt 0.046875000000 0.925781250000
vt 0.054138368826 0.925781250000
vt 0.054138368826 0.920333723381
vt 0.046875000000 0.920333723381
vt 0.046875000000 0.925781250000
vt 0.052322526619 0.925781250000
vt 0.052322526619 0.913454275478
vt 0.046875000000 0.913454275478
vt 0.046875000000 0.925781250000
vt 0.059201974522 0.925781250000
vt 0.059201974522 0.920333723381
vt 0.046875000000 0.920333723381
vt 0.046875000000 0.925781250000
vt 0.054138368826 0.925781250000
vt 0.054138368826 0.913454275478
vt 0.046875000000 0.913454275478
vt 0.046875000000 0.925781250000
vt 0.059201974522 0.925781250000
vt 0.059201974522 0.918517881174
vt 0.046875000000 0.918517881174
vt 0.046875000000 0.925781250000
vt 0.052322526619 0.925781250000
vt 0.052322526619 0.918517881174
vt 0.046875000000 0.918517881174
vt 0.046875000000 0.925781250000
vt 0.054138368826 0.925781250000
vt 0.054138368826 0.920333723381
vt 0.046875000000 0.920333723381
vt 0.046875000000 0.925781250000
vt 0.052322526619 0.925781250000
vt 0.052322526619 0.913454275478
vt 0.046875000000 0.913454275478
vt 0.046875000000 0.925781250000
vt 0.059201974522 0.925781250000
vt 0.059201974522 0.920333723381
vt 0.046875000000 0.920333723381
vt 0.046875000000 0.925781250000
vt 0.054138368826 0.925781250000
vt 0.054138368826 0.913454275478
vt 0.046875000000 0.913454275478
vt 0.046875000000 0.925781250000
vt 0.059201974522 0.925781250000
vt 0.059201974522 0.918517881174
vt 0.046875000000 0.918517881174
vt 0.046875000000 0.925781250000
vt 0.052322526619 0.925781250000
vt 0.052322526619 0.918517881174
vt 0.046875000000 0.918517881174
vt 0.046875000000 0.925781250000
vt 0.054138368826 0.925781250000
vt 0.054138368826 0.920333723381
vt 0.046875000000 0.920333723381
vt 0.046875000000 0.925781250000
vt 0.052322526619 0.925781250000
vt 0.052322526619 0.913454275478
vt 0.046875000000 0.913454275478
vt 0.046875000000 0.925781250000
vt 0.059201974522 0.925781250000
vt 0.059201974522 0.920333723381
vt 0.046875000000 0.920333723381
vt 0.046875000000 0.925781250000
vt 0.054138368826 0.925781250000
vt 0.054138368826 0.913454275478
vt 0.046875000000 0.913454275478
vt 0.046875000000 0.925781250000
vt 0.059201974522 0.925781250000
vt 0.059201974522 0.918517881174
vt 0.046875000000 0.918517881174
vt 0.046875000000 0.925781250000
vt 0.052322526619 0.925781250000
vt 0.052322526619 0.918517881174
vt 0.046875000000 0.918517881174
vt 0.046875000000 0.925781250000
vt 0.054138368826 0.925781250000
vt 0.054138368826 0.920333723381
vt 0.046875000000 0.920333723381
vt 0.046875000000 0.925781250000
vt 0.052322526619 0.925781250000
vt 0.052322526619 0.913454275478
vt 0.046875000000 0.913454275478
vt 0.046875000000 0.925781250000
vt 0.059201974522 0.925781250000
vt 0.059201974522 0.920333723381
vt 0.046875000000 0.920333723381
vt 0.046875000000 0.925781250000
vt 0.054138368826 0.925781250000
vt 0.054138368826 0.913454275478
vt 0.046875000000 0.913454275478
vt 0.046875000000 0.925781250000
vt 0.059201974522 0.925781250000
vt 0.059201974522 0.918517881174
vt 0.046875000000 0.918517881174
vt 0.046875000000 0.925781250000
vt 0.052322526619 0.925781250000
vt 0.052322526619 0.918517881174
vt 0.046875000000 0.918517881174
vt 0.046875000000 0.925781250000
vt 0.054138368826 0.925781250000
vt 0.054138368826 0.920333723381
vt 0.046875000000 0.920333723381
vt 0.046875000000 0.925781250000
vt 0.052322526619 0.925781250000
vt 0.052322526619 0.913454275478
vt 0.046875000000 0.913454275478
vt 0.046875000000 0.925781250000
vt 0.059201974522 0.925781250000
vt 0.059201974522 0.920333723381
vt 0.046875000000 0.920333723381
vt 0.046875000000 0.925781250000
vt 0.054138368826 0.925781250000
vt 0.054138368826 0.913454275478
vt 0.046875000000 0.913454275478
vt 0.046875000000 0.925781250000
vt 0.059201974522 0.925781250000
vt 0.059201974522 0.918517881174
vt 0.046875000000 0.918517881174
vt 0.046875000000 0.925781250000
vt 0.052322526619 0.925781250000
vt 0.052322526619 0.918517881174
vt 0.046875000000 0.918517881174
vt 0.046875000000 0.925781250000
vt 0.054138368826 0.925781250000
vt 0.054138368826 0.920333723381
vt 0.046875000000 0.920333723381
vt 0.046875000000 0.925781250000
vt 0.052322526619 0.925781250000
vt 0.052322526619 0.913454275478
vt 0.046875000000 0.913454275478
vt 0.046875000000 0.925781250000
vt 0.059201974522 0.925781250000
vt 0.059201974522 0.920333723381
vt 0.046875000000 0.920333723381
vt 0.046875000000 0.925781250000
vt 0.054138368826 0.925781250000
vt 0.054138368826 0.913454275478
vt 0.046875000000 0.913454275478
vt 0.046875000000 0.925781250000
vt 0.059201974522 0.925781250000
vt 0.059201974522 0.918517881174
vt 0.046875000000 0.918517881174
vt 0.046875000000 0.925781250000
vt 0.052322526619 0.925781250000
vt 0.052322526619 0.918517881174
vt 0.046875000000 0.918517881174
vt 0.046875000000 0.925781250000
vt 0.054138368826 0.925781250000
vt 0.054138368826 0.920333723381
vt 0.046875000000 0.920333723381
vt 0.046875000000 0.925781250000
vt 0.052322526619 0.925781250000
vt 0.052322526619 0.913454275478
vt 0.046875000000 0.913454275478
vt 0.046875000000 0.925781250000
vt 0.059201974522 0.925781250000
vt 0.059201974522 0.920333723381
vt 0.046875000000 0.920333723381
vt 0.046875000000 0.925781250000
vt 0.054138368826 0.925781250000
vt 0.054138368826 0.913454275478
vt 0.046875000000 0.913454275478
vt 0.046875000000 0.925781250000
vt 0.059201974522 0.925781250000
vt 0.059201974522 0.918517881174
vt 0.046875000000 0.918517881174
vt 0.046875000000 0.925781250000
vt 0.052322526619 0.925781250000
vt 0.052322526619 0.918517881174
vt 0.046875000000 0.918517881174
vt 0.046875000000 0.925781250000
vt 0.054138368826 0.925781250000
vt 0.054138368826 0.920333723381
vt 0.046875000000 0.920333723381
vt 0.046875000000 0.925781250000
vt 0.052322526619 0.925781250000
vt 0.052322526619 0.913454275478
vt 0.046875000000 0.913454275478
vt 0.046875000000 0.925781250000
vt 0.059201974522 0.925781250000
vt 0.059201974522 0.920333723381
vt 0.046875000000 0.920333723381
vt 0.003906250000 0.996093750000
vt 0.053193395604 0.996093750000
vt 0.053193395604 0.992721471617
vt 0.003906250000 0.992721471617
vt 0.003906250000 0.996093750000
vt 0.007278528383 0.996093750000
vt 0.007278528383 0.946806604396
vt 0.003906250000 0.946806604396
vt 0.003906250000 0.996093750000
vt 0.007537934413 0.996093750000
vt 0.007537934413 0.946806604396
vt 0.003906250000 0.946806604396
vt 0.003906250000 0.996093750000
vt 0.053193395604 0.996093750000
vt 0.053193395604 0.992462065587
vt 0.003906250000 0.992462065587
vt 0.003906250000 0.996093750000
vt 0.007537934413 0.996093750000
vt 0.007537934413 0.992721471617
vt 0.003906250000 0.992721471617
vt 0.003906250000 0.996093750000
vt 0.007278528383 0.996093750000
vt 0.007278528383 0.992462065587
vt 0.003906250000 0.992462065587
vt 0.197895761077 0.960937500000
vt 0.201549043926 0.960937500000
vt 0.204132305003 0.958354238923
vt 0.204132305003 0.954700956074
vt 0.201549043926 0.952117694997
vt 0.197895761077 0.952117694997
vt 0.195312500000 0.954700956074
vt 0.195312500000 0.958354238923
vt 0.197895761077 0.960937500000
vt 0.201549043926 0.960937500000
vt 0.204132305003 0.958354238923
vt 0.204132305003 0.954700956074
vt 0.201549043926 0.952117694997
vt 0.197895761077 0.952117694997
vt 0.195312500000 0.954700956074
vt 0.195312500000 0.958354238923
vt 0.195312500000 0.960937500000
vt 0.207763989416 0.960937500000
vt 0.207763989416 0.957284217150
vt 0.195312500000 0.957284217150
vt 0.195312500000 0.960937500000
vt 0.207763989416 0.960937500000
vt 0.207763989416 0.957284217150
vt 0.195312500000 0.957284217150
vt 0.195312500000 0.960937500000
vt 0.207763989416 0.960937500000
vt 0.207763989416 0.957284217150
vt 0.195312500000 0.957284217150
vt 0.195312500000 0.960937500000
vt 0.207763989416 0.960937500000
vt 0.207763989416 0.957284217150
vt 0.195312500000 0.957284217150
vt 0.195312500000 0.960937500000
vt 0.207763989416 0.960937500000
vt 0.207763989416 0.957284217150
vt 0.195312500000 0.957284217150
vt 0.195312500000 0.960937500000
vt 0.207763989416 0.960937500000
vt 0.207763989416 0.957284217150
vt 0.195312500000 0.957284217150
vt 0.195312500000 0.960937500000
vt 0.207763989416 0.960937500000
vt 0.207763989416 0.957284217150
vt 0.195312500000 0.957284217150
vt 0.195312500000 0.960937500000
vt 0.207763989416 0.960937500000
vt 0.207763989416 0.957284217150
vt 0.195312500000 0.957284217150
vt 0.140625000000 0.996093750000
vt 0.143478466324 0.996093750000
vt 0.143478466324 0.986495726909
vt 0.140625000000 0.986495726909
vt 0.140625000000 0.996093750000
vt 0.150223023091 0.996093750000
vt 0.150223023091 0.993240283676
vt 0.140625000000 0.993240283676
vt 0.140625000000 0.996093750000
vt 0.150223023091 0.996093750000
vt 0.150223023091 0.993240283676
vt 0.140625000000 0.993240283676
vt 0.140625000000 0.996093750000
vt 0.143478466324 0.996093750000
vt 0.143478466324 0.986495726909
vt 0.140625000000 0.986495726909
vt 0.140625000000 0.996093750000
vt 0.150223023091 0.996093750000
vt 0.150223023091 0.986495726909
vt 0.140625000000 0.986495726909
vt 0.140625000000 0.996093750000
vt 0.150223023091 0.996093750000
vt 0.150223023091 0.986495726909
vt 0.140625000000 0.986495726909
vt 0.003906250000 0.996093750000
vt 0.063050824725 0.996093750000
vt 0.063050824725 0.992721471617
vt 0.003906250000 0.992721471617
vt 0.003906250000 0.996093750000
vt 0.007278528383 0.996093750000
vt 0.007278528383 0.936949175275
vt 0.003906250000 0.936949175275
vt 0.003906250000 0.996093750000
vt 0.007537934413 0.996093750000
vt 0.007537934413 0.936949175275
vt 0.003906250000 0.936949175275
vt 0.003906250000 0.996093750000
vt 0.063050824725 0.996093750000
vt 0.063050824725 0.992462065587
vt 0.003906250000 0.992462065587
vt 0.003906250000 0.996093750000
vt 0.007537934413 0.996093750000
vt 0.007537934413 0.992721471617
vt 0.003906250000 0.992721471617
vt 0.003906250000 0.996093750000
vt 0.007278528383 0.996093750000
vt 0.007278528383 0.992462065587
vt 0.003906250000 0.992462065587
vt 0.197895761077 0.960937500000
vt 0.201549043926 0.960937500000
vt 0.204132305003 0.958354238923
vt 0.204132305003 0.954700956074
vt 0.201549043926 0.952117694997
vt 0.197895761077 0.952117694997
vt 0.195312500000 0.954700956074
vt 0.195312500000 0.958354238923
vt 0.197895761077 0.960937500000
vt 0.201549043926 0.960937500000
vt 0.204132305003 0.958354238923
vt 0.204132305003 0.954700956074
vt 0.201549043926 0.952117694997
vt 0.197895761077 0.952117694997
vt 0.195312500000 0.954700956074
vt 0.195312500000 0.958354238923
vt 0.195312500000 0.960937500000
vt 0.207763989416 0.960937500000
vt 0.207763989416 0.957284217150
vt 0.195312500000 0.957284217150
vt 0.195312500000 0.960937500000
vt 0.207763989416 0.960937500000
vt 0.207763989416 0.957284217150
vt 0.195312500000 0.957284217150
vt 0.195312500000 0.960937500000
vt 0.207763989416 0.960937500000
vt 0.207763989416 0.957284217150
vt 0.195312500000 0.957284217150
vt 0.195312500000 0.960937500000
vt 0.207763989416 0.960937500000
vt 0.207763989416 0.957284217150
vt 0.195312500000 0.957284217150
vt 0.195312500000 0.960937500000
vt 0.207763989416 0.960937500000
vt 0.207763989416 0.957284217150
vt 0.195312500000 0.957284217150
vt 0.195312500000 0.960937500000
vt 0.207763989416 0.960937500000
vt 0.207763989416 0.957284217150
vt 0.195312500000 0.957284217150
vt 0.195312500000 0.960937500000
vt 0.207763989416 0.960937500000
vt 0.207763989416 0.957284217150
vt 0.195312500000 0.957284217150
vt 0.195312500000 0.960937500000
vt 0.207763989416 0.960937500000
vt 0.207763989416 0.957284217150
vt 0.195312500000 0.957284217150
vt 0.140625000000 0.996093750000
vt 0.143478466324 0.996093750000
vt 0.143478466324 0.986495726909
vt 0.140625000000 0.986495726909
vt 0.140625000000 0.996093750000
vt 0.150223023091 0.996093750000
vt 0.150223023091 0.993240283676
vt 0.140625000000 0.993240283676
vt 0.140625000000 0.996093750000
vt 0.150223023091 0.996093750000
vt 0.150223023091 0.993240283676
vt 0.140625000000 0.993240283676
vt 0.140625000000 0.996093750000
vt 0.143478466324 0.996093750000
vt 0.143478466324 0.986495726909
vt 0.140625000000 0.986495726909
vt 0.140625000000 0.996093750000
vt 0.150223023091 0.996093750000
vt 0.150223023091 0.986495726909
vt 0.140625000000 0.986495726909
vt 0.140625000000 0.996093750000
vt 0.150223023091 0.996093750000
vt 0.150223023091 0.986495726909
vt 0.140625000000 0.986495726909
vt 0.003906250000 0.996093750000
vt 0.049042899132 0.996093750000
vt 0.049042899132 0.992721471617
vt 0.003906250000 0.992721471617
vt 0.003906250000 0.996093750000
vt 0.007278528383 0.996093750000
vt 0.007278528383 0.950957100868
vt 0.003906250000 0.950957100868
vt 0.003906250000 0.996093750000
vt 0.007537934413 0.996093750000
vt 0.007537934413 0.950957100868
vt 0.003906250000 0.950957100868
vt 0.003906250000 0.996093750000
vt 0.049042899132 0.996093750000
vt 0.049042899132 0.992462065587
vt 0.003906250000 0.992462065587
vt 0.003906250000 0.996093750000
vt 0.007537934413 0.996093750000
vt 0.007537934413 0.992721471617
vt 0.003906250000 0.992721471617
vt 0.003906250000 0.996093750000
vt 0.007278528383 0.996093750000
vt 0.007278528383 0.992462065587
vt 0.003906250000 0.992462065587
vt 0.197895761077 0.960937500000
vt 0.201549043926 0.960937500000
vt 0.204132305003 0.958354238923
vt 0.204132305003 0.954700956074
vt 0.201549043926 0.952117694997
vt 0.197895761077 0.952117694997
vt 0.195312500000 0.954700956074
vt 0.195312500000 0.958354238923
vt 0.197895761077 0.960937500000
vt 0.201549043926 0.960937500000
vt 0.204132305003 0.958354238923
vt 0.204132305003 0.954700956074
vt 0.201549043926 0.952117694997
vt 0.197895761077 0.952117694997
vt 0.195312500000 0.954700956074
vt 0.195312500000 0.958354238923
vt 0.195312500000 0.960937500000
vt 0.207763989416 0.960937500000
vt 0.207763989416 0.957284217150
vt 0.195312500000 0.957284217150
vt 0.195312500000 0.960937500000
vt 0.207763989416 0.960937500000
vt 0.207763989416 0.957284217150
vt 0.195312500000 0.957284217150
vt 0.195312500000 0.960937500000
vt 0.207763989416 0.960937500000
vt 0.207763989416 0.957284217150
vt 0.195312500000 0.957284217150
vt 0.195312500000 0.960937500000
vt 0.207763989416 0.960937500000
vt 0.207763989416 0.957284217150
vt 0.195312500000 0.957284217150
vt 0.195312500000 0.960937500000
vt 0.207763989416 0.960937500000
vt 0.207763989416 0.957284217150
vt 0.195312500000 0.957284217150
vt 0.195312500000 0.960937500000
vt 0.207763989416 0.960937500000
vt 0.207763989416 0.957284217150
vt 0.195312500000 0.957284217150
vt 0.195312500000 0.960937500000
vt 0.207763989416 0.960937500000
vt 0.207763989416 0.957284217150
vt 0.195312500000 0.957284217150
vt 0.195312500000 0.960937500000
vt 0.207763989416 0.960937500000
vt 0.207763989416 0.957284217150
vt 0.195312500000 0.957284217150
vt 0.140625000000 0.996093750000
vt 0.143478466324 0.996093750000
vt 0.143478466324 0.986495726909
vt 0.140625000000 0.986495726909
vt 0.140625000000 0.996093750000
vt 0.150223023091 0.996093750000
vt 0.150223023091 0.993240283676
vt 0.140625000000 0.993240283676
vt 0.140625000000 0.996093750000
vt 0.150223023091 0.996093750000
vt 0.150223023091 0.993240283676
vt 0.140625000000 0.993240283676
vt 0.140625000000 0.996093750000
vt 0.143478466324 0.996093750000
vt 0.143478466324 0.986495726909
vt 0.140625000000 0.986495726909
vt 0.140625000000 0.996093750000
vt 0.150223023091 0.996093750000
vt 0.150223023091 0.986495726909
vt 0.140625000000 0.986495726909
vt 0.140625000000 0.996093750000
vt 0.150223023091 0.996093750000
vt 0.150223023091 0.986495726909
vt 0.140625000000 0.986495726909
usemtl atlas
s off
g root
g body
g shell_inner
f 449/1345 452/1346 451/1347
f 449/1345 451/1347 450/1348
f 453/1349 454/1350 455/1351
f 453/1349 455/1351 456/1352
f 449/1353 453/1354 456/1355
f 449/1353 456/1355 452/1356
f 450/1357 451/1358 455/1359
f 450/1357 455/1359 454/1360
f 452/1361 456/1362 455/1363
f 452/1361 455/1363 451/1364
f 449/1365 450/1366 454/1367
f 449/1365 454/1367 453/1368
f 457/1369 460/1370 459/1371
f 457/1369 459/1371 458/1372
f 461/1373 462/1374 463/1375
f 461/1373 463/1375 464/1376
f 457/1377 461/1378 464/1379
f 457/1377 464/1379 460/1380
f 458/1381 459/1382 463/1383
f 458/1381 463/1383 462/1384
f 460/1385 464/1386 463/1387
f 460/1385 463/1387 459/1388
f 457/1389 458/1390 462/1391
f 457/1389 462/1391 461/1392
f 473/1417 476/1418 475/1419
f 473/1417 475/1419 474/1420
f 477/1421 478/1422 479/1423
f 477/1421 479/1423 480/1424
f 473/1425 477/1426 480/1427
f 473/1425 480/1427 476/1428
f 474/1429 475/1430 479/1431
f 474/1429 479/1431 478/1432
f 476/1433 480/1434 479/1435
f 476/1433 479/1435 475/1436
f 473/1437 474/1438 478/1439
f 473/1437 478/1439 477/1440
f 489/1465 492/1466 491/1467
f 489/1465 491/1467 490/1468
f 493/1469 494/1470 495/1471
f 493/1469 495/1471 496/1472
f 489/1473 493/1474 496/1475
f 489/1473 496/1475 492/1476
f 490/1477 491/1478 495/1479
f 490/1477 495/1479 494/1480
f 492/1481 496/1482 495/1483
f 492/1481 495/1483 491/1484
f 489/1485 490/1486 494/1487
f 489/1485 494/1487 493/1488
f 505/1513 508/1514 507/1515
f 505/1513 507/1515 506/1516
f 509/1517 510/1518 511/1519
f 509/1517 511/1519 512/1520
f 505/1521 509/1522 512/1523
f 505/1521 512/1523 508/1524
f 506/1525 507/1526 511/1527
f 506/1525 511/1527 510/1528
f 508/1529 512/1530 511/1531
f 508/1529 511/1531 507/1532
f 505/1533 506/1534 510/1535
f 505/1533 510/1535 509/1536
f 521/1561 524/1562 523/1563
f 521/1561 523/1563 522/1564
f 525/1565 526/1566 527/1567
f 525/1565 527/1567 528/1568
f 521/1569 525/1570 528/1571
f 521/1569 528/1571 524/1572
f 522/1573 523/1574 527/1575
f 522/1573 527/1575 526/1576
f 524/1577 528/1578 527/1579
f 524/1577 527/1579 523/1580
f 521/1581 522/1582 526/1583
f 521/1581 526/1583 525/1584
f 537/1609 540/1610 539/1611
f 537/1609 539/1611 538/1612
f 541/1613 542/1614 543/1615
f 541/1613 543/1615 544/1616
f 537/1617 541/1618 544/1619
f 537/1617 544/1619 540/1620
f 538/1621 539/1622 543/1623
f 538/1621 543/1623 542/1624
f 540/1625 544/1626 543/1627
f 540/1625 543/1627 539/1628
f 537/1629 538/1630 542/1631
f 537/1629 542/1631 541/1632
f 553/1657 556/1658 555/1659
f 553/1657 555/1659 554/1660
f 557/1661 558/1662 559/1663
f 557/1661 559/1663 560/1664
f 553/1665 557/1666 560/1667
f 553/1665 560/1667 556/1668
f 554/1669 555/1670 559/1671
f 554/1669 559/1671 558/1672
f 556/1673 560/1674 559/1675
f 556/1673 559/1675 555/1676
f 553/1677 554/1678 558/1679
f 553/1677 558/1679 557/1680
f 569/1705 572/1706 571/1707
f 569/1705 571/1707 570/1708
f 573/1709 574/1710 575/1711
f 573/1709 575/1711 576/1712
f 569/1713 573/1714 576/1715
f 569/1713 576/1715 572/1716
f 570/1717 571/1718 575/1719
f 570/1717 575/1719 574/1720
f 572/1721 576/1722 575/1723
f 572/1721 575/1723 571/1724
f 569/1725 570/1726 574/1727
f 569/1725 574/1727 573/1728
f 585/1753 588/1754 587/1755
f 585/1753 587/1755 586/1756
f 589/1757 590/1758 591/1759
f 589/1757 591/1759 592/1760
f 585/1761 589/1762 592/1763
f 585/1761 592/1763 588/1764
f 586/1765 587/1766 591/1767
f 586/1765 591/1767 590/1768
f 588/1769 592/1770 591/1771
f 588/1769 591/1771 587/1772
f 585/1773 586/1774 590/1775
f 585/1773 590/1775 589/1776
f 601/1801 604/1802 603/1803
f 601/1801 603/1803 602/1804
f 605/1805 606/1806 607/1807
f 605/1805 607/1807 608/1808
f 601/1809 605/1810 608/1811
f 601/1809 608/1811 604/1812
f 602/1813 603/1814 607/1815
f 602/1813 607/1815 606/1816
f 604/1817 608/1818 607/1819
f 604/1817 607/1819 603/1820
f 601/1821 602/1822 606/1823
f 601/1821 606/1823 605/1824
f 617/1849 620/1850 619/1851
f 617/1849 619/1851 618/1852
f 621/1853 622/1854 623/1855
f 621/1853 623/1855 624/1856
f 617/1857 621/1858 624/1859
f 617/1857 624/1859 620/1860
f 618/1861 619/1862 623/1863
f 618/1861 623/1863 622/1864
f 620/1865 624/1866 623/1867
f 620/1865 623/1867 619/1868
f 617/1869 618/1870 622/1871
f 617/1869 622/1871 621/1872
f 633/1897 636/1898 635/1899
f 633/1897 635/1899 634/1900
f 637/1901 638/1902 639/1903
f 637/1901 639/1903 640/1904
f 633/1905 637/1906 640/1907
f 633/1905 640/1907 636/1908
f 634/1909 635/1910 639/1911
f 634/1909 639/1911 638/1912
f 636/1913 640/1914 639/1915
f 636/1913 639/1915 635/1916
f 633/1917 634/1918 638/1919
f 633/1917 638/1919 637/1920
g light_inner
f 465/1393 468/1394 467/1395
f 465/1393 467/1395 466/1396
f 469/1397 470/1398 471/1399
f 469/1397 471/1399 472/1400
f 465/1401 469/1402 472/1403
f 465/1401 472/1403 468/1404
f 466/1405 467/1406 471/1407
f 466/1405 471/1407 470/1408
f 468/1409 472/1410 471/1411
f 468/1409 471/1411 467/1412
f 465/1413 466/1414 470/1415
f 465/1413 470/1415 469/1416
f 485/1445 486/1446 487/1447
f 485/1445 487/1447 488/1448
f 481/1449 485/1450 488/1451
f 481/1449 488/1451 484/1452
f 482/1453 483/1454 487/1455
f 482/1453 487/1455 486/1456
f 484/1457 488/1458 487/1459
f 484/1457 487/1459 483/1460
f 481/1461 482/1462 486/1463
f 481/1461 486/1463 485/1464
f 497/1489 500/1490 499/1491
f 497/1489 499/1491 498/1492
f 501/1493 502/1494 503/1495
f 501/1493 503/1495 504/1496
f 497/1497 501/1498 504/1499
f 497/1497 504/1499 500/1500
f 498/1501 499/1502 503/1503
f 498/1501 503/1503 502/1504
f 500/1505 504/1506 503/1507
f 500/1505 503/1507 499/1508
f 497/1509 498/1510 502/1511
f 497/1509 502/1511 501/1512
f 513/1537 516/1538 515/1539
f 513/1537 515/1539 514/1540
f 517/1541 518/1542 519/1543
f 517/1541 519/1543 520/1544
f 513/1545 517/1546 520/1547
f 513/1545 520/1547 516/1548
f 514/1549 515/1550 519/1551
f 514/1549 519/1551 518/1552
f 516/1553 520/1554 519/1555
f 516/1553 519/1555 515/1556
f 513/1557 514/1558 518/1559
f 513/1557 518/1559 517/1560
f 529/1585 532/1586 531/1587
f 529/1585 531/1587 530/1588
f 533/1589 534/1590 535/1591
f 533/1589 535/1591 536/1592
f 529/1593 533/1594 536/1595
f 529/1593 536/1595 532/1596
f 530/1597 531/1598 535/1599
f 530/1597 535/1599 534/1600
f 532/1601 536/1602 535/1603
f 532/1601 535/1603 531/1604
f 529/1605 530/1606 534/1607
f 529/1605 534/1607 533/1608
f 545/1633 548/1634 547/1635
f 545/1633 547/1635 546/1636
f 549/1637 550/1638 551/1639
f 549/1637 551/1639 552/1640
f 545/1641 549/1642 552/1643
f 545/1641 552/1643 548/1644
f 546/1645 547/1646 551/1647
f 546/1645 551/1647 550/1648
f 548/1649 552/1650 551/1651
f 548/1649 551/1651 547/1652
f 545/1653 546/1654 550/1655
f 545/1653 550/1655 549/1656
f 561/1681 564/1682 563/1683
f 561/1681 563/1683 562/1684
f 565/1685 566/1686 567/1687
f 565/1685 567/1687 568/1688
f 561/1689 565/1690 568/1691
f 561/1689 568/1691 564/1692
f 562/1693 563/1694 567/1695
f 562/1693 567/1695 566/1696
f 564/1697 568/1698 567/1699
f 564/1697 567/1699 563/1700
f 561/1701 562/1702 566/1703
f 561/1701 566/1703 565/1704
f 581/1733 582/1734 583/1735
f 581/1733 583/1735 584/1736
f 577/1737 581/1738 584/1739
f 577/1737 584/1739 580/1740
f 578/1741 579/1742 583/1743
f 578/1741 583/1743 582/1744
f 580/1745 584/1746 583/1747
f 580/1745 583/1747 579/1748
f 577/1749 578/1750 582/1751
f 577/1749 582/1751 581/1752
f 593/1777 596/1778 595/1779
f 593/1777 595/1779 594/1780
f 597/1781 598/1782 599/1783
f 597/1781 599/1783 600/1784
f 593/1785 597/1786 600/1787
f 593/1785 600/1787 596/1788
f 594/1789 595/1790 599/1791
f 594/1789 599/1791 598/1792
f 596/1793 600/1794 599/1795
f 596/1793 599/1795 595/1796
f 593/1797 594/1798 598/1799
f 593/1797 598/1799 597/1800
f 609/1825 612/1826 611/1827
f 609/1825 611/1827 610/1828
f 613/1829 614/1830 615/1831
f 613/1829 615/1831 616/1832
f 609/1833 613/1834 616/1835
f 609/1833 616/1835 612/1836
f 610/1837 611/1838 615/1839
f 610/1837 615/1839 614/1840
f 612/1841 616/1842 615/1843
f 612/1841 615/1843 611/1844
f 609/1845 610/1846 614/1847
f 609/1845 614/1847 613/1848
f 625/1873 628/1874 627/1875
f 625/1873 627/1875 626/1876
f 629/1877 630/1878 631/1879
f 629/1877 631/1879 632/1880
f 625/1881 629/1882 632/1883
f 625/1881 632/1883 628/1884
f 626/1885 627/1886 631/1887
f 626/1885 631/1887 630/1888
f 628/1889 632/1890 631/1891
f 628/1889 631/1891 627/1892
f 625/1893 626/1894 630/1895
f 625/1893 630/1895 629/1896
f 641/1921 644/1922 643/1923
f 641/1921 643/1923 642/1924
f 645/1925 646/1926 647/1927
f 645/1925 647/1927 648/1928
f 641/1929 645/1930 648/1931
f 641/1929 648/1931 644/1932
f 642/1933 643/1934 647/1935
f 642/1933 647/1935 646/1936
f 644/1937 648/1938 647/1939
f 644/1937 647/1939 643/1940
f 641/1941 642/1942 646/1943
f 641/1941 646/1943 645/1944
g shell_middle
f 649/1945 652/1946 651/1947
f 649/1945 651/1947 650/1948
f 653/1949 654/1950 655/1951
f 653/1949 655/1951 656/1952
f 649/1953 653/1954 656/1955
f 649/1953 656/1955 652/1956
f 650/1957 651/1958 655/1959
f 650/1957 655/1959 654/1960
f 652/1961 656/1962 655/1963
f 652/1961 655/1963 651/1964
f 649/1965 650/1966 654/1967
f 649/1965 654/1967 653/1968
f 665/1993 668/1994 667/1995
f 665/1993 667/1995 666/1996
f 669/1997 670/1998 671/1999
f 669/1997 671/1999 672/2000
f 665/2001 669/2002 672/2003
f 665/2001 672/2003 668/2004
f 666/2005 667/2006 671/2007
f 666/2005 671/2007 670/2008
f 668/2009 672/2010 671/2011
f 668/2009 671/2011 667/2012
f 665/2013 666/2014 670/2015
f 665/2013 670/2015 669/2016
f 681/2041 684/2042 683/2043
f 681/2041 683/2043 682/2044
f 685/2045 686/2046 687/2047
f 685/2045 687/2047 688/2048
f 681/2049 685/2050 688/2051
f 681/2049 688/2051 684/2052
f 682/2053 683/2054 687/2055
f 682/2053 687/2055 686/2056
f 684/2057 688/2058 687/2059
f 684/2057 687/2059 683/2060
f 681/2061 682/2062 686/2063
f 681/2061 686/2063 685/2064
f 697/2089 700/2090 699/2091
f 697/2089 699/2091 698/2092
f 701/2093 702/2094 703/2095
f 701/2093 703/2095 704/2096
f 697/2097 701/2098 704/2099
f 697/2097 704/2099 700/2100
f 698/2101 699/2102 703/2103
f 698/2101 703/2103 702/2104
f 700/2105 704/2106 703/2107
f 700/2105 703/2107 699/2108
f 697/2109 698/2110 702/2111
f 697/2109 702/2111 701/2112
f 713/2137 716/2138 715/2139
f 713/2137 715/2139 714/2140
f 717/2141 718/2142 719/2143
f 717/2141 719/2143 720/2144
f 713/2145 717/2146 720/2147
f 713/2145 720/2147 716/2148
f 714/2149 715/2150 719/2151
f 714/2149 719/2151 718/2152
f 716/2153 720/2154 719/2155
f 716/2153 719/2155 715/2156
f 713/2157 714/2158 718/2159
f 713/2157 718/2159 717/2160
f 729/2185 732/2186 731/2187
f 729/2185 731/2187 730/2188
f 733/2189 734/2190 735/2191
f 733/2189 735/2191 736/2192
f 729/2193 733/2194 736/2195
f 729/2193 736/2195 732/2196
f 730/2197 731/2198 735/2199
f 730/2197 735/2199 734/2200
f 732/2201 736/2202 735/2203
f 732/2201 735/2203 731/2204
f 729/2205 730/2206 734/2207
f 729/2205 734/2207 733/2208
f 745/2233 748/2234 747/2235
f 745/2233 747/2235 746/2236
f 749/2237 750/2238 751/2239
f 749/2237 751/2239 752/2240
f 745/2241 749/2242 752/2243
f 745/2241 752/2243 748/2244
f 746/2245 747/2246 751/2247
f 746/2245 751/2247 750/2248
f 748/2249 752/2250 751/2251
f 748/2249 751/2251 747/2252
f 745/2253 746/2254 750/2255
f 745/2253 750/2255 749/2256
f 761/2281 764/2282 763/2283
f 761/2281 763/2283 762/2284
f 765/2285 766/2286 767/2287
f 765/2285 767/2287 768/2288
f 761/2289 765/2290 768/2291
f 761/2289 768/2291 764/2292
f 762/2293 763/2294 767/2295
f 762/2293 767/2295 766/2296
f 764/2297 768/2298 767/2299
f 764/2297 767/2299 763/2300
f 761/2301 762/2302 766/2303
f 761/2301 766/2303 765/2304
f 777/2329 780/2330 779/2331
f 777/2329 779/2331 778/2332
f 781/2333 782/2334 783/2335
f 781/2333 783/2335 784/2336
f 777/2337 781/2338 784/2339
f 777/2337 784/2339 780/2340
f 778/2341 779/2342 783/2343
f 778/2341 783/2343 782/2344
f 780/2345 784/2346 783/2347
f 780/2345 783/2347 779/2348
f 777/2349 778/2350 782/2351
f 777/2349 782/2351 781/2352
f 793/2377 796/2378 795/2379
f 793/2377 795/2379 794/2380
f 797/2381 798/2382 799/2383
f 797/2381 799/2383 800/2384
f 793/2385 797/2386 800/2387
f 793/2385 800/2387 796/2388
f 794/2389 795/2390 799/2391
f 794/2389 799/2391 798/2392
f 796/2393 800/2394 799/2395
f 796/2393 799/2395 795/2396
f 793/2397 794/2398 798/2399
f 793/2397 798/2399 797/2400
f 809/2425 812/2426 811/2427
f 809/2425 811/2427 810/2428
f 813/2429 814/2430 815/2431
f 813/2429 815/2431 816/2432
f 809/2433 813/2434 816/2435
f 809/2433 816/2435 812/2436
f 810/2437 811/2438 815/2439
f 810/2437 815/2439 814/2440
f 812/2441 816/2442 815/2443
f 812/2441 815/2443 811/2444
f 809/2445 810/2446 814/2447
f 809/2445 814/2447 813/2448
f 825/2473 828/2474 827/2475
f 825/2473 827/2475 826/2476
f 829/2477 830/2478 831/2479
f 829/2477 831/2479 832/2480
f 825/2481 829/2482 832/2483
f 825/2481 832/2483 828/2484
f 826/2485 827/2486 831/2487
f 826/2485 831/2487 830/2488
f 828/2489 832/2490 831/2491
f 828/2489 831/2491 827/2492
f 825/2493 826/2494 830/2495
f 825/2493 830/2495 829/2496
g light_middle
f 657/1969 660/1970 659/1971
f 657/1969 659/1971 658/1972
f 661/1973 662/1974 663/1975
f 661/1973 663/1975 664/1976
f 657/1977 661/1978 664/1979
f 657/1977 664/1979 660/1980
f 658/1981 659/1982 663/1983
f 658/1981 663/1983 662/1984
f 660/1985 664/1986 663/1987
f 660/1985 663/1987 659/1988
f 657/1989 658/1990 662/1991
f 657/1989 662/1991 661/1992
f 677/2021 678/2022 679/2023
f 677/2021 679/2023 680/2024
f 673/2025 677/2026 680/2027
f 673/2025 680/2027 676/2028
f 674/2029 675/2030 679/2031
f 674/2029 679/2031 678/2032
f 676/2033 680/2034 679/2035
f 676/2033 679/2035 675/2036
f 673/2037 674/2038 678/2039
f 673/2037 678/2039 677/2040
f 689/2065 692/2066 691/2067
f 689/2065 691/2067 690/2068
f 693/2069 694/2070 695/2071
f 693/2069 695/2071 696/2072
f 689/2073 693/2074 696/2075
f 689/2073 696/2075 692/2076
f 690/2077 691/2078 695/2079
f 690/2077 695/2079 694/2080
f 692/2081 696/2082 695/2083
f 692/2081 695/2083 691/2084
f 689/2085 690/2086 694/2087
f 689/2085 694/2087 693/2088
f 705/2113 708/2114 707/2115
f 705/2113 707/2115 706/2116
f 709/2117 710/2118 711/2119
f 709/2117 711/2119 712/2120
f 705/2121 709/2122 712/2123
f 705/2121 712/2123 708/2124
f 706/2125 707/2126 711/2127
f 706/2125 711/2127 710/2128
f 708/2129 712/2130 711/2131
f 708/2129 711/2131 707/2132
f 705/2133 706/2134 710/2135
f 705/2133 710/2135 709/2136
f 721/2161 724/2162 723/2163
f 721/2161 723/2163 722/2164
f 725/2165 726/2166 727/2167
f 725/2165 727/2167 728/2168
f 721/2169 725/2170 728/2171
f 721/2169 728/2171 724/2172
f 722/2173 723/2174 727/2175
f 722/2173 727/2175 726/2176
f 724/2177 728/2178 727/2179
f 724/2177 727/2179 723/2180
f 721/2181 722/2182 726/2183
f 721/2181 726/2183 725/2184
f 737/2209 740/2210 739/2211
f 737/2209 739/2211 738/2212
f 741/2213 742/2214 743/2215
f 741/2213 743/2215 744/2216
f 737/2217 741/2218 744/2219
f 737/2217 744/2219 740/2220
f 738/2221 739/2222 743/2223
f 738/2221 743/2223 742/2224
f 740/2225 744/2226 743/2227
f 740/2225 743/2227 739/2228
f 737/2229 738/2230 742/2231
f 737/2229 742/2231 741/2232
f 753/2257 756/2258 755/2259
f 753/2257 755/2259 754/2260
f 757/2261 758/2262 759/2263
f 757/2261 759/2263 760/2264
f 753/2265 757/2266 760/2267
f 753/2265 760/2267 756/2268
f 754/2269 755/2270 759/2271
f 754/2269 759/2271 758/2272
f 756/2273 760/2274 759/2275
f 756/2273 759/2275 755/2276
f 753/2277 754/2278 758/2279
f 753/2277 758/2279 757/2280
f 773/2309 774/2310 775/2311
f 773/2309 775/2311 776/2312
f 769/2313 773/2314 776/2315
f 769/2313 776/2315 772/2316
f 770/2317 771/2318 775/2319
f 770/2317 775/2319 774/2320
f 772/2321 776/2322 775/2323
f 772/2321 775/2323 771/2324
f 769/2325 770/2326 774/2327
f 769/2325 774/2327 773/2328
f 785/2353 788/2354 787/2355
f 785/2353 787/2355 786/2356
f 789/2357 790/2358 791/2359
f 789/2357 791/2359 792/2360
f 785/2361 789/2362 792/2363
f 785/2361 792/2363 788/2364
f 786/2365 787/2366 791/2367
f 786/2365 791/2367 790/2368
f 788/2369 792/2370 791/2371
f 788/2369 791/2371 787/2372
f 785/2373 786/2374 790/2375
f 785/2373 790/2375 789/2376
f 801/2401 804/2402 803/2403
f 801/2401 803/2403 802/2404
f 805/2405 806/2406 807/2407
f 805/2405 807/2407 808/2408
f 801/2409 805/2410 808/2411
f 801/2409 808/2411 804/2412
f 802/2413 803/2414 807/2415
f 802/2413 807/2415 806/2416
f 804/2417 808/2418 807/2419
f 804/2417 807/2419 803/2420
f 801/2421 802/2422 806/2423
f 801/2421 806/2423 805/2424
f 817/2449 820/2450 819/2451
f 817/2449 819/2451 818/2452
f 821/2453 822/2454 823/2455
f 821/2453 823/2455 824/2456
f 817/2457 821/2458 824/2459
f 817/2457 824/2459 820/2460
f 818/2461 819/2462 823/2463
f 818/2461 823/2463 822/2464
f 820/2465 824/2466 823/2467
f 820/2465 823/2467 819/2468
f 817/2469 818/2470 822/2471
f 817/2469 822/2471 821/2472
f 833/2497 836/2498 835/2499
f 833/2497 835/2499 834/2500
f 837/2501 838/2502 839/2503
f 837/2501 839/2503 840/2504
f 833/2505 837/2506 840/2507
f 833/2505 840/2507 836/2508
f 834/2509 835/2510 839/2511
f 834/2509 839/2511 838/2512
f 836/2513 840/2514 839/2515
f 836/2513 839/2515 835/2516
f 833/2517 834/2518 838/2519
f 833/2517 838/2519 837/2520
g shell_outer
f 841/2521 844/2522 843/2523
f 841/2521 843/2523 842/2524
f 845/2525 846/2526 847/2527
f 845/2525 847/2527 848/2528
f 841/2529 845/2530 848/2531
f 841/2529 848/2531 844/2532
f 842/2533 843/2534 847/2535
f 842/2533 847/2535 846/2536
f 844/2537 848/2538 847/2539
f 844/2537 847/2539 843/2540
f 841/2541 842/2542 846/2543
f 841/2541 846/2543 845/2544
f 857/2569 860/2570 859/2571
f 857/2569 859/2571 858/2572
f 861/2573 862/2574 863/2575
f 861/2573 863/2575 864/2576
f 857/2577 861/2578 864/2579
f 857/2577 864/2579 860/2580
f 858/2581 859/2582 863/2583
f 858/2581 863/2583 862/2584
f 860/2585 864/2586 863/2587
f 860/2585 863/2587 859/2588
f 857/2589 858/2590 862/2591
f 857/2589 862/2591 861/2592
f 873/2617 876/2618 875/2619
f 873/2617 875/2619 874/2620
f 877/2621 878/2622 879/2623
f 877/2621 879/2623 880/2624
f 873/2625 877/2626 880/2627
f 873/2625 880/2627 876/2628
f 874/2629 875/2630 879/2631
f 874/2629 879/2631 878/2632
f 876/2633 880/2634 879/2635
f 876/2633 879/2635 875/2636
f 873/2637 874/2638 878/2639
f 873/2637 878/2639 877/2640
f 889/2665 892/2666 891/2667
f 889/2665 891/2667 890/2668
f 893/2669 894/2670 895/2671
f 893/2669 895/2671 896/2672
f 889/2673 893/2674 896/2675
f 889/2673 896/2675 892/2676
f 890/2677 891/2678 895/2679
f 890/2677 895/2679 894/2680
f 892/2681 896/2682 895/2683
f 892/2681 895/2683 891/2684
f 889/2685 890/2686 894/2687
f 889/2685 894/2687 893/2688
f 905/2713 908/2714 907/2715
f 905/2713 907/2715 906/2716
f 909/2717 910/2718 911/2719
f 909/2717 911/2719 912/2720
f 905/2721 909/2722 912/2723
f 905/2721 912/2723 908/2724
f 906/2725 907/2726 911/2727
f 906/2725 911/2727 910/2728
f 908/2729 912/2730 911/2731
f 908/2729 911/2731 907/2732
f 905/2733 906/2734 910/2735
f 905/2733 910/2735 909/2736
f 921/2761 924/2762 923/2763
f 921/2761 923/2763 922/2764
f 925/2765 926/2766 927/2767
f 925/2765 927/2767 928/2768
f 921/2769 925/2770 928/2771
f 921/2769 928/2771 924/2772
f 922/2773 923/2774 927/2775
f 922/2773 927/2775 926/2776
f 924/2777 928/2778 927/2779
f 924/2777 927/2779 923/2780
f 921/2781 922/2782 926/2783
f 921/2781 926/2783 925/2784
f 937/2809 940/2810 939/2811
f 937/2809 939/2811 938/2812
f 941/2813 942/2814 943/2815
f 941/2813 943/2815 944/2816
f 937/2817 941/2818 944/2819
f 937/2817 944/2819 940/2820
f 938/2821 939/2822 943/2823
f 938/2821 943/2823 942/2824
f 940/2825 944/2826 943/2827
f 940/2825 943/2827 939/2828
f 937/2829 938/2830 942/2831
f 937/2829 942/2831 941/2832
f 953/2857 956/2858 955/2859
f 953/2857 955/2859 954/2860
f 957/2861 958/2862 959/2863
f 957/2861 959/2863 960/2864
f 953/2865 957/2866 960/2867
f 953/2865 960/2867 956/2868
f 954/2869 955/2870 959/2871
f 954/2869 959/2871 958/2872
f 956/2873 960/2874 959/2875
f 956/2873 959/2875 955/2876
f 953/2877 954/2878 958/2879
f 953/2877 958/2879 957/2880
f 969/2905 972/2906 971/2907
f 969/2905 971/2907 970/2908
f 973/2909 974/2910 975/2911
f 973/2909 975/2911 976/2912
f 969/2913 973/2914 976/2915
f 969/2913 976/2915 972/2916
f 970/2917 971/2918 975/2919
f 970/2917 975/2919 974/2920
f 972/2921 976/2922 975/2923
f 972/2921 975/2923 971/2924
f 969/2925 970/2926 974/2927
f 969/2925 974/2927 973/2928
f 985/2953 988/2954 987/2955
f 985/2953 987/2955 986/2956
f 989/2957 990/2958 991/2959
f 989/2957 991/2959 992/2960
f 985/2961 989/2962 992/2963
f 985/2961 992/2963 988/2964
f 986/2965 987/2966 991/2967
f 986/2965 991/2967 990/2968
f 988/2969 992/2970 991/2971
f 988/2969 991/2971 987/2972
f 985/2973 986/2974 990/2975
f 985/2973 990/2975 989/2976
f 1001/3001 1004/3002 1003/3003
f 1001/3001 1003/3003 1002/3004
f 1005/3005 1006/3006 1007/3007
f 1005/3005 1007/3007 1008/3008
f 1001/3009 1005/3010 1008/3011
f 1001/3009 1008/3011 1004/3012
f 1002/3013 1003/3014 1007/3015
f 1002/3013 1007/3015 1006/3016
f 1004/3017 1008/3018 1007/3019
f 1004/3017 1007/3019 1003/3020
f 1001/3021 1002/3022 1006/3023
f 1001/3021 1006/3023 1005/3024
f 1017/3049 1020/3050 1019/3051
f 1017/3049 1019/3051 1018/3052
f 1021/3053 1022/3054 1023/3055
f 1021/3053 1023/3055 1024/3056
f 1017/3057 1021/3058 1024/3059
f 1017/3057 1024/3059 1020/3060
f 1018/3061 1019/3062 1023/3063
f 1018/3061 1023/3063 1022/3064
f 1020/3065 1024/3066 1023/3067
f 1020/3065 1023/3067 1019/3068
f 1017/3069 1018/3070 1022/3071
f 1017/3069 1022/3071 1021/3072
f 1033/3097 1036/3098 1035/3099
f 1033/3097 1035/3099 1034/3100
f 1037/3101 1038/3102 1039/3103
f 1037/3101 1039/3103 1040/3104
f 1033/3105 1037/3106 1040/3107
f 1033/3105 1040/3107 1036/3108
f 1034/3109 1035/3110 1039/3111
f 1034/3109 1039/3111 1038/3112
f 1036/3113 1040/3114 1039/3115
f 1036/3113 1039/3115 1035/3116
f 1033/3117 1034/3118 1038/3119
f 1033/3117 1038/3119 1037/3120
f 1041/3121 1044/3122 1043/3123
f 1041/3121 1043/3123 1042/3124
f 1045/3125 1046/3126 1047/3127
f 1045/3125 1047/3127 1048/3128
f 1041/3129 1045/3130 1048/3131
f 1041/3129 1048/3131 1044/3132
f 1042/3133 1043/3134 1047/3135
f 1042/3133 1047/3135 1046/3136
f 1044/3137 1048/3138 1047/3139
f 1044/3137 1047/3139 1043/3140
f 1041/3141 1042/3142 1046/3143
f 1041/3141 1046/3143 1045/3144
f 1049/3145 1052/3146 1051/3147
f 1049/3145 1051/3147 1050/3148
f 1053/3149 1054/3150 1055/3151
f 1053/3149 1055/3151 1056/3152
f 1049/3153 1053/3154 1056/3155
f 1049/3153 1056/3155 1052/3156
f 1050/3157 1051/3158 1055/3159
f 1050/3157 1055/3159 1054/3160
f 1052/3161 1056/3162 1055/3163
f 1052/3161 1055/3163 1051/3164
f 1049/3165 1050/3166 1054/3167
f 1049/3165 1054/3167 1053/3168
f 1057/3169 1060/3170 1059/3171
f 1057/3169 1059/3171 1058/3172
f 1061/3173 1062/3174 1063/3175
f 1061/3173 1063/3175 1064/3176
f 1057/3177 1061/3178 1064/3179
f 1057/3177 1064/3179 1060/3180
f 1058/3181 1059/3182 1063/3183
f 1058/3181 1063/3183 1062/3184
f 1060/3185 1064/3186 1063/3187
f 1060/3185 1063/3187 1059/3188
f 1057/3189 1058/3190 1062/3191
f 1057/3189 1062/3191 1061/3192
f 1065/3193 1068/3194 1067/3195
f 1065/3193 1067/3195 1066/3196
f 1069/3197 1070/3198 1071/3199
f 1069/3197 1071/3199 1072/3200
f 1065/3201 1069/3202 1072/3203
f 1065/3201 1072/3203 1068/3204
f 1066/3205 1067/3206 1071/3207
f 1066/3205 1071/3207 1070/3208
f 1068/3209 1072/3210 1071/3211
f 1068/3209 1071/3211 1067/3212
f 1065/3213 1066/3214 1070/3215
f 1065/3213 1070/3215 1069/3216
f 1073/3217 1076/3218 1075/3219
f 1073/3217 1075/3219 1074/3220
f 1077/3221 1078/3222 1079/3223
f 1077/3221 1079/3223 1080/3224
f 1073/3225 1077/3226 1080/3227
f 1073/3225 1080/3227 1076/3228
f 1074/3229 1075/3230 1079/3231
f 1074/3229 1079/3231 1078/3232
f 1076/3233 1080/3234 1079/3235
f 1076/3233 1079/3235 1075/3236
f 1073/3237 1074/3238 1078/3239
f 1073/3237 1078/3239 1077/3240
f 1081/3241 1084/3242 1083/3243
f 1081/3241 1083/3243 1082/3244
f 1085/3245 1086/3246 1087/3247
f 1085/3245 1087/3247 1088/3248
f 1081/3249 1085/3250 1088/3251
f 1081/3249 1088/3251 1084/3252
f 1082/3253 1083/3254 1087/3255
f 1082/3253 1087/3255 1086/3256
f 1084/3257 1088/3258 1087/3259
f 1084/3257 1087/3259 1083/3260
f 1081/3261 1082/3262 1086/3263
f 1081/3261 1086/3263 1085/3264
f 1089/3265 1092/3266 1091/3267
f 1089/3265 1091/3267 1090/3268
f 1093/3269 1094/3270 1095/3271
f 1093/3269 1095/3271 1096/3272
f 1089/3273 1093/3274 1096/3275
f 1089/3273 1096/3275 1092/3276
f 1090/3277 1091/3278 1095/3279
f 1090/3277 1095/3279 1094/3280
f 1092/3281 1096/3282 1095/3283
f 1092/3281 1095/3283 1091/3284
f 1089/3285 1090/3286 1094/3287
f 1089/3285 1094/3287 1093/3288
f 1097/3289 1100/3290 1099/3291
f 1097/3289 1099/3291 1098/3292
f 1101/3293 1102/3294 1103/3295
f 1101/3293 1103/3295 1104/3296
f 1097/3297 1101/3298 1104/3299
f 1097/3297 1104/3299 1100/3300
f 1098/3301 1099/3302 1103/3303
f 1098/3301 1103/3303 1102/3304
f 1100/3305 1104/3306 1103/3307
f 1100/3305 1103/3307 1099/3308
f 1097/3309 1098/3310 1102/3311
f 1097/3309 1102/3311 1101/3312
g light_outer
f 849/2545 852/2546 851/2547
f 849/2545 851/2547 850/2548
f 853/2549 854/2550 855/2551
f 853/2549 855/2551 856/2552
f 849/2553 853/2554 856/2555
f 849/2553 856/2555 852/2556
f 850/2557 851/2558 855/2559
f 850/2557 855/2559 854/2560
f 852/2561 856/2562 855/2563
f 852/2561 855/2563 851/2564
f 849/2565 850/2566 854/2567
f 849/2565 854/2567 853/2568
f 869/2597 870/2598 871/2599
f 869/2597 871/2599 872/2600
f 865/2601 869/2602 872/2603
f 865/2601 872/2603 868/2604
f 866/2605 867/2606 871/2607
f 866/2605 871/2607 870/2608
f 868/2609 872/2610 871/2611
f 868/2609 871/2611 867/2612
f 865/2613 866/2614 870/2615
f 865/2613 870/2615 869/2616
f 881/2641 884/2642 883/2643
f 881/2641 883/2643 882/2644
f 885/2645 886/2646 887/2647
f 885/2645 887/2647 888/2648
f 881/2649 885/2650 888/2651
f 881/2649 888/2651 884/2652
f 882/2653 883/2654 887/2655
f 882/2653 887/2655 886/2656
f 884/2657 888/2658 887/2659
f 884/2657 887/2659 883/2660
f 881/2661 882/2662 886/2663
f 881/2661 886/2663 885/2664
f 897/2689 900/2690 899/2691
f 897/2689 899/2691 898/2692
f 901/2693 902/2694 903/2695
f 901/2693 903/2695 904/2696
f 897/2697 901/2698 904/2699
f 897/2697 904/2699 900/2700
f 898/2701 899/2702 903/2703
f 898/2701 903/2703 902/2704
f 900/2705 904/2706 903/2707
f 900/2705 903/2707 899/2708
f 897/2709 898/2710 902/2711
f 897/2709 902/2711 901/2712
f 913/2737 916/2738 915/2739
f 913/2737 915/2739 914/2740
f 917/2741 918/2742 919/2743
f 917/2741 919/2743 920/2744
f 913/2745 917/2746 920/2747
f 913/2745 920/2747 916/2748
f 914/2749 915/2750 919/2751
f 914/2749 919/2751 918/2752
f 916/2753 920/2754 919/2755
f 916/2753 919/2755 915/2756
f 913/2757 914/2758 918/2759
f 913/2757 918/2759 917/2760
f 929/2785 932/2786 931/2787
f 929/2785 931/2787 930/2788
f 933/2789 934/2790 935/2791
f 933/2789 935/2791 936/2792
f 929/2793 933/2794 936/2795
f 929/2793 936/2795 932/2796
f 930/2797 931/2798 935/2799
f 930/2797 935/2799 934/2800
f 932/2801 936/2802 935/2803
f 932/2801 935/2803 931/2804
f 929/2805 930/2806 934/2807
f 929/2805 934/2807 933/2808
f 945/2833 948/2834 947/2835
f 945/2833 947/2835 946/2836
f 949/2837 950/2838 951/2839
f 949/2837 951/2839 952/2840
f 945/2841 949/2842 952/2843
f 945/2841 952/2843 948/2844
f 946/2845 947/2846 951/2847
f 946/2845 951/2847 950/2848
f 948/2849 952/2850 951/2851
f 948/2849 951/2851 947/2852
f 945/2853 946/2854 950/2855
f 945/2853 950/2855 949/2856
f 965/2885 966/2886 967/2887
f 965/2885 967/2887 968/2888
f 961/2889 965/2890 968/2891
f 961/2889 968/2891 964/2892
f 962/2893 963/2894 967/2895
f 962/2893 967/2895 966/2896
f 964/2897 968/2898 967/2899
f 964/2897 967/2899 963/2900
f 961/2901 962/2902 966/2903
f 961/2901 966/2903 965/2904
f 977/2929 980/2930 979/2931
f 977/2929 979/2931 978/2932
f 981/2933 982/2934 983/2935
f 981/2933 983/2935 984/2936
f 977/2937 981/2938 984/2939
f 977/2937 984/2939 980/2940
f 978/2941 979/2942 983/2943
f 978/2941 983/2943 982/2944
f 980/2945 984/2946 983/2947
f 980/2945 983/2947 979/2948
f 977/2949 978/2950 982/2951
f 977/2949 982/2951 981/2952
f 993/2977 996/2978 995/2979
f 993/2977 995/2979 994/2980
f 997/2981 998/2982 999/2983
f 997/2981 999/2983 1000/2984
f 993/2985 997/2986 1000/2987
f 993/2985 1000/2987 996/2988
f 994/2989 995/2990 999/2991
f 994/2989 999/2991 998/2992
f 996/2993 1000/2994 999/2995
f 996/2993 999/2995 995/2996
f 993/2997 994/2998 998/2999
f 993/2997 998/2999 997/3000
f 1009/3025 1012/3026 1011/3027
f 1009/3025 1011/3027 1010/3028
f 1013/3029 1014/3030 1015/3031
f 1013/3029 1015/3031 1016/3032
f 1009/3033 1013/3034 1016/3035
f 1009/3033 1016/3035 1012/3036
f 1010/3037 1011/3038 1015/3039
f 1010/3037 1015/3039 1014/3040
f 1012/3041 1016/3042 1015/3043
f 1012/3041 1015/3043 1011/3044
f 1009/3045 1010/3046 1014/3047
f 1009/3045 1014/3047 1013/3048
f 1025/3073 1028/3074 1027/3075
f 1025/3073 1027/3075 1026/3076
f 1029/3077 1030/3078 1031/3079
f 1029/3077 1031/3079 1032/3080
f 1025/3081 1029/3082 1032/3083
f 1025/3081 1032/3083 1028/3084
f 1026/3085 1027/3086 1031/3087
f 1026/3085 1031/3087 1030/3088
f 1028/3089 1032/3090 1031/3091
f 1028/3089 1031/3091 1027/3092
f 1025/3093 1026/3094 1030/3095
f 1025/3093 1030/3095 1029/3096
g coil_0
f 1/1 4/2 3/3
f 1/1 3/3 2/4
f 5/5 6/6 7/7
f 5/5 7/7 8/8
f 1/9 5/10 8/11
f 1/9 8/11 4/12
f 2/13 3/14 7/15
f 2/13 7/15 6/16
f 4/17 8/18 7/19
f 4/17 7/19 3/20
f 1/21 2/22 6/23
f 1/21 6/23 5/24
f 9/25 12/26 11/27
f 9/25 11/27 10/28
f 13/29 14/30 15/31
f 13/29 15/31 16/32
f 9/33 13/34 16/35
f 9/33 16/35 12/36
f 10/37 11/38 15/39
f 10/37 15/39 14/40
f 12/41 16/42 15/43
f 12/41 15/43 11/44
f 9/45 10/46 14/47
f 9/45 14/47 13/48
g coil_1
f 17/49 20/50 19/51
f 17/49 19/51 18/52
f 21/53 22/54 23/55
f 21/53 23/55 24/56
f 17/57 21/58 24/59
f 17/57 24/59 20/60
f 18/61 19/62 23/63
f 18/61 23/63 22/64
f 20/65 24/66 23/67
f 20/65 23/67 19/68
f 17/69 18/70 22/71
f 17/69 22/71 21/72
f 25/73 28/74 27/75
f 25/73 27/75 26/76
f 29/77 30/78 31/79
f 29/77 31/79 32/80
f 25/81 29/82 32/83
f 25/81 32/83 28/84
f 26/85 27/86 31/87
f 26/85 31/87 30/88
f 28/89 32/90 31/91
f 28/89 31/91 27/92
f 25/93 26/94 30/95
f 25/93 30/95 29/96
g coil_2
f 33/97 36/98 35/99
f 33/97 35/99 34/100
f 37/101 38/102 39/103
f 37/101 39/103 40/104
f 33/105 37/106 40/107
f 33/105 40/107 36/108
f 34/109 35/110 39/111
f 34/109 39/111 38/112
f 36/113 40/114 39/115
f 36/113 39/115 35/116
f 33/117 34/118 38/119
f 33/117 38/119 37/120
f 41/121 44/122 43/123
f 41/121 43/123 42/124
f 45/125 46/126 47/127
f 45/125 47/127 48/128
f 41/129 45/130 48/131
f 41/129 48/131 44/132
f 42/133 43/134 47/135
f 42/133 47/135 46/136
f 44/137 48/138 47/139
f 44/137 47/139 43/140
f 41/141 42/142 46/143
f 41/141 46/143 45/144
g coil_3
f 49/145 52/146 51/147
f 49/145 51/147 50/148
f 53/149 54/150 55/151
f 53/149 55/151 56/152
f 49/153 53/154 56/155
f 49/153 56/155 52/156
f 50/157 51/158 55/159
f 50/157 55/159 54/160
f 52/161 56/162 55/163
f 52/161 55/163 51/164
f 49/165 50/166 54/167
f 49/165 54/167 53/168
f 57/169 60/170 59/171
f 57/169 59/171 58/172
f 61/173 62/174 63/175
f 61/173 63/175 64/176
f 57/177 61/178 64/179
f 57/177 64/179 60/180
f 58/181 59/182 63/183
f 58/181 63/183 62/184
f 60/185 64/186 63/187
f 60/185 63/187 59/188
f 57/189 58/190 62/191
f 57/189 62/191 61/192
g coil_4
f 65/193 68/194 67/195
f 65/193 67/195 66/196
f 69/197 70/198 71/199
f 69/197 71/199 72/200
f 65/201 69/202 72/203
f 65/201 72/203 68/204
f 66/205 67/206 71/207
f 66/205 71/207 70/208
f 68/209 72/210 71/211
f 68/209 71/211 67/212
f 65/213 66/214 70/215
f 65/213 70/215 69/216
f 73/217 76/218 75/219
f 73/217 75/219 74/220
f 77/221 78/222 79/223
f 77/221 79/223 80/224
f 73/225 77/226 80/227
f 73/225 80/227 76/228
f 74/229 75/230 79/231
f 74/229 79/231 78/232
f 76/233 80/234 79/235
f 76/233 79/235 75/236
f 73/237 74/238 78/239
f 73/237 78/239 77/240
g coil_5
f 81/241 84/242 83/243
f 81/241 83/243 82/244
f 85/245 86/246 87/247
f 85/245 87/247 88/248
f 81/249 85/250 88/251
f 81/249 88/251 84/252
f 82/253 83/254 87/255
f 82/253 87/255 86/256
f 84/257 88/258 87/259
f 84/257 87/259 83/260
f 81/261 82/262 86/263
f 81/261 86/263 85/264
f 89/265 92/266 91/267
f 89/265 91/267 90/268
f 93/269 94/270 95/271
f 93/269 95/271 96/272
f 89/273 93/274 96/275
f 89/273 96/275 92/276
f 90/277 91/278 95/279
f 90/277 95/279 94/280
f 92/281 96/282 95/283
f 92/281 95/283 91/284
f 89/285 90/286 94/287
f 89/285 94/287 93/288
g coil_6
f 97/289 100/290 99/291
f 97/289 99/291 98/292
f 101/293 102/294 103/295
f 101/293 103/295 104/296
f 97/297 101/298 104/299
f 97/297 104/299 100/300
f 98/301 99/302 103/303
f 98/301 103/303 102/304
f 100/305 104/306 103/307
f 100/305 103/307 99/308
f 97/309 98/310 102/311
f 97/309 102/311 101/312
f 105/313 108/314 107/315
f 105/313 107/315 106/316
f 109/317 110/318 111/319
f 109/317 111/319 112/320
f 105/321 109/322 112/323
f 105/321 112/323 108/324
f 106/325 107/326 111/327
f 106/325 111/327 110/328
f 108/329 112/330 111/331
f 108/329 111/331 107/332
f 105/333 106/334 110/335
f 105/333 110/335 109/336
g coil_7
f 113/337 116/338 115/339
f 113/337 115/339 114/340
f 117/341 118/342 119/343
f 117/341 119/343 120/344
f 113/345 117/346 120/347
f 113/345 120/347 116/348
f 114/349 115/350 119/351
f 114/349 119/351 118/352
f 116/353 120/354 119/355
f 116/353 119/355 115/356
f 113/357 114/358 118/359
f 113/357 118/359 117/360
f 121/361 124/362 123/363
f 121/361 123/363 122/364
f 125/365 126/366 127/367
f 125/365 127/367 128/368
f 121/369 125/370 128/371
f 121/369 128/371 124/372
f 122/373 123/374 127/375
f 122/373 127/375 126/376
f 124/377 128/378 127/379
f 124/377 127/379 123/380
f 121/381 122/382 126/383
f 121/381 126/383 125/384
g coil_8
f 129/385 132/386 131/387
f 129/385 131/387 130/388
f 133/389 134/390 135/391
f 133/389 135/391 136/392
f 129/393 133/394 136/395
f 129/393 136/395 132/396
f 130/397 131/398 135/399
f 130/397 135/399 134/400
f 132/401 136/402 135/403
f 132/401 135/403 131/404
f 129/405 130/406 134/407
f 129/405 134/407 133/408
f 137/409 140/410 139/411
f 137/409 139/411 138/412
f 141/413 142/414 143/415
f 141/413 143/415 144/416
f 137/417 141/418 144/419
f 137/417 144/419 140/420
f 138/421 139/422 143/423
f 138/421 143/423 142/424
f 140/425 144/426 143/427
f 140/425 143/427 139/428
f 137/429 138/430 142/431
f 137/429 142/431 141/432
g coil_9
f 145/433 148/434 147/435
f 145/433 147/435 146/436
f 149/437 150/438 151/439
f 149/437 151/439 152/440
f 145/441 149/442 152/443
f 145/441 152/443 148/444
f 146/445 147/446 151/447
f 146/445 151/447 150/448
f 148/449 152/450 151/451
f 148/449 151/451 147/452
f 145/453 146/454 150/455
f 145/453 150/455 149/456
f 153/457 156/458 155/459
f 153/457 155/459 154/460
f 157/461 158/462 159/463
f 157/461 159/463 160/464
f 153/465 157/466 160/467
f 153/465 160/467 156/468
f 154/469 155/470 159/471
f 154/469 159/471 158/472
f 156/473 160/474 159/475
f 156/473 159/475 155/476
f 153/477 154/478 158/479
f 153/477 158/479 157/480
g coil_10
f 161/481 164/482 163/483
f 161/481 163/483 162/484
f 165/485 166/486 167/487
f 165/485 167/487 168/488
f 161/489 165/490 168/491
f 161/489 168/491 164/492
f 162/493 163/494 167/495
f 162/493 167/495 166/496
f 164/497 168/498 167/499
f 164/497 167/499 163/500
f 161/501 162/502 166/503
f 161/501 166/503 165/504
f 169/505 172/506 171/507
f 169/505 171/507 170/508
f 173/509 174/510 175/511
f 173/509 175/511 176/512
f 169/513 173/514 176/515
f 169/513 176/515 172/516
f 170/517 171/518 175/519
f 170/517 175/519 174/520
f 172/521 176/522 175/523
f 172/521 175/523 171/524
f 169/525 170/526 174/527
f 169/525 174/527 173/528
g coil_11
f 177/529 180/530 179/531
f 177/529 179/531 178/532
f 181/533 182/534 183/535
f 181/533 183/535 184/536
f 177/537 181/538 184/539
f 177/537 184/539 180/540
f 178/541 179/542 183/543
f 178/541 183/543 182/544
f 180/545 184/546 183/547
f 180/545 183/547 179/548
f 177/549 178/550 182/551
f 177/549 182/551 181/552
f 185/553 188/554 187/555
f 185/553 187/555 186/556
f 189/557 190/558 191/559
f 189/557 191/559 192/560
f 185/561 189/562 192/563
f 185/561 192/563 188/564
f 186/565 187/566 191/567
f 186/565 191/567 190/568
f 188/569 192/570 191/571
f 188/569 191/571 187/572
f 185/573 186/574 190/575
f 185/573 190/575 189/576
g coil_12
f 193/577 196/578 195/579
f 193/577 195/579 194/580
f 197/581 198/582 199/583
f 197/581 199/583 200/584
f 193/585 197/586 200/587
f 193/585 200/587 196/588
f 194/589 195/590 199/591
f 194/589 199/591 198/592
f 196/593 200/594 199/595
f 196/593 199/595 195/596
f 193/597 194/598 198/599
f 193/597 198/599 197/600
f 201/601 204/602 203/603
f 201/601 203/603 202/604
f 205/605 206/606 207/607
f 205/605 207/607 208/608
f 201/609 205/610 208/611
f 201/609 208/611 204/612
f 202/613 203/614 207/615
f 202/613 207/615 206/616
f 204/617 208/618 207/619
f 204/617 207/619 203/620
f 201/621 202/622 206/623
f 201/621 206/623 205/624
g coil_13
f 209/625 212/626 211/627
f 209/625 211/627 210/628
f 213/629 214/630 215/631
f 213/629 215/631 216/632
f 209/633 213/634 216/635
f 209/633 216/635 212/636
f 210/637 211/638 215/639
f 210/637 215/639 214/640
f 212/641 216/642 215/643
f 212/641 215/643 211/644
f 209/645 210/646 214/647
f 209/645 214/647 213/648
f 217/649 220/650 219/651
f 217/649 219/651 218/652
f 221/653 222/654 223/655
f 221/653 223/655 224/656
f 217/657 221/658 224/659
f 217/657 224/659 220/660
f 218/661 219/662 223/663
f 218/661 223/663 222/664
f 220/665 224/666 223/667
f 220/665 223/667 219/668
f 217/669 218/670 222/671
f 217/669 222/671 221/672
g coil_14
f 225/673 228/674 227/675
f 225/673 227/675 226/676
f 229/677 230/678 231/679
f 229/677 231/679 232/680
f 225/681 229/682 232/683
f 225/681 232/683 228/684
f 226/685 227/686 231/687
f 226/685 231/687 230/688
f 228/689 232/690 231/691
f 228/689 231/691 227/692
f 225/693 226/694 230/695
f 225/693 230/695 229/696
f 233/697 236/698 235/699
f 233/697 235/699 234/700
f 237/701 238/702 239/703
f 237/701 239/703 240/704
f 233/705 237/706 240/707
f 233/705 240/707 236/708
f 234/709 235/710 239/711
f 234/709 239/711 238/712
f 236/713 240/714 239/715
f 236/713 239/715 235/716
f 233/717 234/718 238/719
f 233/717 238/719 237/720
g coil_15
f 241/721 244/722 243/723
f 241/721 243/723 242/724
f 245/725 246/726 247/727
f 245/725 247/727 248/728
f 241/729 245/730 248/731
f 241/729 248/731 244/732
f 242/733 243/734 247/735
f 242/733 247/735 246/736
f 244/737 248/738 247/739
f 244/737 247/739 243/740
f 241/741 242/742 246/743
f 241/741 246/743 245/744
f 249/745 252/746 251/747
f 249/745 251/747 250/748
f 253/749 254/750 255/751
f 253/749 255/751 256/752
f 249/753 253/754 256/755
f 249/753 256/755 252/756
f 250/757 251/758 255/759
f 250/757 255/759 254/760
f 252/761 256/762 255/763
f 252/761 255/763 251/764
f 249/765 250/766 254/767
f 249/765 254/767 253/768
g coil_16
f 257/769 260/770 259/771
f 257/769 259/771 258/772
f 261/773 262/774 263/775
f 261/773 263/775 264/776
f 257/777 261/778 264/779
f 257/777 264/779 260/780
f 258/781 259/782 263/783
f 258/781 263/783 262/784
f 260/785 264/786 263/787
f 260/785 263/787 259/788
f 257/789 258/790 262/791
f 257/789 262/791 261/792
f 265/793 268/794 267/795
f 265/793 267/795 266/796
f 269/797 270/798 271/799
f 269/797 271/799 272/800
f 265/801 269/802 272/803
f 265/801 272/803 268/804
f 266/805 267/806 271/807
f 266/805 271/807 270/808
f 268/809 272/810 271/811
f 268/809 271/811 267/812
f 265/813 266/814 270/815
f 265/813 270/815 269/816
g coil_17
f 273/817 276/818 275/819
f 273/817 275/819 274/820
f 277/821 278/822 279/823
f 277/821 279/823 280/824
f 273/825 277/826 280/827
f 273/825 280/827 276/828
f 274/829 275/830 279/831
f 274/829 279/831 278/832
f 276/833 280/834 279/835
f 276/833 279/835 275/836
f 273/837 274/838 278/839
f 273/837 278/839 277/840
f 281/841 284/842 283/843
f 281/841 283/843 282/844
f 285/845 286/846 287/847
f 285/845 287/847 288/848
f 281/849 285/850 288/851
f 281/849 288/851 284/852
f 282/853 283/854 287/855
f 282/853 287/855 286/856
f 284/857 288/858 287/859
f 284/857 287/859 283/860
f 281/861 282/862 286/863
f 281/861 286/863 285/864
g coil_18
f 289/865 292/866 291/867
f 289/865 291/867 290/868
f 293/869 294/870 295/871
f 293/869 295/871 296/872
f 289/873 293/874 296/875
f 289/873 296/875 292/876
f 290/877 291/878 295/879
f 290/877 295/879 294/880
f 292/881 296/882 295/883
f 292/881 295/883 291/884
f 289/885 290/886 294/887
f 289/885 294/887 293/888
f 297/889 300/890 299/891
f 297/889 299/891 298/892
f 301/893 302/894 303/895
f 301/893 303/895 304/896
f 297/897 301/898 304/899
f 297/897 304/899 300/900
f 298/901 299/902 303/903
f 298/901 303/903 302/904
f 300/905 304/906 303/907
f 300/905 303/907 299/908
f 297/909 298/910 302/911
f 297/909 302/911 301/912
g coil_19
f 305/913 308/914 307/915
f 305/913 307/915 306/916
f 309/917 310/918 311/919
f 309/917 311/919 312/920
f 305/921 309/922 312/923
f 305/921 312/923 308/924
f 306/925 307/926 311/927
f 306/925 311/927 310/928
f 308/929 312/930 311/931
f 308/929 311/931 307/932
f 305/933 306/934 310/935
f 305/933 310/935 309/936
f 313/937 316/938 315/939
f 313/937 315/939 314/940
f 317/941 318/942 319/943
f 317/941 319/943 320/944
f 313/945 317/946 320/947
f 313/945 320/947 316/948
f 314/949 315/950 319/951
f 314/949 319/951 318/952
f 316/953 320/954 319/955
f 316/953 319/955 315/956
f 313/957 314/958 318/959
f 313/957 318/959 317/960
g coil_20
f 321/961 324/962 323/963
f 321/961 323/963 322/964
f 325/965 326/966 327/967
f 325/965 327/967 328/968
f 321/969 325/970 328/971
f 321/969 328/971 324/972
f 322/973 323/974 327/975
f 322/973 327/975 326/976
f 324/977 328/978 327/979
f 324/977 327/979 323/980
f 321/981 322/982 326/983
f 321/981 326/983 325/984
f 329/985 332/986 331/987
f 329/985 331/987 330/988
f 333/989 334/990 335/991
f 333/989 335/991 336/992
f 329/993 333/994 336/995
f 329/993 336/995 332/996
f 330/997 331/998 335/999
f 330/997 335/999 334/1000
f 332/1001 336/1002 335/1003
f 332/1001 335/1003 331/1004
f 329/1005 330/1006 334/1007
f 329/1005 334/1007 333/1008
g coil_21
f 337/1009 340/1010 339/1011
f 337/1009 339/1011 338/1012
f 341/1013 342/1014 343/1015
f 341/1013 343/1015 344/1016
f 337/1017 341/1018 344/1019
f 337/1017 344/1019 340/1020
f 338/1021 339/1022 343/1023
f 338/1021 343/1023 342/1024
f 340/1025 344/1026 343/1027
f 340/1025 343/1027 339/1028
f 337/1029 338/1030 342/1031
f 337/1029 342/1031 341/1032
f 345/1033 348/1034 347/1035
f 345/1033 347/1035 346/1036
f 349/1037 350/1038 351/1039
f 349/1037 351/1039 352/1040
f 345/1041 349/1042 352/1043
f 345/1041 352/1043 348/1044
f 346/1045 347/1046 351/1047
f 346/1045 351/1047 350/1048
f 348/1049 352/1050 351/1051
f 348/1049 351/1051 347/1052
f 345/1053 346/1054 350/1055
f 345/1053 350/1055 349/1056
g coil_22
f 353/1057 356/1058 355/1059
f 353/1057 355/1059 354/1060
f 357/1061 358/1062 359/1063
f 357/1061 359/1063 360/1064
f 353/1065 357/1066 360/1067
f 353/1065 360/1067 356/1068
f 354/1069 355/1070 359/1071
f 354/1069 359/1071 358/1072
f 356/1073 360/1074 359/1075
f 356/1073 359/1075 355/1076
f 353/1077 354/1078 358/1079
f 353/1077 358/1079 357/1080
f 361/1081 364/1082 363/1083
f 361/1081 363/1083 362/1084
f 365/1085 366/1086 367/1087
f 365/1085 367/1087 368/1088
f 361/1089 365/1090 368/1091
f 361/1089 368/1091 364/1092
f 362/1093 363/1094 367/1095
f 362/1093 367/1095 366/1096
f 364/1097 368/1098 367/1099
f 364/1097 367/1099 363/1100
f 361/1101 362/1102 366/1103
f 361/1101 366/1103 365/1104
g coil_23
f 369/1105 372/1106 371/1107
f 369/1105 371/1107 370/1108
f 373/1109 374/1110 375/1111
f 373/1109 375/1111 376/1112
f 369/1113 373/1114 376/1115
f 369/1113 376/1115 372/1116
f 370/1117 371/1118 375/1119
f 370/1117 375/1119 374/1120
f 372/1121 376/1122 375/1123
f 372/1121 375/1123 371/1124
f 369/1125 370/1126 374/1127
f 369/1125 374/1127 373/1128
f 377/1129 380/1130 379/1131
f 377/1129 379/1131 378/1132
f 381/1133 382/1134 383/1135
f 381/1133 383/1135 384/1136
f 377/1137 381/1138 384/1139
f 377/1137 384/1139 380/1140
f 378/1141 379/1142 383/1143
f 378/1141 383/1143 382/1144
f 380/1145 384/1146 383/1147
f 380/1145 383/1147 379/1148
f 377/1149 378/1150 382/1151
f 377/1149 382/1151 381/1152
g coil_24
f 385/1153 388/1154 387/1155
f 385/1153 387/1155 386/1156
f 389/1157 390/1158 391/1159
f 389/1157 391/1159 392/1160
f 385/1161 389/1162 392/1163
f 385/1161 392/1163 388/1164
f 386/1165 387/1166 391/1167
f 386/1165 391/1167 390/1168
f 388/1169 392/1170 391/1171
f 388/1169 391/1171 387/1172
f 385/1173 386/1174 390/1175
f 385/1173 390/1175 389/1176
f 393/1177 396/1178 395/1179
f 393/1177 395/1179 394/1180
f 397/1181 398/1182 399/1183
f 397/1181 399/1183 400/1184
f 393/1185 397/1186 400/1187
f 393/1185 400/1187 396/1188
f 394/1189 395/1190 399/1191
f 394/1189 399/1191 398/1192
f 396/1193 400/1194 399/1195
f 396/1193 399/1195 395/1196
f 393/1197 394/1198 398/1199
f 393/1197 398/1199 397/1200
g coil_25
f 401/1201 404/1202 403/1203
f 401/1201 403/1203 402/1204
f 405/1205 406/1206 407/1207
f 405/1205 407/1207 408/1208
f 401/1209 405/1210 408/1211
f 401/1209 408/1211 404/1212
f 402/1213 403/1214 407/1215
f 402/1213 407/1215 406/1216
f 404/1217 408/1218 407/1219
f 404/1217 407/1219 403/1220
f 401/1221 402/1222 406/1223
f 401/1221 406/1223 405/1224
f 409/1225 412/1226 411/1227
f 409/1225 411/1227 410/1228
f 413/1229 414/1230 415/1231
f 413/1229 415/1231 416/1232
f 409/1233 413/1234 416/1235
f 409/1233 416/1235 412/1236
f 410/1237 411/1238 415/1239
f 410/1237 415/1239 414/1240
f 412/1241 416/1242 415/1243
f 412/1241 415/1243 411/1244
f 409/1245 410/1246 414/1247
f 409/1245 414/1247 413/1248
g coil_26
f 417/1249 420/1250 419/1251
f 417/1249 419/1251 418/1252
f 421/1253 422/1254 423/1255
f 421/1253 423/1255 424/1256
f 417/1257 421/1258 424/1259
f 417/1257 424/1259 420/1260
f 418/1261 419/1262 423/1263
f 418/1261 423/1263 422/1264
f 420/1265 424/1266 423/1267
f 420/1265 423/1267 419/1268
f 417/1269 418/1270 422/1271
f 417/1269 422/1271 421/1272
f 425/1273 428/1274 427/1275
f 425/1273 427/1275 426/1276
f 429/1277 430/1278 431/1279
f 429/1277 431/1279 432/1280
f 425/1281 429/1282 432/1283
f 425/1281 432/1283 428/1284
f 426/1285 427/1286 431/1287
f 426/1285 431/1287 430/1288
f 428/1289 432/1290 431/1291
f 428/1289 431/1291 427/1292
f 425/1293 426/1294 430/1295
f 425/1293 430/1295 429/1296
g coil_27
f 433/1297 436/1298 435/1299
f 433/1297 435/1299 434/1300
f 437/1301 438/1302 439/1303
f 437/1301 439/1303 440/1304
f 433/1305 437/1306 440/1307
f 433/1305 440/1307 436/1308
f 434/1309 435/1310 439/1311
f 434/1309 439/1311 438/1312
f 436/1313 440/1314 439/1315
f 436/1313 439/1315 435/1316
f 433/1317 434/1318 438/1319
f 433/1317 438/1319 437/1320
f 441/1321 444/1322 443/1323
f 441/1321 443/1323 442/1324
f 445/1325 446/1326 447/1327
f 445/1325 447/1327 448/1328
f 441/1329 445/1330 448/1331
f 441/1329 448/1331 444/1332
f 442/1333 443/1334 447/1335
f 442/1333 447/1335 446/1336
f 444/1337 448/1338 447/1339
f 444/1337 447/1339 443/1340
f 441/1341 442/1342 446/1343
f 441/1341 446/1343 445/1344
g tongue_0
f 1105/3313 1108/3314 1107/3315
f 1105/3313 1107/3315 1106/3316
f 1109/3317 1110/3318 1111/3319
f 1109/3317 1111/3319 1112/3320
f 1105/3321 1109/3322 1112/3323
f 1105/3321 1112/3323 1108/3324
f 1106/3325 1107/3326 1111/3327
f 1106/3325 1111/3327 1110/3328
f 1108/3329 1112/3330 1111/3331
f 1108/3329 1111/3331 1107/3332
f 1105/3333 1106/3334 1110/3335
f 1105/3333 1110/3335 1109/3336
f 1113/3337 1114/3338 1115/3339
f 1113/3337 1115/3339 1116/3340
f 1113/3337 1116/3340 1117/3341
f 1113/3337 1117/3341 1118/3342
f 1113/3337 1118/3342 1119/3343
f 1113/3337 1119/3343 1120/3344
f 1128/3345 1127/3346 1126/3347
f 1128/3345 1126/3347 1125/3348
f 1128/3345 1125/3348 1124/3349
f 1128/3345 1124/3349 1123/3350
f 1128/3345 1123/3350 1122/3351
f 1128/3345 1122/3351 1121/3352
f 1113/3353 1121/3354 1122/3355
f 1113/3353 1122/3355 1114/3356
f 1114/3357 1122/3358 1123/3359
f 1114/3357 1123/3359 1115/3360
f 1115/3361 1123/3362 1124/3363
f 1115/3361 1124/3363 1116/3364
f 1116/3365 1124/3366 1125/3367
f 1116/3365 1125/3367 1117/3368
f 1117/3369 1125/3370 1126/3371
f 1117/3369 1126/3371 1118/3372
f 1118/3373 1126/3374 1127/3375
f 1118/3373 1127/3375 1119/3376
f 1119/3377 1127/3378 1128/3379
f 1119/3377 1128/3379 1120/3380
f 1120/3381 1128/3382 1121/3383
f 1120/3381 1121/3383 1113/3384
f 1129/3385 1132/3386 1131/3387
f 1129/3385 1131/3387 1130/3388
f 1133/3389 1134/3390 1135/3391
f 1133/3389 1135/3391 1136/3392
f 1129/3393 1133/3394 1136/3395
f 1129/3393 1136/3395 1132/3396
f 1130/3397 1131/3398 1135/3399
f 1130/3397 1135/3399 1134/3400
f 1132/3401 1136/3402 1135/3403
f 1132/3401 1135/3403 1131/3404
f 1129/3405 1130/3406 1134/3407
f 1129/3405 1134/3407 1133/3408
g tongue_1
f 1137/3409 1140/3410 1139/3411
f 1137/3409 1139/3411 1138/3412
f 1141/3413 1142/3414 1143/3415
f 1141/3413 1143/3415 1144/3416
f 1137/3417 1141/3418 1144/3419
f 1137/3417 1144/3419 1140/3420
f 1138/3421 1139/3422 1143/3423
f 1138/3421 1143/3423 1142/3424
f 1140/3425 1144/3426 1143/3427
f 1140/3425 1143/3427 1139/3428
f 1137/3429 1138/3430 1142/3431
f 1137/3429 1142/3431 1141/3432
f 1145/3433 1146/3434 1147/3435
f 1145/3433 1147/3435 1148/3436
f 1145/3433 1148/3436 1149/3437
f 1145/3433 1149/3437 1150/3438
f 1145/3433 1150/3438 1151/3439
f 1145/3433 1151/3439 1152/3440
f 1160/3441 1159/3442 1158/3443
f 1160/3441 1158/3443 1157/3444
f 1160/3441 1157/3444 1156/3445
f 1160/3441 1156/3445 1155/3446
f 1160/3441 1155/3446 1154/3447
f 1160/3441 1154/3447 1153/3448
f 1145/3449 1153/3450 1154/3451
f 1145/3449 1154/3451 1146/3452
f 1146/3453 1154/3454 1155/3455
f 1146/3453 1155/3455 1147/3456
f 1147/3457 1155/3458 1156/3459
f 1147/3457 1156/3459 1148/3460
f 1148/3461 1156/3462 1157/3463
f 1148/3461 1157/3463 1149/3464
f 1149/3465 1157/3466 1158/3467
f 1149/3465 1158/3467 1150/3468
f 1150/3469 1158/3470 1159/3471
f 1150/3469 1159/3471 1151/3472
f 1151/3473 1159/3474 1160/3475
f 1151/3473 1160/3475 1152/3476
f 1152/3477 1160/3478 1153/3479
f 1152/3477 1153/3479 1145/3480
f 1161/3481 1164/3482 1163/3483
f 1161/3481 1163/3483 1162/3484
f 1165/3485 1166/3486 1167/3487
f 1165/3485 1167/3487 1168/3488
f 1161/3489 1165/3490 1168/3491
f 1161/3489 1168/3491 1164/3492
f 1162/3493 1163/3494 1167/3495
f 1162/3493 1167/3495 1166/3496
f 1164/3497 1168/3498 1167/3499
f 1164/3497 1167/3499 1163/3500
f 1161/3501 1162/3502 1166/3503
f 1161/3501 1166/3503 1165/3504
g tongue_2
f 1169/3505 1172/3506 1171/3507
f 1169/3505 1171/3507 1170/3508
f 1173/3509 1174/3510 1175/3511
f 1173/3509 1175/3511 1176/3512
f 1169/3513 1173/3514 1176/3515
f 1169/3513 1176/3515 1172/3516
f 1170/3517 1171/3518 1175/3519
f 1170/3517 1175/3519 1174/3520
f 1172/3521 1176/3522 1175/3523
f 1172/3521 1175/3523 1171/3524
f 1169/3525 1170/3526 1174/3527
f 1169/3525 1174/3527 1173/3528
f 1177/3529 1178/3530 1179/3531
f 1177/3529 1179/3531 1180/3532
f 1177/3529 1180/3532 1181/3533
f 1177/3529 1181/3533 1182/3534
f 1177/3529 1182/3534 1183/3535
f 1177/3529 1183/3535 1184/3536
f 1192/3537 1191/3538 1190/3539
f 1192/3537 1190/3539 1189/3540
f 1192/3537 1189/3540 1188/3541
f 1192/3537 1188/3541 1187/3542
f 1192/3537 1187/3542 1186/3543
f 1192/3537 1186/3543 1185/3544
f 1177/3545 1185/3546 1186/3547
f 1177/3545 1186/3547 1178/3548
f 1178/3549 1186/3550 1187/3551
f 1178/3549 1187/3551 1179/3552
f 1179/3553 1187/3554 1188/3555
f 1179/3553 1188/3555 1180/3556
f 1180/3557 1188/3558 1189/3559
f 1180/3557 1189/3559 1181/3560
f 1181/3561 1189/3562 1190/3563
f 1181/3561 1190/3563 1182/3564
f 1182/3565 1190/3566 1191/3567
f 1182/3565 1191/3567 1183/3568
f 1183/3569 1191/3570 1192/3571
f 1183/3569 1192/3571 1184/3572
f 1184/3573 1192/3574 1185/3575
f 1184/3573 1185/3575 1177/3576
f 1193/3577 1196/3578 1195/3579
f 1193/3577 1195/3579 1194/3580
f 1197/3581 1198/3582 1199/3583
f 1197/3581 1199/3583 1200/3584
f 1193/3585 1197/3586 1200/3587
f 1193/3585 1200/3587 1196/3588
f 1194/3589 1195/3590 1199/3591
f 1194/3589 1199/3591 1198/3592
f 1196/3593 1200/3594 1199/3595
f 1196/3593 1199/3595 1195/3596
f 1193/3597 1194/3598 1198/3599
f 1193/3597 1198/3599 1197/3600
g light_inner__glow
f 481/1441 484/1442 483/1443
f 481/1441 483/1443 482/1444
f 577/1729 580/1730 579/1731
f 577/1729 579/1731 578/1732
g light_middle__glow
f 673/2017 676/2018 675/2019
f 673/2017 675/2019 674/2020
f 769/2305 772/2306 771/2307
f 769/2305 771/2307 770/2308
g light_outer__glow
f 865/2593 868/2594 867/2595
f 865/2593 867/2595 866/2596
f 961/2881 964/2882 963/2883
f 961/2881 963/2883 962/2884
