# di-07 | final single-asset pipeline | blocks +Y up -Z front
mtllib di-07.mtl
v 1.506392872943 1.559248763222 1.728065341183
v 0.623968358235 1.559248763222 2.842706833445
v -0.623968358235 1.559248763222 2.842706833445
v -1.506392872943 1.559248763222 1.728065341183
v -1.506392872943 1.559248763222 0.151724225641
v -0.623968358235 1.559248763222 -0.962917266622
v 0.623968358235 1.559248763222 -0.962917266622
v 1.506392872943 1.559248763222 0.151724225641
v 1.506392872943 3.409204922977 1.728065341183
v 0.623968358235 3.409204922977 2.842706833445
v -0.623968358235 3.409204922977 2.842706833445
v -1.506392872943 3.409204922977 1.728065341183
v -1.506392872943 3.409204922977 0.151724225641
v -0.623968358235 3.409204922977 -0.962917266622
v 0.623968358235 3.409204922977 -0.962917266622
v 1.506392872943 3.409204922977 0.151724225641
v 1.305540489884 1.464108160720 1.595641124634
v 0.540772577137 1.464108160720 2.567856203996
v -0.540772577137 1.464108160720 2.567856203996
v -1.305540489884 1.464108160720 1.595641124634
v -1.305540489884 1.464108160720 0.220721373856
v -0.540772577137 1.464108160720 -0.751493705507
v 0.540772577137 1.464108160720 -0.751493705507
v 1.305540489884 1.464108160720 0.220721373856
v 1.305540489884 2.383800651570 1.595641124634
v 0.540772577137 2.383800651570 2.567856203996
v -0.540772577137 2.383800651570 2.567856203996
v -1.305540489884 2.383800651570 1.595641124634
v -1.305540489884 2.383800651570 0.220721373856
v -0.540772577137 2.383800651570 -0.751493705507
v 0.540772577137 2.383800651570 -0.751493705507
v 1.305540489884 2.383800651570 0.220721373856
v 1.770672324337 2.642794513936 0.000509086287
v 0.733436491259 2.642794513936 0.495905305071
v -0.733436491259 2.642794513936 0.495905305071
v -1.770672324337 2.642794513936 0.000509086287
v -1.770672324337 2.642794513936 -0.700086965065
v -0.733436491259 2.642794513936 -1.195483183848
v 0.733436491259 2.642794513936 -1.195483183848
v 1.770672324337 2.642794513936 -0.700086965065
v 1.770672324337 3.763339387844 0.000509086287
v 0.733436491259 3.763339387844 0.495905305071
v -0.733436491259 3.763339387844 0.495905305071
v -1.770672324337 3.763339387844 0.000509086287
v -1.770672324337 3.763339387844 -0.700086965065
v -0.733436491259 3.763339387844 -1.195483183848
v 0.733436491259 3.763339387844 -1.195483183848
v 1.770672324337 3.763339387844 -0.700086965065
v 1.390109914330 2.526511555322 2.385838974419
v 0.575802379705 2.526511555322 2.726423874832
v -0.575802379705 2.526511555322 2.726423874832
v -1.390109914330 2.526511555322 2.385838974419
v -1.390109914330 2.526511555322 1.904179189114
v -0.575802379705 2.526511555322 1.563594288701
v 0.575802379705 2.526511555322 1.563594288701
v 1.390109914330 2.526511555322 1.904179189114
v 1.390109914330 3.393348155893 2.385838974419
v 0.575802379705 3.393348155893 2.726423874832
v -0.575802379705 3.393348155893 2.726423874832
v -1.390109914330 3.393348155893 2.385838974419
v -1.390109914330 3.393348155893 1.904179189114
v -0.575802379705 3.393348155893 1.563594288701
v 0.575802379705 3.393348155893 1.563594288701
v 1.390109914330 3.393348155893 1.904179189114
v -1.173400764187 2.336230350319 0.124293692164
v -1.303442271618 2.336230350319 0.406050291597
v -1.487348735098 2.336230350319 0.406050291597
v -1.617390242529 2.336230350319 0.124293692164
v -1.617390242529 2.336230350319 -0.274170312043
v -1.487348735098 2.336230350319 -0.555926911476
v -1.303442271618 2.336230350319 -0.555926911476
v -1.173400764187 2.336230350319 -0.274170312043
v -1.173400764187 3.245351663113 0.124293692164
v -1.303442271618 3.245351663113 0.406050291597
v -1.487348735098 3.245351663113 0.406050291597
v -1.617390242529 3.245351663113 0.124293692164
v -1.617390242529 3.245351663113 -0.274170312043
v -1.487348735098 3.245351663113 -0.555926911476
v -1.303442271618 3.245351663113 -0.555926911476
v -1.173400764187 3.245351663113 -0.274170312043
v -1.657032160238 2.790791006716 -0.386788062584
v -1.577748324820 2.790791006716 -0.386788062584
v -1.577748324820 2.917645143385 -0.386788062584
v -1.657032160238 2.917645143385 -0.386788062584
v -1.657032160238 2.790791006716 0.215769086593
v -1.577748324820 2.790791006716 0.215769086593
v -1.577748324820 2.917645143385 0.215769086593
v -1.657032160238 2.917645143385 0.215769086593
v -1.173400764187 2.336230350319 1.149697963571
v -1.303442271618 2.336230350319 1.431454563004
v -1.487348735098 2.336230350319 1.431454563004
v -1.617390242529 2.336230350319 1.149697963571
v -1.617390242529 2.336230350319 0.751233959364
v -1.487348735098 2.336230350319 0.469477359931
v -1.303442271618 2.336230350319 0.469477359931
v -1.173400764187 2.336230350319 0.751233959364
v -1.173400764187 3.245351663113 1.149697963571
v -1.303442271618 3.245351663113 1.431454563004
v -1.487348735098 3.245351663113 1.431454563004
v -1.617390242529 3.245351663113 1.149697963571
v -1.617390242529 3.245351663113 0.751233959364
v -1.487348735098 3.245351663113 0.469477359931
v -1.303442271618 3.245351663113 0.469477359931
v -1.173400764187 3.245351663113 0.751233959364
v -1.657032160238 2.790791006716 0.638616208823
v -1.577748324820 2.790791006716 0.638616208823
v -1.577748324820 2.917645143385 0.638616208823
v -1.657032160238 2.917645143385 0.638616208823
v -1.657032160238 2.790791006716 1.241173358001
v -1.577748324820 2.790791006716 1.241173358001
v -1.577748324820 2.917645143385 1.241173358001
v -1.657032160238 2.917645143385 1.241173358001
v -1.173400764187 2.336230350319 2.175102234978
v -1.303442271618 2.336230350319 2.456858834411
v -1.487348735098 2.336230350319 2.456858834411
v -1.617390242529 2.336230350319 2.175102234978
v -1.617390242529 2.336230350319 1.776638230771
v -1.487348735098 2.336230350319 1.494881631338
v -1.303442271618 2.336230350319 1.494881631338
v -1.173400764187 2.336230350319 1.776638230771
v -1.173400764187 3.245351663113 2.175102234978
v -1.303442271618 3.245351663113 2.456858834411
v -1.487348735098 3.245351663113 2.456858834411
v -1.617390242529 3.245351663113 2.175102234978
v -1.617390242529 3.245351663113 1.776638230771
v -1.487348735098 3.245351663113 1.494881631338
v -1.303442271618 3.245351663113 1.494881631338
v -1.173400764187 3.245351663113 1.776638230771
v -1.657032160238 2.790791006716 1.664020480230
v -1.577748324820 2.790791006716 1.664020480230
v -1.577748324820 2.917645143385 1.664020480230
v -1.657032160238 2.917645143385 1.664020480230
v -1.657032160238 2.790791006716 2.266577629408
v -1.577748324820 2.790791006716 2.266577629408
v -1.577748324820 2.917645143385 2.266577629408
v -1.657032160238 2.917645143385 2.266577629408
v 1.617390242529 2.336230350319 0.124293692164
v 1.487348735098 2.336230350319 0.406050291597
v 1.303442271618 2.336230350319 0.406050291597
v 1.173400764187 2.336230350319 0.124293692164
v 1.173400764187 2.336230350319 -0.274170312043
v 1.303442271618 2.336230350319 -0.555926911476
v 1.487348735098 2.336230350319 -0.555926911476
v 1.617390242529 2.336230350319 -0.274170312043
v 1.617390242529 3.245351663113 0.124293692164
v 1.487348735098 3.245351663113 0.406050291597
v 1.303442271618 3.245351663113 0.406050291597
v 1.173400764187 3.245351663113 0.124293692164
v 1.173400764187 3.245351663113 -0.274170312043
v 1.303442271618 3.245351663113 -0.555926911476
v 1.487348735098 3.245351663113 -0.555926911476
v 1.617390242529 3.245351663113 -0.274170312043
v 1.577748324820 2.790791006716 -0.386788062584
v 1.657032160238 2.790791006716 -0.386788062584
v 1.657032160238 2.917645143385 -0.386788062584
v 1.577748324820 2.917645143385 -0.386788062584
v 1.577748324820 2.790791006716 0.215769086593
v 1.657032160238 2.790791006716 0.215769086593
v 1.657032160238 2.917645143385 0.215769086593
v 1.577748324820 2.917645143385 0.215769086593
v 1.617390242529 2.336230350319 1.149697963571
v 1.487348735098 2.336230350319 1.431454563004
v 1.303442271618 2.336230350319 1.431454563004
v 1.173400764187 2.336230350319 1.149697963571
v 1.173400764187 2.336230350319 0.751233959364
v 1.303442271618 2.336230350319 0.469477359931
v 1.487348735098 2.336230350319 0.469477359931
v 1.617390242529 2.336230350319 0.751233959364
v 1.617390242529 3.245351663113 1.149697963571
v 1.487348735098 3.245351663113 1.431454563004
v 1.303442271618 3.245351663113 1.431454563004
v 1.173400764187 3.245351663113 1.149697963571
v 1.173400764187 3.245351663113 0.751233959364
v 1.303442271618 3.245351663113 0.469477359931
v 1.487348735098 3.245351663113 0.469477359931
v 1.617390242529 3.245351663113 0.751233959364
v 1.577748324820 2.790791006716 0.638616208823
v 1.657032160238 2.790791006716 0.638616208823
v 1.657032160238 2.917645143385 0.638616208823
v 1.577748324820 2.917645143385 0.638616208823
v 1.577748324820 2.790791006716 1.241173358001
v 1.657032160238 2.790791006716 1.241173358001
v 1.657032160238 2.917645143385 1.241173358001
v 1.577748324820 2.917645143385 1.241173358001
v 1.617390242529 2.336230350319 2.175102234978
v 1.487348735098 2.336230350319 2.456858834411
v 1.303442271618 2.336230350319 2.456858834411
v 1.173400764187 2.336230350319 2.175102234978
v 1.173400764187 2.336230350319 1.776638230771
v 1.303442271618 2.336230350319 1.494881631338
v 1.487348735098 2.336230350319 1.494881631338
v 1.617390242529 2.336230350319 1.776638230771
v 1.617390242529 3.245351663113 2.175102234978
v 1.487348735098 3.245351663113 2.456858834411
v 1.303442271618 3.245351663113 2.456858834411
v 1.173400764187 3.245351663113 2.175102234978
v 1.173400764187 3.245351663113 1.776638230771
v 1.303442271618 3.245351663113 1.494881631338
v 1.487348735098 3.245351663113 1.494881631338
v 1.617390242529 3.245351663113 1.776638230771
v 1.577748324820 2.790791006716 1.664020480230
v 1.657032160238 2.790791006716 1.664020480230
v 1.657032160238 2.917645143385 1.664020480230
v 1.577748324820 2.917645143385 1.664020480230
v 1.577748324820 2.790791006716 2.266577629408
v 1.657032160238 2.790791006716 2.266577629408
v 1.657032160238 2.917645143385 2.266577629408
v 1.577748324820 2.917645143385 2.266577629408
v -0.718840107790 1.157543997104 -0.277786709201
v -0.966538217182 1.157543997104 -0.011511241605
v -1.316836242858 1.157543997104 -0.011511241605
v -1.564534352250 1.157543997104 -0.277786709201
v -1.564534352250 1.157543997104 -0.654357086803
v -1.316836242858 1.157543997104 -0.920632554399
v -0.966538217182 1.157543997104 -0.920632554399
v -0.718840107790 1.157543997104 -0.654357086803
v -0.718840107790 2.584653034629 -0.277786709201
v -0.966538217182 2.584653034629 -0.011511241605
v -1.316836242858 2.584653034629 -0.011511241605
v -1.564534352250 2.584653034629 -0.277786709201
v -1.564534352250 2.584653034629 -0.654357086803
v -1.316836242858 2.584653034629 -0.920632554399
v -0.966538217182 2.584653034629 -0.920632554399
v -0.718840107790 2.584653034629 -0.654357086803
v -0.660698628484 0.961977203073 -0.412647026019
v -0.942455227917 0.961977203073 -0.127794200218
v -1.340919232123 0.961977203073 -0.127794200218
v -1.622675831556 0.961977203073 -0.412647026019
v -1.622675831556 0.961977203073 -0.815489755546
v -1.340919232123 0.961977203073 -1.100342581346
v -0.942455227917 0.961977203073 -1.100342581346
v -0.660698628484 0.961977203073 -0.815489755546
v -0.660698628484 1.427109037525 -0.412647026019
v -0.942455227917 1.427109037525 -0.127794200218
v -1.340919232123 1.427109037525 -0.127794200218
v -1.622675831556 1.427109037525 -0.412647026019
v -1.622675831556 1.427109037525 -0.815489755546
v -1.340919232123 1.427109037525 -1.100342581346
v -0.942455227917 1.427109037525 -1.100342581346
v -0.660698628484 1.427109037525 -0.815489755546
v -0.792838354181 0.206137972087 -0.308437786448
v -0.997189294429 0.206137972087 -0.085509487995
v -1.286185165612 0.206137972087 -0.085509487995
v -1.490536105860 0.206137972087 -0.308437786448
v -1.490536105860 0.206137972087 -0.623706009556
v -1.286185165612 0.206137972087 -0.846634308009
v -0.997189294429 0.206137972087 -0.846634308009
v -0.792838354181 0.206137972087 -0.623706009556
v -0.792838354181 1.168115175160 -0.308437786448
v -0.997189294429 1.168115175160 -0.085509487995
v -1.286185165612 1.168115175160 -0.085509487995
v -1.490536105860 1.168115175160 -0.308437786448
v -1.490536105860 1.168115175160 -0.623706009556
v -1.286185165612 1.168115175160 -0.846634308009
v -0.997189294429 1.168115175160 -0.846634308009
v -0.792838354181 1.168115175160 -0.623706009556
v -0.618413916261 0.000000000000 -0.332767513321
v -0.924940326633 0.000000000000 0.020202292562
v -1.358434133407 0.000000000000 0.020202292562
v -1.664960543779 0.000000000000 -0.332767513321
v -1.664960543779 0.000000000000 -0.831942199909
v -1.358434133407 0.000000000000 -1.184912005792
v -0.924940326633 0.000000000000 -1.184912005792
v -0.618413916261 0.000000000000 -0.831942199909
v -0.618413916261 0.422847122230 -0.332767513321
v -0.924940326633 0.422847122230 0.020202292562
v -1.358434133407 0.422847122230 0.020202292562
v -1.664960543779 0.422847122230 -0.332767513321
v -1.664960543779 0.422847122230 -0.831942199909
v -1.358434133407 0.422847122230 -1.184912005792
v -0.924940326633 0.422847122230 -1.184912005792
v -0.618413916261 0.422847122230 -0.831942199909
v -1.569819941278 0.021142356111 -1.227196718015
v -1.220971065438 0.021142356111 -1.227196718015
v -1.220971065438 0.253708273338 -1.227196718015
v -1.569819941278 0.253708273338 -1.227196718015
v -1.569819941278 0.021142356111 -1.058057869123
v -1.220971065438 0.021142356111 -1.058057869123
v -1.220971065438 0.253708273338 -1.058057869123
v -1.569819941278 0.253708273338 -1.058057869123
v -1.062403394602 0.021142356111 -1.227196718015
v -0.713554518763 0.021142356111 -1.227196718015
v -0.713554518763 0.253708273338 -1.227196718015
v -1.062403394602 0.253708273338 -1.227196718015
v -1.062403394602 0.021142356111 -1.058057869123
v -0.713554518763 0.021142356111 -1.058057869123
v -0.713554518763 0.253708273338 -1.058057869123
v -1.062403394602 0.253708273338 -1.058057869123
v 1.564534352250 1.157543997104 -0.277786709201
v 1.316836242858 1.157543997104 -0.011511241605
v 0.966538217182 1.157543997104 -0.011511241605
v 0.718840107790 1.157543997104 -0.277786709201
v 0.718840107790 1.157543997104 -0.654357086803
v 0.966538217182 1.157543997104 -0.920632554399
v 1.316836242858 1.157543997104 -0.920632554399
v 1.564534352250 1.157543997104 -0.654357086803
v 1.564534352250 2.584653034629 -0.277786709201
v 1.316836242858 2.584653034629 -0.011511241605
v 0.966538217182 2.584653034629 -0.011511241605
v 0.718840107790 2.584653034629 -0.277786709201
v 0.718840107790 2.584653034629 -0.654357086803
v 0.966538217182 2.584653034629 -0.920632554399
v 1.316836242858 2.584653034629 -0.920632554399
v 1.564534352250 2.584653034629 -0.654357086803
v 1.622675831556 0.961977203073 -0.412647026019
v 1.340919232123 0.961977203073 -0.127794200218
v 0.942455227917 0.961977203073 -0.127794200218
v 0.660698628484 0.961977203073 -0.412647026019
v 0.660698628484 0.961977203073 -0.815489755546
v 0.942455227917 0.961977203073 -1.100342581346
v 1.340919232123 0.961977203073 -1.100342581346
v 1.622675831556 0.961977203073 -0.815489755546
v 1.622675831556 1.427109037525 -0.412647026019
v 1.340919232123 1.427109037525 -0.127794200218
v 0.942455227917 1.427109037525 -0.127794200218
v 0.660698628484 1.427109037525 -0.412647026019
v 0.660698628484 1.427109037525 -0.815489755546
v 0.942455227917 1.427109037525 -1.100342581346
v 1.340919232123 1.427109037525 -1.100342581346
v 1.622675831556 1.427109037525 -0.815489755546
v 1.490536105860 0.206137972087 -0.308437786448
v 1.286185165612 0.206137972087 -0.085509487995
v 0.997189294429 0.206137972087 -0.085509487995
v 0.792838354181 0.206137972087 -0.308437786448
v 0.792838354181 0.206137972087 -0.623706009556
v 0.997189294429 0.206137972087 -0.846634308009
v 1.286185165612 0.206137972087 -0.846634308009
v 1.490536105860 0.206137972087 -0.623706009556
v 1.490536105860 1.168115175160 -0.308437786448
v 1.286185165612 1.168115175160 -0.085509487995
v 0.997189294429 1.168115175160 -0.085509487995
v 0.792838354181 1.168115175160 -0.308437786448
v 0.792838354181 1.168115175160 -0.623706009556
v 0.997189294429 1.168115175160 -0.846634308009
v 1.286185165612 1.168115175160 -0.846634308009
v 1.490536105860 1.168115175160 -0.623706009556
v 1.664960543779 0.000000000000 -0.332767513321
v 1.358434133407 0.000000000000 0.020202292562
v 0.924940326633 0.000000000000 0.020202292562
v 0.618413916261 0.000000000000 -0.332767513321
v 0.618413916261 0.000000000000 -0.831942199909
v 0.924940326633 0.000000000000 -1.184912005792
v 1.358434133407 0.000000000000 -1.184912005792
v 1.664960543779 0.000000000000 -0.831942199909
v 1.664960543779 0.422847122230 -0.332767513321
v 1.358434133407 0.422847122230 0.020202292562
v 0.924940326633 0.422847122230 0.020202292562
v 0.618413916261 0.422847122230 -0.332767513321
v 0.618413916261 0.422847122230 -0.831942199909
v 0.924940326633 0.422847122230 -1.184912005792
v 1.358434133407 0.422847122230 -1.184912005792
v 1.664960543779 0.422847122230 -0.831942199909
v 0.713554518763 0.021142356111 -1.227196718015
v 1.062403394602 0.021142356111 -1.227196718015
v 1.062403394602 0.253708273338 -1.227196718015
v 0.713554518763 0.253708273338 -1.227196718015
v 0.713554518763 0.021142356111 -1.058057869123
v 1.062403394602 0.021142356111 -1.058057869123
v 1.062403394602 0.253708273338 -1.058057869123
v 0.713554518763 0.253708273338 -1.058057869123
v 1.220971065438 0.021142356111 -1.227196718015
v 1.569819941278 0.021142356111 -1.227196718015
v 1.569819941278 0.253708273338 -1.227196718015
v 1.220971065438 0.253708273338 -1.227196718015
v 1.220971065438 0.021142356111 -1.058057869123
v 1.569819941278 0.021142356111 -1.058057869123
v 1.569819941278 0.253708273338 -1.058057869123
v 1.220971065438 0.253708273338 -1.058057869123
v -0.718840107790 1.157543997104 2.280438380289
v -0.966538217182 1.157543997104 2.546713847885
v -1.316836242858 1.157543997104 2.546713847885
v -1.564534352250 1.157543997104 2.280438380289
v -1.564534352250 1.157543997104 1.903868002687
v -1.316836242858 1.157543997104 1.637592535091
v -0.966538217182 1.157543997104 1.637592535091
v -0.718840107790 1.157543997104 1.903868002687
v -0.718840107790 2.584653034629 2.280438380289
v -0.966538217182 2.584653034629 2.546713847885
v -1.316836242858 2.584653034629 2.546713847885
v -1.564534352250 2.584653034629 2.280438380289
v -1.564534352250 2.584653034629 1.903868002687
v -1.316836242858 2.584653034629 1.637592535091
v -0.966538217182 2.584653034629 1.637592535091
v -0.718840107790 2.584653034629 1.903868002687
v -0.660698628484 0.961977203073 2.145578063471
v -0.942455227917 0.961977203073 2.430430889272
v -1.340919232123 0.961977203073 2.430430889272
v -1.622675831556 0.961977203073 2.145578063471
v -1.622675831556 0.961977203073 1.742735333944
v -1.340919232123 0.961977203073 1.457882508143
v -0.942455227917 0.961977203073 1.457882508143
v -0.660698628484 0.961977203073 1.742735333944
v -0.660698628484 1.427109037525 2.145578063471
v -0.942455227917 1.427109037525 2.430430889272
v -1.340919232123 1.427109037525 2.430430889272
v -1.622675831556 1.427109037525 2.145578063471
v -1.622675831556 1.427109037525 1.742735333944
v -1.340919232123 1.427109037525 1.457882508143
v -0.942455227917 1.427109037525 1.457882508143
v -0.660698628484 1.427109037525 1.742735333944
v -0.792838354181 0.206137972087 2.249787303042
v -0.997189294429 0.206137972087 2.472715601495
v -1.286185165612 0.206137972087 2.472715601495
v -1.490536105860 0.206137972087 2.249787303042
v -1.490536105860 0.206137972087 1.934519079934
v -1.286185165612 0.206137972087 1.711590781481
v -0.997189294429 0.206137972087 1.711590781481
v -0.792838354181 0.206137972087 1.934519079934
v -0.792838354181 1.168115175160 2.249787303042
v -0.997189294429 1.168115175160 2.472715601495
v -1.286185165612 1.168115175160 2.472715601495
v -1.490536105860 1.168115175160 2.249787303042
v -1.490536105860 1.168115175160 1.934519079934
v -1.286185165612 1.168115175160 1.711590781481
v -0.997189294429 1.168115175160 1.711590781481
v -0.792838354181 1.168115175160 1.934519079934
v -0.618413916261 0.000000000000 2.225457576169
v -0.924940326633 0.000000000000 2.578427382052
v -1.358434133407 0.000000000000 2.578427382052
v -1.664960543779 0.000000000000 2.225457576169
v -1.664960543779 0.000000000000 1.726282889580
v -1.358434133407 0.000000000000 1.373313083697
v -0.924940326633 0.000000000000 1.373313083697
v -0.618413916261 0.000000000000 1.726282889580
v -0.618413916261 0.422847122230 2.225457576169
v -0.924940326633 0.422847122230 2.578427382052
v -1.358434133407 0.422847122230 2.578427382052
v -1.664960543779 0.422847122230 2.225457576169
v -1.664960543779 0.422847122230 1.726282889580
v -1.358434133407 0.422847122230 1.373313083697
v -0.924940326633 0.422847122230 1.373313083697
v -0.618413916261 0.422847122230 1.726282889580
v -1.569819941278 0.021142356111 1.331028371474
v -1.220971065438 0.021142356111 1.331028371474
v -1.220971065438 0.253708273338 1.331028371474
v -1.569819941278 0.253708273338 1.331028371474
v -1.569819941278 0.021142356111 1.500167220366
v -1.220971065438 0.021142356111 1.500167220366
v -1.220971065438 0.253708273338 1.500167220366
v -1.569819941278 0.253708273338 1.500167220366
v -1.062403394602 0.021142356111 1.331028371474
v -0.713554518763 0.021142356111 1.331028371474
v -0.713554518763 0.253708273338 1.331028371474
v -1.062403394602 0.253708273338 1.331028371474
v -1.062403394602 0.021142356111 1.500167220366
v -0.713554518763 0.021142356111 1.500167220366
v -0.713554518763 0.253708273338 1.500167220366
v -1.062403394602 0.253708273338 1.500167220366
v 1.564534352250 1.157543997104 2.280438380289
v 1.316836242858 1.157543997104 2.546713847885
v 0.966538217182 1.157543997104 2.546713847885
v 0.718840107790 1.157543997104 2.280438380289
v 0.718840107790 1.157543997104 1.903868002687
v 0.966538217182 1.157543997104 1.637592535091
v 1.316836242858 1.157543997104 1.637592535091
v 1.564534352250 1.157543997104 1.903868002687
v 1.564534352250 2.584653034629 2.280438380289
v 1.316836242858 2.584653034629 2.546713847885
v 0.966538217182 2.584653034629 2.546713847885
v 0.718840107790 2.584653034629 2.280438380289
v 0.718840107790 2.584653034629 1.903868002687
v 0.966538217182 2.584653034629 1.637592535091
v 1.316836242858 2.584653034629 1.637592535091
v 1.564534352250 2.584653034629 1.903868002687
v 1.622675831556 0.961977203073 2.145578063471
v 1.340919232123 0.961977203073 2.430430889272
v 0.942455227917 0.961977203073 2.430430889272
v 0.660698628484 0.961977203073 2.145578063471
v 0.660698628484 0.961977203073 1.742735333944
v 0.942455227917 0.961977203073 1.457882508143
v 1.340919232123 0.961977203073 1.457882508143
v 1.622675831556 0.961977203073 1.742735333944
v 1.622675831556 1.427109037525 2.145578063471
v 1.340919232123 1.427109037525 2.430430889272
v 0.942455227917 1.427109037525 2.430430889272
v 0.660698628484 1.427109037525 2.145578063471
v 0.660698628484 1.427109037525 1.742735333944
v 0.942455227917 1.427109037525 1.457882508143
v 1.340919232123 1.427109037525 1.457882508143
v 1.622675831556 1.427109037525 1.742735333944
v 1.490536105860 0.206137972087 2.249787303042
v 1.286185165612 0.206137972087 2.472715601495
v 0.997189294429 0.206137972087 2.472715601495
v 0.792838354181 0.206137972087 2.249787303042
v 0.792838354181 0.206137972087 1.934519079934
v 0.997189294429 0.206137972087 1.711590781481
v 1.286185165612 0.206137972087 1.711590781481
v 1.490536105860 0.206137972087 1.934519079934
v 1.490536105860 1.168115175160 2.249787303042
v 1.286185165612 1.168115175160 2.472715601495
v 0.997189294429 1.168115175160 2.472715601495
v 0.792838354181 1.168115175160 2.249787303042
v 0.792838354181 1.168115175160 1.934519079934
v 0.997189294429 1.168115175160 1.711590781481
v 1.286185165612 1.168115175160 1.711590781481
v 1.490536105860 1.168115175160 1.934519079934
v 1.664960543779 0.000000000000 2.225457576169
v 1.358434133407 0.000000000000 2.578427382052
v 0.924940326633 0.000000000000 2.578427382052
v 0.618413916261 0.000000000000 2.225457576169
v 0.618413916261 0.000000000000 1.726282889580
v 0.924940326633 0.000000000000 1.373313083697
v 1.358434133407 0.000000000000 1.373313083697
v 1.664960543779 0.000000000000 1.726282889580
v 1.664960543779 0.422847122230 2.225457576169
v 1.358434133407 0.422847122230 2.578427382052
v 0.924940326633 0.422847122230 2.578427382052
v 0.618413916261 0.422847122230 2.225457576169
v 0.618413916261 0.422847122230 1.726282889580
v 0.924940326633 0.422847122230 1.373313083697
v 1.358434133407 0.422847122230 1.373313083697
v 1.664960543779 0.422847122230 1.726282889580
v 0.713554518763 0.021142356111 1.331028371474
v 1.062403394602 0.021142356111 1.331028371474
v 1.062403394602 0.253708273338 1.331028371474
v 0.713554518763 0.253708273338 1.331028371474
v 0.713554518763 0.021142356111 1.500167220366
v 1.062403394602 0.021142356111 1.500167220366
v 1.062403394602 0.253708273338 1.500167220366
v 0.713554518763 0.253708273338 1.500167220366
v 1.220971065438 0.021142356111 1.331028371474
v 1.569819941278 0.021142356111 1.331028371474
v 1.569819941278 0.253708273338 1.331028371474
v 1.220971065438 0.253708273338 1.331028371474
v 1.220971065438 0.021142356111 1.500167220366
v 1.569819941278 0.021142356111 1.500167220366
v 1.569819941278 0.253708273338 1.500167220366
v 1.220971065438 0.253708273338 1.500167220366
v 0.549701258899 3.081025356082 -0.818959912191
v -0.549701258899 3.081025356082 -0.818959912191
v -0.480988601536 2.451438694032 -1.587508223452
v 0.480988601536 2.451438694032 -1.587508223452
v 0.549701258899 2.310275452347 -0.261180376593
v -0.549701258899 2.310275452347 -0.261180376593
v -0.480988601536 1.777032528265 -1.099451129805
v 0.480988601536 1.777032528265 -1.099451129805
v 0.660698628484 2.414007172630 -0.858225264579
v 0.273670332559 2.503316917149 -0.637175890038
v -0.273670332559 2.503316917149 -0.637175890038
v -0.660698628484 2.414007172630 -0.858225264579
v -0.660698628484 2.287704120679 -1.170836288008
v -0.273670332559 2.198394376160 -1.391885662549
v 0.273670332559 2.198394376160 -1.391885662549
v 0.660698628484 2.287704120679 -1.170836288008
v 0.660698628484 2.786461346077 -1.008706518573
v 0.273670332559 2.875771090596 -0.787657144032
v -0.273670332559 2.875771090596 -0.787657144032
v -0.660698628484 2.786461346077 -1.008706518573
v -0.660698628484 2.660158294126 -1.321317542003
v -0.273670332559 2.570848549607 -1.542366916544
v 0.273670332559 2.570848549607 -1.542366916544
v 0.660698628484 2.660158294126 -1.321317542003
v 0.480988601536 2.447319926747 -1.603968692674
v -0.480988601536 2.447319926747 -1.603968692674
v -0.406990355146 1.751234324486 -2.388445347784
v 0.406990355146 1.751234324486 -2.388445347784
v 0.480988601536 1.781151295550 -1.082990660583
v -0.480988601536 1.781151295550 -1.082990660583
v -0.406990355146 1.187553175011 -1.947617782169
v 0.406990355146 1.187553175011 -1.947617782169
v 0.576129204038 1.800878845397 -1.619350084592
v 0.238640529992 1.890188589916 -1.398300710051
v -0.238640529992 1.890188589916 -1.398300710051
v -0.576129204038 1.800878845397 -1.619350084592
v -0.576129204038 1.674575793446 -1.931961108022
v -0.238640529992 1.585266048927 -2.153010482563
v 0.238640529992 1.585266048927 -2.153010482563
v 0.576129204038 1.674575793446 -1.931961108022
v 0.576129204038 2.173333018844 -1.769831338586
v 0.238640529992 2.262642763363 -1.548781964046
v -0.238640529992 2.262642763363 -1.548781964046
v -0.576129204038 2.173333018844 -1.769831338586
v -0.576129204038 2.047029966893 -2.082442362016
v -0.238640529992 1.957720222374 -2.303491736557
v 0.238640529992 1.957720222374 -2.303491736557
v 0.576129204038 2.047029966893 -2.082442362016
v 0.581414793066 0.866836600571 -2.229387110620
v 0.240829892652 0.866836600571 -1.882609757471
v -0.240829892652 0.866836600571 -1.882609757471
v -0.581414793066 0.866836600571 -2.229387110620
v -0.581414793066 0.866836600571 -2.719804346566
v -0.240829892652 0.866836600571 -3.066581699715
v 0.240829892652 0.866836600571 -3.066581699715
v 0.581414793066 0.866836600571 -2.719804346566
v 0.581414793066 1.818242625588 -2.229387110620
v 0.240829892652 1.818242625588 -1.882609757471
v -0.240829892652 1.818242625588 -1.882609757471
v -0.581414793066 1.818242625588 -2.229387110620
v -0.581414793066 1.818242625588 -2.719804346566
v -0.240829892652 1.818242625588 -3.066581699715
v 0.240829892652 1.818242625588 -3.066581699715
v 0.581414793066 1.818242625588 -2.719804346566
v 0.644841861400 0.845694244459 -2.930465579518
v 0.267102244578 0.845694244459 -2.723018412903
v -0.267102244578 0.845694244459 -2.723018412903
v -0.644841861400 0.845694244459 -2.930465579518
v -0.644841861400 0.845694244459 -3.223840176022
v -0.267102244578 0.845694244459 -3.431287342638
v 0.267102244578 0.845694244459 -3.431287342638
v 0.644841861400 0.845694244459 -3.223840176022
v 0.644841861400 1.353110791135 -2.930465579518
v 0.267102244578 1.353110791135 -2.723018412903
v -0.267102244578 1.353110791135 -2.723018412903
v -0.644841861400 1.353110791135 -2.930465579518
v -0.644841861400 1.353110791135 -3.223840176022
v -0.267102244578 1.353110791135 -3.431287342638
v 0.267102244578 1.353110791135 -3.431287342638
v 0.644841861400 1.353110791135 -3.223840176022
v -0.528558902787 1.004261915296 -3.500000000000
v 0.528558902787 1.004261915296 -3.500000000000
v 0.528558902787 1.173400764187 -3.500000000000
v -0.528558902787 1.173400764187 -3.500000000000
v -0.528558902787 1.004261915296 -3.394288219443
v 0.528558902787 1.004261915296 -3.394288219443
v 0.528558902787 1.173400764187 -3.394288219443
v -0.528558902787 1.173400764187 -3.394288219443
v -0.623699505289 1.501107283915 -2.849872549572
v -0.539130080843 1.501107283915 -2.849872549572
v -0.539130080843 1.627961420584 -2.849872549572
v -0.623699505289 1.627961420584 -2.849872549572
v -0.623699505289 1.501107283915 -2.564450742067
v -0.539130080843 1.501107283915 -2.564450742067
v -0.539130080843 1.627961420584 -2.564450742067
v -0.623699505289 1.627961420584 -2.564450742067
v -0.650656009331 1.543391996138 -2.797016659293
v -0.613656886136 1.543391996138 -2.797016659293
v -0.613656886136 1.606819064473 -2.797016659293
v -0.650656009331 1.606819064473 -2.797016659293
v -0.650656009331 1.543391996138 -2.723018412903
v -0.613656886136 1.543391996138 -2.723018412903
v -0.613656886136 1.606819064473 -2.723018412903
v -0.650656009331 1.606819064473 -2.723018412903
v -0.597893464983 1.557239690640 -2.104475599003
v -0.723002010981 1.602775477436 -1.924894469694
v -0.899932213500 1.667172804695 -1.924894469694
v -1.025040759498 1.712708591491 -2.104475599003
v -1.025040759498 1.712708591491 -2.358441667618
v -0.899932213500 1.667172804695 -2.538022796927
v -0.723002010981 1.602775477436 -2.538022796927
v -0.597893464983 1.557239690640 -2.358441667618
v -0.518351236640 1.775780166904 -2.104475599003
v -0.643459782638 1.821315953700 -1.924894469694
v -0.820389985158 1.885713280959 -1.924894469694
v -0.945498531156 1.931249067755 -2.104475599003
v -0.945498531156 1.931249067755 -2.358441667618
v -0.820389985158 1.885713280959 -2.538022796927
v -0.643459782638 1.821315953700 -2.538022796927
v -0.518351236640 1.775780166904 -2.358441667618
v 0.539130080843 1.501107283915 -2.849872549572
v 0.623699505289 1.501107283915 -2.849872549572
v 0.623699505289 1.627961420584 -2.849872549572
v 0.539130080843 1.627961420584 -2.849872549572
v 0.539130080843 1.501107283915 -2.564450742067
v 0.623699505289 1.501107283915 -2.564450742067
v 0.623699505289 1.627961420584 -2.564450742067
v 0.539130080843 1.627961420584 -2.564450742067
v 0.613656886136 1.543391996138 -2.797016659293
v 0.650656009331 1.543391996138 -2.797016659293
v 0.650656009331 1.606819064473 -2.797016659293
v 0.613656886136 1.606819064473 -2.797016659293
v 0.613656886136 1.543391996138 -2.723018412903
v 0.650656009331 1.543391996138 -2.723018412903
v 0.650656009331 1.606819064473 -2.723018412903
v 0.613656886136 1.606819064473 -2.723018412903
v 1.025040759498 1.712708591491 -2.104475599003
v 0.899932213500 1.667172804695 -1.924894469694
v 0.723002010981 1.602775477436 -1.924894469694
v 0.597893464983 1.557239690640 -2.104475599003
v 0.597893464983 1.557239690640 -2.358441667618
v 0.723002010981 1.602775477436 -2.538022796927
v 0.899932213500 1.667172804695 -2.538022796927
v 1.025040759498 1.712708591491 -2.358441667618
v 0.945498531156 1.931249067755 -2.104475599003
v 0.820389985158 1.885713280959 -1.924894469694
v 0.643459782638 1.821315953700 -1.924894469694
v 0.518351236640 1.775780166904 -2.104475599003
v 0.518351236640 1.775780166904 -2.358441667618
v 0.643459782638 1.821315953700 -2.538022796927
v 0.820389985158 1.885713280959 -2.538022796927
v 0.945498531156 1.931249067755 -2.358441667618
v 0.211423561115 2.462393779331 2.631803513470
v -0.211423561115 2.462393779331 2.631803513470
v -0.095140602502 1.707991555362 3.348243253023
v 0.095140602502 1.707991555362 3.348243253023
v 0.211423561115 2.717483467983 2.969040728975
v -0.211423561115 2.717483467983 2.969040728975
v -0.095140602502 1.822781915256 3.500000000000
v 0.095140602502 1.822781915256 3.500000000000
v 1.215685476410 3.192495772834 1.688839102083
v 0.503553411909 3.192495772834 2.493857957606
v -0.503553411909 3.192495772834 2.493857957606
v -1.215685476410 3.192495772834 1.688839102083
v -1.215685476410 3.192495772834 0.550370518636
v -0.503553411909 3.192495772834 -0.254648336887
v 0.503553411909 3.192495772834 -0.254648336887
v 1.215685476410 3.192495772834 0.550370518636
v 1.215685476410 3.678769963398 1.688839102083
v 0.503553411909 3.678769963398 2.493857957606
v -0.503553411909 3.678769963398 2.493857957606
v -1.215685476410 3.678769963398 1.688839102083
v -1.215685476410 3.678769963398 0.550370518636
v -0.503553411909 3.678769963398 -0.254648336887
v 0.503553411909 3.678769963398 -0.254648336887
v 1.215685476410 3.678769963398 0.550370518636
v 0.898550134738 3.308778731447 1.686960925850
v 0.372191652281 3.308778731447 2.414574122188
v -0.372191652281 3.308778731447 2.414574122188
v -0.898550134738 3.308778731447 1.686960925850
v -0.898550134738 3.308778731447 0.657960475427
v -0.372191652281 3.308778731447 -0.069652720912
v 0.372191652281 3.308778731447 -0.069652720912
v 0.898550134738 3.308778731447 0.657960475427
v 0.898550134738 5.253875493704 1.686960925850
v 0.372191652281 5.253875493704 2.414574122188
v -0.372191652281 5.253875493704 2.414574122188
v -0.898550134738 5.253875493704 1.686960925850
v -0.898550134738 5.253875493704 0.657960475427
v -0.372191652281 5.253875493704 -0.069652720912
v 0.372191652281 5.253875493704 -0.069652720912
v 0.898550134738 5.253875493704 0.657960475427
v -1.226256654466 4.492750673691 1.690448425370
v -1.226256654466 4.941341202156 1.431454563004
v -1.226256654466 4.941341202156 0.913466838272
v -1.226256654466 4.492750673691 0.654472975907
v -1.226256654466 4.044160145225 0.913466838272
v -1.226256654466 4.044160145225 1.431454563004
v -1.078260161686 4.492750673691 1.690448425370
v -1.078260161686 4.941341202156 1.431454563004
v -1.078260161686 4.941341202156 0.913466838272
v -1.078260161686 4.492750673691 0.654472975907
v -1.078260161686 4.044160145225 0.913466838272
v -1.078260161686 4.044160145225 1.431454563004
v -1.765386735309 4.492750673691 1.623312427912
v -1.765386735309 4.492750673691 1.757584422827
v -1.765386735309 4.999482681463 1.465022561733
v -1.765386735309 4.883199722850 1.397886564275
v -1.131116051964 4.492750673691 1.623312427912
v -1.131116051964 4.492750673691 1.757584422827
v -1.131116051964 4.999482681463 1.465022561733
v -1.131116051964 4.883199722850 1.397886564275
v -1.765386735309 4.883199722850 1.397886564275
v -1.765386735309 4.999482681463 1.465022561733
v -1.765386735309 4.999482681463 0.879898839544
v -1.765386735309 4.883199722850 0.947034837001
v -1.131116051964 4.883199722850 1.397886564275
v -1.131116051964 4.999482681463 1.465022561733
v -1.131116051964 4.999482681463 0.879898839544
v -1.131116051964 4.883199722850 0.947034837001
v -1.765386735309 4.883199722850 0.947034837001
v -1.765386735309 4.999482681463 0.879898839544
v -1.765386735309 4.492750673691 0.587336978449
v -1.765386735309 4.492750673691 0.721608973364
v -1.131116051964 4.883199722850 0.947034837001
v -1.131116051964 4.999482681463 0.879898839544
v -1.131116051964 4.492750673691 0.587336978449
v -1.131116051964 4.492750673691 0.721608973364
v -1.765386735309 4.492750673691 0.721608973364
v -1.765386735309 4.492750673691 0.587336978449
v -1.765386735309 3.986018665918 0.879898839544
v -1.765386735309 4.102301624531 0.947034837001
v -1.131116051964 4.492750673691 0.721608973364
v -1.131116051964 4.492750673691 0.587336978449
v -1.131116051964 3.986018665918 0.879898839544
v -1.131116051964 4.102301624531 0.947034837001
v -1.765386735309 4.102301624531 0.947034837001
v -1.765386735309 3.986018665918 0.879898839544
v -1.765386735309 3.986018665918 1.465022561733
v -1.765386735309 4.102301624531 1.397886564275
v -1.131116051964 4.102301624531 0.947034837001
v -1.131116051964 3.986018665918 0.879898839544
v -1.131116051964 3.986018665918 1.465022561733
v -1.131116051964 4.102301624531 1.397886564275
v -1.765386735309 4.102301624531 1.397886564275
v -1.765386735309 3.986018665918 1.465022561733
v -1.765386735309 4.492750673691 1.757584422827
v -1.765386735309 4.492750673691 1.623312427912
v -1.131116051964 4.102301624531 1.397886564275
v -1.131116051964 3.986018665918 1.465022561733
v -1.131116051964 4.492750673691 1.757584422827
v -1.131116051964 4.492750673691 1.623312427912
v -1.849956159755 4.524464207858 1.690448425370
v -1.849956159755 4.973041577475 1.431454563004
v -1.849956159755 4.973041577475 0.913466838272
v -1.849956159755 4.524464207858 0.654472975907
v -1.744244379198 4.524464207858 1.690448425370
v -1.744244379198 4.973041577475 1.431454563004
v -1.744244379198 4.973041577475 0.913466838272
v -1.744244379198 4.524464207858 0.654472975907
v -1.733673201142 4.233756811325 0.913466838272
v -1.437680215581 4.233756811325 0.913466838272
v -1.437680215581 4.434609194384 0.913466838272
v -1.733673201142 4.434609194384 0.913466838272
v -1.733673201142 4.233756811325 1.124890399387
v -1.437680215581 4.233756811325 1.124890399387
v -1.437680215581 4.434609194384 1.124890399387
v -1.733673201142 4.434609194384 1.124890399387
v -1.427109037525 4.313040646743 0.929323605356
v -1.215685476410 4.313040646743 0.929323605356
v -1.215685476410 4.461037139523 0.929323605356
v -1.427109037525 4.461037139523 0.929323605356
v -1.427109037525 4.313040646743 1.109033632304
v -1.215685476410 4.313040646743 1.109033632304
v -1.215685476410 4.461037139523 1.109033632304
v -1.427109037525 4.461037139523 1.109033632304
v -1.733673201142 4.233756811325 1.220031001889
v -1.437680215581 4.233756811325 1.220031001889
v -1.437680215581 4.434609194384 1.220031001889
v -1.733673201142 4.434609194384 1.220031001889
v -1.733673201142 4.233756811325 1.431454563004
v -1.437680215581 4.233756811325 1.431454563004
v -1.437680215581 4.434609194384 1.431454563004
v -1.733673201142 4.434609194384 1.431454563004
v -1.427109037525 4.313040646743 1.235887768973
v -1.215685476410 4.313040646743 1.235887768973
v -1.215685476410 4.461037139523 1.235887768973
v -1.427109037525 4.461037139523 1.235887768973
v -1.427109037525 4.313040646743 1.415597795920
v -1.215685476410 4.313040646743 1.415597795920
v -1.215685476410 4.461037139523 1.415597795920
v -1.427109037525 4.461037139523 1.415597795920
v -1.226256654466 5.000167220366 2.569319664813
v -1.226256654466 5.448757748832 2.310325802447
v -1.226256654466 5.448757748832 1.792338077716
v -1.226256654466 5.000167220366 1.533344215350
v -1.226256654466 4.551576691900 1.792338077716
v -1.226256654466 4.551576691900 2.310325802447
v -1.078260161686 5.000167220366 2.569319664813
v -1.078260161686 5.448757748832 2.310325802447
v -1.078260161686 5.448757748832 1.792338077716
v -1.078260161686 5.000167220366 1.533344215350
v -1.078260161686 4.551576691900 1.792338077716
v -1.078260161686 4.551576691900 2.310325802447
v -1.765386735309 5.000167220366 2.502183667355
v -1.765386735309 5.000167220366 2.636455662270
v -1.765386735309 5.506899228138 2.343893801176
v -1.765386735309 5.390616269525 2.276757803718
v -1.131116051964 5.000167220366 2.502183667355
v -1.131116051964 5.000167220366 2.636455662270
v -1.131116051964 5.506899228138 2.343893801176
v -1.131116051964 5.390616269525 2.276757803718
v -1.765386735309 5.390616269525 2.276757803718
v -1.765386735309 5.506899228138 2.343893801176
v -1.765386735309 5.506899228138 1.758770078987
v -1.765386735309 5.390616269525 1.825906076445
v -1.131116051964 5.390616269525 2.276757803718
v -1.131116051964 5.506899228138 2.343893801176
v -1.131116051964 5.506899228138 1.758770078987
v -1.131116051964 5.390616269525 1.825906076445
v -1.765386735309 5.390616269525 1.825906076445
v -1.765386735309 5.506899228138 1.758770078987
v -1.765386735309 5.000167220366 1.466208217893
v -1.765386735309 5.000167220366 1.600480212808
v -1.131116051964 5.390616269525 1.825906076445
v -1.131116051964 5.506899228138 1.758770078987
v -1.131116051964 5.000167220366 1.466208217893
v -1.131116051964 5.000167220366 1.600480212808
v -1.765386735309 5.000167220366 1.600480212808
v -1.765386735309 5.000167220366 1.466208217893
v -1.765386735309 4.493435212594 1.758770078987
v -1.765386735309 4.609718171207 1.825906076445
v -1.131116051964 5.000167220366 1.600480212808
v -1.131116051964 5.000167220366 1.466208217893
v -1.131116051964 4.493435212594 1.758770078987
v -1.131116051964 4.609718171207 1.825906076445
v -1.765386735309 4.609718171207 1.825906076445
v -1.765386735309 4.493435212594 1.758770078987
v -1.765386735309 4.493435212594 2.343893801176
v -1.765386735309 4.609718171207 2.276757803718
v -1.131116051964 4.609718171207 1.825906076445
v -1.131116051964 4.493435212594 1.758770078987
v -1.131116051964 4.493435212594 2.343893801176
v -1.131116051964 4.609718171207 2.276757803718
v -1.765386735309 4.609718171207 2.276757803718
v -1.765386735309 4.493435212594 2.343893801176
v -1.765386735309 5.000167220366 2.636455662270
v -1.765386735309 5.000167220366 2.502183667355
v -1.131116051964 4.609718171207 2.276757803718
v -1.131116051964 4.493435212594 2.343893801176
v -1.131116051964 5.000167220366 2.636455662270
v -1.131116051964 5.000167220366 2.502183667355
v -1.849956159755 5.031880754533 2.569319664813
v -1.849956159755 5.480458124151 2.310325802447
v -1.849956159755 5.480458124151 1.792338077716
v -1.849956159755 5.031880754533 1.533344215350
v -1.744244379198 5.031880754533 2.569319664813
v -1.744244379198 5.480458124151 2.310325802447
v -1.744244379198 5.480458124151 1.792338077716
v -1.744244379198 5.031880754533 1.533344215350
v -1.733673201142 4.741173358001 1.792338077716
v -1.437680215581 4.741173358001 1.792338077716
v -1.437680215581 4.942025741060 1.792338077716
v -1.733673201142 4.942025741060 1.792338077716
v -1.733673201142 4.741173358001 2.003761638831
v -1.437680215581 4.741173358001 2.003761638831
v -1.437680215581 4.942025741060 2.003761638831
v -1.733673201142 4.942025741060 2.003761638831
v -1.427109037525 4.820457193419 1.808194844799
v -1.215685476410 4.820457193419 1.808194844799
v -1.215685476410 4.968453686199 1.808194844799
v -1.427109037525 4.968453686199 1.808194844799
v -1.427109037525 4.820457193419 1.987904871747
v -1.215685476410 4.820457193419 1.987904871747
v -1.215685476410 4.968453686199 1.987904871747
v -1.427109037525 4.968453686199 1.987904871747
v -1.733673201142 4.741173358001 2.098902241332
v -1.437680215581 4.741173358001 2.098902241332
v -1.437680215581 4.942025741060 2.098902241332
v -1.733673201142 4.942025741060 2.098902241332
v -1.733673201142 4.741173358001 2.310325802447
v -1.437680215581 4.741173358001 2.310325802447
v -1.437680215581 4.942025741060 2.310325802447
v -1.733673201142 4.942025741060 2.310325802447
v -1.427109037525 4.820457193419 2.114759008416
v -1.215685476410 4.820457193419 2.114759008416
v -1.215685476410 4.968453686199 2.114759008416
v -1.427109037525 4.968453686199 2.114759008416
v -1.427109037525 4.820457193419 2.294469035364
v -1.215685476410 4.820457193419 2.294469035364
v -1.215685476410 4.968453686199 2.294469035364
v -1.427109037525 4.968453686199 2.294469035364
v -1.226256654466 5.507583767042 1.690448425370
v -1.226256654466 5.956174295508 1.431454563004
v -1.226256654466 5.956174295508 0.913466838272
v -1.226256654466 5.507583767042 0.654472975907
v -1.226256654466 5.058993238576 0.913466838272
v -1.226256654466 5.058993238576 1.431454563004
v -1.078260161686 5.507583767042 1.690448425370
v -1.078260161686 5.956174295508 1.431454563004
v -1.078260161686 5.956174295508 0.913466838272
v -1.078260161686 5.507583767042 0.654472975907
v -1.078260161686 5.058993238576 0.913466838272
v -1.078260161686 5.058993238576 1.431454563004
v -1.765386735309 5.507583767042 1.623312427912
v -1.765386735309 5.507583767042 1.757584422827
v -1.765386735309 6.014315774814 1.465022561733
v -1.765386735309 5.898032816201 1.397886564275
v -1.131116051964 5.507583767042 1.623312427912
v -1.131116051964 5.507583767042 1.757584422827
v -1.131116051964 6.014315774814 1.465022561733
v -1.131116051964 5.898032816201 1.397886564275
v -1.765386735309 5.898032816201 1.397886564275
v -1.765386735309 6.014315774814 1.465022561733
v -1.765386735309 6.014315774814 0.879898839544
v -1.765386735309 5.898032816201 0.947034837001
v -1.131116051964 5.898032816201 1.397886564275
v -1.131116051964 6.014315774814 1.465022561733
v -1.131116051964 6.014315774814 0.879898839544
v -1.131116051964 5.898032816201 0.947034837001
v -1.765386735309 5.898032816201 0.947034837001
v -1.765386735309 6.014315774814 0.879898839544
v -1.765386735309 5.507583767042 0.587336978449
v -1.765386735309 5.507583767042 0.721608973364
v -1.131116051964 5.898032816201 0.947034837001
v -1.131116051964 6.014315774814 0.879898839544
v -1.131116051964 5.507583767042 0.587336978449
v -1.131116051964 5.507583767042 0.721608973364
v -1.765386735309 5.507583767042 0.721608973364
v -1.765386735309 5.507583767042 0.587336978449
v -1.765386735309 5.000851759270 0.879898839544
v -1.765386735309 5.117134717883 0.947034837001
v -1.131116051964 5.507583767042 0.721608973364
v -1.131116051964 5.507583767042 0.587336978449
v -1.131116051964 5.000851759270 0.879898839544
v -1.131116051964 5.117134717883 0.947034837001
v -1.765386735309 5.117134717883 0.947034837001
v -1.765386735309 5.000851759270 0.879898839544
v -1.765386735309 5.000851759270 1.465022561733
v -1.765386735309 5.117134717883 1.397886564275
v -1.131116051964 5.117134717883 0.947034837001
v -1.131116051964 5.000851759270 0.879898839544
v -1.131116051964 5.000851759270 1.465022561733
v -1.131116051964 5.117134717883 1.397886564275
v -1.765386735309 5.117134717883 1.397886564275
v -1.765386735309 5.000851759270 1.465022561733
v -1.765386735309 5.507583767042 1.757584422827
v -1.765386735309 5.507583767042 1.623312427912
v -1.131116051964 5.117134717883 1.397886564275
v -1.131116051964 5.000851759270 1.465022561733
v -1.131116051964 5.507583767042 1.757584422827
v -1.131116051964 5.507583767042 1.623312427912
v -1.849956159755 5.539297301209 1.690448425370
v -1.849956159755 5.987874670826 1.431454563004
v -1.849956159755 5.987874670826 0.913466838272
v -1.849956159755 5.539297301209 0.654472975907
v -1.744244379198 5.539297301209 1.690448425370
v -1.744244379198 5.987874670826 1.431454563004
v -1.744244379198 5.987874670826 0.913466838272
v -1.744244379198 5.539297301209 0.654472975907
v -1.733673201142 5.248589904676 0.913466838272
v -1.437680215581 5.248589904676 0.913466838272
v -1.437680215581 5.449442287735 0.913466838272
v -1.733673201142 5.449442287735 0.913466838272
v -1.733673201142 5.248589904676 1.124890399387
v -1.437680215581 5.248589904676 1.124890399387
v -1.437680215581 5.449442287735 1.124890399387
v -1.733673201142 5.449442287735 1.124890399387
v -1.427109037525 5.327873740094 0.929323605356
v -1.215685476410 5.327873740094 0.929323605356
v -1.215685476410 5.475870232875 0.929323605356
v -1.427109037525 5.475870232875 0.929323605356
v -1.427109037525 5.327873740094 1.109033632304
v -1.215685476410 5.327873740094 1.109033632304
v -1.215685476410 5.475870232875 1.109033632304
v -1.427109037525 5.475870232875 1.109033632304
v -1.733673201142 5.248589904676 1.220031001889
v -1.437680215581 5.248589904676 1.220031001889
v -1.437680215581 5.449442287735 1.220031001889
v -1.733673201142 5.449442287735 1.220031001889
v -1.733673201142 5.248589904676 1.431454563004
v -1.437680215581 5.248589904676 1.431454563004
v -1.437680215581 5.449442287735 1.431454563004
v -1.733673201142 5.449442287735 1.431454563004
v -1.427109037525 5.327873740094 1.235887768973
v -1.215685476410 5.327873740094 1.235887768973
v -1.215685476410 5.475870232875 1.235887768973
v -1.427109037525 5.475870232875 1.235887768973
v -1.427109037525 5.327873740094 1.415597795920
v -1.215685476410 5.327873740094 1.415597795920
v -1.215685476410 5.475870232875 1.415597795920
v -1.427109037525 5.475870232875 1.415597795920
v -1.226256654466 5.000167220366 0.811577185926
v -1.226256654466 5.448757748832 0.552583323561
v -1.226256654466 5.448757748832 0.034595598829
v -1.226256654466 5.000167220366 -0.224398263537
v -1.226256654466 4.551576691900 0.034595598829
v -1.226256654466 4.551576691900 0.552583323561
v -1.078260161686 5.000167220366 0.811577185926
v -1.078260161686 5.448757748832 0.552583323561
v -1.078260161686 5.448757748832 0.034595598829
v -1.078260161686 5.000167220366 -0.224398263537
v -1.078260161686 4.551576691900 0.034595598829
v -1.078260161686 4.551576691900 0.552583323561
v -1.765386735309 5.000167220366 0.744441188469
v -1.765386735309 5.000167220366 0.878713183384
v -1.765386735309 5.506899228138 0.586151322289
v -1.765386735309 5.390616269525 0.519015324832
v -1.131116051964 5.000167220366 0.744441188469
v -1.131116051964 5.000167220366 0.878713183384
v -1.131116051964 5.506899228138 0.586151322289
v -1.131116051964 5.390616269525 0.519015324832
v -1.765386735309 5.390616269525 0.519015324832
v -1.765386735309 5.506899228138 0.586151322289
v -1.765386735309 5.506899228138 0.001027600100
v -1.765386735309 5.390616269525 0.068163597558
v -1.131116051964 5.390616269525 0.519015324832
v -1.131116051964 5.506899228138 0.586151322289
v -1.131116051964 5.506899228138 0.001027600100
v -1.131116051964 5.390616269525 0.068163597558
v -1.765386735309 5.390616269525 0.068163597558
v -1.765386735309 5.506899228138 0.001027600100
v -1.765386735309 5.000167220366 -0.291534260994
v -1.765386735309 5.000167220366 -0.157262266079
v -1.131116051964 5.390616269525 0.068163597558
v -1.131116051964 5.506899228138 0.001027600100
v -1.131116051964 5.000167220366 -0.291534260994
v -1.131116051964 5.000167220366 -0.157262266079
v -1.765386735309 5.000167220366 -0.157262266079
v -1.765386735309 5.000167220366 -0.291534260994
v -1.765386735309 4.493435212594 0.001027600100
v -1.765386735309 4.609718171207 0.068163597558
v -1.131116051964 5.000167220366 -0.157262266079
v -1.131116051964 5.000167220366 -0.291534260994
v -1.131116051964 4.493435212594 0.001027600100
v -1.131116051964 4.609718171207 0.068163597558
v -1.765386735309 4.609718171207 0.068163597558
v -1.765386735309 4.493435212594 0.001027600100
v -1.765386735309 4.493435212594 0.586151322289
v -1.765386735309 4.609718171207 0.519015324832
v -1.131116051964 4.609718171207 0.068163597558
v -1.131116051964 4.493435212594 0.001027600100
v -1.131116051964 4.493435212594 0.586151322289
v -1.131116051964 4.609718171207 0.519015324832
v -1.765386735309 4.609718171207 0.519015324832
v -1.765386735309 4.493435212594 0.586151322289
v -1.765386735309 5.000167220366 0.878713183384
v -1.765386735309 5.000167220366 0.744441188469
v -1.131116051964 4.609718171207 0.519015324832
v -1.131116051964 4.493435212594 0.586151322289
v -1.131116051964 5.000167220366 0.878713183384
v -1.131116051964 5.000167220366 0.744441188469
v -1.849956159755 5.031880754533 0.811577185926
v -1.849956159755 5.480458124151 0.552583323561
v -1.849956159755 5.480458124151 0.034595598829
v -1.849956159755 5.031880754533 -0.224398263537
v -1.744244379198 5.031880754533 0.811577185926
v -1.744244379198 5.480458124151 0.552583323561
v -1.744244379198 5.480458124151 0.034595598829
v -1.744244379198 5.031880754533 -0.224398263537
v -1.733673201142 4.741173358001 0.034595598829
v -1.437680215581 4.741173358001 0.034595598829
v -1.437680215581 4.942025741060 0.034595598829
v -1.733673201142 4.942025741060 0.034595598829
v -1.733673201142 4.741173358001 0.246019159944
v -1.437680215581 4.741173358001 0.246019159944
v -1.437680215581 4.942025741060 0.246019159944
v -1.733673201142 4.942025741060 0.246019159944
v -1.427109037525 4.820457193419 0.050452365913
v -1.215685476410 4.820457193419 0.050452365913
v -1.215685476410 4.968453686199 0.050452365913
v -1.427109037525 4.968453686199 0.050452365913
v -1.427109037525 4.820457193419 0.230162392860
v -1.215685476410 4.820457193419 0.230162392860
v -1.215685476410 4.968453686199 0.230162392860
v -1.427109037525 4.968453686199 0.230162392860
v -1.733673201142 4.741173358001 0.341159762446
v -1.437680215581 4.741173358001 0.341159762446
v -1.437680215581 4.942025741060 0.341159762446
v -1.733673201142 4.942025741060 0.341159762446
v -1.733673201142 4.741173358001 0.552583323561
v -1.437680215581 4.741173358001 0.552583323561
v -1.437680215581 4.942025741060 0.552583323561
v -1.733673201142 4.942025741060 0.552583323561
v -1.427109037525 4.820457193419 0.357016529529
v -1.215685476410 4.820457193419 0.357016529529
v -1.215685476410 4.968453686199 0.357016529529
v -1.427109037525 4.968453686199 0.357016529529
v -1.427109037525 4.820457193419 0.536726556477
v -1.215685476410 4.820457193419 0.536726556477
v -1.215685476410 4.968453686199 0.536726556477
v -1.427109037525 4.968453686199 0.536726556477
v -1.226256654466 3.985334127015 0.811577185926
v -1.226256654466 4.433924655481 0.552583323561
v -1.226256654466 4.433924655481 0.034595598829
v -1.226256654466 3.985334127015 -0.224398263537
v -1.226256654466 3.536743598549 0.034595598829
v -1.226256654466 3.536743598549 0.552583323561
v -1.078260161686 3.985334127015 0.811577185926
v -1.078260161686 4.433924655481 0.552583323561
v -1.078260161686 4.433924655481 0.034595598829
v -1.078260161686 3.985334127015 -0.224398263537
v -1.078260161686 3.536743598549 0.034595598829
v -1.078260161686 3.536743598549 0.552583323561
v -1.765386735309 3.985334127015 0.744441188469
v -1.765386735309 3.985334127015 0.878713183384
v -1.765386735309 4.492066134787 0.586151322289
v -1.765386735309 4.375783176174 0.519015324832
v -1.131116051964 3.985334127015 0.744441188469
v -1.131116051964 3.985334127015 0.878713183384
v -1.131116051964 4.492066134787 0.586151322289
v -1.131116051964 4.375783176174 0.519015324832
v -1.765386735309 4.375783176174 0.519015324832
v -1.765386735309 4.492066134787 0.586151322289
v -1.765386735309 4.492066134787 0.001027600100
v -1.765386735309 4.375783176174 0.068163597558
v -1.131116051964 4.375783176174 0.519015324832
v -1.131116051964 4.492066134787 0.586151322289
v -1.131116051964 4.492066134787 0.001027600100
v -1.131116051964 4.375783176174 0.068163597558
v -1.765386735309 4.375783176174 0.068163597558
v -1.765386735309 4.492066134787 0.001027600100
v -1.765386735309 3.985334127015 -0.291534260994
v -1.765386735309 3.985334127015 -0.157262266079
v -1.131116051964 4.375783176174 0.068163597558
v -1.131116051964 4.492066134787 0.001027600100
v -1.131116051964 3.985334127015 -0.291534260994
v -1.131116051964 3.985334127015 -0.157262266079
v -1.765386735309 3.985334127015 -0.157262266079
v -1.765386735309 3.985334127015 -0.291534260994
v -1.765386735309 3.478602119243 0.001027600100
v -1.765386735309 3.594885077856 0.068163597558
v -1.131116051964 3.985334127015 -0.157262266079
v -1.131116051964 3.985334127015 -0.291534260994
v -1.131116051964 3.478602119243 0.001027600100
v -1.131116051964 3.594885077856 0.068163597558
v -1.765386735309 3.594885077856 0.068163597558
v -1.765386735309 3.478602119243 0.001027600100
v -1.765386735309 3.478602119243 0.586151322289
v -1.765386735309 3.594885077856 0.519015324832
v -1.131116051964 3.594885077856 0.068163597558
v -1.131116051964 3.478602119243 0.001027600100
v -1.131116051964 3.478602119243 0.586151322289
v -1.131116051964 3.594885077856 0.519015324832
v -1.765386735309 3.594885077856 0.519015324832
v -1.765386735309 3.478602119243 0.586151322289
v -1.765386735309 3.985334127015 0.878713183384
v -1.765386735309 3.985334127015 0.744441188469
v -1.131116051964 3.594885077856 0.519015324832
v -1.131116051964 3.478602119243 0.586151322289
v -1.131116051964 3.985334127015 0.878713183384
v -1.131116051964 3.985334127015 0.744441188469
v -1.849956159755 4.017047661182 0.811577185926
v -1.849956159755 4.465625030800 0.552583323561
v -1.849956159755 4.465625030800 0.034595598829
v -1.849956159755 4.017047661182 -0.224398263537
v -1.744244379198 4.017047661182 0.811577185926
v -1.744244379198 4.465625030800 0.552583323561
v -1.744244379198 4.465625030800 0.034595598829
v -1.744244379198 4.017047661182 -0.224398263537
v -1.733673201142 3.726340264649 0.034595598829
v -1.437680215581 3.726340264649 0.034595598829
v -1.437680215581 3.927192647708 0.034595598829
v -1.733673201142 3.927192647708 0.034595598829
v -1.733673201142 3.726340264649 0.246019159944
v -1.437680215581 3.726340264649 0.246019159944
v -1.437680215581 3.927192647708 0.246019159944
v -1.733673201142 3.927192647708 0.246019159944
v -1.427109037525 3.805624100067 0.050452365913
v -1.215685476410 3.805624100067 0.050452365913
v -1.215685476410 3.953620592848 0.050452365913
v -1.427109037525 3.953620592848 0.050452365913
v -1.427109037525 3.805624100067 0.230162392860
v -1.215685476410 3.805624100067 0.230162392860
v -1.215685476410 3.953620592848 0.230162392860
v -1.427109037525 3.953620592848 0.230162392860
v -1.733673201142 3.726340264649 0.341159762446
v -1.437680215581 3.726340264649 0.341159762446
v -1.437680215581 3.927192647708 0.341159762446
v -1.733673201142 3.927192647708 0.341159762446
v -1.733673201142 3.726340264649 0.552583323561
v -1.437680215581 3.726340264649 0.552583323561
v -1.437680215581 3.927192647708 0.552583323561
v -1.733673201142 3.927192647708 0.552583323561
v -1.427109037525 3.805624100067 0.357016529529
v -1.215685476410 3.805624100067 0.357016529529
v -1.215685476410 3.953620592848 0.357016529529
v -1.427109037525 3.953620592848 0.357016529529
v -1.427109037525 3.805624100067 0.536726556477
v -1.215685476410 3.805624100067 0.536726556477
v -1.215685476410 3.953620592848 0.536726556477
v -1.427109037525 3.953620592848 0.536726556477
v -1.226256654466 3.477917580339 1.690448425370
v -1.226256654466 3.926508108805 1.431454563004
v -1.226256654466 3.926508108805 0.913466838272
v -1.226256654466 3.477917580339 0.654472975907
v -1.226256654466 3.029327051873 0.913466838272
v -1.226256654466 3.029327051873 1.431454563004
v -1.078260161686 3.477917580339 1.690448425370
v -1.078260161686 3.926508108805 1.431454563004
v -1.078260161686 3.926508108805 0.913466838272
v -1.078260161686 3.477917580339 0.654472975907
v -1.078260161686 3.029327051873 0.913466838272
v -1.078260161686 3.029327051873 1.431454563004
v -1.765386735309 3.477917580339 1.623312427912
v -1.765386735309 3.477917580339 1.757584422827
v -1.765386735309 3.984649588111 1.465022561733
v -1.765386735309 3.868366629498 1.397886564275
v -1.131116051964 3.477917580339 1.623312427912
v -1.131116051964 3.477917580339 1.757584422827
v -1.131116051964 3.984649588111 1.465022561733
v -1.131116051964 3.868366629498 1.397886564275
v -1.765386735309 3.868366629498 1.397886564275
v -1.765386735309 3.984649588111 1.465022561733
v -1.765386735309 3.984649588111 0.879898839544
v -1.765386735309 3.868366629498 0.947034837001
v -1.131116051964 3.868366629498 1.397886564275
v -1.131116051964 3.984649588111 1.465022561733
v -1.131116051964 3.984649588111 0.879898839544
v -1.131116051964 3.868366629498 0.947034837001
v -1.765386735309 3.868366629498 0.947034837001
v -1.765386735309 3.984649588111 0.879898839544
v -1.765386735309 3.477917580339 0.587336978449
v -1.765386735309 3.477917580339 0.721608973364
v -1.131116051964 3.868366629498 0.947034837001
v -1.131116051964 3.984649588111 0.879898839544
v -1.131116051964 3.477917580339 0.587336978449
v -1.131116051964 3.477917580339 0.721608973364
v -1.765386735309 3.477917580339 0.721608973364
v -1.765386735309 3.477917580339 0.587336978449
v -1.765386735309 2.971185572567 0.879898839544
v -1.765386735309 3.087468531180 0.947034837001
v -1.131116051964 3.477917580339 0.721608973364
v -1.131116051964 3.477917580339 0.587336978449
v -1.131116051964 2.971185572567 0.879898839544
v -1.131116051964 3.087468531180 0.947034837001
v -1.765386735309 3.087468531180 0.947034837001
v -1.765386735309 2.971185572567 0.879898839544
v -1.765386735309 2.971185572567 1.465022561733
v -1.765386735309 3.087468531180 1.397886564275
v -1.131116051964 3.087468531180 0.947034837001
v -1.131116051964 2.971185572567 0.879898839544
v -1.131116051964 2.971185572567 1.465022561733
v -1.131116051964 3.087468531180 1.397886564275
v -1.765386735309 3.087468531180 1.397886564275
v -1.765386735309 2.971185572567 1.465022561733
v -1.765386735309 3.477917580339 1.757584422827
v -1.765386735309 3.477917580339 1.623312427912
v -1.131116051964 3.087468531180 1.397886564275
v -1.131116051964 2.971185572567 1.465022561733
v -1.131116051964 3.477917580339 1.757584422827
v -1.131116051964 3.477917580339 1.623312427912
v -1.849956159755 3.509631114507 1.690448425370
v -1.849956159755 3.958208484124 1.431454563004
v -1.849956159755 3.958208484124 0.913466838272
v -1.849956159755 3.509631114507 0.654472975907
v -1.744244379198 3.509631114507 1.690448425370
v -1.744244379198 3.958208484124 1.431454563004
v -1.744244379198 3.958208484124 0.913466838272
v -1.744244379198 3.509631114507 0.654472975907
v -1.733673201142 3.366920210754 0.913466838272
v -1.437680215581 3.366920210754 0.913466838272
v -1.437680215581 3.567772593813 0.913466838272
v -1.733673201142 3.567772593813 0.913466838272
v -1.733673201142 3.366920210754 1.124890399387
v -1.437680215581 3.366920210754 1.124890399387
v -1.437680215581 3.567772593813 1.124890399387
v -1.733673201142 3.567772593813 1.124890399387
v -1.427109037525 3.446204046172 0.929323605356
v -1.215685476410 3.446204046172 0.929323605356
v -1.215685476410 3.594200538952 0.929323605356
v -1.427109037525 3.594200538952 0.929323605356
v -1.427109037525 3.446204046172 1.109033632304
v -1.215685476410 3.446204046172 1.109033632304
v -1.215685476410 3.594200538952 1.109033632304
v -1.427109037525 3.594200538952 1.109033632304
v -1.733673201142 3.366920210754 1.220031001889
v -1.437680215581 3.366920210754 1.220031001889
v -1.437680215581 3.567772593813 1.220031001889
v -1.733673201142 3.567772593813 1.220031001889
v -1.733673201142 3.366920210754 1.431454563004
v -1.437680215581 3.366920210754 1.431454563004
v -1.437680215581 3.567772593813 1.431454563004
v -1.733673201142 3.567772593813 1.431454563004
v -1.427109037525 3.446204046172 1.235887768973
v -1.215685476410 3.446204046172 1.235887768973
v -1.215685476410 3.594200538952 1.235887768973
v -1.427109037525 3.594200538952 1.235887768973
v -1.427109037525 3.446204046172 1.415597795920
v -1.215685476410 3.446204046172 1.415597795920
v -1.215685476410 3.594200538952 1.415597795920
v -1.427109037525 3.594200538952 1.415597795920
v -1.226256654466 3.985334127015 2.569319664813
v -1.226256654466 4.433924655481 2.310325802447
v -1.226256654466 4.433924655481 1.792338077716
v -1.226256654466 3.985334127015 1.533344215350
v -1.226256654466 3.536743598549 1.792338077716
v -1.226256654466 3.536743598549 2.310325802447
v -1.078260161686 3.985334127015 2.569319664813
v -1.078260161686 4.433924655481 2.310325802447
v -1.078260161686 4.433924655481 1.792338077716
v -1.078260161686 3.985334127015 1.533344215350
v -1.078260161686 3.536743598549 1.792338077716
v -1.078260161686 3.536743598549 2.310325802447
v -1.765386735309 3.985334127015 2.502183667355
v -1.765386735309 3.985334127015 2.636455662270
v -1.765386735309 4.492066134787 2.343893801176
v -1.765386735309 4.375783176174 2.276757803718
v -1.131116051964 3.985334127015 2.502183667355
v -1.131116051964 3.985334127015 2.636455662270
v -1.131116051964 4.492066134787 2.343893801176
v -1.131116051964 4.375783176174 2.276757803718
v -1.765386735309 4.375783176174 2.276757803718
v -1.765386735309 4.492066134787 2.343893801176
v -1.765386735309 4.492066134787 1.758770078987
v -1.765386735309 4.375783176174 1.825906076445
v -1.131116051964 4.375783176174 2.276757803718
v -1.131116051964 4.492066134787 2.343893801176
v -1.131116051964 4.492066134787 1.758770078987
v -1.131116051964 4.375783176174 1.825906076445
v -1.765386735309 4.375783176174 1.825906076445
v -1.765386735309 4.492066134787 1.758770078987
v -1.765386735309 3.985334127015 1.466208217893
v -1.765386735309 3.985334127015 1.600480212808
v -1.131116051964 4.375783176174 1.825906076445
v -1.131116051964 4.492066134787 1.758770078987
v -1.131116051964 3.985334127015 1.466208217893
v -1.131116051964 3.985334127015 1.600480212808
v -1.765386735309 3.985334127015 1.600480212808
v -1.765386735309 3.985334127015 1.466208217893
v -1.765386735309 3.478602119243 1.758770078987
v -1.765386735309 3.594885077856 1.825906076445
v -1.131116051964 3.985334127015 1.600480212808
v -1.131116051964 3.985334127015 1.466208217893
v -1.131116051964 3.478602119243 1.758770078987
v -1.131116051964 3.594885077856 1.825906076445
v -1.765386735309 3.594885077856 1.825906076445
v -1.765386735309 3.478602119243 1.758770078987
v -1.765386735309 3.478602119243 2.343893801176
v -1.765386735309 3.594885077856 2.276757803718
v -1.131116051964 3.594885077856 1.825906076445
v -1.131116051964 3.478602119243 1.758770078987
v -1.131116051964 3.478602119243 2.343893801176
v -1.131116051964 3.594885077856 2.276757803718
v -1.765386735309 3.594885077856 2.276757803718
v -1.765386735309 3.478602119243 2.343893801176
v -1.765386735309 3.985334127015 2.636455662270
v -1.765386735309 3.985334127015 2.502183667355
v -1.131116051964 3.594885077856 2.276757803718
v -1.131116051964 3.478602119243 2.343893801176
v -1.131116051964 3.985334127015 2.636455662270
v -1.131116051964 3.985334127015 2.502183667355
v -1.849956159755 4.017047661182 2.569319664813
v -1.849956159755 4.465625030800 2.310325802447
v -1.849956159755 4.465625030800 1.792338077716
v -1.849956159755 4.017047661182 1.533344215350
v -1.744244379198 4.017047661182 2.569319664813
v -1.744244379198 4.465625030800 2.310325802447
v -1.744244379198 4.465625030800 1.792338077716
v -1.744244379198 4.017047661182 1.533344215350
v -1.733673201142 3.726340264649 1.792338077716
v -1.437680215581 3.726340264649 1.792338077716
v -1.437680215581 3.927192647708 1.792338077716
v -1.733673201142 3.927192647708 1.792338077716
v -1.733673201142 3.726340264649 2.003761638831
v -1.437680215581 3.726340264649 2.003761638831
v -1.437680215581 3.927192647708 2.003761638831
v -1.733673201142 3.927192647708 2.003761638831
v -1.427109037525 3.805624100067 1.808194844799
v -1.215685476410 3.805624100067 1.808194844799
v -1.215685476410 3.953620592848 1.808194844799
v -1.427109037525 3.953620592848 1.808194844799
v -1.427109037525 3.805624100067 1.987904871747
v -1.215685476410 3.805624100067 1.987904871747
v -1.215685476410 3.953620592848 1.987904871747
v -1.427109037525 3.953620592848 1.987904871747
v -1.733673201142 3.726340264649 2.098902241332
v -1.437680215581 3.726340264649 2.098902241332
v -1.437680215581 3.927192647708 2.098902241332
v -1.733673201142 3.927192647708 2.098902241332
v -1.733673201142 3.726340264649 2.310325802447
v -1.437680215581 3.726340264649 2.310325802447
v -1.437680215581 3.927192647708 2.310325802447
v -1.733673201142 3.927192647708 2.310325802447
v -1.427109037525 3.805624100067 2.114759008416
v -1.215685476410 3.805624100067 2.114759008416
v -1.215685476410 3.953620592848 2.114759008416
v -1.427109037525 3.953620592848 2.114759008416
v -1.427109037525 3.805624100067 2.294469035364
v -1.215685476410 3.805624100067 2.294469035364
v -1.215685476410 3.953620592848 2.294469035364
v -1.427109037525 3.953620592848 2.294469035364
v 1.078260161686 4.492750673691 1.690448425370
v 1.078260161686 4.941341202156 1.431454563004
v 1.078260161686 4.941341202156 0.913466838272
v 1.078260161686 4.492750673691 0.654472975907
v 1.078260161686 4.044160145225 0.913466838272
v 1.078260161686 4.044160145225 1.431454563004
v 1.226256654466 4.492750673691 1.690448425370
v 1.226256654466 4.941341202156 1.431454563004
v 1.226256654466 4.941341202156 0.913466838272
v 1.226256654466 4.492750673691 0.654472975907
v 1.226256654466 4.044160145225 0.913466838272
v 1.226256654466 4.044160145225 1.431454563004
v 1.131116051964 4.492750673691 1.623312427912
v 1.131116051964 4.492750673691 1.757584422827
v 1.131116051964 4.999482681463 1.465022561733
v 1.131116051964 4.883199722850 1.397886564275
v 1.765386735309 4.492750673691 1.623312427912
v 1.765386735309 4.492750673691 1.757584422827
v 1.765386735309 4.999482681463 1.465022561733
v 1.765386735309 4.883199722850 1.397886564275
v 1.131116051964 4.883199722850 1.397886564275
v 1.131116051964 4.999482681463 1.465022561733
v 1.131116051964 4.999482681463 0.879898839544
v 1.131116051964 4.883199722850 0.947034837001
v 1.765386735309 4.883199722850 1.397886564275
v 1.765386735309 4.999482681463 1.465022561733
v 1.765386735309 4.999482681463 0.879898839544
v 1.765386735309 4.883199722850 0.947034837001
v 1.131116051964 4.883199722850 0.947034837001
v 1.131116051964 4.999482681463 0.879898839544
v 1.131116051964 4.492750673691 0.587336978449
v 1.131116051964 4.492750673691 0.721608973364
v 1.765386735309 4.883199722850 0.947034837001
v 1.765386735309 4.999482681463 0.879898839544
v 1.765386735309 4.492750673691 0.587336978449
v 1.765386735309 4.492750673691 0.721608973364
v 1.131116051964 4.492750673691 0.721608973364
v 1.131116051964 4.492750673691 0.587336978449
v 1.131116051964 3.986018665918 0.879898839544
v 1.131116051964 4.102301624531 0.947034837001
v 1.765386735309 4.492750673691 0.721608973364
v 1.765386735309 4.492750673691 0.587336978449
v 1.765386735309 3.986018665918 0.879898839544
v 1.765386735309 4.102301624531 0.947034837001
v 1.131116051964 4.102301624531 0.947034837001
v 1.131116051964 3.986018665918 0.879898839544
v 1.131116051964 3.986018665918 1.465022561733
v 1.131116051964 4.102301624531 1.397886564275
v 1.765386735309 4.102301624531 0.947034837001
v 1.765386735309 3.986018665918 0.879898839544
v 1.765386735309 3.986018665918 1.465022561733
v 1.765386735309 4.102301624531 1.397886564275
v 1.131116051964 4.102301624531 1.397886564275
v 1.131116051964 3.986018665918 1.465022561733
v 1.131116051964 4.492750673691 1.757584422827
v 1.131116051964 4.492750673691 1.623312427912
v 1.765386735309 4.102301624531 1.397886564275
v 1.765386735309 3.986018665918 1.465022561733
v 1.765386735309 4.492750673691 1.757584422827
v 1.765386735309 4.492750673691 1.623312427912
v 1.744244379198 4.524464207858 1.690448425370
v 1.744244379198 4.973041577475 1.431454563004
v 1.744244379198 4.973041577475 0.913466838272
v 1.744244379198 4.524464207858 0.654472975907
v 1.849956159755 4.524464207858 1.690448425370
v 1.849956159755 4.973041577475 1.431454563004
v 1.849956159755 4.973041577475 0.913466838272
v 1.849956159755 4.524464207858 0.654472975907
v 1.437680215581 4.233756811325 0.913466838272
v 1.733673201142 4.233756811325 0.913466838272
v 1.733673201142 4.434609194384 0.913466838272
v 1.437680215581 4.434609194384 0.913466838272
v 1.437680215581 4.233756811325 1.124890399387
v 1.733673201142 4.233756811325 1.124890399387
v 1.733673201142 4.434609194384 1.124890399387
v 1.437680215581 4.434609194384 1.124890399387
v 1.215685476410 4.313040646743 0.929323605356
v 1.427109037525 4.313040646743 0.929323605356
v 1.427109037525 4.461037139523 0.929323605356
v 1.215685476410 4.461037139523 0.929323605356
v 1.215685476410 4.313040646743 1.109033632304
v 1.427109037525 4.313040646743 1.109033632304
v 1.427109037525 4.461037139523 1.109033632304
v 1.215685476410 4.461037139523 1.109033632304
v 1.437680215581 4.233756811325 1.220031001889
v 1.733673201142 4.233756811325 1.220031001889
v 1.733673201142 4.434609194384 1.220031001889
v 1.437680215581 4.434609194384 1.220031001889
v 1.437680215581 4.233756811325 1.431454563004
v 1.733673201142 4.233756811325 1.431454563004
v 1.733673201142 4.434609194384 1.431454563004
v 1.437680215581 4.434609194384 1.431454563004
v 1.215685476410 4.313040646743 1.235887768973
v 1.427109037525 4.313040646743 1.235887768973
v 1.427109037525 4.461037139523 1.235887768973
v 1.215685476410 4.461037139523 1.235887768973
v 1.215685476410 4.313040646743 1.415597795920
v 1.427109037525 4.313040646743 1.415597795920
v 1.427109037525 4.461037139523 1.415597795920
v 1.215685476410 4.461037139523 1.415597795920
v 1.078260161686 5.000167220366 2.569319664813
v 1.078260161686 5.448757748832 2.310325802447
v 1.078260161686 5.448757748832 1.792338077716
v 1.078260161686 5.000167220366 1.533344215350
v 1.078260161686 4.551576691900 1.792338077716
v 1.078260161686 4.551576691900 2.310325802447
v 1.226256654466 5.000167220366 2.569319664813
v 1.226256654466 5.448757748832 2.310325802447
v 1.226256654466 5.448757748832 1.792338077716
v 1.226256654466 5.000167220366 1.533344215350
v 1.226256654466 4.551576691900 1.792338077716
v 1.226256654466 4.551576691900 2.310325802447
v 1.131116051964 5.000167220366 2.502183667355
v 1.131116051964 5.000167220366 2.636455662270
v 1.131116051964 5.506899228138 2.343893801176
v 1.131116051964 5.390616269525 2.276757803718
v 1.765386735309 5.000167220366 2.502183667355
v 1.765386735309 5.000167220366 2.636455662270
v 1.765386735309 5.506899228138 2.343893801176
v 1.765386735309 5.390616269525 2.276757803718
v 1.131116051964 5.390616269525 2.276757803718
v 1.131116051964 5.506899228138 2.343893801176
v 1.131116051964 5.506899228138 1.758770078987
v 1.131116051964 5.390616269525 1.825906076445
v 1.765386735309 5.390616269525 2.276757803718
v 1.765386735309 5.506899228138 2.343893801176
v 1.765386735309 5.506899228138 1.758770078987
v 1.765386735309 5.390616269525 1.825906076445
v 1.131116051964 5.390616269525 1.825906076445
v 1.131116051964 5.506899228138 1.758770078987
v 1.131116051964 5.000167220366 1.466208217893
v 1.131116051964 5.000167220366 1.600480212808
v 1.765386735309 5.390616269525 1.825906076445
v 1.765386735309 5.506899228138 1.758770078987
v 1.765386735309 5.000167220366 1.466208217893
v 1.765386735309 5.000167220366 1.600480212808
v 1.131116051964 5.000167220366 1.600480212808
v 1.131116051964 5.000167220366 1.466208217893
v 1.131116051964 4.493435212594 1.758770078987
v 1.131116051964 4.609718171207 1.825906076445
v 1.765386735309 5.000167220366 1.600480212808
v 1.765386735309 5.000167220366 1.466208217893
v 1.765386735309 4.493435212594 1.758770078987
v 1.765386735309 4.609718171207 1.825906076445
v 1.131116051964 4.609718171207 1.825906076445
v 1.131116051964 4.493435212594 1.758770078987
v 1.131116051964 4.493435212594 2.343893801176
v 1.131116051964 4.609718171207 2.276757803718
v 1.765386735309 4.609718171207 1.825906076445
v 1.765386735309 4.493435212594 1.758770078987
v 1.765386735309 4.493435212594 2.343893801176
v 1.765386735309 4.609718171207 2.276757803718
v 1.131116051964 4.609718171207 2.276757803718
v 1.131116051964 4.493435212594 2.343893801176
v 1.131116051964 5.000167220366 2.636455662270
v 1.131116051964 5.000167220366 2.502183667355
v 1.765386735309 4.609718171207 2.276757803718
v 1.765386735309 4.493435212594 2.343893801176
v 1.765386735309 5.000167220366 2.636455662270
v 1.765386735309 5.000167220366 2.502183667355
v 1.744244379198 5.031880754533 2.569319664813
v 1.744244379198 5.480458124151 2.310325802447
v 1.744244379198 5.480458124151 1.792338077716
v 1.744244379198 5.031880754533 1.533344215350
v 1.849956159755 5.031880754533 2.569319664813
v 1.849956159755 5.480458124151 2.310325802447
v 1.849956159755 5.480458124151 1.792338077716
v 1.849956159755 5.031880754533 1.533344215350
v 1.437680215581 4.741173358001 1.792338077716
v 1.733673201142 4.741173358001 1.792338077716
v 1.733673201142 4.942025741060 1.792338077716
v 1.437680215581 4.942025741060 1.792338077716
v 1.437680215581 4.741173358001 2.003761638831
v 1.733673201142 4.741173358001 2.003761638831
v 1.733673201142 4.942025741060 2.003761638831
v 1.437680215581 4.942025741060 2.003761638831
v 1.215685476410 4.820457193419 1.808194844799
v 1.427109037525 4.820457193419 1.808194844799
v 1.427109037525 4.968453686199 1.808194844799
v 1.215685476410 4.968453686199 1.808194844799
v 1.215685476410 4.820457193419 1.987904871747
v 1.427109037525 4.820457193419 1.987904871747
v 1.427109037525 4.968453686199 1.987904871747
v 1.215685476410 4.968453686199 1.987904871747
v 1.437680215581 4.741173358001 2.098902241332
v 1.733673201142 4.741173358001 2.098902241332
v 1.733673201142 4.942025741060 2.098902241332
v 1.437680215581 4.942025741060 2.098902241332
v 1.437680215581 4.741173358001 2.310325802447
v 1.733673201142 4.741173358001 2.310325802447
v 1.733673201142 4.942025741060 2.310325802447
v 1.437680215581 4.942025741060 2.310325802447
v 1.215685476410 4.820457193419 2.114759008416
v 1.427109037525 4.820457193419 2.114759008416
v 1.427109037525 4.968453686199 2.114759008416
v 1.215685476410 4.968453686199 2.114759008416
v 1.215685476410 4.820457193419 2.294469035364
v 1.427109037525 4.820457193419 2.294469035364
v 1.427109037525 4.968453686199 2.294469035364
v 1.215685476410 4.968453686199 2.294469035364
v 1.078260161686 5.507583767042 1.690448425370
v 1.078260161686 5.956174295508 1.431454563004
v 1.078260161686 5.956174295508 0.913466838272
v 1.078260161686 5.507583767042 0.654472975907
v 1.078260161686 5.058993238576 0.913466838272
v 1.078260161686 5.058993238576 1.431454563004
v 1.226256654466 5.507583767042 1.690448425370
v 1.226256654466 5.956174295508 1.431454563004
v 1.226256654466 5.956174295508 0.913466838272
v 1.226256654466 5.507583767042 0.654472975907
v 1.226256654466 5.058993238576 0.913466838272
v 1.226256654466 5.058993238576 1.431454563004
v 1.131116051964 5.507583767042 1.623312427912
v 1.131116051964 5.507583767042 1.757584422827
v 1.131116051964 6.014315774814 1.465022561733
v 1.131116051964 5.898032816201 1.397886564275
v 1.765386735309 5.507583767042 1.623312427912
v 1.765386735309 5.507583767042 1.757584422827
v 1.765386735309 6.014315774814 1.465022561733
v 1.765386735309 5.898032816201 1.397886564275
v 1.131116051964 5.898032816201 1.397886564275
v 1.131116051964 6.014315774814 1.465022561733
v 1.131116051964 6.014315774814 0.879898839544
v 1.131116051964 5.898032816201 0.947034837001
v 1.765386735309 5.898032816201 1.397886564275
v 1.765386735309 6.014315774814 1.465022561733
v 1.765386735309 6.014315774814 0.879898839544
v 1.765386735309 5.898032816201 0.947034837001
v 1.131116051964 5.898032816201 0.947034837001
v 1.131116051964 6.014315774814 0.879898839544
v 1.131116051964 5.507583767042 0.587336978449
v 1.131116051964 5.507583767042 0.721608973364
v 1.765386735309 5.898032816201 0.947034837001
v 1.765386735309 6.014315774814 0.879898839544
v 1.765386735309 5.507583767042 0.587336978449
v 1.765386735309 5.507583767042 0.721608973364
v 1.131116051964 5.507583767042 0.721608973364
v 1.131116051964 5.507583767042 0.587336978449
v 1.131116051964 5.000851759270 0.879898839544
v 1.131116051964 5.117134717883 0.947034837001
v 1.765386735309 5.507583767042 0.721608973364
v 1.765386735309 5.507583767042 0.587336978449
v 1.765386735309 5.000851759270 0.879898839544
v 1.765386735309 5.117134717883 0.947034837001
v 1.131116051964 5.117134717883 0.947034837001
v 1.131116051964 5.000851759270 0.879898839544
v 1.131116051964 5.000851759270 1.465022561733
v 1.131116051964 5.117134717883 1.397886564275
v 1.765386735309 5.117134717883 0.947034837001
v 1.765386735309 5.000851759270 0.879898839544
v 1.765386735309 5.000851759270 1.465022561733
v 1.765386735309 5.117134717883 1.397886564275
v 1.131116051964 5.117134717883 1.397886564275
v 1.131116051964 5.000851759270 1.465022561733
v 1.131116051964 5.507583767042 1.757584422827
v 1.131116051964 5.507583767042 1.623312427912
v 1.765386735309 5.117134717883 1.397886564275
v 1.765386735309 5.000851759270 1.465022561733
v 1.765386735309 5.507583767042 1.757584422827
v 1.765386735309 5.507583767042 1.623312427912
v 1.744244379198 5.539297301209 1.690448425370
v 1.744244379198 5.987874670826 1.431454563004
v 1.744244379198 5.987874670826 0.913466838272
v 1.744244379198 5.539297301209 0.654472975907
v 1.849956159755 5.539297301209 1.690448425370
v 1.849956159755 5.987874670826 1.431454563004
v 1.849956159755 5.987874670826 0.913466838272
v 1.849956159755 5.539297301209 0.654472975907
v 1.437680215581 5.248589904676 0.913466838272
v 1.733673201142 5.248589904676 0.913466838272
v 1.733673201142 5.449442287735 0.913466838272
v 1.437680215581 5.449442287735 0.913466838272
v 1.437680215581 5.248589904676 1.124890399387
v 1.733673201142 5.248589904676 1.124890399387
v 1.733673201142 5.449442287735 1.124890399387
v 1.437680215581 5.449442287735 1.124890399387
v 1.215685476410 5.327873740094 0.929323605356
v 1.427109037525 5.327873740094 0.929323605356
v 1.427109037525 5.475870232875 0.929323605356
v 1.215685476410 5.475870232875 0.929323605356
v 1.215685476410 5.327873740094 1.109033632304
v 1.427109037525 5.327873740094 1.109033632304
v 1.427109037525 5.475870232875 1.109033632304
v 1.215685476410 5.475870232875 1.109033632304
v 1.437680215581 5.248589904676 1.220031001889
v 1.733673201142 5.248589904676 1.220031001889
v 1.733673201142 5.449442287735 1.220031001889
v 1.437680215581 5.449442287735 1.220031001889
v 1.437680215581 5.248589904676 1.431454563004
v 1.733673201142 5.248589904676 1.431454563004
v 1.733673201142 5.449442287735 1.431454563004
v 1.437680215581 5.449442287735 1.431454563004
v 1.215685476410 5.327873740094 1.235887768973
v 1.427109037525 5.327873740094 1.235887768973
v 1.427109037525 5.475870232875 1.235887768973
v 1.215685476410 5.475870232875 1.235887768973
v 1.215685476410 5.327873740094 1.415597795920
v 1.427109037525 5.327873740094 1.415597795920
v 1.427109037525 5.475870232875 1.415597795920
v 1.215685476410 5.475870232875 1.415597795920
v 1.078260161686 5.000167220366 0.811577185926
v 1.078260161686 5.448757748832 0.552583323561
v 1.078260161686 5.448757748832 0.034595598829
v 1.078260161686 5.000167220366 -0.224398263537
v 1.078260161686 4.551576691900 0.034595598829
v 1.078260161686 4.551576691900 0.552583323561
v 1.226256654466 5.000167220366 0.811577185926
v 1.226256654466 5.448757748832 0.552583323561
v 1.226256654466 5.448757748832 0.034595598829
v 1.226256654466 5.000167220366 -0.224398263537
v 1.226256654466 4.551576691900 0.034595598829
v 1.226256654466 4.551576691900 0.552583323561
v 1.131116051964 5.000167220366 0.744441188469
v 1.131116051964 5.000167220366 0.878713183384
v 1.131116051964 5.506899228138 0.586151322289
v 1.131116051964 5.390616269525 0.519015324832
v 1.765386735309 5.000167220366 0.744441188469
v 1.765386735309 5.000167220366 0.878713183384
v 1.765386735309 5.506899228138 0.586151322289
v 1.765386735309 5.390616269525 0.519015324832
v 1.131116051964 5.390616269525 0.519015324832
v 1.131116051964 5.506899228138 0.586151322289
v 1.131116051964 5.506899228138 0.001027600100
v 1.131116051964 5.390616269525 0.068163597558
v 1.765386735309 5.390616269525 0.519015324832
v 1.765386735309 5.506899228138 0.586151322289
v 1.765386735309 5.506899228138 0.001027600100
v 1.765386735309 5.390616269525 0.068163597558
v 1.131116051964 5.390616269525 0.068163597558
v 1.131116051964 5.506899228138 0.001027600100
v 1.131116051964 5.000167220366 -0.291534260994
v 1.131116051964 5.000167220366 -0.157262266079
v 1.765386735309 5.390616269525 0.068163597558
v 1.765386735309 5.506899228138 0.001027600100
v 1.765386735309 5.000167220366 -0.291534260994
v 1.765386735309 5.000167220366 -0.157262266079
v 1.131116051964 5.000167220366 -0.157262266079
v 1.131116051964 5.000167220366 -0.291534260994
v 1.131116051964 4.493435212594 0.001027600100
v 1.131116051964 4.609718171207 0.068163597558
v 1.765386735309 5.000167220366 -0.157262266079
v 1.765386735309 5.000167220366 -0.291534260994
v 1.765386735309 4.493435212594 0.001027600100
v 1.765386735309 4.609718171207 0.068163597558
v 1.131116051964 4.609718171207 0.068163597558
v 1.131116051964 4.493435212594 0.001027600100
v 1.131116051964 4.493435212594 0.586151322289
v 1.131116051964 4.609718171207 0.519015324832
v 1.765386735309 4.609718171207 0.068163597558
v 1.765386735309 4.493435212594 0.001027600100
v 1.765386735309 4.493435212594 0.586151322289
v 1.765386735309 4.609718171207 0.519015324832
v 1.131116051964 4.609718171207 0.519015324832
v 1.131116051964 4.493435212594 0.586151322289
v 1.131116051964 5.000167220366 0.878713183384
v 1.131116051964 5.000167220366 0.744441188469
v 1.765386735309 4.609718171207 0.519015324832
v 1.765386735309 4.493435212594 0.586151322289
v 1.765386735309 5.000167220366 0.878713183384
v 1.765386735309 5.000167220366 0.744441188469
v 1.744244379198 5.031880754533 0.811577185926
v 1.744244379198 5.480458124151 0.552583323561
v 1.744244379198 5.480458124151 0.034595598829
v 1.744244379198 5.031880754533 -0.224398263537
v 1.849956159755 5.031880754533 0.811577185926
v 1.849956159755 5.480458124151 0.552583323561
v 1.849956159755 5.480458124151 0.034595598829
v 1.849956159755 5.031880754533 -0.224398263537
v 1.437680215581 4.741173358001 0.034595598829
v 1.733673201142 4.741173358001 0.034595598829
v 1.733673201142 4.942025741060 0.034595598829
v 1.437680215581 4.942025741060 0.034595598829
v 1.437680215581 4.741173358001 0.246019159944
v 1.733673201142 4.741173358001 0.246019159944
v 1.733673201142 4.942025741060 0.246019159944
v 1.437680215581 4.942025741060 0.246019159944
v 1.215685476410 4.820457193419 0.050452365913
v 1.427109037525 4.820457193419 0.050452365913
v 1.427109037525 4.968453686199 0.050452365913
v 1.215685476410 4.968453686199 0.050452365913
v 1.215685476410 4.820457193419 0.230162392860
v 1.427109037525 4.820457193419 0.230162392860
v 1.427109037525 4.968453686199 0.230162392860
v 1.215685476410 4.968453686199 0.230162392860
v 1.437680215581 4.741173358001 0.341159762446
v 1.733673201142 4.741173358001 0.341159762446
v 1.733673201142 4.942025741060 0.341159762446
v 1.437680215581 4.942025741060 0.341159762446
v 1.437680215581 4.741173358001 0.552583323561
v 1.733673201142 4.741173358001 0.552583323561
v 1.733673201142 4.942025741060 0.552583323561
v 1.437680215581 4.942025741060 0.552583323561
v 1.215685476410 4.820457193419 0.357016529529
v 1.427109037525 4.820457193419 0.357016529529
v 1.427109037525 4.968453686199 0.357016529529
v 1.215685476410 4.968453686199 0.357016529529
v 1.215685476410 4.820457193419 0.536726556477
v 1.427109037525 4.820457193419 0.536726556477
v 1.427109037525 4.968453686199 0.536726556477
v 1.215685476410 4.968453686199 0.536726556477
v 1.078260161686 3.985334127015 0.811577185926
v 1.078260161686 4.433924655481 0.552583323561
v 1.078260161686 4.433924655481 0.034595598829
v 1.078260161686 3.985334127015 -0.224398263537
v 1.078260161686 3.536743598549 0.034595598829
v 1.078260161686 3.536743598549 0.552583323561
v 1.226256654466 3.985334127015 0.811577185926
v 1.226256654466 4.433924655481 0.552583323561
v 1.226256654466 4.433924655481 0.034595598829
v 1.226256654466 3.985334127015 -0.224398263537
v 1.226256654466 3.536743598549 0.034595598829
v 1.226256654466 3.536743598549 0.552583323561
v 1.131116051964 3.985334127015 0.744441188469
v 1.131116051964 3.985334127015 0.878713183384
v 1.131116051964 4.492066134787 0.586151322289
v 1.131116051964 4.375783176174 0.519015324832
v 1.765386735309 3.985334127015 0.744441188469
v 1.765386735309 3.985334127015 0.878713183384
v 1.765386735309 4.492066134787 0.586151322289
v 1.765386735309 4.375783176174 0.519015324832
v 1.131116051964 4.375783176174 0.519015324832
v 1.131116051964 4.492066134787 0.586151322289
v 1.131116051964 4.492066134787 0.001027600100
v 1.131116051964 4.375783176174 0.068163597558
v 1.765386735309 4.375783176174 0.519015324832
v 1.765386735309 4.492066134787 0.586151322289
v 1.765386735309 4.492066134787 0.001027600100
v 1.765386735309 4.375783176174 0.068163597558
v 1.131116051964 4.375783176174 0.068163597558
v 1.131116051964 4.492066134787 0.001027600100
v 1.131116051964 3.985334127015 -0.291534260994
v 1.131116051964 3.985334127015 -0.157262266079
v 1.765386735309 4.375783176174 0.068163597558
v 1.765386735309 4.492066134787 0.001027600100
v 1.765386735309 3.985334127015 -0.291534260994
v 1.765386735309 3.985334127015 -0.157262266079
v 1.131116051964 3.985334127015 -0.157262266079
v 1.131116051964 3.985334127015 -0.291534260994
v 1.131116051964 3.478602119243 0.001027600100
v 1.131116051964 3.594885077856 0.068163597558
v 1.765386735309 3.985334127015 -0.157262266079
v 1.765386735309 3.985334127015 -0.291534260994
v 1.765386735309 3.478602119243 0.001027600100
v 1.765386735309 3.594885077856 0.068163597558
v 1.131116051964 3.594885077856 0.068163597558
v 1.131116051964 3.478602119243 0.001027600100
v 1.131116051964 3.478602119243 0.586151322289
v 1.131116051964 3.594885077856 0.519015324832
v 1.765386735309 3.594885077856 0.068163597558
v 1.765386735309 3.478602119243 0.001027600100
v 1.765386735309 3.478602119243 0.586151322289
v 1.765386735309 3.594885077856 0.519015324832
v 1.131116051964 3.594885077856 0.519015324832
v 1.131116051964 3.478602119243 0.586151322289
v 1.131116051964 3.985334127015 0.878713183384
v 1.131116051964 3.985334127015 0.744441188469
v 1.765386735309 3.594885077856 0.519015324832
v 1.765386735309 3.478602119243 0.586151322289
v 1.765386735309 3.985334127015 0.878713183384
v 1.765386735309 3.985334127015 0.744441188469
v 1.744244379198 4.017047661182 0.811577185926
v 1.744244379198 4.465625030800 0.552583323561
v 1.744244379198 4.465625030800 0.034595598829
v 1.744244379198 4.017047661182 -0.224398263537
v 1.849956159755 4.017047661182 0.811577185926
v 1.849956159755 4.465625030800 0.552583323561
v 1.849956159755 4.465625030800 0.034595598829
v 1.849956159755 4.017047661182 -0.224398263537
v 1.437680215581 3.726340264649 0.034595598829
v 1.733673201142 3.726340264649 0.034595598829
v 1.733673201142 3.927192647708 0.034595598829
v 1.437680215581 3.927192647708 0.034595598829
v 1.437680215581 3.726340264649 0.246019159944
v 1.733673201142 3.726340264649 0.246019159944
v 1.733673201142 3.927192647708 0.246019159944
v 1.437680215581 3.927192647708 0.246019159944
v 1.215685476410 3.805624100067 0.050452365913
v 1.427109037525 3.805624100067 0.050452365913
v 1.427109037525 3.953620592848 0.050452365913
v 1.215685476410 3.953620592848 0.050452365913
v 1.215685476410 3.805624100067 0.230162392860
v 1.427109037525 3.805624100067 0.230162392860
v 1.427109037525 3.953620592848 0.230162392860
v 1.215685476410 3.953620592848 0.230162392860
v 1.437680215581 3.726340264649 0.341159762446
v 1.733673201142 3.726340264649 0.341159762446
v 1.733673201142 3.927192647708 0.341159762446
v 1.437680215581 3.927192647708 0.341159762446
v 1.437680215581 3.726340264649 0.552583323561
v 1.733673201142 3.726340264649 0.552583323561
v 1.733673201142 3.927192647708 0.552583323561
v 1.437680215581 3.927192647708 0.552583323561
v 1.215685476410 3.805624100067 0.357016529529
v 1.427109037525 3.805624100067 0.357016529529
v 1.427109037525 3.953620592848 0.357016529529
v 1.215685476410 3.953620592848 0.357016529529
v 1.215685476410 3.805624100067 0.536726556477
v 1.427109037525 3.805624100067 0.536726556477
v 1.427109037525 3.953620592848 0.536726556477
v 1.215685476410 3.953620592848 0.536726556477
v 1.078260161686 3.477917580339 1.690448425370
v 1.078260161686 3.926508108805 1.431454563004
v 1.078260161686 3.926508108805 0.913466838272
v 1.078260161686 3.477917580339 0.654472975907
v 1.078260161686 3.029327051873 0.913466838272
v 1.078260161686 3.029327051873 1.431454563004
v 1.226256654466 3.477917580339 1.690448425370
v 1.226256654466 3.926508108805 1.431454563004
v 1.226256654466 3.926508108805 0.913466838272
v 1.226256654466 3.477917580339 0.654472975907
v 1.226256654466 3.029327051873 0.913466838272
v 1.226256654466 3.029327051873 1.431454563004
v 1.131116051964 3.477917580339 1.623312427912
v 1.131116051964 3.477917580339 1.757584422827
v 1.131116051964 3.984649588111 1.465022561733
v 1.131116051964 3.868366629498 1.397886564275
v 1.765386735309 3.477917580339 1.623312427912
v 1.765386735309 3.477917580339 1.757584422827
v 1.765386735309 3.984649588111 1.465022561733
v 1.765386735309 3.868366629498 1.397886564275
v 1.131116051964 3.868366629498 1.397886564275
v 1.131116051964 3.984649588111 1.465022561733
v 1.131116051964 3.984649588111 0.879898839544
v 1.131116051964 3.868366629498 0.947034837001
v 1.765386735309 3.868366629498 1.397886564275
v 1.765386735309 3.984649588111 1.465022561733
v 1.765386735309 3.984649588111 0.879898839544
v 1.765386735309 3.868366629498 0.947034837001
v 1.131116051964 3.868366629498 0.947034837001
v 1.131116051964 3.984649588111 0.879898839544
v 1.131116051964 3.477917580339 0.587336978449
v 1.131116051964 3.477917580339 0.721608973364
v 1.765386735309 3.868366629498 0.947034837001
v 1.765386735309 3.984649588111 0.879898839544
v 1.765386735309 3.477917580339 0.587336978449
v 1.765386735309 3.477917580339 0.721608973364
v 1.131116051964 3.477917580339 0.721608973364
v 1.131116051964 3.477917580339 0.587336978449
v 1.131116051964 2.971185572567 0.879898839544
v 1.131116051964 3.087468531180 0.947034837001
v 1.765386735309 3.477917580339 0.721608973364
v 1.765386735309 3.477917580339 0.587336978449
v 1.765386735309 2.971185572567 0.879898839544
v 1.765386735309 3.087468531180 0.947034837001
v 1.131116051964 3.087468531180 0.947034837001
v 1.131116051964 2.971185572567 0.879898839544
v 1.131116051964 2.971185572567 1.465022561733
v 1.131116051964 3.087468531180 1.397886564275
v 1.765386735309 3.087468531180 0.947034837001
v 1.765386735309 2.971185572567 0.879898839544
v 1.765386735309 2.971185572567 1.465022561733
v 1.765386735309 3.087468531180 1.397886564275
v 1.131116051964 3.087468531180 1.397886564275
v 1.131116051964 2.971185572567 1.465022561733
v 1.131116051964 3.477917580339 1.757584422827
v 1.131116051964 3.477917580339 1.623312427912
v 1.765386735309 3.087468531180 1.397886564275
v 1.765386735309 2.971185572567 1.465022561733
v 1.765386735309 3.477917580339 1.757584422827
v 1.765386735309 3.477917580339 1.623312427912
v 1.744244379198 3.509631114507 1.690448425370
v 1.744244379198 3.958208484124 1.431454563004
v 1.744244379198 3.958208484124 0.913466838272
v 1.744244379198 3.509631114507 0.654472975907
v 1.849956159755 3.509631114507 1.690448425370
v 1.849956159755 3.958208484124 1.431454563004
v 1.849956159755 3.958208484124 0.913466838272
v 1.849956159755 3.509631114507 0.654472975907
v 1.437680215581 3.366920210754 0.913466838272
v 1.733673201142 3.366920210754 0.913466838272
v 1.733673201142 3.567772593813 0.913466838272
v 1.437680215581 3.567772593813 0.913466838272
v 1.437680215581 3.366920210754 1.124890399387
v 1.733673201142 3.366920210754 1.124890399387
v 1.733673201142 3.567772593813 1.124890399387
v 1.437680215581 3.567772593813 1.124890399387
v 1.215685476410 3.446204046172 0.929323605356
v 1.427109037525 3.446204046172 0.929323605356
v 1.427109037525 3.594200538952 0.929323605356
v 1.215685476410 3.594200538952 0.929323605356
v 1.215685476410 3.446204046172 1.109033632304
v 1.427109037525 3.446204046172 1.109033632304
v 1.427109037525 3.594200538952 1.109033632304
v 1.215685476410 3.594200538952 1.109033632304
v 1.437680215581 3.366920210754 1.220031001889
v 1.733673201142 3.366920210754 1.220031001889
v 1.733673201142 3.567772593813 1.220031001889
v 1.437680215581 3.567772593813 1.220031001889
v 1.437680215581 3.366920210754 1.431454563004
v 1.733673201142 3.366920210754 1.431454563004
v 1.733673201142 3.567772593813 1.431454563004
v 1.437680215581 3.567772593813 1.431454563004
v 1.215685476410 3.446204046172 1.235887768973
v 1.427109037525 3.446204046172 1.235887768973
v 1.427109037525 3.594200538952 1.235887768973
v 1.215685476410 3.594200538952 1.235887768973
v 1.215685476410 3.446204046172 1.415597795920
v 1.427109037525 3.446204046172 1.415597795920
v 1.427109037525 3.594200538952 1.415597795920
v 1.215685476410 3.594200538952 1.415597795920
v 1.078260161686 3.985334127015 2.569319664813
v 1.078260161686 4.433924655481 2.310325802447
v 1.078260161686 4.433924655481 1.792338077716
v 1.078260161686 3.985334127015 1.533344215350
v 1.078260161686 3.536743598549 1.792338077716
v 1.078260161686 3.536743598549 2.310325802447
v 1.226256654466 3.985334127015 2.569319664813
v 1.226256654466 4.433924655481 2.310325802447
v 1.226256654466 4.433924655481 1.792338077716
v 1.226256654466 3.985334127015 1.533344215350
v 1.226256654466 3.536743598549 1.792338077716
v 1.226256654466 3.536743598549 2.310325802447
v 1.131116051964 3.985334127015 2.502183667355
v 1.131116051964 3.985334127015 2.636455662270
v 1.131116051964 4.492066134787 2.343893801176
v 1.131116051964 4.375783176174 2.276757803718
v 1.765386735309 3.985334127015 2.502183667355
v 1.765386735309 3.985334127015 2.636455662270
v 1.765386735309 4.492066134787 2.343893801176
v 1.765386735309 4.375783176174 2.276757803718
v 1.131116051964 4.375783176174 2.276757803718
v 1.131116051964 4.492066134787 2.343893801176
v 1.131116051964 4.492066134787 1.758770078987
v 1.131116051964 4.375783176174 1.825906076445
v 1.765386735309 4.375783176174 2.276757803718
v 1.765386735309 4.492066134787 2.343893801176
v 1.765386735309 4.492066134787 1.758770078987
v 1.765386735309 4.375783176174 1.825906076445
v 1.131116051964 4.375783176174 1.825906076445
v 1.131116051964 4.492066134787 1.758770078987
v 1.131116051964 3.985334127015 1.466208217893
v 1.131116051964 3.985334127015 1.600480212808
v 1.765386735309 4.375783176174 1.825906076445
v 1.765386735309 4.492066134787 1.758770078987
v 1.765386735309 3.985334127015 1.466208217893
v 1.765386735309 3.985334127015 1.600480212808
v 1.131116051964 3.985334127015 1.600480212808
v 1.131116051964 3.985334127015 1.466208217893
v 1.131116051964 3.478602119243 1.758770078987
v 1.131116051964 3.594885077856 1.825906076445
v 1.765386735309 3.985334127015 1.600480212808
v 1.765386735309 3.985334127015 1.466208217893
v 1.765386735309 3.478602119243 1.758770078987
v 1.765386735309 3.594885077856 1.825906076445
v 1.131116051964 3.594885077856 1.825906076445
v 1.131116051964 3.478602119243 1.758770078987
v 1.131116051964 3.478602119243 2.343893801176
v 1.131116051964 3.594885077856 2.276757803718
v 1.765386735309 3.594885077856 1.825906076445
v 1.765386735309 3.478602119243 1.758770078987
v 1.765386735309 3.478602119243 2.343893801176
v 1.765386735309 3.594885077856 2.276757803718
v 1.131116051964 3.594885077856 2.276757803718
v 1.131116051964 3.478602119243 2.343893801176
v 1.131116051964 3.985334127015 2.636455662270
v 1.131116051964 3.985334127015 2.502183667355
v 1.765386735309 3.594885077856 2.276757803718
v 1.765386735309 3.478602119243 2.343893801176
v 1.765386735309 3.985334127015 2.636455662270
v 1.765386735309 3.985334127015 2.502183667355
v 1.744244379198 4.017047661182 2.569319664813
v 1.744244379198 4.465625030800 2.310325802447
v 1.744244379198 4.465625030800 1.792338077716
v 1.744244379198 4.017047661182 1.533344215350
v 1.849956159755 4.017047661182 2.569319664813
v 1.849956159755 4.465625030800 2.310325802447
v 1.849956159755 4.465625030800 1.792338077716
v 1.849956159755 4.017047661182 1.533344215350
v 1.437680215581 3.726340264649 1.792338077716
v 1.733673201142 3.726340264649 1.792338077716
v 1.733673201142 3.927192647708 1.792338077716
v 1.437680215581 3.927192647708 1.792338077716
v 1.437680215581 3.726340264649 2.003761638831
v 1.733673201142 3.726340264649 2.003761638831
v 1.733673201142 3.927192647708 2.003761638831
v 1.437680215581 3.927192647708 2.003761638831
v 1.215685476410 3.805624100067 1.808194844799
v 1.427109037525 3.805624100067 1.808194844799
v 1.427109037525 3.953620592848 1.808194844799
v 1.215685476410 3.953620592848 1.808194844799
v 1.215685476410 3.805624100067 1.987904871747
v 1.427109037525 3.805624100067 1.987904871747
v 1.427109037525 3.953620592848 1.987904871747
v 1.215685476410 3.953620592848 1.987904871747
v 1.437680215581 3.726340264649 2.098902241332
v 1.733673201142 3.726340264649 2.098902241332
v 1.733673201142 3.927192647708 2.098902241332
v 1.437680215581 3.927192647708 2.098902241332
v 1.437680215581 3.726340264649 2.310325802447
v 1.733673201142 3.726340264649 2.310325802447
v 1.733673201142 3.927192647708 2.310325802447
v 1.437680215581 3.927192647708 2.310325802447
v 1.215685476410 3.805624100067 2.114759008416
v 1.427109037525 3.805624100067 2.114759008416
v 1.427109037525 3.953620592848 2.114759008416
v 1.215685476410 3.953620592848 2.114759008416
v 1.215685476410 3.805624100067 2.294469035364
v 1.427109037525 3.805624100067 2.294469035364
v 1.427109037525 3.953620592848 2.294469035364
v 1.215685476410 3.953620592848 2.294469035364
vt 0.077131102323 0.996093750000
vt 0.143771110240 0.996093750000
vt 0.180080391223 0.950229395075
vt 0.164789460911 0.885367402310
vt 0.106855538900 0.839503047384
vt 0.040215530983 0.839503047384
vt 0.003906250000 0.885367402310
vt 0.019197180312 0.950229395075
vt 0.077131102323 0.996093750000
vt 0.143771110240 0.996093750000
vt 0.180080391223 0.950229395075
vt 0.164789460911 0.885367402310
vt 0.106855538900 0.839503047384
vt 0.040215530983 0.839503047384
vt 0.003906250000 0.885367402310
vt 0.019197180312 0.950229395075
vt 0.003906250000 0.996093750000
vt 0.090622944989 0.996093750000
vt 0.090622944989 0.929453742083
vt 0.003906250000 0.929453742083
vt 0.003906250000 0.996093750000
vt 0.090622944989 0.996093750000
vt 0.090622944989 0.937596716415
vt 0.003906250000 0.937596716415
vt 0.003906250000 0.996093750000
vt 0.090622944989 0.996093750000
vt 0.090622944989 0.929453742083
vt 0.003906250000 0.929453742083
vt 0.003906250000 0.996093750000
vt 0.090622944989 0.996093750000
vt 0.090622944989 0.922202760209
vt 0.003906250000 0.922202760209
vt 0.003906250000 0.996093750000
vt 0.090622944989 0.996093750000
vt 0.090622944989 0.929453742082
vt 0.003906250000 0.929453742082
vt 0.003906250000 0.996093750000
vt 0.090622944989 0.996093750000
vt 0.090622944989 0.937596716415
vt 0.003906250000 0.937596716415
vt 0.003906250000 0.996093750000
vt 0.090622944989 0.996093750000
vt 0.090622944989 0.929453742082
vt 0.003906250000 0.929453742082
vt 0.003906250000 0.996093750000
vt 0.090622944989 0.996093750000
vt 0.090622944989 0.922202760209
vt 0.003906250000 0.922202760209
vt 0.068216462702 0.828125000000
vt 0.126199002100 0.828125000000
vt 0.157543379198 0.788278301989
vt 0.143888482995 0.731926561246
vt 0.093233166496 0.692079863235
vt 0.035250627098 0.692079863235
vt 0.003906250000 0.731926561246
vt 0.017561146202 0.788278301989
vt 0.068216462702 0.828125000000
vt 0.126199002100 0.828125000000
vt 0.157543379198 0.788278301989
vt 0.143888482995 0.731926561246
vt 0.093233166496 0.692079863235
vt 0.035250627098 0.692079863235
vt 0.003906250000 0.731926561246
vt 0.017561146202 0.788278301989
vt 0.003906250000 0.828125000000
vt 0.047016835509 0.828125000000
vt 0.047016835509 0.770142460602
vt 0.003906250000 0.770142460602
vt 0.003906250000 0.828125000000
vt 0.047016835509 0.828125000000
vt 0.047016835509 0.777427570893
vt 0.003906250000 0.777427570893
vt 0.003906250000 0.828125000000
vt 0.047016835509 0.828125000000
vt 0.047016835509 0.770142460602
vt 0.003906250000 0.770142460602
vt 0.003906250000 0.828125000000
vt 0.047016835509 0.828125000000
vt 0.047016835509 0.763675636682
vt 0.003906250000 0.763675636682
vt 0.003906250000 0.828125000000
vt 0.047016835509 0.828125000000
vt 0.047016835509 0.770142460602
vt 0.003906250000 0.770142460602
vt 0.003906250000 0.828125000000
vt 0.047016835509 0.828125000000
vt 0.047016835509 0.777427570893
vt 0.003906250000 0.777427570893
vt 0.003906250000 0.828125000000
vt 0.047016835509 0.828125000000
vt 0.047016835509 0.770142460602
vt 0.003906250000 0.770142460602
vt 0.003906250000 0.828125000000
vt 0.047016835509 0.828125000000
vt 0.047016835509 0.763675636682
vt 0.003906250000 0.763675636682
vt 0.205559785810 0.996093750000
vt 0.259441075963 0.996093750000
vt 0.321487191444 0.966459784397
vt 0.355352359298 0.924551028334
vt 0.341198823487 0.894917062731
vt 0.287317533335 0.894917062731
vt 0.225271417854 0.924551028334
vt 0.191406250000 0.966459784397
vt 0.205559785810 0.996093750000
vt 0.259441075963 0.996093750000
vt 0.321487191444 0.966459784397
vt 0.355352359298 0.924551028334
vt 0.341198823487 0.894917062732
vt 0.287317533335 0.894917062731
vt 0.225271417854 0.924551028334
vt 0.191406250000 0.966459784397
vt 0.191406250000 0.996093750000
vt 0.243931790964 0.996093750000
vt 0.243931790964 0.942212459848
vt 0.191406250000 0.942212459848
vt 0.191406250000 0.996093750000
vt 0.243931790964 0.996093750000
vt 0.243931790964 0.927334078944
vt 0.191406250000 0.927334078944
vt 0.191406250000 0.996093750000
vt 0.243931790964 0.996093750000
vt 0.243931790964 0.942212459848
vt 0.191406250000 0.942212459848
vt 0.191406250000 0.996093750000
vt 0.243931790964 0.996093750000
vt 0.243931790964 0.963253310093
vt 0.191406250000 0.963253310093
vt 0.191406250000 0.996093750000
vt 0.243931790964 0.996093750000
vt 0.243931790964 0.942212459848
vt 0.191406250000 0.942212459848
vt 0.191406250000 0.996093750000
vt 0.243931790964 0.996093750000
vt 0.243931790964 0.927334078944
vt 0.191406250000 0.927334078944
vt 0.191406250000 0.996093750000
vt 0.243931790964 0.996093750000
vt 0.243931790964 0.942212459848
vt 0.191406250000 0.942212459848
vt 0.191406250000 0.996093750000
vt 0.243931790964 0.996093750000
vt 0.243931790964 0.963253310093
vt 0.191406250000 0.963253310093
vt 0.200118130221 0.996093750000
vt 0.241492981282 0.996093750000
vt 0.291293976572 0.975264436381
vt 0.320348368470 0.945807338565
vt 0.311636488249 0.924978024945
vt 0.270261637189 0.924978024945
vt 0.220460641898 0.945807338565
vt 0.191406250000 0.975264436380
vt 0.200118130221 0.996093750000
vt 0.241492981282 0.996093750000
vt 0.291293976572 0.975264436381
vt 0.320348368470 0.945807338565
vt 0.311636488249 0.924978024945
vt 0.270261637189 0.924978024945
vt 0.220460641898 0.945807338565
vt 0.191406250000 0.975264436380
vt 0.191406250000 0.996093750000
vt 0.232039215652 0.996093750000
vt 0.232039215652 0.954718898939
vt 0.191406250000 0.954718898939
vt 0.191406250000 0.996093750000
vt 0.232039215652 0.996093750000
vt 0.232039215652 0.942112276903
vt 0.191406250000 0.942112276903
vt 0.191406250000 0.996093750000
vt 0.232039215652 0.996093750000
vt 0.232039215652 0.954718898939
vt 0.191406250000 0.954718898939
vt 0.191406250000 0.996093750000
vt 0.232039215652 0.996093750000
vt 0.232039215652 0.973515947564
vt 0.191406250000 0.973515947564
vt 0.191406250000 0.996093750000
vt 0.232039215652 0.996093750000
vt 0.232039215652 0.954718898939
vt 0.191406250000 0.954718898939
vt 0.191406250000 0.996093750000
vt 0.232039215652 0.996093750000
vt 0.232039215652 0.942112276903
vt 0.191406250000 0.942112276903
vt 0.191406250000 0.996093750000
vt 0.232039215652 0.996093750000
vt 0.232039215652 0.954718898939
vt 0.191406250000 0.954718898939
vt 0.191406250000 0.996093750000
vt 0.232039215652 0.996093750000
vt 0.232039215652 0.973515947564
vt 0.191406250000 0.973515947564
vt 0.217802393289 0.996093750000
vt 0.232348573244 0.996093750000
vt 0.235961112654 0.988266581279
vt 0.226523834927 0.977197293118
vt 0.209564969364 0.969370124397
vt 0.195018789410 0.969370124397
vt 0.191406250000 0.977197293118
vt 0.200843527727 0.988266581279
vt 0.217802393289 0.996093750000
vt 0.232348573244 0.996093750000
vt 0.235961112654 0.988266581279
vt 0.226523834927 0.977197293118
vt 0.209564969364 0.969370124397
vt 0.195018789410 0.969370124397
vt 0.191406250000 0.977197293118
vt 0.200843527727 0.988266581279
vt 0.191406250000 0.996093750000
vt 0.234021311537 0.996093750000
vt 0.234021311537 0.981547570045
vt 0.191406250000 0.981547570045
vt 0.191406250000 0.996093750000
vt 0.234021311537 0.996093750000
vt 0.234021311537 0.987473134524
vt 0.191406250000 0.987473134524
vt 0.191406250000 0.996093750000
vt 0.234021311537 0.996093750000
vt 0.234021311537 0.981547570045
vt 0.191406250000 0.981547570045
vt 0.191406250000 0.996093750000
vt 0.234021311537 0.996093750000
vt 0.234021311537 0.977415749803
vt 0.191406250000 0.977415749803
vt 0.191406250000 0.996093750000
vt 0.234021311537 0.996093750000
vt 0.234021311537 0.981547570045
vt 0.191406250000 0.981547570045
vt 0.191406250000 0.996093750000
vt 0.234021311537 0.996093750000
vt 0.234021311537 0.987473134524
vt 0.191406250000 0.987473134524
vt 0.191406250000 0.996093750000
vt 0.234021311537 0.996093750000
vt 0.234021311537 0.981547570045
vt 0.191406250000 0.981547570045
vt 0.191406250000 0.996093750000
vt 0.234021311537 0.996093750000
vt 0.234021311537 0.977415749803
vt 0.191406250000 0.977415749803
vt 0.539062500000 0.996093750000
vt 0.545008787656 0.996093750000
vt 0.545008787656 0.992377320215
vt 0.539062500000 0.992377320215
vt 0.539062500000 0.996093750000
vt 0.542778929785 0.996093750000
vt 0.542778929785 0.990147462344
vt 0.539062500000 0.990147462344
vt 0.539062500000 0.996093750000
vt 0.567307366368 0.996093750000
vt 0.567307366368 0.990147462344
vt 0.539062500000 0.990147462344
vt 0.539062500000 0.996093750000
vt 0.545008787656 0.996093750000
vt 0.545008787656 0.967848883632
vt 0.539062500000 0.967848883632
vt 0.539062500000 0.996093750000
vt 0.567307366368 0.996093750000
vt 0.567307366368 0.992377320215
vt 0.539062500000 0.992377320215
vt 0.539062500000 0.996093750000
vt 0.542778929785 0.996093750000
vt 0.542778929785 0.967848883632
vt 0.539062500000 0.967848883632
vt 0.217802393289 0.996093750000
vt 0.232348573244 0.996093750000
vt 0.235961112654 0.988266581279
vt 0.226523834927 0.977197293118
vt 0.209564969364 0.969370124397
vt 0.195018789410 0.969370124397
vt 0.191406250000 0.977197293118
vt 0.200843527727 0.988266581279
vt 0.217802393289 0.996093750000
vt 0.232348573244 0.996093750000
vt 0.235961112654 0.988266581279
vt 0.226523834927 0.977197293118
vt 0.209564969364 0.969370124397
vt 0.195018789410 0.969370124397
vt 0.191406250000 0.977197293118
vt 0.200843527727 0.988266581279
vt 0.191406250000 0.996093750000
vt 0.234021311537 0.996093750000
vt 0.234021311537 0.981547570045
vt 0.191406250000 0.981547570045
vt 0.191406250000 0.996093750000
vt 0.234021311537 0.996093750000
vt 0.234021311537 0.987473134524
vt 0.191406250000 0.987473134524
vt 0.191406250000 0.996093750000
vt 0.234021311537 0.996093750000
vt 0.234021311537 0.981547570045
vt 0.191406250000 0.981547570045
vt 0.191406250000 0.996093750000
vt 0.234021311537 0.996093750000
vt 0.234021311537 0.977415749803
vt 0.191406250000 0.977415749803
vt 0.191406250000 0.996093750000
vt 0.234021311537 0.996093750000
vt 0.234021311537 0.981547570045
vt 0.191406250000 0.981547570045
vt 0.191406250000 0.996093750000
vt 0.234021311537 0.996093750000
vt 0.234021311537 0.987473134524
vt 0.191406250000 0.987473134524
vt 0.191406250000 0.996093750000
vt 0.234021311537 0.996093750000
vt 0.234021311537 0.981547570045
vt 0.191406250000 0.981547570045
vt 0.191406250000 0.996093750000
vt 0.234021311537 0.996093750000
vt 0.234021311537 0.977415749803
vt 0.191406250000 0.977415749803
vt 0.539062500000 0.996093750000
vt 0.545008787656 0.996093750000
vt 0.545008787656 0.992377320215
vt 0.539062500000 0.992377320215
vt 0.539062500000 0.996093750000
vt 0.542778929785 0.996093750000
vt 0.542778929785 0.990147462344
vt 0.539062500000 0.990147462344
vt 0.539062500000 0.996093750000
vt 0.567307366368 0.996093750000
vt 0.567307366368 0.990147462344
vt 0.539062500000 0.990147462344
vt 0.539062500000 0.996093750000
vt 0.545008787656 0.996093750000
vt 0.545008787656 0.967848883632
vt 0.539062500000 0.967848883632
vt 0.539062500000 0.996093750000
vt 0.567307366368 0.996093750000
vt 0.567307366368 0.992377320215
vt 0.539062500000 0.992377320215
vt 0.539062500000 0.996093750000
vt 0.542778929785 0.996093750000
vt 0.542778929785 0.967848883632
vt 0.539062500000 0.967848883632
vt 0.217802393289 0.996093750000
vt 0.232348573244 0.996093750000
vt 0.235961112654 0.988266581279
vt 0.226523834927 0.977197293118
vt 0.209564969364 0.969370124397
vt 0.195018789410 0.969370124397
vt 0.191406250000 0.977197293118
vt 0.200843527727 0.988266581279
vt 0.217802393289 0.996093750000
vt 0.232348573244 0.996093750000
vt 0.235961112654 0.988266581279
vt 0.226523834927 0.977197293118
vt 0.209564969364 0.969370124397
vt 0.195018789410 0.969370124397
vt 0.191406250000 0.977197293118
vt 0.200843527727 0.988266581279
vt 0.191406250000 0.996093750000
vt 0.234021311537 0.996093750000
vt 0.234021311537 0.981547570045
vt 0.191406250000 0.981547570045
vt 0.191406250000 0.996093750000
vt 0.234021311537 0.996093750000
vt 0.234021311537 0.987473134524
vt 0.191406250000 0.987473134524
vt 0.191406250000 0.996093750000
vt 0.234021311537 0.996093750000
vt 0.234021311537 0.981547570045
vt 0.191406250000 0.981547570045
vt 0.191406250000 0.996093750000
vt 0.234021311537 0.996093750000
vt 0.234021311537 0.977415749803
vt 0.191406250000 0.977415749803
vt 0.191406250000 0.996093750000
vt 0.234021311537 0.996093750000
vt 0.234021311537 0.981547570045
vt 0.191406250000 0.981547570045
vt 0.191406250000 0.996093750000
vt 0.234021311537 0.996093750000
vt 0.234021311537 0.987473134524
vt 0.191406250000 0.987473134524
vt 0.191406250000 0.996093750000
vt 0.234021311537 0.996093750000
vt 0.234021311537 0.981547570045
vt 0.191406250000 0.981547570045
vt 0.191406250000 0.996093750000
vt 0.234021311537 0.996093750000
vt 0.234021311537 0.977415749803
vt 0.191406250000 0.977415749803
vt 0.539062500000 0.996093750000
vt 0.545008787656 0.996093750000
vt 0.545008787656 0.992377320215
vt 0.539062500000 0.992377320215
vt 0.539062500000 0.996093750000
vt 0.542778929785 0.996093750000
vt 0.542778929785 0.990147462344
vt 0.539062500000 0.990147462344
vt 0.539062500000 0.996093750000
vt 0.567307366368 0.996093750000
vt 0.567307366368 0.990147462344
vt 0.539062500000 0.990147462344
vt 0.539062500000 0.996093750000
vt 0.545008787656 0.996093750000
vt 0.545008787656 0.967848883632
vt 0.539062500000 0.967848883632
vt 0.539062500000 0.996093750000
vt 0.567307366368 0.996093750000
vt 0.567307366368 0.992377320215
vt 0.539062500000 0.992377320215
vt 0.539062500000 0.996093750000
vt 0.542778929785 0.996093750000
vt 0.542778929785 0.967848883632
vt 0.539062500000 0.967848883632
vt 0.217802393289 0.996093750000
vt 0.232348573244 0.996093750000
vt 0.235961112654 0.988266581279
vt 0.226523834927 0.977197293118
vt 0.209564969364 0.969370124397
vt 0.195018789410 0.969370124397
vt 0.191406250000 0.977197293118
vt 0.200843527727 0.988266581279
vt 0.217802393289 0.996093750000
vt 0.232348573244 0.996093750000
vt 0.235961112654 0.988266581279
vt 0.226523834927 0.977197293118
vt 0.209564969364 0.969370124397
vt 0.195018789410 0.969370124397
vt 0.191406250000 0.977197293118
vt 0.200843527727 0.988266581279
vt 0.191406250000 0.996093750000
vt 0.234021311537 0.996093750000
vt 0.234021311537 0.981547570045
vt 0.191406250000 0.981547570045
vt 0.191406250000 0.996093750000
vt 0.234021311537 0.996093750000
vt 0.234021311537 0.987473134524
vt 0.191406250000 0.987473134524
vt 0.191406250000 0.996093750000
vt 0.234021311537 0.996093750000
vt 0.234021311537 0.981547570045
vt 0.191406250000 0.981547570045
vt 0.191406250000 0.996093750000
vt 0.234021311537 0.996093750000
vt 0.234021311537 0.977415749803
vt 0.191406250000 0.977415749803
vt 0.191406250000 0.996093750000
vt 0.234021311537 0.996093750000
vt 0.234021311537 0.981547570045
vt 0.191406250000 0.981547570045
vt 0.191406250000 0.996093750000
vt 0.234021311537 0.996093750000
vt 0.234021311537 0.987473134524
vt 0.191406250000 0.987473134524
vt 0.191406250000 0.996093750000
vt 0.234021311537 0.996093750000
vt 0.234021311537 0.981547570045
vt 0.191406250000 0.981547570045
vt 0.191406250000 0.996093750000
vt 0.234021311537 0.996093750000
vt 0.234021311537 0.977415749803
vt 0.191406250000 0.977415749803
vt 0.539062500000 0.996093750000
vt 0.545008787656 0.996093750000
vt 0.545008787656 0.992377320215
vt 0.539062500000 0.992377320215
vt 0.539062500000 0.996093750000
vt 0.542778929785 0.996093750000
vt 0.542778929785 0.990147462344
vt 0.539062500000 0.990147462344
vt 0.539062500000 0.996093750000
vt 0.567307366368 0.996093750000
vt 0.567307366368 0.990147462344
vt 0.539062500000 0.990147462344
vt 0.539062500000 0.996093750000
vt 0.545008787656 0.996093750000
vt 0.545008787656 0.967848883632
vt 0.539062500000 0.967848883632
vt 0.539062500000 0.996093750000
vt 0.567307366368 0.996093750000
vt 0.567307366368 0.992377320215
vt 0.539062500000 0.992377320215
vt 0.539062500000 0.996093750000
vt 0.542778929785 0.996093750000
vt 0.542778929785 0.967848883632
vt 0.539062500000 0.967848883632
vt 0.217802393289 0.996093750000
vt 0.232348573244 0.996093750000
vt 0.235961112654 0.988266581279
vt 0.226523834927 0.977197293118
vt 0.209564969364 0.969370124397
vt 0.195018789410 0.969370124397
vt 0.191406250000 0.977197293118
vt 0.200843527727 0.988266581279
vt 0.217802393289 0.996093750000
vt 0.232348573244 0.996093750000
vt 0.235961112654 0.988266581279
vt 0.226523834927 0.977197293118
vt 0.209564969364 0.969370124397
vt 0.195018789410 0.969370124397
vt 0.191406250000 0.977197293118
vt 0.200843527727 0.988266581279
vt 0.191406250000 0.996093750000
vt 0.234021311537 0.996093750000
vt 0.234021311537 0.981547570045
vt 0.191406250000 0.981547570045
vt 0.191406250000 0.996093750000
vt 0.234021311537 0.996093750000
vt 0.234021311537 0.987473134524
vt 0.191406250000 0.987473134524
vt 0.191406250000 0.996093750000
vt 0.234021311537 0.996093750000
vt 0.234021311537 0.981547570045
vt 0.191406250000 0.981547570045
vt 0.191406250000 0.996093750000
vt 0.234021311537 0.996093750000
vt 0.234021311537 0.977415749803
vt 0.191406250000 0.977415749803
vt 0.191406250000 0.996093750000
vt 0.234021311537 0.996093750000
vt 0.234021311537 0.981547570045
vt 0.191406250000 0.981547570045
vt 0.191406250000 0.996093750000
vt 0.234021311537 0.996093750000
vt 0.234021311537 0.987473134524
vt 0.191406250000 0.987473134524
vt 0.191406250000 0.996093750000
vt 0.234021311537 0.996093750000
vt 0.234021311537 0.981547570045
vt 0.191406250000 0.981547570045
vt 0.191406250000 0.996093750000
vt 0.234021311537 0.996093750000
vt 0.234021311537 0.977415749803
vt 0.191406250000 0.977415749803
vt 0.539062500000 0.996093750000
vt 0.545008787656 0.996093750000
vt 0.545008787656 0.992377320215
vt 0.539062500000 0.992377320215
vt 0.539062500000 0.996093750000
vt 0.542778929785 0.996093750000
vt 0.542778929785 0.990147462344
vt 0.539062500000 0.990147462344
vt 0.539062500000 0.996093750000
vt 0.567307366368 0.996093750000
vt 0.567307366368 0.990147462344
vt 0.539062500000 0.990147462344
vt 0.539062500000 0.996093750000
vt 0.545008787656 0.996093750000
vt 0.545008787656 0.967848883632
vt 0.539062500000 0.967848883632
vt 0.539062500000 0.996093750000
vt 0.567307366368 0.996093750000
vt 0.567307366368 0.992377320215
vt 0.539062500000 0.992377320215
vt 0.539062500000 0.996093750000
vt 0.542778929785 0.996093750000
vt 0.542778929785 0.967848883632
vt 0.539062500000 0.967848883632
vt 0.217802393289 0.996093750000
vt 0.232348573244 0.996093750000
vt 0.235961112654 0.988266581279
vt 0.226523834927 0.977197293118
vt 0.209564969364 0.969370124397
vt 0.195018789410 0.969370124397
vt 0.191406250000 0.977197293118
vt 0.200843527727 0.988266581279
vt 0.217802393289 0.996093750000
vt 0.232348573244 0.996093750000
vt 0.235961112654 0.988266581279
vt 0.226523834927 0.977197293118
vt 0.209564969364 0.969370124397
vt 0.195018789410 0.969370124397
vt 0.191406250000 0.977197293118
vt 0.200843527727 0.988266581279
vt 0.191406250000 0.996093750000
vt 0.234021311537 0.996093750000
vt 0.234021311537 0.981547570045
vt 0.191406250000 0.981547570045
vt 0.191406250000 0.996093750000
vt 0.234021311537 0.996093750000
vt 0.234021311537 0.987473134524
vt 0.191406250000 0.987473134524
vt 0.191406250000 0.996093750000
vt 0.234021311537 0.996093750000
vt 0.234021311537 0.981547570045
vt 0.191406250000 0.981547570045
vt 0.191406250000 0.996093750000
vt 0.234021311537 0.996093750000
vt 0.234021311537 0.977415749803
vt 0.191406250000 0.977415749803
vt 0.191406250000 0.996093750000
vt 0.234021311537 0.996093750000
vt 0.234021311537 0.981547570045
vt 0.191406250000 0.981547570045
vt 0.191406250000 0.996093750000
vt 0.234021311537 0.996093750000
vt 0.234021311537 0.987473134524
vt 0.191406250000 0.987473134524
vt 0.191406250000 0.996093750000
vt 0.234021311537 0.996093750000
vt 0.234021311537 0.981547570045
vt 0.191406250000 0.981547570045
vt 0.191406250000 0.996093750000
vt 0.234021311537 0.996093750000
vt 0.234021311537 0.977415749803
vt 0.191406250000 0.977415749803
vt 0.539062500000 0.996093750000
vt 0.545008787656 0.996093750000
vt 0.545008787656 0.992377320215
vt 0.539062500000 0.992377320215
vt 0.539062500000 0.996093750000
vt 0.542778929785 0.996093750000
vt 0.542778929785 0.990147462344
vt 0.539062500000 0.990147462344
vt 0.539062500000 0.996093750000
vt 0.567307366368 0.996093750000
vt 0.567307366368 0.990147462344
vt 0.539062500000 0.990147462344
vt 0.539062500000 0.996093750000
vt 0.545008787656 0.996093750000
vt 0.545008787656 0.967848883632
vt 0.539062500000 0.967848883632
vt 0.539062500000 0.996093750000
vt 0.567307366368 0.996093750000
vt 0.567307366368 0.992377320215
vt 0.539062500000 0.992377320215
vt 0.539062500000 0.996093750000
vt 0.542778929785 0.996093750000
vt 0.542778929785 0.967848883632
vt 0.539062500000 0.967848883632
vt 0.377436330173 0.996093750000
vt 0.394483432904 0.996093750000
vt 0.405667309450 0.984071082712
vt 0.404436596612 0.967068463578
vt 0.391512229277 0.955045796290
vt 0.374465126547 0.955045796290
vt 0.363281250000 0.967068463578
vt 0.364511962838 0.984071082712
vt 0.377436330173 0.996093750000
vt 0.394483432904 0.996093750000
vt 0.405667309450 0.984071082712
vt 0.404436596612 0.967068463578
vt 0.391512229277 0.955045796290
vt 0.374465126547 0.955045796290
vt 0.363281250000 0.967068463578
vt 0.364511962838 0.984071082712
vt 0.363281250000 0.996093750000
vt 0.430176986134 0.996093750000
vt 0.430176986134 0.979046647269
vt 0.363281250000 0.979046647269
vt 0.363281250000 0.996093750000
vt 0.430176986134 0.996093750000
vt 0.430176986134 0.979673530046
vt 0.363281250000 0.979673530046
vt 0.363281250000 0.996093750000
vt 0.430176986134 0.996093750000
vt 0.430176986134 0.979046647269
vt 0.363281250000 0.979046647269
vt 0.363281250000 0.996093750000
vt 0.430176986134 0.996093750000
vt 0.430176986134 0.978442013550
vt 0.363281250000 0.978442013550
vt 0.363281250000 0.996093750000
vt 0.430176986134 0.996093750000
vt 0.430176986134 0.979046647269
vt 0.363281250000 0.979046647269
vt 0.363281250000 0.996093750000
vt 0.430176986134 0.996093750000
vt 0.430176986134 0.979673530046
vt 0.363281250000 0.979673530046
vt 0.363281250000 0.996093750000
vt 0.430176986134 0.996093750000
vt 0.430176986134 0.979046647269
vt 0.363281250000 0.979046647269
vt 0.363281250000 0.996093750000
vt 0.430176986134 0.996093750000
vt 0.430176986134 0.978442013550
vt 0.363281250000 0.978442013550
vt 0.318317989804 0.828125000000
vt 0.337098896774 0.828125000000
vt 0.350233870005 0.814845686404
vt 0.350028620320 0.796065901017
vt 0.336603380201 0.782786587421
vt 0.317822473231 0.782786587421
vt 0.304687500000 0.796065901017
vt 0.304892749685 0.814845686404
vt 0.318317989804 0.828125000000
vt 0.337098896774 0.828125000000
vt 0.350233870005 0.814845686404
vt 0.350028620320 0.796065901017
vt 0.336603380201 0.782786587421
vt 0.317822473231 0.782786587421
vt 0.304687500000 0.796065901017
vt 0.304892749685 0.814845686404
vt 0.304687500000 0.828125000000
vt 0.326490554740 0.828125000000
vt 0.326490554740 0.809344093030
vt 0.304687500000 0.809344093030
vt 0.304687500000 0.828125000000
vt 0.326490554740 0.828125000000
vt 0.326490554740 0.809446999803
vt 0.304687500000 0.809446999803
vt 0.304687500000 0.828125000000
vt 0.326490554740 0.828125000000
vt 0.326490554740 0.809344093030
vt 0.304687500000 0.809344093030
vt 0.304687500000 0.828125000000
vt 0.326490554740 0.828125000000
vt 0.326490554740 0.809241747053
vt 0.304687500000 0.809241747053
vt 0.304687500000 0.828125000000
vt 0.326490554740 0.828125000000
vt 0.326490554740 0.809344093030
vt 0.304687500000 0.809344093030
vt 0.304687500000 0.828125000000
vt 0.326490554740 0.828125000000
vt 0.326490554740 0.809446999803
vt 0.304687500000 0.809446999803
vt 0.304687500000 0.828125000000
vt 0.326490554740 0.828125000000
vt 0.326490554740 0.809344093030
vt 0.304687500000 0.809344093030
vt 0.304687500000 0.828125000000
vt 0.326490554740 0.828125000000
vt 0.326490554740 0.809241747053
vt 0.304687500000 0.809241747053
vt 0.375405413950 0.996093750000
vt 0.389581233388 0.996093750000
vt 0.398735059687 0.986107757675
vt 0.397504705547 0.971985431894
vt 0.386610895737 0.961999439569
vt 0.372435076298 0.961999439569
vt 0.363281250000 0.971985431894
vt 0.364511604140 0.986107757675
vt 0.375405413950 0.996093750000
vt 0.389581233388 0.996093750000
vt 0.398735059687 0.986107757675
vt 0.397504705547 0.971985431894
vt 0.386610895737 0.961999439569
vt 0.372435076298 0.961999439569
vt 0.363281250000 0.971985431894
vt 0.364511604140 0.986107757675
vt 0.363281250000 0.996093750000
vt 0.408373931394 0.996093750000
vt 0.408373931394 0.981917930561
vt 0.363281250000 0.981917930561
vt 0.363281250000 0.996093750000
vt 0.408373931394 0.996093750000
vt 0.408373931394 0.982547068538
vt 0.363281250000 0.982547068538
vt 0.363281250000 0.996093750000
vt 0.408373931394 0.996093750000
vt 0.408373931394 0.981917930561
vt 0.363281250000 0.981917930561
vt 0.363281250000 0.996093750000
vt 0.408373931394 0.996093750000
vt 0.408373931394 0.981315552042
vt 0.363281250000 0.981315552042
vt 0.363281250000 0.996093750000
vt 0.408373931394 0.996093750000
vt 0.408373931394 0.981917930561
vt 0.363281250000 0.981917930561
vt 0.363281250000 0.996093750000
vt 0.408373931394 0.996093750000
vt 0.408373931394 0.982547068538
vt 0.363281250000 0.982547068538
vt 0.363281250000 0.996093750000
vt 0.408373931394 0.996093750000
vt 0.408373931394 0.981917930561
vt 0.363281250000 0.981917930561
vt 0.363281250000 0.996093750000
vt 0.408373931394 0.996093750000
vt 0.408373931394 0.981315552042
vt 0.363281250000 0.981315552042
vt 0.325425564218 0.828125000000
vt 0.347339119064 0.828125000000
vt 0.360662686454 0.812782710278
vt 0.357591501310 0.791085436076
vt 0.339924622236 0.775743146354
vt 0.318011067390 0.775743146354
vt 0.304687500000 0.791085436076
vt 0.307758685144 0.812782710278
vt 0.325425564218 0.828125000000
vt 0.347339119064 0.828125000000
vt 0.360662686454 0.812782710278
vt 0.357591501310 0.791085436076
vt 0.339924622236 0.775743146354
vt 0.318011067390 0.775743146354
vt 0.304687500000 0.791085436076
vt 0.307758685144 0.812782710278
vt 0.304687500000 0.828125000000
vt 0.324508458855 0.828125000000
vt 0.324508458855 0.806211445154
vt 0.304687500000 0.806211445154
vt 0.304687500000 0.828125000000
vt 0.324508458855 0.828125000000
vt 0.324508458855 0.807804977807
vt 0.304687500000 0.807804977807
vt 0.304687500000 0.828125000000
vt 0.324508458855 0.828125000000
vt 0.324508458855 0.806211445154
vt 0.304687500000 0.806211445154
vt 0.304687500000 0.828125000000
vt 0.324508458855 0.828125000000
vt 0.324508458855 0.804726186566
vt 0.304687500000 0.804726186566
vt 0.304687500000 0.828125000000
vt 0.324508458855 0.828125000000
vt 0.324508458855 0.806211445154
vt 0.304687500000 0.806211445154
vt 0.304687500000 0.828125000000
vt 0.324508458855 0.828125000000
vt 0.324508458855 0.807804977807
vt 0.304687500000 0.807804977807
vt 0.304687500000 0.828125000000
vt 0.324508458855 0.828125000000
vt 0.324508458855 0.806211445154
vt 0.304687500000 0.806211445154
vt 0.304687500000 0.828125000000
vt 0.324508458855 0.828125000000
vt 0.324508458855 0.804726186566
vt 0.304687500000 0.804726186566
vt 0.394531250000 0.828125000000
vt 0.405432777370 0.828125000000
vt 0.405432777370 0.811772708945
vt 0.394531250000 0.811772708945
vt 0.394531250000 0.828125000000
vt 0.410883541055 0.828125000000
vt 0.410883541055 0.817223472630
vt 0.394531250000 0.817223472630
vt 0.394531250000 0.828125000000
vt 0.402459633542 0.828125000000
vt 0.402459633542 0.817223472630
vt 0.394531250000 0.817223472630
vt 0.394531250000 0.828125000000
vt 0.405432777370 0.828125000000
vt 0.405432777370 0.820196616458
vt 0.394531250000 0.820196616458
vt 0.394531250000 0.828125000000
vt 0.402459633542 0.828125000000
vt 0.402459633542 0.811772708945
vt 0.394531250000 0.811772708945
vt 0.394531250000 0.828125000000
vt 0.410883541055 0.828125000000
vt 0.410883541055 0.820196616458
vt 0.394531250000 0.820196616458
vt 0.394531250000 0.828125000000
vt 0.405432777370 0.828125000000
vt 0.405432777370 0.811772708945
vt 0.394531250000 0.811772708945
vt 0.394531250000 0.828125000000
vt 0.410883541055 0.828125000000
vt 0.410883541055 0.817223472630
vt 0.394531250000 0.817223472630
vt 0.394531250000 0.828125000000
vt 0.402459633542 0.828125000000
vt 0.402459633542 0.817223472630
vt 0.394531250000 0.817223472630
vt 0.394531250000 0.828125000000
vt 0.405432777370 0.828125000000
vt 0.405432777370 0.820196616458
vt 0.394531250000 0.820196616458
vt 0.394531250000 0.828125000000
vt 0.402459633542 0.828125000000
vt 0.402459633542 0.811772708945
vt 0.394531250000 0.811772708945
vt 0.394531250000 0.828125000000
vt 0.410883541055 0.828125000000
vt 0.410883541055 0.820196616458
vt 0.394531250000 0.820196616458
vt 0.377436330173 0.996093750000
vt 0.394483432904 0.996093750000
vt 0.405667309450 0.984071082712
vt 0.404436596612 0.967068463578
vt 0.391512229277 0.955045796290
vt 0.374465126547 0.955045796290
vt 0.363281250000 0.967068463578
vt 0.364511962838 0.984071082712
vt 0.377436330173 0.996093750000
vt 0.394483432904 0.996093750000
vt 0.405667309450 0.984071082712
vt 0.404436596612 0.967068463578
vt 0.391512229277 0.955045796290
vt 0.374465126547 0.955045796290
vt 0.363281250000 0.967068463578
vt 0.364511962838 0.984071082712
vt 0.363281250000 0.996093750000
vt 0.430176986134 0.996093750000
vt 0.430176986134 0.979046647269
vt 0.363281250000 0.979046647269
vt 0.363281250000 0.996093750000
vt 0.430176986134 0.996093750000
vt 0.430176986134 0.979673530046
vt 0.363281250000 0.979673530046
vt 0.363281250000 0.996093750000
vt 0.430176986134 0.996093750000
vt 0.430176986134 0.979046647269
vt 0.363281250000 0.979046647269
vt 0.363281250000 0.996093750000
vt 0.430176986134 0.996093750000
vt 0.430176986134 0.978442013550
vt 0.363281250000 0.978442013550
vt 0.363281250000 0.996093750000
vt 0.430176986134 0.996093750000
vt 0.430176986134 0.979046647269
vt 0.363281250000 0.979046647269
vt 0.363281250000 0.996093750000
vt 0.430176986134 0.996093750000
vt 0.430176986134 0.979673530046
vt 0.363281250000 0.979673530046
vt 0.363281250000 0.996093750000
vt 0.430176986134 0.996093750000
vt 0.430176986134 0.979046647269
vt 0.363281250000 0.979046647269
vt 0.363281250000 0.996093750000
vt 0.430176986134 0.996093750000
vt 0.430176986134 0.978442013550
vt 0.363281250000 0.978442013550
vt 0.318317989804 0.828125000000
vt 0.337098896774 0.828125000000
vt 0.350233870005 0.814845686404
vt 0.350028620320 0.796065901017
vt 0.336603380201 0.782786587421
vt 0.317822473231 0.782786587421
vt 0.304687500000 0.796065901017
vt 0.304892749685 0.814845686404
vt 0.318317989804 0.828125000000
vt 0.337098896774 0.828125000000
vt 0.350233870005 0.814845686404
vt 0.350028620320 0.796065901017
vt 0.336603380201 0.782786587421
vt 0.317822473231 0.782786587421
vt 0.304687500000 0.796065901017
vt 0.304892749685 0.814845686404
vt 0.304687500000 0.828125000000
vt 0.326490554740 0.828125000000
vt 0.326490554740 0.809344093030
vt 0.304687500000 0.809344093030
vt 0.304687500000 0.828125000000
vt 0.326490554740 0.828125000000
vt 0.326490554740 0.809446999803
vt 0.304687500000 0.809446999803
vt 0.304687500000 0.828125000000
vt 0.326490554740 0.828125000000
vt 0.326490554740 0.809344093030
vt 0.304687500000 0.809344093030
vt 0.304687500000 0.828125000000
vt 0.326490554740 0.828125000000
vt 0.326490554740 0.809241747053
vt 0.304687500000 0.809241747053
vt 0.304687500000 0.828125000000
vt 0.326490554740 0.828125000000
vt 0.326490554740 0.809344093030
vt 0.304687500000 0.809344093030
vt 0.304687500000 0.828125000000
vt 0.326490554740 0.828125000000
vt 0.326490554740 0.809446999803
vt 0.304687500000 0.809446999803
vt 0.304687500000 0.828125000000
vt 0.326490554740 0.828125000000
vt 0.326490554740 0.809344093030
vt 0.304687500000 0.809344093030
vt 0.304687500000 0.828125000000
vt 0.326490554740 0.828125000000
vt 0.326490554740 0.809241747053
vt 0.304687500000 0.809241747053
vt 0.375405413950 0.996093750000
vt 0.389581233388 0.996093750000
vt 0.398735059687 0.986107757675
vt 0.397504705547 0.971985431894
vt 0.386610895737 0.961999439569
vt 0.372435076298 0.961999439569
vt 0.363281250000 0.971985431894
vt 0.364511604140 0.986107757675
vt 0.375405413950 0.996093750000
vt 0.389581233388 0.996093750000
vt 0.398735059687 0.986107757675
vt 0.397504705547 0.971985431894
vt 0.386610895737 0.961999439569
vt 0.372435076298 0.961999439569
vt 0.363281250000 0.971985431894
vt 0.364511604140 0.986107757675
vt 0.363281250000 0.996093750000
vt 0.408373931394 0.996093750000
vt 0.408373931394 0.981917930561
vt 0.363281250000 0.981917930561
vt 0.363281250000 0.996093750000
vt 0.408373931394 0.996093750000
vt 0.408373931394 0.982547068538
vt 0.363281250000 0.982547068538
vt 0.363281250000 0.996093750000
vt 0.408373931394 0.996093750000
vt 0.408373931394 0.981917930561
vt 0.363281250000 0.981917930561
vt 0.363281250000 0.996093750000
vt 0.408373931394 0.996093750000
vt 0.408373931394 0.981315552042
vt 0.363281250000 0.981315552042
vt 0.363281250000 0.996093750000
vt 0.408373931394 0.996093750000
vt 0.408373931394 0.981917930561
vt 0.363281250000 0.981917930561
vt 0.363281250000 0.996093750000
vt 0.408373931394 0.996093750000
vt 0.408373931394 0.982547068538
vt 0.363281250000 0.982547068538
vt 0.363281250000 0.996093750000
vt 0.408373931394 0.996093750000
vt 0.408373931394 0.981917930561
vt 0.363281250000 0.981917930561
vt 0.363281250000 0.996093750000
vt 0.408373931394 0.996093750000
vt 0.408373931394 0.981315552042
vt 0.363281250000 0.981315552042
vt 0.325425564218 0.828125000000
vt 0.347339119064 0.828125000000
vt 0.360662686454 0.812782710278
vt 0.357591501310 0.791085436076
vt 0.339924622236 0.775743146354
vt 0.318011067390 0.775743146354
vt 0.304687500000 0.791085436076
vt 0.307758685144 0.812782710278
vt 0.325425564218 0.828125000000
vt 0.347339119064 0.828125000000
vt 0.360662686454 0.812782710278
vt 0.357591501310 0.791085436076
vt 0.339924622236 0.775743146354
vt 0.318011067390 0.775743146354
vt 0.304687500000 0.791085436076
vt 0.307758685144 0.812782710278
vt 0.304687500000 0.828125000000
vt 0.324508458855 0.828125000000
vt 0.324508458855 0.806211445154
vt 0.304687500000 0.806211445154
vt 0.304687500000 0.828125000000
vt 0.324508458855 0.828125000000
vt 0.324508458855 0.807804977807
vt 0.304687500000 0.807804977807
vt 0.304687500000 0.828125000000
vt 0.324508458855 0.828125000000
vt 0.324508458855 0.806211445154
vt 0.304687500000 0.806211445154
vt 0.304687500000 0.828125000000
vt 0.324508458855 0.828125000000
vt 0.324508458855 0.804726186566
vt 0.304687500000 0.804726186566
vt 0.304687500000 0.828125000000
vt 0.324508458855 0.828125000000
vt 0.324508458855 0.806211445154
vt 0.304687500000 0.806211445154
vt 0.304687500000 0.828125000000
vt 0.324508458855 0.828125000000
vt 0.324508458855 0.807804977807
vt 0.304687500000 0.807804977807
vt 0.304687500000 0.828125000000
vt 0.324508458855 0.828125000000
vt 0.324508458855 0.806211445154
vt 0.304687500000 0.806211445154
vt 0.304687500000 0.828125000000
vt 0.324508458855 0.828125000000
vt 0.324508458855 0.804726186566
vt 0.304687500000 0.804726186566
vt 0.394531250000 0.828125000000
vt 0.405432777370 0.828125000000
vt 0.405432777370 0.811772708945
vt 0.394531250000 0.811772708945
vt 0.394531250000 0.828125000000
vt 0.410883541055 0.828125000000
vt 0.410883541055 0.817223472630
vt 0.394531250000 0.817223472630
vt 0.394531250000 0.828125000000
vt 0.402459633542 0.828125000000
vt 0.402459633542 0.817223472630
vt 0.394531250000 0.817223472630
vt 0.394531250000 0.828125000000
vt 0.405432777370 0.828125000000
vt 0.405432777370 0.820196616458
vt 0.394531250000 0.820196616458
vt 0.394531250000 0.828125000000
vt 0.402459633542 0.828125000000
vt 0.402459633542 0.811772708945
vt 0.394531250000 0.811772708945
vt 0.394531250000 0.828125000000
vt 0.410883541055 0.828125000000
vt 0.410883541055 0.820196616458
vt 0.394531250000 0.820196616458
vt 0.394531250000 0.828125000000
vt 0.405432777370 0.828125000000
vt 0.405432777370 0.811772708945
vt 0.394531250000 0.811772708945
vt 0.394531250000 0.828125000000
vt 0.410883541055 0.828125000000
vt 0.410883541055 0.817223472630
vt 0.394531250000 0.817223472630
vt 0.394531250000 0.828125000000
vt 0.402459633542 0.828125000000
vt 0.402459633542 0.817223472630
vt 0.394531250000 0.817223472630
vt 0.394531250000 0.828125000000
vt 0.405432777370 0.828125000000
vt 0.405432777370 0.820196616458
vt 0.394531250000 0.820196616458
vt 0.394531250000 0.828125000000
vt 0.402459633542 0.828125000000
vt 0.402459633542 0.811772708945
vt 0.394531250000 0.811772708945
vt 0.394531250000 0.828125000000
vt 0.410883541055 0.828125000000
vt 0.410883541055 0.820196616458
vt 0.394531250000 0.820196616458
vt 0.377436330173 0.996093750000
vt 0.394483432904 0.996093750000
vt 0.405667309450 0.984071082712
vt 0.404436596612 0.967068463578
vt 0.391512229277 0.955045796290
vt 0.374465126547 0.955045796290
vt 0.363281250000 0.967068463578
vt 0.364511962838 0.984071082712
vt 0.377436330173 0.996093750000
vt 0.394483432904 0.996093750000
vt 0.405667309450 0.984071082712
vt 0.404436596612 0.967068463578
vt 0.391512229277 0.955045796290
vt 0.374465126547 0.955045796290
vt 0.363281250000 0.967068463578
vt 0.364511962838 0.984071082712
vt 0.363281250000 0.996093750000
vt 0.430176986134 0.996093750000
vt 0.430176986134 0.979046647269
vt 0.363281250000 0.979046647269
vt 0.363281250000 0.996093750000
vt 0.430176986134 0.996093750000
vt 0.430176986134 0.979673530046
vt 0.363281250000 0.979673530046
vt 0.363281250000 0.996093750000
vt 0.430176986134 0.996093750000
vt 0.430176986134 0.979046647269
vt 0.363281250000 0.979046647269
vt 0.363281250000 0.996093750000
vt 0.430176986134 0.996093750000
vt 0.430176986134 0.978442013550
vt 0.363281250000 0.978442013550
vt 0.363281250000 0.996093750000
vt 0.430176986134 0.996093750000
vt 0.430176986134 0.979046647269
vt 0.363281250000 0.979046647269
vt 0.363281250000 0.996093750000
vt 0.430176986134 0.996093750000
vt 0.430176986134 0.979673530046
vt 0.363281250000 0.979673530046
vt 0.363281250000 0.996093750000
vt 0.430176986134 0.996093750000
vt 0.430176986134 0.979046647269
vt 0.363281250000 0.979046647269
vt 0.363281250000 0.996093750000
vt 0.430176986134 0.996093750000
vt 0.430176986134 0.978442013550
vt 0.363281250000 0.978442013550
vt 0.318317989804 0.828125000000
vt 0.337098896774 0.828125000000
vt 0.350233870005 0.814845686404
vt 0.350028620320 0.796065901017
vt 0.336603380201 0.782786587421
vt 0.317822473231 0.782786587421
vt 0.304687500000 0.796065901017
vt 0.304892749685 0.814845686404
vt 0.318317989804 0.828125000000
vt 0.337098896774 0.828125000000
vt 0.350233870005 0.814845686404
vt 0.350028620320 0.796065901017
vt 0.336603380201 0.782786587421
vt 0.317822473231 0.782786587421
vt 0.304687500000 0.796065901017
vt 0.304892749685 0.814845686404
vt 0.304687500000 0.828125000000
vt 0.326490554740 0.828125000000
vt 0.326490554740 0.809344093030
vt 0.304687500000 0.809344093030
vt 0.304687500000 0.828125000000
vt 0.326490554740 0.828125000000
vt 0.326490554740 0.809446999803
vt 0.304687500000 0.809446999803
vt 0.304687500000 0.828125000000
vt 0.326490554740 0.828125000000
vt 0.326490554740 0.809344093030
vt 0.304687500000 0.809344093030
vt 0.304687500000 0.828125000000
vt 0.326490554740 0.828125000000
vt 0.326490554740 0.809241747053
vt 0.304687500000 0.809241747053
vt 0.304687500000 0.828125000000
vt 0.326490554740 0.828125000000
vt 0.326490554740 0.809344093030
vt 0.304687500000 0.809344093030
vt 0.304687500000 0.828125000000
vt 0.326490554740 0.828125000000
vt 0.326490554740 0.809446999803
vt 0.304687500000 0.809446999803
vt 0.304687500000 0.828125000000
vt 0.326490554740 0.828125000000
vt 0.326490554740 0.809344093030
vt 0.304687500000 0.809344093030
vt 0.304687500000 0.828125000000
vt 0.326490554740 0.828125000000
vt 0.326490554740 0.809241747053
vt 0.304687500000 0.809241747053
vt 0.375405413950 0.996093750000
vt 0.389581233388 0.996093750000
vt 0.398735059687 0.986107757675
vt 0.397504705547 0.971985431894
vt 0.386610895737 0.961999439569
vt 0.372435076298 0.961999439569
vt 0.363281250000 0.971985431894
vt 0.364511604140 0.986107757675
vt 0.375405413950 0.996093750000
vt 0.389581233388 0.996093750000
vt 0.398735059687 0.986107757675
vt 0.397504705547 0.971985431894
vt 0.386610895737 0.961999439569
vt 0.372435076298 0.961999439569
vt 0.363281250000 0.971985431894
vt 0.364511604140 0.986107757675
vt 0.363281250000 0.996093750000
vt 0.408373931394 0.996093750000
vt 0.408373931394 0.981917930561
vt 0.363281250000 0.981917930561
vt 0.363281250000 0.996093750000
vt 0.408373931394 0.996093750000
vt 0.408373931394 0.982547068538
vt 0.363281250000 0.982547068538
vt 0.363281250000 0.996093750000
vt 0.408373931394 0.996093750000
vt 0.408373931394 0.981917930561
vt 0.363281250000 0.981917930561
vt 0.363281250000 0.996093750000
vt 0.408373931394 0.996093750000
vt 0.408373931394 0.981315552042
vt 0.363281250000 0.981315552042
vt 0.363281250000 0.996093750000
vt 0.408373931394 0.996093750000
vt 0.408373931394 0.981917930561
vt 0.363281250000 0.981917930561
vt 0.363281250000 0.996093750000
vt 0.408373931394 0.996093750000
vt 0.408373931394 0.982547068538
vt 0.363281250000 0.982547068538
vt 0.363281250000 0.996093750000
vt 0.408373931394 0.996093750000
vt 0.408373931394 0.981917930561
vt 0.363281250000 0.981917930561
vt 0.363281250000 0.996093750000
vt 0.408373931394 0.996093750000
vt 0.408373931394 0.981315552042
vt 0.363281250000 0.981315552042
vt 0.325425564218 0.828125000000
vt 0.347339119064 0.828125000000
vt 0.360662686454 0.812782710278
vt 0.357591501310 0.791085436076
vt 0.339924622236 0.775743146354
vt 0.318011067390 0.775743146354
vt 0.304687500000 0.791085436076
vt 0.307758685144 0.812782710278
vt 0.325425564218 0.828125000000
vt 0.347339119064 0.828125000000
vt 0.360662686454 0.812782710278
vt 0.357591501310 0.791085436076
vt 0.339924622236 0.775743146354
vt 0.318011067390 0.775743146354
vt 0.304687500000 0.791085436076
vt 0.307758685144 0.812782710278
vt 0.304687500000 0.828125000000
vt 0.324508458855 0.828125000000
vt 0.324508458855 0.806211445154
vt 0.304687500000 0.806211445154
vt 0.304687500000 0.828125000000
vt 0.324508458855 0.828125000000
vt 0.324508458855 0.807804977807
vt 0.304687500000 0.807804977807
vt 0.304687500000 0.828125000000
vt 0.324508458855 0.828125000000
vt 0.324508458855 0.806211445154
vt 0.304687500000 0.806211445154
vt 0.304687500000 0.828125000000
vt 0.324508458855 0.828125000000
vt 0.324508458855 0.804726186566
vt 0.304687500000 0.804726186566
vt 0.304687500000 0.828125000000
vt 0.324508458855 0.828125000000
vt 0.324508458855 0.806211445154
vt 0.304687500000 0.806211445154
vt 0.304687500000 0.828125000000
vt 0.324508458855 0.828125000000
vt 0.324508458855 0.807804977807
vt 0.304687500000 0.807804977807
vt 0.304687500000 0.828125000000
vt 0.324508458855 0.828125000000
vt 0.324508458855 0.806211445154
vt 0.304687500000 0.806211445154
vt 0.304687500000 0.828125000000
vt 0.324508458855 0.828125000000
vt 0.324508458855 0.804726186566
vt 0.304687500000 0.804726186566
vt 0.394531250000 0.828125000000
vt 0.405432777370 0.828125000000
vt 0.405432777370 0.811772708945
vt 0.394531250000 0.811772708945
vt 0.394531250000 0.828125000000
vt 0.410883541055 0.828125000000
vt 0.410883541055 0.817223472630
vt 0.394531250000 0.817223472630
vt 0.394531250000 0.828125000000
vt 0.402459633542 0.828125000000
vt 0.402459633542 0.817223472630
vt 0.394531250000 0.817223472630
vt 0.394531250000 0.828125000000
vt 0.405432777370 0.828125000000
vt 0.405432777370 0.820196616458
vt 0.394531250000 0.820196616458
vt 0.394531250000 0.828125000000
vt 0.402459633542 0.828125000000
vt 0.402459633542 0.811772708945
vt 0.394531250000 0.811772708945
vt 0.394531250000 0.828125000000
vt 0.410883541055 0.828125000000
vt 0.410883541055 0.820196616458
vt 0.394531250000 0.820196616458
vt 0.394531250000 0.828125000000
vt 0.405432777370 0.828125000000
vt 0.405432777370 0.811772708945
vt 0.394531250000 0.811772708945
vt 0.394531250000 0.828125000000
vt 0.410883541055 0.828125000000
vt 0.410883541055 0.817223472630
vt 0.394531250000 0.817223472630
vt 0.394531250000 0.828125000000
vt 0.402459633542 0.828125000000
vt 0.402459633542 0.817223472630
vt 0.394531250000 0.817223472630
vt 0.394531250000 0.828125000000
vt 0.405432777370 0.828125000000
vt 0.405432777370 0.820196616458
vt 0.394531250000 0.820196616458
vt 0.394531250000 0.828125000000
vt 0.402459633542 0.828125000000
vt 0.402459633542 0.811772708945
vt 0.394531250000 0.811772708945
vt 0.394531250000 0.828125000000
vt 0.410883541055 0.828125000000
vt 0.410883541055 0.820196616458
vt 0.394531250000 0.820196616458
vt 0.377436330173 0.996093750000
vt 0.394483432904 0.996093750000
vt 0.405667309450 0.984071082712
vt 0.404436596612 0.967068463578
vt 0.391512229277 0.955045796290
vt 0.374465126547 0.955045796290
vt 0.363281250000 0.967068463578
vt 0.364511962838 0.984071082712
vt 0.377436330173 0.996093750000
vt 0.394483432904 0.996093750000
vt 0.405667309450 0.984071082712
vt 0.404436596612 0.967068463578
vt 0.391512229277 0.955045796290
vt 0.374465126547 0.955045796290
vt 0.363281250000 0.967068463578
vt 0.364511962838 0.984071082712
vt 0.363281250000 0.996093750000
vt 0.430176986134 0.996093750000
vt 0.430176986134 0.979046647269
vt 0.363281250000 0.979046647269
vt 0.363281250000 0.996093750000
vt 0.430176986134 0.996093750000
vt 0.430176986134 0.979673530046
vt 0.363281250000 0.979673530046
vt 0.363281250000 0.996093750000
vt 0.430176986134 0.996093750000
vt 0.430176986134 0.979046647269
vt 0.363281250000 0.979046647269
vt 0.363281250000 0.996093750000
vt 0.430176986134 0.996093750000
vt 0.430176986134 0.978442013550
vt 0.363281250000 0.978442013550
vt 0.363281250000 0.996093750000
vt 0.430176986134 0.996093750000
vt 0.430176986134 0.979046647269
vt 0.363281250000 0.979046647269
vt 0.363281250000 0.996093750000
vt 0.430176986134 0.996093750000
vt 0.430176986134 0.979673530046
vt 0.363281250000 0.979673530046
vt 0.363281250000 0.996093750000
vt 0.430176986134 0.996093750000
vt 0.430176986134 0.979046647269
vt 0.363281250000 0.979046647269
vt 0.363281250000 0.996093750000
vt 0.430176986134 0.996093750000
vt 0.430176986134 0.978442013550
vt 0.363281250000 0.978442013550
vt 0.318317989804 0.828125000000
vt 0.337098896774 0.828125000000
vt 0.350233870005 0.814845686404
vt 0.350028620320 0.796065901017
vt 0.336603380201 0.782786587421
vt 0.317822473231 0.782786587421
vt 0.304687500000 0.796065901017
vt 0.304892749685 0.814845686404
vt 0.318317989804 0.828125000000
vt 0.337098896774 0.828125000000
vt 0.350233870005 0.814845686404
vt 0.350028620320 0.796065901017
vt 0.336603380201 0.782786587421
vt 0.317822473231 0.782786587421
vt 0.304687500000 0.796065901017
vt 0.304892749685 0.814845686404
vt 0.304687500000 0.828125000000
vt 0.326490554740 0.828125000000
vt 0.326490554740 0.809344093030
vt 0.304687500000 0.809344093030
vt 0.304687500000 0.828125000000
vt 0.326490554740 0.828125000000
vt 0.326490554740 0.809446999803
vt 0.304687500000 0.809446999803
vt 0.304687500000 0.828125000000
vt 0.326490554740 0.828125000000
vt 0.326490554740 0.809344093030
vt 0.304687500000 0.809344093030
vt 0.304687500000 0.828125000000
vt 0.326490554740 0.828125000000
vt 0.326490554740 0.809241747053
vt 0.304687500000 0.809241747053
vt 0.304687500000 0.828125000000
vt 0.326490554740 0.828125000000
vt 0.326490554740 0.809344093030
vt 0.304687500000 0.809344093030
vt 0.304687500000 0.828125000000
vt 0.326490554740 0.828125000000
vt 0.326490554740 0.809446999803
vt 0.304687500000 0.809446999803
vt 0.304687500000 0.828125000000
vt 0.326490554740 0.828125000000
vt 0.326490554740 0.809344093030
vt 0.304687500000 0.809344093030
vt 0.304687500000 0.828125000000
vt 0.326490554740 0.828125000000
vt 0.326490554740 0.809241747053
vt 0.304687500000 0.809241747053
vt 0.375405413950 0.996093750000
vt 0.389581233388 0.996093750000
vt 0.398735059687 0.986107757675
vt 0.397504705547 0.971985431894
vt 0.386610895737 0.961999439569
vt 0.372435076298 0.961999439569
vt 0.363281250000 0.971985431894
vt 0.364511604140 0.986107757675
vt 0.375405413950 0.996093750000
vt 0.389581233388 0.996093750000
vt 0.398735059687 0.986107757675
vt 0.397504705547 0.971985431894
vt 0.386610895737 0.961999439569
vt 0.372435076298 0.961999439569
vt 0.363281250000 0.971985431894
vt 0.364511604140 0.986107757675
vt 0.363281250000 0.996093750000
vt 0.408373931394 0.996093750000
vt 0.408373931394 0.981917930561
vt 0.363281250000 0.981917930561
vt 0.363281250000 0.996093750000
vt 0.408373931394 0.996093750000
vt 0.408373931394 0.982547068538
vt 0.363281250000 0.982547068538
vt 0.363281250000 0.996093750000
vt 0.408373931394 0.996093750000
vt 0.408373931394 0.981917930561
vt 0.363281250000 0.981917930561
vt 0.363281250000 0.996093750000
vt 0.408373931394 0.996093750000
vt 0.408373931394 0.981315552042
vt 0.363281250000 0.981315552042
vt 0.363281250000 0.996093750000
vt 0.408373931394 0.996093750000
vt 0.408373931394 0.981917930561
vt 0.363281250000 0.981917930561
vt 0.363281250000 0.996093750000
vt 0.408373931394 0.996093750000
vt 0.408373931394 0.982547068538
vt 0.363281250000 0.982547068538
vt 0.363281250000 0.996093750000
vt 0.408373931394 0.996093750000
vt 0.408373931394 0.981917930561
vt 0.363281250000 0.981917930561
vt 0.363281250000 0.996093750000
vt 0.408373931394 0.996093750000
vt 0.408373931394 0.981315552042
vt 0.363281250000 0.981315552042
vt 0.325425564218 0.828125000000
vt 0.347339119064 0.828125000000
vt 0.360662686454 0.812782710278
vt 0.357591501310 0.791085436076
vt 0.339924622236 0.775743146354
vt 0.318011067390 0.775743146354
vt 0.304687500000 0.791085436076
vt 0.307758685144 0.812782710278
vt 0.325425564218 0.828125000000
vt 0.347339119064 0.828125000000
vt 0.360662686454 0.812782710278
vt 0.357591501310 0.791085436076
vt 0.339924622236 0.775743146354
vt 0.318011067390 0.775743146354
vt 0.304687500000 0.791085436076
vt 0.307758685144 0.812782710278
vt 0.304687500000 0.828125000000
vt 0.324508458855 0.828125000000
vt 0.324508458855 0.806211445154
vt 0.304687500000 0.806211445154
vt 0.304687500000 0.828125000000
vt 0.324508458855 0.828125000000
vt 0.324508458855 0.807804977807
vt 0.304687500000 0.807804977807
vt 0.304687500000 0.828125000000
vt 0.324508458855 0.828125000000
vt 0.324508458855 0.806211445154
vt 0.304687500000 0.806211445154
vt 0.304687500000 0.828125000000
vt 0.324508458855 0.828125000000
vt 0.324508458855 0.804726186566
vt 0.304687500000 0.804726186566
vt 0.304687500000 0.828125000000
vt 0.324508458855 0.828125000000
vt 0.324508458855 0.806211445154
vt 0.304687500000 0.806211445154
vt 0.304687500000 0.828125000000
vt 0.324508458855 0.828125000000
vt 0.324508458855 0.807804977807
vt 0.304687500000 0.807804977807
vt 0.304687500000 0.828125000000
vt 0.324508458855 0.828125000000
vt 0.324508458855 0.806211445154
vt 0.304687500000 0.806211445154
vt 0.304687500000 0.828125000000
vt 0.324508458855 0.828125000000
vt 0.324508458855 0.804726186566
vt 0.304687500000 0.804726186566
vt 0.394531250000 0.828125000000
vt 0.405432777370 0.828125000000
vt 0.405432777370 0.811772708945
vt 0.394531250000 0.811772708945
vt 0.394531250000 0.828125000000
vt 0.410883541055 0.828125000000
vt 0.410883541055 0.817223472630
vt 0.394531250000 0.817223472630
vt 0.394531250000 0.828125000000
vt 0.402459633542 0.828125000000
vt 0.402459633542 0.817223472630
vt 0.394531250000 0.817223472630
vt 0.394531250000 0.828125000000
vt 0.405432777370 0.828125000000
vt 0.405432777370 0.820196616458
vt 0.394531250000 0.820196616458
vt 0.394531250000 0.828125000000
vt 0.402459633542 0.828125000000
vt 0.402459633542 0.811772708945
vt 0.394531250000 0.811772708945
vt 0.394531250000 0.828125000000
vt 0.410883541055 0.828125000000
vt 0.410883541055 0.820196616458
vt 0.394531250000 0.820196616458
vt 0.394531250000 0.828125000000
vt 0.405432777370 0.828125000000
vt 0.405432777370 0.811772708945
vt 0.394531250000 0.811772708945
vt 0.394531250000 0.828125000000
vt 0.410883541055 0.828125000000
vt 0.410883541055 0.817223472630
vt 0.394531250000 0.817223472630
vt 0.394531250000 0.828125000000
vt 0.402459633542 0.828125000000
vt 0.402459633542 0.817223472630
vt 0.394531250000 0.817223472630
vt 0.394531250000 0.828125000000
vt 0.405432777370 0.828125000000
vt 0.405432777370 0.820196616458
vt 0.394531250000 0.820196616458
vt 0.394531250000 0.828125000000
vt 0.402459633542 0.828125000000
vt 0.402459633542 0.811772708945
vt 0.394531250000 0.811772708945
vt 0.394531250000 0.828125000000
vt 0.410883541055 0.828125000000
vt 0.410883541055 0.820196616458
vt 0.394531250000 0.820196616458
vt 0.363281250000 0.996093750000
vt 0.409962897342 0.996093750000
vt 0.413074168858 0.951108531263
vt 0.366836988875 0.944682071443
vt 0.363281250000 0.996093750000
vt 0.414815743022 0.996093750000
vt 0.411594837208 0.949523352059
vt 0.366502155814 0.949523352059
vt 0.363281250000 0.996093750000
vt 0.407878407423 0.996093750000
vt 0.405091085084 0.949495391308
vt 0.366068572339 0.949495391308
vt 0.363281250000 0.996093750000
vt 0.409962897342 0.996093750000
vt 0.412292899125 0.957140860600
vt 0.365944109179 0.951576162114
vt 0.363281250000 0.996093750000
vt 0.402303762745 0.996093750000
vt 0.402303762745 0.951001068606
vt 0.363281250000 0.951001068606
vt 0.363281250000 0.996093750000
vt 0.414815743022 0.996093750000
vt 0.414815743022 0.951496592577
vt 0.363281250000 0.951496592577
vt 0.312976583116 0.828125000000
vt 0.334284349411 0.828125000000
vt 0.356128998372 0.814668696240
vt 0.365714230904 0.795638608963
vt 0.357425147788 0.782182305203
vt 0.336117381493 0.782182305203
vt 0.314272732532 0.795638608963
vt 0.304687500000 0.814668696240
vt 0.312976583116 0.828125000000
vt 0.334284349411 0.828125000000
vt 0.356128998372 0.814668696240
vt 0.365714230904 0.795638608963
vt 0.357425147788 0.782182305203
vt 0.336117381493 0.782182305203
vt 0.314272732532 0.795638608963
vt 0.304687500000 0.814668696240
vt 0.304687500000 0.828125000000
vt 0.323517410912 0.828125000000
vt 0.323517410912 0.806817233705
vt 0.304687500000 0.806817233705
vt 0.304687500000 0.828125000000
vt 0.323517410912 0.828125000000
vt 0.323517410912 0.802468406323
vt 0.304687500000 0.802468406323
vt 0.304687500000 0.828125000000
vt 0.323517410912 0.828125000000
vt 0.323517410912 0.806817233705
vt 0.304687500000 0.806817233705
vt 0.304687500000 0.828125000000
vt 0.323517410912 0.828125000000
vt 0.323517410912 0.812320538295
vt 0.304687500000 0.812320538295
vt 0.304687500000 0.828125000000
vt 0.323517410912 0.828125000000
vt 0.323517410912 0.806817233705
vt 0.304687500000 0.806817233705
vt 0.304687500000 0.828125000000
vt 0.323517410912 0.828125000000
vt 0.323517410912 0.802468406323
vt 0.304687500000 0.802468406323
vt 0.304687500000 0.828125000000
vt 0.323517410912 0.828125000000
vt 0.323517410912 0.806817233705
vt 0.304687500000 0.806817233705
vt 0.304687500000 0.828125000000
vt 0.323517410912 0.828125000000
vt 0.323517410912 0.812320538295
vt 0.304687500000 0.812320538295
vt 0.363281250000 0.996093750000
vt 0.412565013503 0.996093750000
vt 0.415250445984 0.958033023981
vt 0.366454942933 0.951112891977
vt 0.363281250000 0.996093750000
vt 0.408373931394 0.996093750000
vt 0.404905263594 0.946932203150
vt 0.366749917800 0.946932203150
vt 0.363281250000 0.996093750000
vt 0.402923167709 0.996093750000
vt 0.399873789424 0.946904415414
vt 0.366330628285 0.946904415414
vt 0.363281250000 0.996093750000
vt 0.412565013503 0.996093750000
vt 0.414640459449 0.962614858392
vt 0.365734049755 0.956527787191
vt 0.363281250000 0.996093750000
vt 0.396824411138 0.996093750000
vt 0.396824411138 0.957938404205
vt 0.363281250000 0.957938404205
vt 0.363281250000 0.996093750000
vt 0.408373931394 0.996093750000
vt 0.408373931394 0.956451832291
vt 0.363281250000 0.956451832291
vt 0.313806316449 0.828125000000
vt 0.333175260525 0.828125000000
vt 0.351448267478 0.815216545547
vt 0.357921257661 0.796961234190
vt 0.348802441212 0.784052779737
vt 0.329433497135 0.784052779737
vt 0.311160490182 0.796961234190
vt 0.304687500000 0.815216545547
vt 0.313806316449 0.828125000000
vt 0.333175260525 0.828125000000
vt 0.351448267478 0.815216545547
vt 0.357921257661 0.796961234190
vt 0.348802441212 0.784052779737
vt 0.329433497135 0.784052779737
vt 0.311160490182 0.796961234190
vt 0.304687500000 0.815216545547
vt 0.304687500000 0.828125000000
vt 0.323517410912 0.828125000000
vt 0.323517410912 0.808756055924
vt 0.304687500000 0.808756055923
vt 0.304687500000 0.828125000000
vt 0.323517410912 0.828125000000
vt 0.323517410912 0.805752450313
vt 0.304687500000 0.805752450313
vt 0.304687500000 0.828125000000
vt 0.323517410912 0.828125000000
vt 0.323517410912 0.808756055924
vt 0.304687500000 0.808756055923
vt 0.304687500000 0.828125000000
vt 0.323517410912 0.828125000000
vt 0.323517410912 0.812320538295
vt 0.304687500000 0.812320538295
vt 0.304687500000 0.828125000000
vt 0.323517410912 0.828125000000
vt 0.323517410912 0.808756055923
vt 0.304687500000 0.808756055923
vt 0.304687500000 0.828125000000
vt 0.323517410912 0.828125000000
vt 0.323517410912 0.805752450313
vt 0.304687500000 0.805752450313
vt 0.304687500000 0.828125000000
vt 0.323517410912 0.828125000000
vt 0.323517410912 0.808756055923
vt 0.304687500000 0.808756055923
vt 0.304687500000 0.828125000000
vt 0.323517410912 0.828125000000
vt 0.323517410912 0.812320538295
vt 0.304687500000 0.812320538295
vt 0.321498954853 0.828125000000
vt 0.344282934582 0.828125000000
vt 0.360103381707 0.812016908381
vt 0.359692892866 0.789236626750
vt 0.343291926854 0.773128535132
vt 0.320507947125 0.773128535132
vt 0.304687500000 0.789236626750
vt 0.305097988841 0.812016908381
vt 0.321498954853 0.828125000000
vt 0.344282934582 0.828125000000
vt 0.360103381707 0.812016908381
vt 0.359692892866 0.789236626750
vt 0.343291926854 0.773128535132
vt 0.320507947125 0.773128535132
vt 0.304687500000 0.789236626750
vt 0.305097988841 0.812016908381
vt 0.304687500000 0.828125000000
vt 0.349284657423 0.828125000000
vt 0.349284657423 0.805341020271
vt 0.304687500000 0.805341020271
vt 0.304687500000 0.828125000000
vt 0.349284657423 0.828125000000
vt 0.349284657423 0.805547197564
vt 0.304687500000 0.805547197564
vt 0.304687500000 0.828125000000
vt 0.349284657423 0.828125000000
vt 0.349284657423 0.805341020271
vt 0.304687500000 0.805341020271
vt 0.304687500000 0.828125000000
vt 0.349284657423 0.828125000000
vt 0.349284657423 0.805136692065
vt 0.304687500000 0.805136692065
vt 0.304687500000 0.828125000000
vt 0.349284657423 0.828125000000
vt 0.349284657423 0.805341020271
vt 0.304687500000 0.805341020271
vt 0.304687500000 0.828125000000
vt 0.349284657423 0.828125000000
vt 0.349284657423 0.805547197564
vt 0.304687500000 0.805547197564
vt 0.304687500000 0.828125000000
vt 0.349284657423 0.828125000000
vt 0.349284657423 0.805341020271
vt 0.304687500000 0.805341020271
vt 0.304687500000 0.828125000000
vt 0.349284657423 0.828125000000
vt 0.349284657423 0.805136692065
vt 0.304687500000 0.805136692065
vt 0.369900978069 0.996093750000
vt 0.390101957421 0.996093750000
vt 0.412050728324 0.984039916799
vt 0.422889998461 0.966993222408
vt 0.416270270392 0.954939389207
vt 0.396069291040 0.954939389207
vt 0.374120520137 0.966993222408
vt 0.363281250000 0.984039916799
vt 0.369900978069 0.996093750000
vt 0.390101957421 0.996093750000
vt 0.412050728324 0.984039916799
vt 0.422889998461 0.966993222408
vt 0.416270270392 0.954939389207
vt 0.396069291040 0.954939389207
vt 0.374120520137 0.966993222408
vt 0.363281250000 0.984039916799
vt 0.363281250000 0.996093750000
vt 0.387066400625 0.996093750000
vt 0.387066400625 0.975892770648
vt 0.363281250000 0.975892770648
vt 0.363281250000 0.996093750000
vt 0.387066400625 0.996093750000
vt 0.387066400625 0.971052914571
vt 0.363281250000 0.971052914571
vt 0.363281250000 0.996093750000
vt 0.387066400625 0.996093750000
vt 0.387066400625 0.975892770648
vt 0.363281250000 0.975892770648
vt 0.363281250000 0.996093750000
vt 0.387066400625 0.996093750000
vt 0.387066400625 0.982341815789
vt 0.363281250000 0.982341815789
vt 0.363281250000 0.996093750000
vt 0.387066400625 0.996093750000
vt 0.387066400625 0.975892770648
vt 0.363281250000 0.975892770648
vt 0.363281250000 0.996093750000
vt 0.387066400625 0.996093750000
vt 0.387066400625 0.971052914571
vt 0.363281250000 0.971052914571
vt 0.363281250000 0.996093750000
vt 0.387066400625 0.996093750000
vt 0.387066400625 0.975892770648
vt 0.363281250000 0.975892770648
vt 0.363281250000 0.996093750000
vt 0.387066400625 0.996093750000
vt 0.387066400625 0.982341815789
vt 0.363281250000 0.982341815789
vt 0.394531250000 0.828125000000
vt 0.402459633542 0.828125000000
vt 0.402459633542 0.778572602864
vt 0.394531250000 0.778572602864
vt 0.394531250000 0.828125000000
vt 0.444083647136 0.828125000000
vt 0.444083647136 0.820196616458
vt 0.394531250000 0.820196616458
vt 0.394531250000 0.828125000000
vt 0.399486489714 0.828125000000
vt 0.399486489714 0.820196616458
vt 0.394531250000 0.820196616458
vt 0.394531250000 0.828125000000
vt 0.402459633542 0.828125000000
vt 0.402459633542 0.823169760286
vt 0.394531250000 0.823169760286
vt 0.394531250000 0.828125000000
vt 0.399486489714 0.828125000000
vt 0.399486489714 0.778572602864
vt 0.394531250000 0.778572602864
vt 0.394531250000 0.828125000000
vt 0.444083647136 0.828125000000
vt 0.444083647136 0.823169760286
vt 0.394531250000 0.823169760286
vt 0.441406250000 0.996093750000
vt 0.447352537656 0.996093750000
vt 0.447352537656 0.992129558229
vt 0.441406250000 0.992129558229
vt 0.441406250000 0.996093750000
vt 0.445370441771 0.996093750000
vt 0.445370441771 0.990147462344
vt 0.441406250000 0.990147462344
vt 0.441406250000 0.996093750000
vt 0.454785397227 0.996093750000
vt 0.454785397227 0.990147462344
vt 0.441406250000 0.990147462344
vt 0.441406250000 0.996093750000
vt 0.447352537656 0.996093750000
vt 0.447352537656 0.982714602773
vt 0.441406250000 0.982714602773
vt 0.441406250000 0.996093750000
vt 0.454785397227 0.996093750000
vt 0.454785397227 0.992129558229
vt 0.441406250000 0.992129558229
vt 0.441406250000 0.996093750000
vt 0.445370441771 0.996093750000
vt 0.445370441771 0.982714602773
vt 0.441406250000 0.982714602773
vt 0.500000000000 0.957031250000
vt 0.502973143828 0.957031250000
vt 0.502973143828 0.955296916100
vt 0.500000000000 0.955296916100
vt 0.500000000000 0.957031250000
vt 0.501734333900 0.957031250000
vt 0.501734333900 0.954058106172
vt 0.500000000000 0.954058106172
vt 0.500000000000 0.957031250000
vt 0.503468667800 0.957031250000
vt 0.503468667800 0.954058106172
vt 0.500000000000 0.954058106172
vt 0.500000000000 0.957031250000
vt 0.502973143828 0.957031250000
vt 0.502973143828 0.953562582200
vt 0.500000000000 0.953562582200
vt 0.500000000000 0.957031250000
vt 0.503468667800 0.957031250000
vt 0.503468667800 0.955296916100
vt 0.500000000000 0.955296916100
vt 0.500000000000 0.957031250000
vt 0.501734333900 0.957031250000
vt 0.501734333900 0.953562582200
vt 0.500000000000 0.953562582200
vt 0.375889791954 0.996093750000
vt 0.386368743880 0.996093750000
vt 0.391625066727 0.989003826160
vt 0.388579677859 0.978977159710
vt 0.379016524773 0.971887235870
vt 0.368537572847 0.971887235870
vt 0.363281250000 0.978977159710
vt 0.366326638868 0.989003826160
vt 0.375889791954 0.996093750000
vt 0.386368743880 0.996093750000
vt 0.391625066727 0.989003826160
vt 0.388579677859 0.978977159709
vt 0.379016524773 0.971887235870
vt 0.368537572847 0.971887235870
vt 0.363281250000 0.978977159710
vt 0.366326638868 0.989003826160
vt 0.363281250000 0.996093750000
vt 0.374182777370 0.996093750000
vt 0.374182777370 0.985614798074
vt 0.363281250000 0.985614798074
vt 0.363281250000 0.996093750000
vt 0.374182777370 0.996093750000
vt 0.374182777370 0.987267881775
vt 0.363281250000 0.987267881775
vt 0.363281250000 0.996093750000
vt 0.374182777370 0.996093750000
vt 0.374182777370 0.985614798074
vt 0.363281250000 0.985614798074
vt 0.363281250000 0.996093750000
vt 0.374182777370 0.996093750000
vt 0.374182777370 0.984189090534
vt 0.363281250000 0.984189090534
vt 0.363281250000 0.996093750000
vt 0.374182777370 0.996093750000
vt 0.374182777370 0.985614798074
vt 0.363281250000 0.985614798074
vt 0.363281250000 0.996093750000
vt 0.374182777370 0.996093750000
vt 0.374182777370 0.987267881775
vt 0.363281250000 0.987267881775
vt 0.363281250000 0.996093750000
vt 0.374182777370 0.996093750000
vt 0.374182777370 0.985614798074
vt 0.363281250000 0.985614798074
vt 0.363281250000 0.996093750000
vt 0.374182777370 0.996093750000
vt 0.374182777370 0.984189090534
vt 0.363281250000 0.984189090534
vt 0.441406250000 0.996093750000
vt 0.447352537656 0.996093750000
vt 0.447352537656 0.992129558229
vt 0.441406250000 0.992129558229
vt 0.441406250000 0.996093750000
vt 0.445370441771 0.996093750000
vt 0.445370441771 0.990147462344
vt 0.441406250000 0.990147462344
vt 0.441406250000 0.996093750000
vt 0.454785397227 0.996093750000
vt 0.454785397227 0.990147462344
vt 0.441406250000 0.990147462344
vt 0.441406250000 0.996093750000
vt 0.447352537656 0.996093750000
vt 0.447352537656 0.982714602773
vt 0.441406250000 0.982714602773
vt 0.441406250000 0.996093750000
vt 0.454785397227 0.996093750000
vt 0.454785397227 0.992129558229
vt 0.441406250000 0.992129558229
vt 0.441406250000 0.996093750000
vt 0.445370441771 0.996093750000
vt 0.445370441771 0.982714602773
vt 0.441406250000 0.982714602773
vt 0.500000000000 0.957031250000
vt 0.502973143828 0.957031250000
vt 0.502973143828 0.955296916100
vt 0.500000000000 0.955296916100
vt 0.500000000000 0.957031250000
vt 0.501734333900 0.957031250000
vt 0.501734333900 0.954058106172
vt 0.500000000000 0.954058106172
vt 0.500000000000 0.957031250000
vt 0.503468667800 0.957031250000
vt 0.503468667800 0.954058106172
vt 0.500000000000 0.954058106172
vt 0.500000000000 0.957031250000
vt 0.502973143828 0.957031250000
vt 0.502973143828 0.953562582200
vt 0.500000000000 0.953562582200
vt 0.500000000000 0.957031250000
vt 0.503468667800 0.957031250000
vt 0.503468667800 0.955296916100
vt 0.500000000000 0.955296916100
vt 0.500000000000 0.957031250000
vt 0.501734333900 0.957031250000
vt 0.501734333900 0.953562582200
vt 0.500000000000 0.953562582200
vt 0.375889791954 0.996093750000
vt 0.386368743880 0.996093750000
vt 0.391625066727 0.989003826160
vt 0.388579677859 0.978977159710
vt 0.379016524773 0.971887235870
vt 0.368537572847 0.971887235870
vt 0.363281250000 0.978977159710
vt 0.366326638868 0.989003826160
vt 0.375889791954 0.996093750000
vt 0.386368743880 0.996093750000
vt 0.391625066727 0.989003826160
vt 0.388579677859 0.978977159709
vt 0.379016524773 0.971887235870
vt 0.368537572847 0.971887235870
vt 0.363281250000 0.978977159710
vt 0.366326638868 0.989003826160
vt 0.363281250000 0.996093750000
vt 0.374182777370 0.996093750000
vt 0.374182777370 0.985614798074
vt 0.363281250000 0.985614798074
vt 0.363281250000 0.996093750000
vt 0.374182777370 0.996093750000
vt 0.374182777370 0.987267881775
vt 0.363281250000 0.987267881775
vt 0.363281250000 0.996093750000
vt 0.374182777370 0.996093750000
vt 0.374182777370 0.985614798074
vt 0.363281250000 0.985614798074
vt 0.363281250000 0.996093750000
vt 0.374182777370 0.996093750000
vt 0.374182777370 0.984189090534
vt 0.363281250000 0.984189090534
vt 0.363281250000 0.996093750000
vt 0.374182777370 0.996093750000
vt 0.374182777370 0.985614798074
vt 0.363281250000 0.985614798074
vt 0.363281250000 0.996093750000
vt 0.374182777370 0.996093750000
vt 0.374182777370 0.987267881775
vt 0.363281250000 0.987267881775
vt 0.363281250000 0.996093750000
vt 0.374182777370 0.996093750000
vt 0.374182777370 0.985614798074
vt 0.363281250000 0.985614798074
vt 0.363281250000 0.996093750000
vt 0.374182777370 0.996093750000
vt 0.374182777370 0.984189090534
vt 0.363281250000 0.984189090534
vt 0.003906250000 0.996093750000
vt 0.052978136745 0.996093750000
vt 0.053968881476 0.987229513830
vt 0.006107904957 0.976395447399
vt 0.003906250000 0.996093750000
vt 0.023727208855 0.996093750000
vt 0.018276445170 0.947325530389
vt 0.009357013685 0.947325530389
vt 0.003906250000 0.996093750000
vt 0.023727208855 0.996093750000
vt 0.018276445169 0.947325530389
vt 0.009357013685 0.947325530389
vt 0.003906250000 0.996093750000
vt 0.052978136745 0.996093750000
vt 0.053968881476 0.987229513830
vt 0.006107904957 0.976395447399
vt 0.003906250000 0.996093750000
vt 0.012825681485 0.996093750000
vt 0.012825681485 0.987174318515
vt 0.003906250000 0.987174318515
vt 0.003906250000 0.996093750000
vt 0.023727208855 0.996093750000
vt 0.023727208855 0.976272791145
vt 0.003906250000 0.976272791145
vt 0.214085561144 0.828125000000
vt 0.264466645307 0.828125000000
vt 0.295745520841 0.792766271136
vt 0.289599446673 0.742761477228
vt 0.249628709697 0.707402748364
vt 0.199247625534 0.707402748364
vt 0.167968750000 0.742761477228
vt 0.174114824168 0.792766271136
vt 0.214085561144 0.828125000000
vt 0.264466645307 0.828125000000
vt 0.295745520841 0.792766271136
vt 0.289599446673 0.742761477228
vt 0.249628709697 0.707402748364
vt 0.199247625534 0.707402748364
vt 0.167968750000 0.742761477228
vt 0.174114824168 0.792766271136
vt 0.167968750000 0.828125000000
vt 0.190762852683 0.828125000000
vt 0.190762852683 0.777743915837
vt 0.167968750000 0.777743915837
vt 0.167968750000 0.828125000000
vt 0.190762852683 0.828125000000
vt 0.190762852683 0.780916867634
vt 0.167968750000 0.780916867634
vt 0.167968750000 0.828125000000
vt 0.190762852683 0.828125000000
vt 0.190762852683 0.777743915837
vt 0.167968750000 0.777743915837
vt 0.167968750000 0.828125000000
vt 0.190762852683 0.828125000000
vt 0.190762852683 0.774759285151
vt 0.167968750000 0.774759285151
vt 0.167968750000 0.828125000000
vt 0.190762852683 0.828125000000
vt 0.190762852683 0.777743915837
vt 0.167968750000 0.777743915837
vt 0.167968750000 0.828125000000
vt 0.190762852683 0.828125000000
vt 0.190762852683 0.780916867634
vt 0.167968750000 0.780916867634
vt 0.167968750000 0.828125000000
vt 0.190762852683 0.828125000000
vt 0.190762852683 0.777743915837
vt 0.167968750000 0.777743915837
vt 0.167968750000 0.828125000000
vt 0.190762852683 0.828125000000
vt 0.190762852683 0.774759285151
vt 0.167968750000 0.774759285151
vt 0.220222287604 0.828125000000
vt 0.262317870167 0.828125000000
vt 0.282769328771 0.799853866047
vt 0.269596476338 0.759872444986
vt 0.230515791167 0.731601311033
vt 0.188420208605 0.731601311032
vt 0.167968750000 0.759872444986
vt 0.181141602433 0.799853866047
vt 0.220222287604 0.828125000000
vt 0.262317870167 0.828125000000
vt 0.282769328771 0.799853866047
vt 0.269596476338 0.759872444986
vt 0.230515791167 0.731601311033
vt 0.188420208605 0.731601311033
vt 0.167968750000 0.759872444986
vt 0.181141602433 0.799853866047
vt 0.167968750000 0.828125000000
vt 0.259145160731 0.828125000000
vt 0.259145160731 0.786029417438
vt 0.167968750000 0.786029417438
vt 0.167968750000 0.828125000000
vt 0.259145160731 0.828125000000
vt 0.259145160731 0.793232032599
vt 0.167968750000 0.793232032599
vt 0.167968750000 0.828125000000
vt 0.259145160731 0.828125000000
vt 0.259145160731 0.786029417438
vt 0.167968750000 0.786029417438
vt 0.167968750000 0.828125000000
vt 0.259145160731 0.828125000000
vt 0.259145160731 0.779890603886
vt 0.167968750000 0.779890603886
vt 0.167968750000 0.828125000000
vt 0.259145160731 0.828125000000
vt 0.259145160731 0.786029417438
vt 0.167968750000 0.786029417438
vt 0.167968750000 0.828125000000
vt 0.259145160731 0.828125000000
vt 0.259145160731 0.793232032599
vt 0.167968750000 0.793232032599
vt 0.167968750000 0.828125000000
vt 0.259145160731 0.828125000000
vt 0.259145160731 0.786029417438
vt 0.167968750000 0.786029417438
vt 0.167968750000 0.828125000000
vt 0.259145160731 0.828125000000
vt 0.259145160731 0.779890603886
vt 0.167968750000 0.779890603886
vt 0.453546587298 0.996093750000
vt 0.477827261895 0.996093750000
vt 0.489967599194 0.975066068978
vt 0.477827261895 0.954038387956
vt 0.453546587298 0.954038387956
vt 0.441406250000 0.975066068978
vt 0.453546587298 0.996093750000
vt 0.477827261895 0.996093750000
vt 0.489967599194 0.975066068978
vt 0.477827261895 0.954038387956
vt 0.453546587298 0.954038387956
vt 0.441406250000 0.975066068978
vt 0.441406250000 0.996093750000
vt 0.448343585599 0.996093750000
vt 0.448343585599 0.971813075403
vt 0.441406250000 0.971813075403
vt 0.441406250000 0.996093750000
vt 0.448343585599 0.996093750000
vt 0.448343585599 0.971813075403
vt 0.441406250000 0.971813075403
vt 0.441406250000 0.996093750000
vt 0.448343585599 0.996093750000
vt 0.448343585599 0.971813075403
vt 0.441406250000 0.971813075403
vt 0.441406250000 0.996093750000
vt 0.448343585599 0.996093750000
vt 0.448343585599 0.971813075403
vt 0.441406250000 0.971813075403
vt 0.441406250000 0.996093750000
vt 0.448343585599 0.996093750000
vt 0.448343585599 0.971813075403
vt 0.441406250000 0.971813075403
vt 0.441406250000 0.996093750000
vt 0.448343585599 0.996093750000
vt 0.448343585599 0.971813075403
vt 0.441406250000 0.971813075403
vt 0.510566837358 0.996093750000
vt 0.516860837120 0.996093750000
vt 0.503146999881 0.972340687136
vt 0.500000000000 0.977791450821
vt 0.510566837358 0.996093750000
vt 0.516860837120 0.996093750000
vt 0.503146999881 0.972340687136
vt 0.500000000000 0.977791450821
vt 0.500000000000 0.996093750000
vt 0.529731438282 0.996093750000
vt 0.529731438282 0.989799750238
vt 0.500000000000 0.989799750238
vt 0.500000000000 0.996093750000
vt 0.529731438282 0.996093750000
vt 0.529731438282 0.968666075522
vt 0.500000000000 0.968666075522
vt 0.500000000000 0.996093750000
vt 0.529731438282 0.996093750000
vt 0.529731438282 0.989799750238
vt 0.500000000000 0.989799750238
vt 0.500000000000 0.996093750000
vt 0.529731438282 0.996093750000
vt 0.529731438282 0.974960075284
vt 0.500000000000 0.974960075284
vt 0.178535587358 0.828125000000
vt 0.184829587120 0.828125000000
vt 0.171115749881 0.804371937136
vt 0.167968750000 0.809822700821
vt 0.178535587358 0.828125000000
vt 0.184829587120 0.828125000000
vt 0.171115749881 0.804371937136
vt 0.167968750000 0.809822700821
vt 0.167968750000 0.828125000000
vt 0.197700188282 0.828125000000
vt 0.197700188282 0.821831000238
vt 0.167968750000 0.821831000238
vt 0.167968750000 0.828125000000
vt 0.197700188282 0.828125000000
vt 0.197700188282 0.800697325522
vt 0.167968750000 0.800697325522
vt 0.167968750000 0.828125000000
vt 0.197700188282 0.828125000000
vt 0.197700188282 0.821831000238
vt 0.167968750000 0.821831000238
vt 0.167968750000 0.828125000000
vt 0.197700188282 0.828125000000
vt 0.197700188282 0.806991325284
vt 0.167968750000 0.806991325284
vt 0.178535587358 0.828125000000
vt 0.184829587120 0.828125000000
vt 0.171115749881 0.804371937136
vt 0.167968750000 0.809822700821
vt 0.178535587358 0.828125000000
vt 0.184829587120 0.828125000000
vt 0.171115749881 0.804371937136
vt 0.167968750000 0.809822700821
vt 0.167968750000 0.828125000000
vt 0.197700188282 0.828125000000
vt 0.197700188282 0.821831000238
vt 0.167968750000 0.821831000238
vt 0.167968750000 0.828125000000
vt 0.197700188282 0.828125000000
vt 0.197700188282 0.800697325522
vt 0.167968750000 0.800697325522
vt 0.167968750000 0.828125000000
vt 0.197700188282 0.828125000000
vt 0.197700188282 0.821831000238
vt 0.167968750000 0.821831000238
vt 0.167968750000 0.828125000000
vt 0.197700188282 0.828125000000
vt 0.197700188282 0.806991325284
vt 0.167968750000 0.806991325284
vt 0.510566837358 0.996093750000
vt 0.516860837120 0.996093750000
vt 0.503146999881 0.972340687136
vt 0.500000000000 0.977791450821
vt 0.510566837358 0.996093750000
vt 0.516860837120 0.996093750000
vt 0.503146999881 0.972340687136
vt 0.500000000000 0.977791450821
vt 0.500000000000 0.996093750000
vt 0.529731438282 0.996093750000
vt 0.529731438282 0.989799750238
vt 0.500000000000 0.989799750238
vt 0.500000000000 0.996093750000
vt 0.529731438282 0.996093750000
vt 0.529731438282 0.968666075522
vt 0.500000000000 0.968666075522
vt 0.500000000000 0.996093750000
vt 0.529731438282 0.996093750000
vt 0.529731438282 0.989799750238
vt 0.500000000000 0.989799750238
vt 0.500000000000 0.996093750000
vt 0.529731438282 0.996093750000
vt 0.529731438282 0.974960075284
vt 0.500000000000 0.974960075284
vt 0.178535587358 0.828125000000
vt 0.184829587120 0.828125000000
vt 0.171115749881 0.804371937136
vt 0.167968750000 0.809822700821
vt 0.178535587358 0.828125000000
vt 0.184829587120 0.828125000000
vt 0.171115749881 0.804371937136
vt 0.167968750000 0.809822700821
vt 0.167968750000 0.828125000000
vt 0.197700188282 0.828125000000
vt 0.197700188282 0.821831000238
vt 0.167968750000 0.821831000238
vt 0.167968750000 0.828125000000
vt 0.197700188282 0.828125000000
vt 0.197700188282 0.800697325522
vt 0.167968750000 0.800697325522
vt 0.167968750000 0.828125000000
vt 0.197700188282 0.828125000000
vt 0.197700188282 0.821831000238
vt 0.167968750000 0.821831000238
vt 0.167968750000 0.828125000000
vt 0.197700188282 0.828125000000
vt 0.197700188282 0.806991325284
vt 0.167968750000 0.806991325284
vt 0.178535587358 0.828125000000
vt 0.184829587120 0.828125000000
vt 0.171115749881 0.804371937136
vt 0.167968750000 0.809822700821
vt 0.178535587358 0.828125000000
vt 0.184829587120 0.828125000000
vt 0.171115749881 0.804371937136
vt 0.167968750000 0.809822700821
vt 0.167968750000 0.828125000000
vt 0.197700188282 0.828125000000
vt 0.197700188282 0.821831000238
vt 0.167968750000 0.821831000238
vt 0.167968750000 0.828125000000
vt 0.197700188282 0.828125000000
vt 0.197700188282 0.800697325522
vt 0.167968750000 0.800697325522
vt 0.167968750000 0.828125000000
vt 0.197700188282 0.828125000000
vt 0.197700188282 0.821831000238
vt 0.167968750000 0.821831000238
vt 0.167968750000 0.828125000000
vt 0.197700188282 0.828125000000
vt 0.197700188282 0.806991325284
vt 0.167968750000 0.806991325284
vt 0.167968750000 0.828125000000
vt 0.192248890416 0.828125000000
vt 0.204389494811 0.807097473188
vt 0.192249958789 0.786069946377
vt 0.167968750000 0.828125000000
vt 0.192248890416 0.828125000000
vt 0.204389494811 0.807097473188
vt 0.192249958789 0.786069946377
vt 0.167968750000 0.828125000000
vt 0.172923989714 0.828125000000
vt 0.172923989714 0.803844859584
vt 0.167968750000 0.803844859584
vt 0.167968750000 0.828125000000
vt 0.172923989714 0.828125000000
vt 0.172923989714 0.803844325403
vt 0.167968750000 0.803844325403
vt 0.167968750000 0.828125000000
vt 0.172923989714 0.828125000000
vt 0.172923989714 0.803844859584
vt 0.167968750000 0.803844859584
vt 0.167968750000 0.828125000000
vt 0.172923989714 0.828125000000
vt 0.172923989714 0.779563650806
vt 0.167968750000 0.779563650806
vt 0.578125000000 0.996093750000
vt 0.587539955456 0.996093750000
vt 0.587539955456 0.982219078802
vt 0.578125000000 0.982219078802
vt 0.578125000000 0.996093750000
vt 0.591999671198 0.996093750000
vt 0.591999671198 0.986678794544
vt 0.578125000000 0.986678794544
vt 0.578125000000 0.996093750000
vt 0.588035479427 0.996093750000
vt 0.588035479427 0.986678794544
vt 0.578125000000 0.986678794544
vt 0.578125000000 0.996093750000
vt 0.587539955456 0.996093750000
vt 0.587539955456 0.986183270573
vt 0.578125000000 0.986183270573
vt 0.578125000000 0.996093750000
vt 0.588035479427 0.996093750000
vt 0.588035479427 0.982219078802
vt 0.578125000000 0.982219078802
vt 0.578125000000 0.996093750000
vt 0.591999671198 0.996093750000
vt 0.591999671198 0.986183270573
vt 0.578125000000 0.986183270573
vt 0.578125000000 0.996093750000
vt 0.585062335599 0.996093750000
vt 0.585062335599 0.986183270573
vt 0.578125000000 0.986183270573
vt 0.578125000000 0.996093750000
vt 0.588035479427 0.996093750000
vt 0.588035479427 0.989156414401
vt 0.578125000000 0.989156414401
vt 0.578125000000 0.996093750000
vt 0.586548907513 0.996093750000
vt 0.586548907513 0.989156414401
vt 0.578125000000 0.989156414401
vt 0.578125000000 0.996093750000
vt 0.585062335599 0.996093750000
vt 0.585062335599 0.987669842487
vt 0.578125000000 0.987669842487
vt 0.578125000000 0.996093750000
vt 0.586548907513 0.996093750000
vt 0.586548907513 0.986183270573
vt 0.578125000000 0.986183270573
vt 0.578125000000 0.996093750000
vt 0.588035479427 0.996093750000
vt 0.588035479427 0.987669842487
vt 0.578125000000 0.987669842487
vt 0.578125000000 0.996093750000
vt 0.587539955456 0.996093750000
vt 0.587539955456 0.982219078802
vt 0.578125000000 0.982219078802
vt 0.578125000000 0.996093750000
vt 0.591999671198 0.996093750000
vt 0.591999671198 0.986678794544
vt 0.578125000000 0.986678794544
vt 0.375000000000 0.828125000000
vt 0.384910479427 0.828125000000
vt 0.384910479427 0.818710044544
vt 0.375000000000 0.818710044544
vt 0.578125000000 0.996093750000
vt 0.587539955456 0.996093750000
vt 0.587539955456 0.986183270573
vt 0.578125000000 0.986183270573
vt 0.578125000000 0.996093750000
vt 0.588035479427 0.996093750000
vt 0.588035479427 0.982219078802
vt 0.578125000000 0.982219078802
vt 0.578125000000 0.996093750000
vt 0.591999671198 0.996093750000
vt 0.591999671198 0.986183270573
vt 0.578125000000 0.986183270573
vt 0.578125000000 0.996093750000
vt 0.585062335599 0.996093750000
vt 0.585062335599 0.986183270573
vt 0.578125000000 0.986183270573
vt 0.578125000000 0.996093750000
vt 0.588035479427 0.996093750000
vt 0.588035479427 0.989156414401
vt 0.578125000000 0.989156414401
vt 0.578125000000 0.996093750000
vt 0.586548907513 0.996093750000
vt 0.586548907513 0.989156414401
vt 0.578125000000 0.989156414401
vt 0.578125000000 0.996093750000
vt 0.585062335599 0.996093750000
vt 0.585062335599 0.987669842487
vt 0.578125000000 0.987669842487
vt 0.578125000000 0.996093750000
vt 0.586548907513 0.996093750000
vt 0.586548907513 0.986183270573
vt 0.578125000000 0.986183270573
vt 0.578125000000 0.996093750000
vt 0.588035479427 0.996093750000
vt 0.588035479427 0.987669842487
vt 0.578125000000 0.987669842487
vt 0.453546587298 0.996093750000
vt 0.477827261895 0.996093750000
vt 0.489967599194 0.975066068978
vt 0.477827261895 0.954038387956
vt 0.453546587298 0.954038387956
vt 0.441406250000 0.975066068978
vt 0.453546587298 0.996093750000
vt 0.477827261895 0.996093750000
vt 0.489967599194 0.975066068978
vt 0.477827261895 0.954038387956
vt 0.453546587298 0.954038387956
vt 0.441406250000 0.975066068978
vt 0.441406250000 0.996093750000
vt 0.448343585599 0.996093750000
vt 0.448343585599 0.971813075403
vt 0.441406250000 0.971813075403
vt 0.441406250000 0.996093750000
vt 0.448343585599 0.996093750000
vt 0.448343585599 0.971813075403
vt 0.441406250000 0.971813075403
vt 0.441406250000 0.996093750000
vt 0.448343585599 0.996093750000
vt 0.448343585599 0.971813075403
vt 0.441406250000 0.971813075403
vt 0.441406250000 0.996093750000
vt 0.448343585599 0.996093750000
vt 0.448343585599 0.971813075403
vt 0.441406250000 0.971813075403
vt 0.441406250000 0.996093750000
vt 0.448343585599 0.996093750000
vt 0.448343585599 0.971813075403
vt 0.441406250000 0.971813075403
vt 0.441406250000 0.996093750000
vt 0.448343585599 0.996093750000
vt 0.448343585599 0.971813075403
vt 0.441406250000 0.971813075403
vt 0.510566837358 0.996093750000
vt 0.516860837120 0.996093750000
vt 0.503146999881 0.972340687136
vt 0.500000000000 0.977791450821
vt 0.510566837358 0.996093750000
vt 0.516860837120 0.996093750000
vt 0.503146999881 0.972340687136
vt 0.500000000000 0.977791450821
vt 0.500000000000 0.996093750000
vt 0.529731438282 0.996093750000
vt 0.529731438282 0.989799750238
vt 0.500000000000 0.989799750238
vt 0.500000000000 0.996093750000
vt 0.529731438282 0.996093750000
vt 0.529731438282 0.968666075522
vt 0.500000000000 0.968666075522
vt 0.500000000000 0.996093750000
vt 0.529731438282 0.996093750000
vt 0.529731438282 0.989799750238
vt 0.500000000000 0.989799750238
vt 0.500000000000 0.996093750000
vt 0.529731438282 0.996093750000
vt 0.529731438282 0.974960075284
vt 0.500000000000 0.974960075284
vt 0.178535587358 0.828125000000
vt 0.184829587120 0.828125000000
vt 0.171115749881 0.804371937136
vt 0.167968750000 0.809822700821
vt 0.178535587358 0.828125000000
vt 0.184829587120 0.828125000000
vt 0.171115749881 0.804371937136
vt 0.167968750000 0.809822700821
vt 0.167968750000 0.828125000000
vt 0.197700188282 0.828125000000
vt 0.197700188282 0.821831000238
vt 0.167968750000 0.821831000238
vt 0.167968750000 0.828125000000
vt 0.197700188282 0.828125000000
vt 0.197700188282 0.800697325522
vt 0.167968750000 0.800697325522
vt 0.167968750000 0.828125000000
vt 0.197700188282 0.828125000000
vt 0.197700188282 0.821831000238
vt 0.167968750000 0.821831000238
vt 0.167968750000 0.828125000000
vt 0.197700188282 0.828125000000
vt 0.197700188282 0.806991325284
vt 0.167968750000 0.806991325284
vt 0.178535587358 0.828125000000
vt 0.184829587120 0.828125000000
vt 0.171115749881 0.804371937136
vt 0.167968750000 0.809822700821
vt 0.178535587358 0.828125000000
vt 0.184829587120 0.828125000000
vt 0.171115749881 0.804371937136
vt 0.167968750000 0.809822700821
vt 0.167968750000 0.828125000000
vt 0.197700188282 0.828125000000
vt 0.197700188282 0.821831000238
vt 0.167968750000 0.821831000238
vt 0.167968750000 0.828125000000
vt 0.197700188282 0.828125000000
vt 0.197700188282 0.800697325522
vt 0.167968750000 0.800697325522
vt 0.167968750000 0.828125000000
vt 0.197700188282 0.828125000000
vt 0.197700188282 0.821831000238
vt 0.167968750000 0.821831000238
vt 0.167968750000 0.828125000000
vt 0.197700188282 0.828125000000
vt 0.197700188282 0.806991325284
vt 0.167968750000 0.806991325284
vt 0.510566837358 0.996093750000
vt 0.516860837120 0.996093750000
vt 0.503146999881 0.972340687136
vt 0.500000000000 0.977791450821
vt 0.510566837358 0.996093750000
vt 0.516860837120 0.996093750000
vt 0.503146999881 0.972340687136
vt 0.500000000000 0.977791450821
vt 0.500000000000 0.996093750000
vt 0.529731438282 0.996093750000
vt 0.529731438282 0.989799750238
vt 0.500000000000 0.989799750238
vt 0.500000000000 0.996093750000
vt 0.529731438282 0.996093750000
vt 0.529731438282 0.968666075522
vt 0.500000000000 0.968666075522
vt 0.500000000000 0.996093750000
vt 0.529731438282 0.996093750000
vt 0.529731438282 0.989799750238
vt 0.500000000000 0.989799750238
vt 0.500000000000 0.996093750000
vt 0.529731438282 0.996093750000
vt 0.529731438282 0.974960075284
vt 0.500000000000 0.974960075284
vt 0.178535587358 0.828125000000
vt 0.184829587120 0.828125000000
vt 0.171115749881 0.804371937136
vt 0.167968750000 0.809822700821
vt 0.178535587358 0.828125000000
vt 0.184829587120 0.828125000000
vt 0.171115749881 0.804371937136
vt 0.167968750000 0.809822700821
vt 0.167968750000 0.828125000000
vt 0.197700188282 0.828125000000
vt 0.197700188282 0.821831000238
vt 0.167968750000 0.821831000238
vt 0.167968750000 0.828125000000
vt 0.197700188282 0.828125000000
vt 0.197700188282 0.800697325522
vt 0.167968750000 0.800697325522
vt 0.167968750000 0.828125000000
vt 0.197700188282 0.828125000000
vt 0.197700188282 0.821831000238
vt 0.167968750000 0.821831000238
vt 0.167968750000 0.828125000000
vt 0.197700188282 0.828125000000
vt 0.197700188282 0.806991325284
vt 0.167968750000 0.806991325284
vt 0.178535587358 0.828125000000
vt 0.184829587120 0.828125000000
vt 0.171115749881 0.804371937136
vt 0.167968750000 0.809822700821
vt 0.178535587358 0.828125000000
vt 0.184829587120 0.828125000000
vt 0.171115749881 0.804371937136
vt 0.167968750000 0.809822700821
vt 0.167968750000 0.828125000000
vt 0.197700188282 0.828125000000
vt 0.197700188282 0.821831000238
vt 0.167968750000 0.821831000238
vt 0.167968750000 0.828125000000
vt 0.197700188282 0.828125000000
vt 0.197700188282 0.800697325522
vt 0.167968750000 0.800697325522
vt 0.167968750000 0.828125000000
vt 0.197700188282 0.828125000000
vt 0.197700188282 0.821831000238
vt 0.167968750000 0.821831000238
vt 0.167968750000 0.828125000000
vt 0.197700188282 0.828125000000
vt 0.197700188282 0.806991325284
vt 0.167968750000 0.806991325284
vt 0.167968750000 0.828125000000
vt 0.192248890416 0.828125000000
vt 0.204389494811 0.807097473189
vt 0.192249958789 0.786069946377
vt 0.167968750000 0.828125000000
vt 0.192248890416 0.828125000000
vt 0.204389494811 0.807097473189
vt 0.192249958789 0.786069946377
vt 0.167968750000 0.828125000000
vt 0.172923989714 0.828125000000
vt 0.172923989714 0.803844859584
vt 0.167968750000 0.803844859584
vt 0.167968750000 0.828125000000
vt 0.172923989714 0.828125000000
vt 0.172923989714 0.803844325403
vt 0.167968750000 0.803844325403
vt 0.167968750000 0.828125000000
vt 0.172923989714 0.828125000000
vt 0.172923989714 0.803844859584
vt 0.167968750000 0.803844859584
vt 0.167968750000 0.828125000000
vt 0.172923989714 0.828125000000
vt 0.172923989714 0.779563650806
vt 0.167968750000 0.779563650806
vt 0.578125000000 0.996093750000
vt 0.587539955456 0.996093750000
vt 0.587539955456 0.982219078802
vt 0.578125000000 0.982219078802
vt 0.578125000000 0.996093750000
vt 0.591999671198 0.996093750000
vt 0.591999671198 0.986678794544
vt 0.578125000000 0.986678794544
vt 0.578125000000 0.996093750000
vt 0.588035479427 0.996093750000
vt 0.588035479427 0.986678794544
vt 0.578125000000 0.986678794544
vt 0.578125000000 0.996093750000
vt 0.587539955456 0.996093750000
vt 0.587539955456 0.986183270573
vt 0.578125000000 0.986183270573
vt 0.578125000000 0.996093750000
vt 0.588035479427 0.996093750000
vt 0.588035479427 0.982219078802
vt 0.578125000000 0.982219078802
vt 0.578125000000 0.996093750000
vt 0.591999671198 0.996093750000
vt 0.591999671198 0.986183270573
vt 0.578125000000 0.986183270573
vt 0.578125000000 0.996093750000
vt 0.585062335599 0.996093750000
vt 0.585062335599 0.986183270573
vt 0.578125000000 0.986183270573
vt 0.578125000000 0.996093750000
vt 0.588035479427 0.996093750000
vt 0.588035479427 0.989156414401
vt 0.578125000000 0.989156414401
vt 0.578125000000 0.996093750000
vt 0.586548907513 0.996093750000
vt 0.586548907513 0.989156414401
vt 0.578125000000 0.989156414401
vt 0.578125000000 0.996093750000
vt 0.585062335599 0.996093750000
vt 0.585062335599 0.987669842487
vt 0.578125000000 0.987669842487
vt 0.578125000000 0.996093750000
vt 0.586548907513 0.996093750000
vt 0.586548907513 0.986183270573
vt 0.578125000000 0.986183270573
vt 0.578125000000 0.996093750000
vt 0.588035479427 0.996093750000
vt 0.588035479427 0.987669842487
vt 0.578125000000 0.987669842487
vt 0.578125000000 0.996093750000
vt 0.587539955456 0.996093750000
vt 0.587539955456 0.982219078802
vt 0.578125000000 0.982219078802
vt 0.578125000000 0.996093750000
vt 0.591999671198 0.996093750000
vt 0.591999671198 0.986678794544
vt 0.578125000000 0.986678794544
vt 0.375000000000 0.828125000000
vt 0.384910479427 0.828125000000
vt 0.384910479427 0.818710044544
vt 0.375000000000 0.818710044544
vt 0.578125000000 0.996093750000
vt 0.587539955456 0.996093750000
vt 0.587539955456 0.986183270573
vt 0.578125000000 0.986183270573
vt 0.578125000000 0.996093750000
vt 0.588035479427 0.996093750000
vt 0.588035479427 0.982219078802
vt 0.578125000000 0.982219078802
vt 0.578125000000 0.996093750000
vt 0.591999671198 0.996093750000
vt 0.591999671198 0.986183270573
vt 0.578125000000 0.986183270573
vt 0.578125000000 0.996093750000
vt 0.585062335599 0.996093750000
vt 0.585062335599 0.986183270573
vt 0.578125000000 0.986183270573
vt 0.578125000000 0.996093750000
vt 0.588035479427 0.996093750000
vt 0.588035479427 0.989156414401
vt 0.578125000000 0.989156414401
vt 0.578125000000 0.996093750000
vt 0.586548907513 0.996093750000
vt 0.586548907513 0.989156414401
vt 0.578125000000 0.989156414401
vt 0.578125000000 0.996093750000
vt 0.585062335599 0.996093750000
vt 0.585062335599 0.987669842487
vt 0.578125000000 0.987669842487
vt 0.578125000000 0.996093750000
vt 0.586548907513 0.996093750000
vt 0.586548907513 0.986183270573
vt 0.578125000000 0.986183270573
vt 0.578125000000 0.996093750000
vt 0.588035479427 0.996093750000
vt 0.588035479427 0.987669842487
vt 0.578125000000 0.987669842487
vt 0.453546587298 0.996093750000
vt 0.477827261895 0.996093750000
vt 0.489967599194 0.975066068978
vt 0.477827261895 0.954038387956
vt 0.453546587298 0.954038387956
vt 0.441406250000 0.975066068978
vt 0.453546587298 0.996093750000
vt 0.477827261895 0.996093750000
vt 0.489967599194 0.975066068978
vt 0.477827261895 0.954038387956
vt 0.453546587298 0.954038387956
vt 0.441406250000 0.975066068978
vt 0.441406250000 0.996093750000
vt 0.448343585599 0.996093750000
vt 0.448343585599 0.971813075403
vt 0.441406250000 0.971813075403
vt 0.441406250000 0.996093750000
vt 0.448343585599 0.996093750000
vt 0.448343585599 0.971813075403
vt 0.441406250000 0.971813075403
vt 0.441406250000 0.996093750000
vt 0.448343585599 0.996093750000
vt 0.448343585599 0.971813075403
vt 0.441406250000 0.971813075403
vt 0.441406250000 0.996093750000
vt 0.448343585599 0.996093750000
vt 0.448343585599 0.971813075403
vt 0.441406250000 0.971813075403
vt 0.441406250000 0.996093750000
vt 0.448343585599 0.996093750000
vt 0.448343585599 0.971813075403
vt 0.441406250000 0.971813075403
vt 0.441406250000 0.996093750000
vt 0.448343585599 0.996093750000
vt 0.448343585599 0.971813075403
vt 0.441406250000 0.971813075403
vt 0.510566837358 0.996093750000
vt 0.516860837120 0.996093750000
vt 0.503146999881 0.972340687136
vt 0.500000000000 0.977791450821
vt 0.510566837358 0.996093750000
vt 0.516860837120 0.996093750000
vt 0.503146999881 0.972340687136
vt 0.500000000000 0.977791450821
vt 0.500000000000 0.996093750000
vt 0.529731438282 0.996093750000
vt 0.529731438282 0.989799750238
vt 0.500000000000 0.989799750238
vt 0.500000000000 0.996093750000
vt 0.529731438282 0.996093750000
vt 0.529731438282 0.968666075522
vt 0.500000000000 0.968666075522
vt 0.500000000000 0.996093750000
vt 0.529731438282 0.996093750000
vt 0.529731438282 0.989799750238
vt 0.500000000000 0.989799750238
vt 0.500000000000 0.996093750000
vt 0.529731438282 0.996093750000
vt 0.529731438282 0.974960075284
vt 0.500000000000 0.974960075284
vt 0.178535587358 0.828125000000
vt 0.184829587120 0.828125000000
vt 0.171115749881 0.804371937136
vt 0.167968750000 0.809822700821
vt 0.178535587358 0.828125000000
vt 0.184829587120 0.828125000000
vt 0.171115749881 0.804371937136
vt 0.167968750000 0.809822700821
vt 0.167968750000 0.828125000000
vt 0.197700188282 0.828125000000
vt 0.197700188282 0.821831000238
vt 0.167968750000 0.821831000238
vt 0.167968750000 0.828125000000
vt 0.197700188282 0.828125000000
vt 0.197700188282 0.800697325522
vt 0.167968750000 0.800697325522
vt 0.167968750000 0.828125000000
vt 0.197700188282 0.828125000000
vt 0.197700188282 0.821831000238
vt 0.167968750000 0.821831000238
vt 0.167968750000 0.828125000000
vt 0.197700188282 0.828125000000
vt 0.197700188282 0.806991325284
vt 0.167968750000 0.806991325284
vt 0.178535587358 0.828125000000
vt 0.184829587120 0.828125000000
vt 0.171115749881 0.804371937136
vt 0.167968750000 0.809822700821
vt 0.178535587358 0.828125000000
vt 0.184829587120 0.828125000000
vt 0.171115749881 0.804371937136
vt 0.167968750000 0.809822700821
vt 0.167968750000 0.828125000000
vt 0.197700188282 0.828125000000
vt 0.197700188282 0.821831000238
vt 0.167968750000 0.821831000238
vt 0.167968750000 0.828125000000
vt 0.197700188282 0.828125000000
vt 0.197700188282 0.800697325522
vt 0.167968750000 0.800697325522
vt 0.167968750000 0.828125000000
vt 0.197700188282 0.828125000000
vt 0.197700188282 0.821831000238
vt 0.167968750000 0.821831000238
vt 0.167968750000 0.828125000000
vt 0.197700188282 0.828125000000
vt 0.197700188282 0.806991325284
vt 0.167968750000 0.806991325284
vt 0.510566837358 0.996093750000
vt 0.516860837120 0.996093750000
vt 0.503146999881 0.972340687136
vt 0.500000000000 0.977791450821
vt 0.510566837358 0.996093750000
vt 0.516860837120 0.996093750000
vt 0.503146999881 0.972340687136
vt 0.500000000000 0.977791450821
vt 0.500000000000 0.996093750000
vt 0.529731438282 0.996093750000
vt 0.529731438282 0.989799750238
vt 0.500000000000 0.989799750238
vt 0.500000000000 0.996093750000
vt 0.529731438282 0.996093750000
vt 0.529731438282 0.968666075522
vt 0.500000000000 0.968666075522
vt 0.500000000000 0.996093750000
vt 0.529731438282 0.996093750000
vt 0.529731438282 0.989799750238
vt 0.500000000000 0.989799750238
vt 0.500000000000 0.996093750000
vt 0.529731438282 0.996093750000
vt 0.529731438282 0.974960075284
vt 0.500000000000 0.974960075284
vt 0.178535587358 0.828125000000
vt 0.184829587120 0.828125000000
vt 0.171115749881 0.804371937136
vt 0.167968750000 0.809822700821
vt 0.178535587358 0.828125000000
vt 0.184829587120 0.828125000000
vt 0.171115749881 0.804371937136
vt 0.167968750000 0.809822700821
vt 0.167968750000 0.828125000000
vt 0.197700188282 0.828125000000
vt 0.197700188282 0.821831000238
vt 0.167968750000 0.821831000238
vt 0.167968750000 0.828125000000
vt 0.197700188282 0.828125000000
vt 0.197700188282 0.800697325522
vt 0.167968750000 0.800697325522
vt 0.167968750000 0.828125000000
vt 0.197700188282 0.828125000000
vt 0.197700188282 0.821831000238
vt 0.167968750000 0.821831000238
vt 0.167968750000 0.828125000000
vt 0.197700188282 0.828125000000
vt 0.197700188282 0.806991325284
vt 0.167968750000 0.806991325284
vt 0.178535587358 0.828125000000
vt 0.184829587120 0.828125000000
vt 0.171115749881 0.804371937136
vt 0.167968750000 0.809822700821
vt 0.178535587358 0.828125000000
vt 0.184829587120 0.828125000000
vt 0.171115749881 0.804371937136
vt 0.167968750000 0.809822700821
vt 0.167968750000 0.828125000000
vt 0.197700188282 0.828125000000
vt 0.197700188282 0.821831000238
vt 0.167968750000 0.821831000238
vt 0.167968750000 0.828125000000
vt 0.197700188282 0.828125000000
vt 0.197700188282 0.800697325522
vt 0.167968750000 0.800697325522
vt 0.167968750000 0.828125000000
vt 0.197700188282 0.828125000000
vt 0.197700188282 0.821831000238
vt 0.167968750000 0.821831000238
vt 0.167968750000 0.828125000000
vt 0.197700188282 0.828125000000
vt 0.197700188282 0.806991325284
vt 0.167968750000 0.806991325284
vt 0.167968750000 0.828125000000
vt 0.192248890416 0.828125000000
vt 0.204389494811 0.807097473188
vt 0.192249958789 0.786069946377
vt 0.167968750000 0.828125000000
vt 0.192248890416 0.828125000000
vt 0.204389494811 0.807097473188
vt 0.192249958789 0.786069946377
vt 0.167968750000 0.828125000000
vt 0.172923989714 0.828125000000
vt 0.172923989714 0.803844859584
vt 0.167968750000 0.803844859584
vt 0.167968750000 0.828125000000
vt 0.172923989714 0.828125000000
vt 0.172923989714 0.803844325403
vt 0.167968750000 0.803844325403
vt 0.167968750000 0.828125000000
vt 0.172923989714 0.828125000000
vt 0.172923989714 0.803844859584
vt 0.167968750000 0.803844859584
vt 0.167968750000 0.828125000000
vt 0.172923989714 0.828125000000
vt 0.172923989714 0.779563650806
vt 0.167968750000 0.779563650806
vt 0.578125000000 0.996093750000
vt 0.587539955456 0.996093750000
vt 0.587539955456 0.982219078802
vt 0.578125000000 0.982219078802
vt 0.578125000000 0.996093750000
vt 0.591999671198 0.996093750000
vt 0.591999671198 0.986678794544
vt 0.578125000000 0.986678794544
vt 0.578125000000 0.996093750000
vt 0.588035479427 0.996093750000
vt 0.588035479427 0.986678794544
vt 0.578125000000 0.986678794544
vt 0.578125000000 0.996093750000
vt 0.587539955456 0.996093750000
vt 0.587539955456 0.986183270573
vt 0.578125000000 0.986183270573
vt 0.578125000000 0.996093750000
vt 0.588035479427 0.996093750000
vt 0.588035479427 0.982219078802
vt 0.578125000000 0.982219078802
vt 0.578125000000 0.996093750000
vt 0.591999671198 0.996093750000
vt 0.591999671198 0.986183270573
vt 0.578125000000 0.986183270573
vt 0.578125000000 0.996093750000
vt 0.585062335599 0.996093750000
vt 0.585062335599 0.986183270573
vt 0.578125000000 0.986183270573
vt 0.578125000000 0.996093750000
vt 0.588035479427 0.996093750000
vt 0.588035479427 0.989156414401
vt 0.578125000000 0.989156414401
vt 0.578125000000 0.996093750000
vt 0.586548907513 0.996093750000
vt 0.586548907513 0.989156414401
vt 0.578125000000 0.989156414401
vt 0.578125000000 0.996093750000
vt 0.585062335599 0.996093750000
vt 0.585062335599 0.987669842487
vt 0.578125000000 0.987669842487
vt 0.578125000000 0.996093750000
vt 0.586548907513 0.996093750000
vt 0.586548907513 0.986183270573
vt 0.578125000000 0.986183270573
vt 0.578125000000 0.996093750000
vt 0.588035479427 0.996093750000
vt 0.588035479427 0.987669842487
vt 0.578125000000 0.987669842487
vt 0.578125000000 0.996093750000
vt 0.587539955456 0.996093750000
vt 0.587539955456 0.982219078802
vt 0.578125000000 0.982219078802
vt 0.578125000000 0.996093750000
vt 0.591999671198 0.996093750000
vt 0.591999671198 0.986678794544
vt 0.578125000000 0.986678794544
vt 0.375000000000 0.828125000000
vt 0.384910479427 0.828125000000
vt 0.384910479427 0.818710044544
vt 0.375000000000 0.818710044544
vt 0.578125000000 0.996093750000
vt 0.587539955456 0.996093750000
vt 0.587539955456 0.986183270573
vt 0.578125000000 0.986183270573
vt 0.578125000000 0.996093750000
vt 0.588035479427 0.996093750000
vt 0.588035479427 0.982219078802
vt 0.578125000000 0.982219078802
vt 0.578125000000 0.996093750000
vt 0.591999671198 0.996093750000
vt 0.591999671198 0.986183270573
vt 0.578125000000 0.986183270573
vt 0.578125000000 0.996093750000
vt 0.585062335599 0.996093750000
vt 0.585062335599 0.986183270573
vt 0.578125000000 0.986183270573
vt 0.578125000000 0.996093750000
vt 0.588035479427 0.996093750000
vt 0.588035479427 0.989156414401
vt 0.578125000000 0.989156414401
vt 0.578125000000 0.996093750000
vt 0.586548907513 0.996093750000
vt 0.586548907513 0.989156414401
vt 0.578125000000 0.989156414401
vt 0.578125000000 0.996093750000
vt 0.585062335599 0.996093750000
vt 0.585062335599 0.987669842487
vt 0.578125000000 0.987669842487
vt 0.578125000000 0.996093750000
vt 0.586548907513 0.996093750000
vt 0.586548907513 0.986183270573
vt 0.578125000000 0.986183270573
vt 0.578125000000 0.996093750000
vt 0.588035479427 0.996093750000
vt 0.588035479427 0.987669842487
vt 0.578125000000 0.987669842487
vt 0.453546587298 0.996093750000
vt 0.477827261895 0.996093750000
vt 0.489967599194 0.975066068978
vt 0.477827261895 0.954038387956
vt 0.453546587298 0.954038387956
vt 0.441406250000 0.975066068978
vt 0.453546587298 0.996093750000
vt 0.477827261895 0.996093750000
vt 0.489967599194 0.975066068978
vt 0.477827261895 0.954038387956
vt 0.453546587298 0.954038387956
vt 0.441406250000 0.975066068978
vt 0.441406250000 0.996093750000
vt 0.448343585599 0.996093750000
vt 0.448343585599 0.971813075403
vt 0.441406250000 0.971813075403
vt 0.441406250000 0.996093750000
vt 0.448343585599 0.996093750000
vt 0.448343585599 0.971813075403
vt 0.441406250000 0.971813075403
vt 0.441406250000 0.996093750000
vt 0.448343585599 0.996093750000
vt 0.448343585599 0.971813075403
vt 0.441406250000 0.971813075403
vt 0.441406250000 0.996093750000
vt 0.448343585599 0.996093750000
vt 0.448343585599 0.971813075403
vt 0.441406250000 0.971813075403
vt 0.441406250000 0.996093750000
vt 0.448343585599 0.996093750000
vt 0.448343585599 0.971813075403
vt 0.441406250000 0.971813075403
vt 0.441406250000 0.996093750000
vt 0.448343585599 0.996093750000
vt 0.448343585599 0.971813075403
vt 0.441406250000 0.971813075403
vt 0.510566837358 0.996093750000
vt 0.516860837120 0.996093750000
vt 0.503146999881 0.972340687136
vt 0.500000000000 0.977791450821
vt 0.510566837358 0.996093750000
vt 0.516860837120 0.996093750000
vt 0.503146999881 0.972340687136
vt 0.500000000000 0.977791450821
vt 0.500000000000 0.996093750000
vt 0.529731438282 0.996093750000
vt 0.529731438282 0.989799750238
vt 0.500000000000 0.989799750238
vt 0.500000000000 0.996093750000
vt 0.529731438282 0.996093750000
vt 0.529731438282 0.968666075522
vt 0.500000000000 0.968666075522
vt 0.500000000000 0.996093750000
vt 0.529731438282 0.996093750000
vt 0.529731438282 0.989799750238
vt 0.500000000000 0.989799750238
vt 0.500000000000 0.996093750000
vt 0.529731438282 0.996093750000
vt 0.529731438282 0.974960075284
vt 0.500000000000 0.974960075284
vt 0.178535587358 0.828125000000
vt 0.184829587120 0.828125000000
vt 0.171115749881 0.804371937136
vt 0.167968750000 0.809822700821
vt 0.178535587358 0.828125000000
vt 0.184829587120 0.828125000000
vt 0.171115749881 0.804371937136
vt 0.167968750000 0.809822700821
vt 0.167968750000 0.828125000000
vt 0.197700188282 0.828125000000
vt 0.197700188282 0.821831000238
vt 0.167968750000 0.821831000238
vt 0.167968750000 0.828125000000
vt 0.197700188282 0.828125000000
vt 0.197700188282 0.800697325522
vt 0.167968750000 0.800697325522
vt 0.167968750000 0.828125000000
vt 0.197700188282 0.828125000000
vt 0.197700188282 0.821831000238
vt 0.167968750000 0.821831000238
vt 0.167968750000 0.828125000000
vt 0.197700188282 0.828125000000
vt 0.197700188282 0.806991325284
vt 0.167968750000 0.806991325284
vt 0.178535587358 0.828125000000
vt 0.184829587120 0.828125000000
vt 0.171115749881 0.804371937136
vt 0.167968750000 0.809822700821
vt 0.178535587358 0.828125000000
vt 0.184829587120 0.828125000000
vt 0.171115749881 0.804371937136
vt 0.167968750000 0.809822700821
vt 0.167968750000 0.828125000000
vt 0.197700188282 0.828125000000
vt 0.197700188282 0.821831000238
vt 0.167968750000 0.821831000238
vt 0.167968750000 0.828125000000
vt 0.197700188282 0.828125000000
vt 0.197700188282 0.800697325522
vt 0.167968750000 0.800697325522
vt 0.167968750000 0.828125000000
vt 0.197700188282 0.828125000000
vt 0.197700188282 0.821831000238
vt 0.167968750000 0.821831000238
vt 0.167968750000 0.828125000000
vt 0.197700188282 0.828125000000
vt 0.197700188282 0.806991325284
vt 0.167968750000 0.806991325284
vt 0.510566837358 0.996093750000
vt 0.516860837120 0.996093750000
vt 0.503146999881 0.972340687136
vt 0.500000000000 0.977791450821
vt 0.510566837358 0.996093750000
vt 0.516860837120 0.996093750000
vt 0.503146999881 0.972340687136
vt 0.500000000000 0.977791450821
vt 0.500000000000 0.996093750000
vt 0.529731438282 0.996093750000
vt 0.529731438282 0.989799750238
vt 0.500000000000 0.989799750238
vt 0.500000000000 0.996093750000
vt 0.529731438282 0.996093750000
vt 0.529731438282 0.968666075522
vt 0.500000000000 0.968666075522
vt 0.500000000000 0.996093750000
vt 0.529731438282 0.996093750000
vt 0.529731438282 0.989799750238
vt 0.500000000000 0.989799750238
vt 0.500000000000 0.996093750000
vt 0.529731438282 0.996093750000
vt 0.529731438282 0.974960075284
vt 0.500000000000 0.974960075284
vt 0.178535587358 0.828125000000
vt 0.184829587120 0.828125000000
vt 0.171115749881 0.804371937136
vt 0.167968750000 0.809822700821
vt 0.178535587358 0.828125000000
vt 0.184829587120 0.828125000000
vt 0.171115749881 0.804371937136
vt 0.167968750000 0.809822700821
vt 0.167968750000 0.828125000000
vt 0.197700188282 0.828125000000
vt 0.197700188282 0.821831000238
vt 0.167968750000 0.821831000238
vt 0.167968750000 0.828125000000
vt 0.197700188282 0.828125000000
vt 0.197700188282 0.800697325522
vt 0.167968750000 0.800697325522
vt 0.167968750000 0.828125000000
vt 0.197700188282 0.828125000000
vt 0.197700188282 0.821831000238
vt 0.167968750000 0.821831000238
vt 0.167968750000 0.828125000000
vt 0.197700188282 0.828125000000
vt 0.197700188282 0.806991325284
vt 0.167968750000 0.806991325284
vt 0.178535587358 0.828125000000
vt 0.184829587120 0.828125000000
vt 0.171115749881 0.804371937136
vt 0.167968750000 0.809822700821
vt 0.178535587358 0.828125000000
vt 0.184829587120 0.828125000000
vt 0.171115749881 0.804371937136
vt 0.167968750000 0.809822700821
vt 0.167968750000 0.828125000000
vt 0.197700188282 0.828125000000
vt 0.197700188282 0.821831000238
vt 0.167968750000 0.821831000238
vt 0.167968750000 0.828125000000
vt 0.197700188282 0.828125000000
vt 0.197700188282 0.800697325522
vt 0.167968750000 0.800697325522
vt 0.167968750000 0.828125000000
vt 0.197700188282 0.828125000000
vt 0.197700188282 0.821831000238
vt 0.167968750000 0.821831000238
vt 0.167968750000 0.828125000000
vt 0.197700188282 0.828125000000
vt 0.197700188282 0.806991325284
vt 0.167968750000 0.806991325284
vt 0.167968750000 0.828125000000
vt 0.192248890416 0.828125000000
vt 0.204389494811 0.807097473188
vt 0.192249958789 0.786069946377
vt 0.167968750000 0.828125000000
vt 0.192248890416 0.828125000000
vt 0.204389494811 0.807097473188
vt 0.192249958789 0.786069946377
vt 0.167968750000 0.828125000000
vt 0.172923989714 0.828125000000
vt 0.172923989714 0.803844859584
vt 0.167968750000 0.803844859584
vt 0.167968750000 0.828125000000
vt 0.172923989714 0.828125000000
vt 0.172923989714 0.803844325403
vt 0.167968750000 0.803844325403
vt 0.167968750000 0.828125000000
vt 0.172923989714 0.828125000000
vt 0.172923989714 0.803844859584
vt 0.167968750000 0.803844859584
vt 0.167968750000 0.828125000000
vt 0.172923989714 0.828125000000
vt 0.172923989714 0.779563650806
vt 0.167968750000 0.779563650806
vt 0.578125000000 0.996093750000
vt 0.587539955456 0.996093750000
vt 0.587539955456 0.982219078802
vt 0.578125000000 0.982219078802
vt 0.578125000000 0.996093750000
vt 0.591999671198 0.996093750000
vt 0.591999671198 0.986678794544
vt 0.578125000000 0.986678794544
vt 0.578125000000 0.996093750000
vt 0.588035479427 0.996093750000
vt 0.588035479427 0.986678794544
vt 0.578125000000 0.986678794544
vt 0.578125000000 0.996093750000
vt 0.587539955456 0.996093750000
vt 0.587539955456 0.986183270573
vt 0.578125000000 0.986183270573
vt 0.578125000000 0.996093750000
vt 0.588035479427 0.996093750000
vt 0.588035479427 0.982219078802
vt 0.578125000000 0.982219078802
vt 0.578125000000 0.996093750000
vt 0.591999671198 0.996093750000
vt 0.591999671198 0.986183270573
vt 0.578125000000 0.986183270573
vt 0.578125000000 0.996093750000
vt 0.585062335599 0.996093750000
vt 0.585062335599 0.986183270573
vt 0.578125000000 0.986183270573
vt 0.578125000000 0.996093750000
vt 0.588035479427 0.996093750000
vt 0.588035479427 0.989156414401
vt 0.578125000000 0.989156414401
vt 0.578125000000 0.996093750000
vt 0.586548907513 0.996093750000
vt 0.586548907513 0.989156414401
vt 0.578125000000 0.989156414401
vt 0.578125000000 0.996093750000
vt 0.585062335599 0.996093750000
vt 0.585062335599 0.987669842487
vt 0.578125000000 0.987669842487
vt 0.578125000000 0.996093750000
vt 0.586548907513 0.996093750000
vt 0.586548907513 0.986183270573
vt 0.578125000000 0.986183270573
vt 0.578125000000 0.996093750000
vt 0.588035479427 0.996093750000
vt 0.588035479427 0.987669842487
vt 0.578125000000 0.987669842487
vt 0.578125000000 0.996093750000
vt 0.587539955456 0.996093750000
vt 0.587539955456 0.982219078802
vt 0.578125000000 0.982219078802
vt 0.578125000000 0.996093750000
vt 0.591999671198 0.996093750000
vt 0.591999671198 0.986678794544
vt 0.578125000000 0.986678794544
vt 0.375000000000 0.828125000000
vt 0.384910479427 0.828125000000
vt 0.384910479427 0.818710044544
vt 0.375000000000 0.818710044544
vt 0.578125000000 0.996093750000
vt 0.587539955456 0.996093750000
vt 0.587539955456 0.986183270573
vt 0.578125000000 0.986183270573
vt 0.578125000000 0.996093750000
vt 0.588035479427 0.996093750000
vt 0.588035479427 0.982219078802
vt 0.578125000000 0.982219078802
vt 0.578125000000 0.996093750000
vt 0.591999671198 0.996093750000
vt 0.591999671198 0.986183270573
vt 0.578125000000 0.986183270573
vt 0.578125000000 0.996093750000
vt 0.585062335599 0.996093750000
vt 0.585062335599 0.986183270573
vt 0.578125000000 0.986183270573
vt 0.578125000000 0.996093750000
vt 0.588035479427 0.996093750000
vt 0.588035479427 0.989156414401
vt 0.578125000000 0.989156414401
vt 0.578125000000 0.996093750000
vt 0.586548907513 0.996093750000
vt 0.586548907513 0.989156414401
vt 0.578125000000 0.989156414401
vt 0.578125000000 0.996093750000
vt 0.585062335599 0.996093750000
vt 0.585062335599 0.987669842487
vt 0.578125000000 0.987669842487
vt 0.578125000000 0.996093750000
vt 0.586548907513 0.996093750000
vt 0.586548907513 0.986183270573
vt 0.578125000000 0.986183270573
vt 0.578125000000 0.996093750000
vt 0.588035479427 0.996093750000
vt 0.588035479427 0.987669842487
vt 0.578125000000 0.987669842487
vt 0.453546587298 0.996093750000
vt 0.477827261895 0.996093750000
vt 0.489967599194 0.975066068978
vt 0.477827261895 0.954038387956
vt 0.453546587298 0.954038387956
vt 0.441406250000 0.975066068978
vt 0.453546587298 0.996093750000
vt 0.477827261895 0.996093750000
vt 0.489967599194 0.975066068978
vt 0.477827261895 0.954038387956
vt 0.453546587298 0.954038387956
vt 0.441406250000 0.975066068978
vt 0.441406250000 0.996093750000
vt 0.448343585599 0.996093750000
vt 0.448343585599 0.971813075403
vt 0.441406250000 0.971813075403
vt 0.441406250000 0.996093750000
vt 0.448343585599 0.996093750000
vt 0.448343585599 0.971813075403
vt 0.441406250000 0.971813075403
vt 0.441406250000 0.996093750000
vt 0.448343585599 0.996093750000
vt 0.448343585599 0.971813075403
vt 0.441406250000 0.971813075403
vt 0.441406250000 0.996093750000
vt 0.448343585599 0.996093750000
vt 0.448343585599 0.971813075403
vt 0.441406250000 0.971813075403
vt 0.441406250000 0.996093750000
vt 0.448343585599 0.996093750000
vt 0.448343585599 0.971813075403
vt 0.441406250000 0.971813075403
vt 0.441406250000 0.996093750000
vt 0.448343585599 0.996093750000
vt 0.448343585599 0.971813075403
vt 0.441406250000 0.971813075403
vt 0.510566837358 0.996093750000
vt 0.516860837120 0.996093750000
vt 0.503146999881 0.972340687136
vt 0.500000000000 0.977791450821
vt 0.510566837358 0.996093750000
vt 0.516860837120 0.996093750000
vt 0.503146999881 0.972340687136
vt 0.500000000000 0.977791450821
vt 0.500000000000 0.996093750000
vt 0.529731438282 0.996093750000
vt 0.529731438282 0.989799750238
vt 0.500000000000 0.989799750238
vt 0.500000000000 0.996093750000
vt 0.529731438282 0.996093750000
vt 0.529731438282 0.968666075522
vt 0.500000000000 0.968666075522
vt 0.500000000000 0.996093750000
vt 0.529731438282 0.996093750000
vt 0.529731438282 0.989799750238
vt 0.500000000000 0.989799750238
vt 0.500000000000 0.996093750000
vt 0.529731438282 0.996093750000
vt 0.529731438282 0.974960075284
vt 0.500000000000 0.974960075284
vt 0.178535587358 0.828125000000
vt 0.184829587120 0.828125000000
vt 0.171115749881 0.804371937136
vt 0.167968750000 0.809822700821
vt 0.178535587358 0.828125000000
vt 0.184829587120 0.828125000000
vt 0.171115749881 0.804371937136
vt 0.167968750000 0.809822700821
vt 0.167968750000 0.828125000000
vt 0.197700188282 0.828125000000
vt 0.197700188282 0.821831000238
vt 0.167968750000 0.821831000238
vt 0.167968750000 0.828125000000
vt 0.197700188282 0.828125000000
vt 0.197700188282 0.800697325522
vt 0.167968750000 0.800697325522
vt 0.167968750000 0.828125000000
vt 0.197700188282 0.828125000000
vt 0.197700188282 0.821831000238
vt 0.167968750000 0.821831000238
vt 0.167968750000 0.828125000000
vt 0.197700188282 0.828125000000
vt 0.197700188282 0.806991325284
vt 0.167968750000 0.806991325284
vt 0.178535587358 0.828125000000
vt 0.184829587120 0.828125000000
vt 0.171115749881 0.804371937136
vt 0.167968750000 0.809822700821
vt 0.178535587358 0.828125000000
vt 0.184829587120 0.828125000000
vt 0.171115749881 0.804371937136
vt 0.167968750000 0.809822700821
vt 0.167968750000 0.828125000000
vt 0.197700188282 0.828125000000
vt 0.197700188282 0.821831000238
vt 0.167968750000 0.821831000238
vt 0.167968750000 0.828125000000
vt 0.197700188282 0.828125000000
vt 0.197700188282 0.800697325522
vt 0.167968750000 0.800697325522
vt 0.167968750000 0.828125000000
vt 0.197700188282 0.828125000000
vt 0.197700188282 0.821831000238
vt 0.167968750000 0.821831000238
vt 0.167968750000 0.828125000000
vt 0.197700188282 0.828125000000
vt 0.197700188282 0.806991325284
vt 0.167968750000 0.806991325284
vt 0.510566837358 0.996093750000
vt 0.516860837120 0.996093750000
vt 0.503146999881 0.972340687136
vt 0.500000000000 0.977791450821
vt 0.510566837358 0.996093750000
vt 0.516860837120 0.996093750000
vt 0.503146999881 0.972340687136
vt 0.500000000000 0.977791450821
vt 0.500000000000 0.996093750000
vt 0.529731438282 0.996093750000
vt 0.529731438282 0.989799750238
vt 0.500000000000 0.989799750238
vt 0.500000000000 0.996093750000
vt 0.529731438282 0.996093750000
vt 0.529731438282 0.968666075522
vt 0.500000000000 0.968666075522
vt 0.500000000000 0.996093750000
vt 0.529731438282 0.996093750000
vt 0.529731438282 0.989799750238
vt 0.500000000000 0.989799750238
vt 0.500000000000 0.996093750000
vt 0.529731438282 0.996093750000
vt 0.529731438282 0.974960075284
vt 0.500000000000 0.974960075284
vt 0.178535587358 0.828125000000
vt 0.184829587120 0.828125000000
vt 0.171115749881 0.804371937136
vt 0.167968750000 0.809822700821
vt 0.178535587358 0.828125000000
vt 0.184829587120 0.828125000000
vt 0.171115749881 0.804371937136
vt 0.167968750000 0.809822700821
vt 0.167968750000 0.828125000000
vt 0.197700188282 0.828125000000
vt 0.197700188282 0.821831000238
vt 0.167968750000 0.821831000238
vt 0.167968750000 0.828125000000
vt 0.197700188282 0.828125000000
vt 0.197700188282 0.800697325522
vt 0.167968750000 0.800697325522
vt 0.167968750000 0.828125000000
vt 0.197700188282 0.828125000000
vt 0.197700188282 0.821831000238
vt 0.167968750000 0.821831000238
vt 0.167968750000 0.828125000000
vt 0.197700188282 0.828125000000
vt 0.197700188282 0.806991325284
vt 0.167968750000 0.806991325284
vt 0.178535587358 0.828125000000
vt 0.184829587120 0.828125000000
vt 0.171115749881 0.804371937136
vt 0.167968750000 0.809822700821
vt 0.178535587358 0.828125000000
vt 0.184829587120 0.828125000000
vt 0.171115749881 0.804371937136
vt 0.167968750000 0.809822700821
vt 0.167968750000 0.828125000000
vt 0.197700188282 0.828125000000
vt 0.197700188282 0.821831000238
vt 0.167968750000 0.821831000238
vt 0.167968750000 0.828125000000
vt 0.197700188282 0.828125000000
vt 0.197700188282 0.800697325522
vt 0.167968750000 0.800697325522
vt 0.167968750000 0.828125000000
vt 0.197700188282 0.828125000000
vt 0.197700188282 0.821831000238
vt 0.167968750000 0.821831000238
vt 0.167968750000 0.828125000000
vt 0.197700188282 0.828125000000
vt 0.197700188282 0.806991325284
vt 0.167968750000 0.806991325284
vt 0.167968750000 0.828125000000
vt 0.192248890416 0.828125000000
vt 0.204389494811 0.807097473188
vt 0.192249958789 0.786069946377
vt 0.167968750000 0.828125000000
vt 0.192248890416 0.828125000000
vt 0.204389494811 0.807097473188
vt 0.192249958789 0.786069946377
vt 0.167968750000 0.828125000000
vt 0.172923989714 0.828125000000
vt 0.172923989714 0.803844859584
vt 0.167968750000 0.803844859584
vt 0.167968750000 0.828125000000
vt 0.172923989714 0.828125000000
vt 0.172923989714 0.803844325403
vt 0.167968750000 0.803844325403
vt 0.167968750000 0.828125000000
vt 0.172923989714 0.828125000000
vt 0.172923989714 0.803844859584
vt 0.167968750000 0.803844859584
vt 0.167968750000 0.828125000000
vt 0.172923989714 0.828125000000
vt 0.172923989714 0.779563650806
vt 0.167968750000 0.779563650806
vt 0.578125000000 0.996093750000
vt 0.587539955456 0.996093750000
vt 0.587539955456 0.982219078802
vt 0.578125000000 0.982219078802
vt 0.578125000000 0.996093750000
vt 0.591999671198 0.996093750000
vt 0.591999671198 0.986678794544
vt 0.578125000000 0.986678794544
vt 0.578125000000 0.996093750000
vt 0.588035479427 0.996093750000
vt 0.588035479427 0.986678794544
vt 0.578125000000 0.986678794544
vt 0.578125000000 0.996093750000
vt 0.587539955456 0.996093750000
vt 0.587539955456 0.986183270573
vt 0.578125000000 0.986183270573
vt 0.578125000000 0.996093750000
vt 0.588035479427 0.996093750000
vt 0.588035479427 0.982219078802
vt 0.578125000000 0.982219078802
vt 0.578125000000 0.996093750000
vt 0.591999671198 0.996093750000
vt 0.591999671198 0.986183270573
vt 0.578125000000 0.986183270573
vt 0.578125000000 0.996093750000
vt 0.585062335599 0.996093750000
vt 0.585062335599 0.986183270573
vt 0.578125000000 0.986183270573
vt 0.578125000000 0.996093750000
vt 0.588035479427 0.996093750000
vt 0.588035479427 0.989156414401
vt 0.578125000000 0.989156414401
vt 0.578125000000 0.996093750000
vt 0.586548907513 0.996093750000
vt 0.586548907513 0.989156414401
vt 0.578125000000 0.989156414401
vt 0.578125000000 0.996093750000
vt 0.585062335599 0.996093750000
vt 0.585062335599 0.987669842487
vt 0.578125000000 0.987669842487
vt 0.578125000000 0.996093750000
vt 0.586548907513 0.996093750000
vt 0.586548907513 0.986183270573
vt 0.578125000000 0.986183270573
vt 0.578125000000 0.996093750000
vt 0.588035479427 0.996093750000
vt 0.588035479427 0.987669842487
vt 0.578125000000 0.987669842487
vt 0.578125000000 0.996093750000
vt 0.587539955456 0.996093750000
vt 0.587539955456 0.982219078802
vt 0.578125000000 0.982219078802
vt 0.578125000000 0.996093750000
vt 0.591999671198 0.996093750000
vt 0.591999671198 0.986678794544
vt 0.578125000000 0.986678794544
vt 0.375000000000 0.828125000000
vt 0.384910479427 0.828125000000
vt 0.384910479427 0.818710044544
vt 0.375000000000 0.818710044544
vt 0.578125000000 0.996093750000
vt 0.587539955456 0.996093750000
vt 0.587539955456 0.986183270573
vt 0.578125000000 0.986183270573
vt 0.578125000000 0.996093750000
vt 0.588035479427 0.996093750000
vt 0.588035479427 0.982219078802
vt 0.578125000000 0.982219078802
vt 0.578125000000 0.996093750000
vt 0.591999671198 0.996093750000
vt 0.591999671198 0.986183270573
vt 0.578125000000 0.986183270573
vt 0.578125000000 0.996093750000
vt 0.585062335599 0.996093750000
vt 0.585062335599 0.986183270573
vt 0.578125000000 0.986183270573
vt 0.578125000000 0.996093750000
vt 0.588035479427 0.996093750000
vt 0.588035479427 0.989156414401
vt 0.578125000000 0.989156414401
vt 0.578125000000 0.996093750000
vt 0.586548907513 0.996093750000
vt 0.586548907513 0.989156414401
vt 0.578125000000 0.989156414401
vt 0.578125000000 0.996093750000
vt 0.585062335599 0.996093750000
vt 0.585062335599 0.987669842487
vt 0.578125000000 0.987669842487
vt 0.578125000000 0.996093750000
vt 0.586548907513 0.996093750000
vt 0.586548907513 0.986183270573
vt 0.578125000000 0.986183270573
vt 0.578125000000 0.996093750000
vt 0.588035479427 0.996093750000
vt 0.588035479427 0.987669842487
vt 0.578125000000 0.987669842487
vt 0.453546587298 0.996093750000
vt 0.477827261895 0.996093750000
vt 0.489967599194 0.975066068978
vt 0.477827261895 0.954038387956
vt 0.453546587298 0.954038387956
vt 0.441406250000 0.975066068978
vt 0.453546587298 0.996093750000
vt 0.477827261895 0.996093750000
vt 0.489967599194 0.975066068978
vt 0.477827261895 0.954038387956
vt 0.453546587298 0.954038387956
vt 0.441406250000 0.975066068978
vt 0.441406250000 0.996093750000
vt 0.448343585599 0.996093750000
vt 0.448343585599 0.971813075403
vt 0.441406250000 0.971813075403
vt 0.441406250000 0.996093750000
vt 0.448343585599 0.996093750000
vt 0.448343585599 0.971813075403
vt 0.441406250000 0.971813075403
vt 0.441406250000 0.996093750000
vt 0.448343585599 0.996093750000
vt 0.448343585599 0.971813075403
vt 0.441406250000 0.971813075403
vt 0.441406250000 0.996093750000
vt 0.448343585599 0.996093750000
vt 0.448343585599 0.971813075403
vt 0.441406250000 0.971813075403
vt 0.441406250000 0.996093750000
vt 0.448343585599 0.996093750000
vt 0.448343585599 0.971813075403
vt 0.441406250000 0.971813075403
vt 0.441406250000 0.996093750000
vt 0.448343585599 0.996093750000
vt 0.448343585599 0.971813075403
vt 0.441406250000 0.971813075403
vt 0.510566837358 0.996093750000
vt 0.516860837120 0.996093750000
vt 0.503146999881 0.972340687136
vt 0.500000000000 0.977791450821
vt 0.510566837358 0.996093750000
vt 0.516860837120 0.996093750000
vt 0.503146999881 0.972340687136
vt 0.500000000000 0.977791450821
vt 0.500000000000 0.996093750000
vt 0.529731438282 0.996093750000
vt 0.529731438282 0.989799750238
vt 0.500000000000 0.989799750238
vt 0.500000000000 0.996093750000
vt 0.529731438282 0.996093750000
vt 0.529731438282 0.968666075522
vt 0.500000000000 0.968666075522
vt 0.500000000000 0.996093750000
vt 0.529731438282 0.996093750000
vt 0.529731438282 0.989799750238
vt 0.500000000000 0.989799750238
vt 0.500000000000 0.996093750000
vt 0.529731438282 0.996093750000
vt 0.529731438282 0.974960075284
vt 0.500000000000 0.974960075284
vt 0.178535587358 0.828125000000
vt 0.184829587120 0.828125000000
vt 0.171115749881 0.804371937136
vt 0.167968750000 0.809822700821
vt 0.178535587358 0.828125000000
vt 0.184829587120 0.828125000000
vt 0.171115749881 0.804371937136
vt 0.167968750000 0.809822700821
vt 0.167968750000 0.828125000000
vt 0.197700188282 0.828125000000
vt 0.197700188282 0.821831000238
vt 0.167968750000 0.821831000238
vt 0.167968750000 0.828125000000
vt 0.197700188282 0.828125000000
vt 0.197700188282 0.800697325522
vt 0.167968750000 0.800697325522
vt 0.167968750000 0.828125000000
vt 0.197700188282 0.828125000000
vt 0.197700188282 0.821831000238
vt 0.167968750000 0.821831000238
vt 0.167968750000 0.828125000000
vt 0.197700188282 0.828125000000
vt 0.197700188282 0.806991325284
vt 0.167968750000 0.806991325284
vt 0.178535587358 0.828125000000
vt 0.184829587120 0.828125000000
vt 0.171115749881 0.804371937136
vt 0.167968750000 0.809822700821
vt 0.178535587358 0.828125000000
vt 0.184829587120 0.828125000000
vt 0.171115749881 0.804371937136
vt 0.167968750000 0.809822700821
vt 0.167968750000 0.828125000000
vt 0.197700188282 0.828125000000
vt 0.197700188282 0.821831000238
vt 0.167968750000 0.821831000238
vt 0.167968750000 0.828125000000
vt 0.197700188282 0.828125000000
vt 0.197700188282 0.800697325522
vt 0.167968750000 0.800697325522
vt 0.167968750000 0.828125000000
vt 0.197700188282 0.828125000000
vt 0.197700188282 0.821831000238
vt 0.167968750000 0.821831000238
vt 0.167968750000 0.828125000000
vt 0.197700188282 0.828125000000
vt 0.197700188282 0.806991325284
vt 0.167968750000 0.806991325284
vt 0.510566837358 0.996093750000
vt 0.516860837120 0.996093750000
vt 0.503146999881 0.972340687136
vt 0.500000000000 0.977791450821
vt 0.510566837358 0.996093750000
vt 0.516860837120 0.996093750000
vt 0.503146999881 0.972340687136
vt 0.500000000000 0.977791450821
vt 0.500000000000 0.996093750000
vt 0.529731438282 0.996093750000
vt 0.529731438282 0.989799750238
vt 0.500000000000 0.989799750238
vt 0.500000000000 0.996093750000
vt 0.529731438282 0.996093750000
vt 0.529731438282 0.968666075522
vt 0.500000000000 0.968666075522
vt 0.500000000000 0.996093750000
vt 0.529731438282 0.996093750000
vt 0.529731438282 0.989799750238
vt 0.500000000000 0.989799750238
vt 0.500000000000 0.996093750000
vt 0.529731438282 0.996093750000
vt 0.529731438282 0.974960075284
vt 0.500000000000 0.974960075284
vt 0.178535587358 0.828125000000
vt 0.184829587120 0.828125000000
vt 0.171115749881 0.804371937136
vt 0.167968750000 0.809822700821
vt 0.178535587358 0.828125000000
vt 0.184829587120 0.828125000000
vt 0.171115749881 0.804371937136
vt 0.167968750000 0.809822700821
vt 0.167968750000 0.828125000000
vt 0.197700188282 0.828125000000
vt 0.197700188282 0.821831000238
vt 0.167968750000 0.821831000238
vt 0.167968750000 0.828125000000
vt 0.197700188282 0.828125000000
vt 0.197700188282 0.800697325522
vt 0.167968750000 0.800697325522
vt 0.167968750000 0.828125000000
vt 0.197700188282 0.828125000000
vt 0.197700188282 0.821831000238
vt 0.167968750000 0.821831000238
vt 0.167968750000 0.828125000000
vt 0.197700188282 0.828125000000
vt 0.197700188282 0.806991325284
vt 0.167968750000 0.806991325284
vt 0.178535587358 0.828125000000
vt 0.184829587120 0.828125000000
vt 0.171115749881 0.804371937136
vt 0.167968750000 0.809822700821
vt 0.178535587358 0.828125000000
vt 0.184829587120 0.828125000000
vt 0.171115749881 0.804371937136
vt 0.167968750000 0.809822700821
vt 0.167968750000 0.828125000000
vt 0.197700188282 0.828125000000
vt 0.197700188282 0.821831000238
vt 0.167968750000 0.821831000238
vt 0.167968750000 0.828125000000
vt 0.197700188282 0.828125000000
vt 0.197700188282 0.800697325522
vt 0.167968750000 0.800697325522
vt 0.167968750000 0.828125000000
vt 0.197700188282 0.828125000000
vt 0.197700188282 0.821831000238
vt 0.167968750000 0.821831000238
vt 0.167968750000 0.828125000000
vt 0.197700188282 0.828125000000
vt 0.197700188282 0.806991325284
vt 0.167968750000 0.806991325284
vt 0.167968750000 0.828125000000
vt 0.192248890416 0.828125000000
vt 0.204389494811 0.807097473188
vt 0.192249958789 0.786069946377
vt 0.167968750000 0.828125000000
vt 0.192248890416 0.828125000000
vt 0.204389494811 0.807097473188
vt 0.192249958789 0.786069946377
vt 0.167968750000 0.828125000000
vt 0.172923989714 0.828125000000
vt 0.172923989714 0.803844859584
vt 0.167968750000 0.803844859584
vt 0.167968750000 0.828125000000
vt 0.172923989714 0.828125000000
vt 0.172923989714 0.803844325403
vt 0.167968750000 0.803844325403
vt 0.167968750000 0.828125000000
vt 0.172923989714 0.828125000000
vt 0.172923989714 0.803844859584
vt 0.167968750000 0.803844859584
vt 0.167968750000 0.828125000000
vt 0.172923989714 0.828125000000
vt 0.172923989714 0.779563650806
vt 0.167968750000 0.779563650806
vt 0.578125000000 0.996093750000
vt 0.587539955456 0.996093750000
vt 0.587539955456 0.982219078802
vt 0.578125000000 0.982219078802
vt 0.578125000000 0.996093750000
vt 0.591999671198 0.996093750000
vt 0.591999671198 0.986678794544
vt 0.578125000000 0.986678794544
vt 0.578125000000 0.996093750000
vt 0.588035479427 0.996093750000
vt 0.588035479427 0.986678794544
vt 0.578125000000 0.986678794544
vt 0.578125000000 0.996093750000
vt 0.587539955456 0.996093750000
vt 0.587539955456 0.986183270573
vt 0.578125000000 0.986183270573
vt 0.578125000000 0.996093750000
vt 0.588035479427 0.996093750000
vt 0.588035479427 0.982219078802
vt 0.578125000000 0.982219078802
vt 0.578125000000 0.996093750000
vt 0.591999671198 0.996093750000
vt 0.591999671198 0.986183270573
vt 0.578125000000 0.986183270573
vt 0.578125000000 0.996093750000
vt 0.585062335599 0.996093750000
vt 0.585062335599 0.986183270573
vt 0.578125000000 0.986183270573
vt 0.578125000000 0.996093750000
vt 0.588035479427 0.996093750000
vt 0.588035479427 0.989156414401
vt 0.578125000000 0.989156414401
vt 0.578125000000 0.996093750000
vt 0.586548907513 0.996093750000
vt 0.586548907513 0.989156414401
vt 0.578125000000 0.989156414401
vt 0.578125000000 0.996093750000
vt 0.585062335599 0.996093750000
vt 0.585062335599 0.987669842487
vt 0.578125000000 0.987669842487
vt 0.578125000000 0.996093750000
vt 0.586548907513 0.996093750000
vt 0.586548907513 0.986183270573
vt 0.578125000000 0.986183270573
vt 0.578125000000 0.996093750000
vt 0.588035479427 0.996093750000
vt 0.588035479427 0.987669842487
vt 0.578125000000 0.987669842487
vt 0.578125000000 0.996093750000
vt 0.587539955456 0.996093750000
vt 0.587539955456 0.982219078802
vt 0.578125000000 0.982219078802
vt 0.578125000000 0.996093750000
vt 0.591999671198 0.996093750000
vt 0.591999671198 0.986678794544
vt 0.578125000000 0.986678794544
vt 0.375000000000 0.828125000000
vt 0.384910479427 0.828125000000
vt 0.384910479427 0.818710044544
vt 0.375000000000 0.818710044544
vt 0.578125000000 0.996093750000
vt 0.587539955456 0.996093750000
vt 0.587539955456 0.986183270573
vt 0.578125000000 0.986183270573
vt 0.578125000000 0.996093750000
vt 0.588035479427 0.996093750000
vt 0.588035479427 0.982219078802
vt 0.578125000000 0.982219078802
vt 0.578125000000 0.996093750000
vt 0.591999671198 0.996093750000
vt 0.591999671198 0.986183270573
vt 0.578125000000 0.986183270573
vt 0.578125000000 0.996093750000
vt 0.585062335599 0.996093750000
vt 0.585062335599 0.986183270573
vt 0.578125000000 0.986183270573
vt 0.578125000000 0.996093750000
vt 0.588035479427 0.996093750000
vt 0.588035479427 0.989156414401
vt 0.578125000000 0.989156414401
vt 0.578125000000 0.996093750000
vt 0.586548907513 0.996093750000
vt 0.586548907513 0.989156414401
vt 0.578125000000 0.989156414401
vt 0.578125000000 0.996093750000
vt 0.585062335599 0.996093750000
vt 0.585062335599 0.987669842487
vt 0.578125000000 0.987669842487
vt 0.578125000000 0.996093750000
vt 0.586548907513 0.996093750000
vt 0.586548907513 0.986183270573
vt 0.578125000000 0.986183270573
vt 0.578125000000 0.996093750000
vt 0.588035479427 0.996093750000
vt 0.588035479427 0.987669842487
vt 0.578125000000 0.987669842487
vt 0.453546587298 0.996093750000
vt 0.477827261895 0.996093750000
vt 0.489967599194 0.975066068978
vt 0.477827261895 0.954038387956
vt 0.453546587298 0.954038387956
vt 0.441406250000 0.975066068978
vt 0.453546587298 0.996093750000
vt 0.477827261895 0.996093750000
vt 0.489967599194 0.975066068978
vt 0.477827261895 0.954038387956
vt 0.453546587298 0.954038387956
vt 0.441406250000 0.975066068978
vt 0.441406250000 0.996093750000
vt 0.448343585599 0.996093750000
vt 0.448343585599 0.971813075403
vt 0.441406250000 0.971813075403
vt 0.441406250000 0.996093750000
vt 0.448343585599 0.996093750000
vt 0.448343585599 0.971813075403
vt 0.441406250000 0.971813075403
vt 0.441406250000 0.996093750000
vt 0.448343585599 0.996093750000
vt 0.448343585599 0.971813075403
vt 0.441406250000 0.971813075403
vt 0.441406250000 0.996093750000
vt 0.448343585599 0.996093750000
vt 0.448343585599 0.971813075403
vt 0.441406250000 0.971813075403
vt 0.441406250000 0.996093750000
vt 0.448343585599 0.996093750000
vt 0.448343585599 0.971813075403
vt 0.441406250000 0.971813075403
vt 0.441406250000 0.996093750000
vt 0.448343585599 0.996093750000
vt 0.448343585599 0.971813075403
vt 0.441406250000 0.971813075403
vt 0.510566837358 0.996093750000
vt 0.516860837120 0.996093750000
vt 0.503146999881 0.972340687136
vt 0.500000000000 0.977791450821
vt 0.510566837358 0.996093750000
vt 0.516860837120 0.996093750000
vt 0.503146999881 0.972340687136
vt 0.500000000000 0.977791450821
vt 0.500000000000 0.996093750000
vt 0.529731438282 0.996093750000
vt 0.529731438282 0.989799750238
vt 0.500000000000 0.989799750238
vt 0.500000000000 0.996093750000
vt 0.529731438282 0.996093750000
vt 0.529731438282 0.968666075522
vt 0.500000000000 0.968666075522
vt 0.500000000000 0.996093750000
vt 0.529731438282 0.996093750000
vt 0.529731438282 0.989799750238
vt 0.500000000000 0.989799750238
vt 0.500000000000 0.996093750000
vt 0.529731438282 0.996093750000
vt 0.529731438282 0.974960075284
vt 0.500000000000 0.974960075284
vt 0.178535587358 0.828125000000
vt 0.184829587120 0.828125000000
vt 0.171115749881 0.804371937136
vt 0.167968750000 0.809822700821
vt 0.178535587358 0.828125000000
vt 0.184829587120 0.828125000000
vt 0.171115749881 0.804371937136
vt 0.167968750000 0.809822700821
vt 0.167968750000 0.828125000000
vt 0.197700188282 0.828125000000
vt 0.197700188282 0.821831000238
vt 0.167968750000 0.821831000238
vt 0.167968750000 0.828125000000
vt 0.197700188282 0.828125000000
vt 0.197700188282 0.800697325522
vt 0.167968750000 0.800697325522
vt 0.167968750000 0.828125000000
vt 0.197700188282 0.828125000000
vt 0.197700188282 0.821831000238
vt 0.167968750000 0.821831000238
vt 0.167968750000 0.828125000000
vt 0.197700188282 0.828125000000
vt 0.197700188282 0.806991325284
vt 0.167968750000 0.806991325284
vt 0.178535587358 0.828125000000
vt 0.184829587120 0.828125000000
vt 0.171115749881 0.804371937136
vt 0.167968750000 0.809822700821
vt 0.178535587358 0.828125000000
vt 0.184829587120 0.828125000000
vt 0.171115749881 0.804371937136
vt 0.167968750000 0.809822700821
vt 0.167968750000 0.828125000000
vt 0.197700188282 0.828125000000
vt 0.197700188282 0.821831000238
vt 0.167968750000 0.821831000238
vt 0.167968750000 0.828125000000
vt 0.197700188282 0.828125000000
vt 0.197700188282 0.800697325522
vt 0.167968750000 0.800697325522
vt 0.167968750000 0.828125000000
vt 0.197700188282 0.828125000000
vt 0.197700188282 0.821831000238
vt 0.167968750000 0.821831000238
vt 0.167968750000 0.828125000000
vt 0.197700188282 0.828125000000
vt 0.197700188282 0.806991325284
vt 0.167968750000 0.806991325284
vt 0.510566837358 0.996093750000
vt 0.516860837120 0.996093750000
vt 0.503146999881 0.972340687136
vt 0.500000000000 0.977791450821
vt 0.510566837358 0.996093750000
vt 0.516860837120 0.996093750000
vt 0.503146999881 0.972340687136
vt 0.500000000000 0.977791450821
vt 0.500000000000 0.996093750000
vt 0.529731438282 0.996093750000
vt 0.529731438282 0.989799750238
vt 0.500000000000 0.989799750238
vt 0.500000000000 0.996093750000
vt 0.529731438282 0.996093750000
vt 0.529731438282 0.968666075522
vt 0.500000000000 0.968666075522
vt 0.500000000000 0.996093750000
vt 0.529731438282 0.996093750000
vt 0.529731438282 0.989799750238
vt 0.500000000000 0.989799750238
vt 0.500000000000 0.996093750000
vt 0.529731438282 0.996093750000
vt 0.529731438282 0.974960075284
vt 0.500000000000 0.974960075284
vt 0.178535587358 0.828125000000
vt 0.184829587120 0.828125000000
vt 0.171115749881 0.804371937136
vt 0.167968750000 0.809822700821
vt 0.178535587358 0.828125000000
vt 0.184829587120 0.828125000000
vt 0.171115749881 0.804371937136
vt 0.167968750000 0.809822700821
vt 0.167968750000 0.828125000000
vt 0.197700188282 0.828125000000
vt 0.197700188282 0.821831000238
vt 0.167968750000 0.821831000238
vt 0.167968750000 0.828125000000
vt 0.197700188282 0.828125000000
vt 0.197700188282 0.800697325522
vt 0.167968750000 0.800697325522
vt 0.167968750000 0.828125000000
vt 0.197700188282 0.828125000000
vt 0.197700188282 0.821831000238
vt 0.167968750000 0.821831000238
vt 0.167968750000 0.828125000000
vt 0.197700188282 0.828125000000
vt 0.197700188282 0.806991325284
vt 0.167968750000 0.806991325284
vt 0.178535587358 0.828125000000
vt 0.184829587120 0.828125000000
vt 0.171115749881 0.804371937136
vt 0.167968750000 0.809822700821
vt 0.178535587358 0.828125000000
vt 0.184829587120 0.828125000000
vt 0.171115749881 0.804371937136
vt 0.167968750000 0.809822700821
vt 0.167968750000 0.828125000000
vt 0.197700188282 0.828125000000
vt 0.197700188282 0.821831000238
vt 0.167968750000 0.821831000238
vt 0.167968750000 0.828125000000
vt 0.197700188282 0.828125000000
vt 0.197700188282 0.800697325522
vt 0.167968750000 0.800697325522
vt 0.167968750000 0.828125000000
vt 0.197700188282 0.828125000000
vt 0.197700188282 0.821831000238
vt 0.167968750000 0.821831000238
vt 0.167968750000 0.828125000000
vt 0.197700188282 0.828125000000
vt 0.197700188282 0.806991325284
vt 0.167968750000 0.806991325284
vt 0.167968750000 0.828125000000
vt 0.192248890416 0.828125000000
vt 0.204389494811 0.807097473189
vt 0.192249958789 0.786069946377
vt 0.167968750000 0.828125000000
vt 0.192248890416 0.828125000000
vt 0.204389494811 0.807097473189
vt 0.192249958789 0.786069946377
vt 0.167968750000 0.828125000000
vt 0.172923989714 0.828125000000
vt 0.172923989714 0.803844859584
vt 0.167968750000 0.803844859584
vt 0.167968750000 0.828125000000
vt 0.172923989714 0.828125000000
vt 0.172923989714 0.803844325403
vt 0.167968750000 0.803844325403
vt 0.167968750000 0.828125000000
vt 0.172923989714 0.828125000000
vt 0.172923989714 0.803844859584
vt 0.167968750000 0.803844859584
vt 0.167968750000 0.828125000000
vt 0.172923989714 0.828125000000
vt 0.172923989714 0.779563650806
vt 0.167968750000 0.779563650806
vt 0.578125000000 0.996093750000
vt 0.587539955456 0.996093750000
vt 0.587539955456 0.982219078802
vt 0.578125000000 0.982219078802
vt 0.578125000000 0.996093750000
vt 0.591999671198 0.996093750000
vt 0.591999671198 0.986678794544
vt 0.578125000000 0.986678794544
vt 0.578125000000 0.996093750000
vt 0.588035479427 0.996093750000
vt 0.588035479427 0.986678794544
vt 0.578125000000 0.986678794544
vt 0.578125000000 0.996093750000
vt 0.587539955456 0.996093750000
vt 0.587539955456 0.986183270573
vt 0.578125000000 0.986183270573
vt 0.578125000000 0.996093750000
vt 0.588035479427 0.996093750000
vt 0.588035479427 0.982219078802
vt 0.578125000000 0.982219078802
vt 0.578125000000 0.996093750000
vt 0.591999671198 0.996093750000
vt 0.591999671198 0.986183270573
vt 0.578125000000 0.986183270573
vt 0.578125000000 0.996093750000
vt 0.585062335599 0.996093750000
vt 0.585062335599 0.986183270573
vt 0.578125000000 0.986183270573
vt 0.578125000000 0.996093750000
vt 0.588035479427 0.996093750000
vt 0.588035479427 0.989156414401
vt 0.578125000000 0.989156414401
vt 0.578125000000 0.996093750000
vt 0.586548907513 0.996093750000
vt 0.586548907513 0.989156414401
vt 0.578125000000 0.989156414401
vt 0.578125000000 0.996093750000
vt 0.585062335599 0.996093750000
vt 0.585062335599 0.987669842487
vt 0.578125000000 0.987669842487
vt 0.578125000000 0.996093750000
vt 0.586548907513 0.996093750000
vt 0.586548907513 0.986183270573
vt 0.578125000000 0.986183270573
vt 0.578125000000 0.996093750000
vt 0.588035479427 0.996093750000
vt 0.588035479427 0.987669842487
vt 0.578125000000 0.987669842487
vt 0.578125000000 0.996093750000
vt 0.587539955456 0.996093750000
vt 0.587539955456 0.982219078802
vt 0.578125000000 0.982219078802
vt 0.578125000000 0.996093750000
vt 0.591999671198 0.996093750000
vt 0.591999671198 0.986678794544
vt 0.578125000000 0.986678794544
vt 0.375000000000 0.828125000000
vt 0.384910479427 0.828125000000
vt 0.384910479427 0.818710044544
vt 0.375000000000 0.818710044544
vt 0.578125000000 0.996093750000
vt 0.587539955456 0.996093750000
vt 0.587539955456 0.986183270573
vt 0.578125000000 0.986183270573
vt 0.578125000000 0.996093750000
vt 0.588035479427 0.996093750000
vt 0.588035479427 0.982219078802
vt 0.578125000000 0.982219078802
vt 0.578125000000 0.996093750000
vt 0.591999671198 0.996093750000
vt 0.591999671198 0.986183270573
vt 0.578125000000 0.986183270573
vt 0.578125000000 0.996093750000
vt 0.585062335599 0.996093750000
vt 0.585062335599 0.986183270573
vt 0.578125000000 0.986183270573
vt 0.578125000000 0.996093750000
vt 0.588035479427 0.996093750000
vt 0.588035479427 0.989156414401
vt 0.578125000000 0.989156414401
vt 0.578125000000 0.996093750000
vt 0.586548907513 0.996093750000
vt 0.586548907513 0.989156414401
vt 0.578125000000 0.989156414401
vt 0.578125000000 0.996093750000
vt 0.585062335599 0.996093750000
vt 0.585062335599 0.987669842487
vt 0.578125000000 0.987669842487
vt 0.578125000000 0.996093750000
vt 0.586548907513 0.996093750000
vt 0.586548907513 0.986183270573
vt 0.578125000000 0.986183270573
vt 0.578125000000 0.996093750000
vt 0.588035479427 0.996093750000
vt 0.588035479427 0.987669842487
vt 0.578125000000 0.987669842487
vt 0.453546587298 0.996093750000
vt 0.477827261895 0.996093750000
vt 0.489967599194 0.975066068978
vt 0.477827261895 0.954038387956
vt 0.453546587298 0.954038387956
vt 0.441406250000 0.975066068978
vt 0.453546587298 0.996093750000
vt 0.477827261895 0.996093750000
vt 0.489967599194 0.975066068978
vt 0.477827261895 0.954038387956
vt 0.453546587298 0.954038387956
vt 0.441406250000 0.975066068978
vt 0.441406250000 0.996093750000
vt 0.448343585599 0.996093750000
vt 0.448343585599 0.971813075403
vt 0.441406250000 0.971813075403
vt 0.441406250000 0.996093750000
vt 0.448343585599 0.996093750000
vt 0.448343585599 0.971813075403
vt 0.441406250000 0.971813075403
vt 0.441406250000 0.996093750000
vt 0.448343585599 0.996093750000
vt 0.448343585599 0.971813075403
vt 0.441406250000 0.971813075403
vt 0.441406250000 0.996093750000
vt 0.448343585599 0.996093750000
vt 0.448343585599 0.971813075403
vt 0.441406250000 0.971813075403
vt 0.441406250000 0.996093750000
vt 0.448343585599 0.996093750000
vt 0.448343585599 0.971813075403
vt 0.441406250000 0.971813075403
vt 0.441406250000 0.996093750000
vt 0.448343585599 0.996093750000
vt 0.448343585599 0.971813075403
vt 0.441406250000 0.971813075403
vt 0.510566837358 0.996093750000
vt 0.516860837120 0.996093750000
vt 0.503146999881 0.972340687136
vt 0.500000000000 0.977791450821
vt 0.510566837358 0.996093750000
vt 0.516860837120 0.996093750000
vt 0.503146999881 0.972340687136
vt 0.500000000000 0.977791450821
vt 0.500000000000 0.996093750000
vt 0.529731438282 0.996093750000
vt 0.529731438282 0.989799750238
vt 0.500000000000 0.989799750238
vt 0.500000000000 0.996093750000
vt 0.529731438282 0.996093750000
vt 0.529731438282 0.968666075522
vt 0.500000000000 0.968666075522
vt 0.500000000000 0.996093750000
vt 0.529731438282 0.996093750000
vt 0.529731438282 0.989799750238
vt 0.500000000000 0.989799750238
vt 0.500000000000 0.996093750000
vt 0.529731438282 0.996093750000
vt 0.529731438282 0.974960075284
vt 0.500000000000 0.974960075284
vt 0.178535587358 0.828125000000
vt 0.184829587120 0.828125000000
vt 0.171115749881 0.804371937136
vt 0.167968750000 0.809822700821
vt 0.178535587358 0.828125000000
vt 0.184829587120 0.828125000000
vt 0.171115749881 0.804371937136
vt 0.167968750000 0.809822700821
vt 0.167968750000 0.828125000000
vt 0.197700188282 0.828125000000
vt 0.197700188282 0.821831000238
vt 0.167968750000 0.821831000238
vt 0.167968750000 0.828125000000
vt 0.197700188282 0.828125000000
vt 0.197700188282 0.800697325522
vt 0.167968750000 0.800697325522
vt 0.167968750000 0.828125000000
vt 0.197700188282 0.828125000000
vt 0.197700188282 0.821831000238
vt 0.167968750000 0.821831000238
vt 0.167968750000 0.828125000000
vt 0.197700188282 0.828125000000
vt 0.197700188282 0.806991325284
vt 0.167968750000 0.806991325284
vt 0.178535587358 0.828125000000
vt 0.184829587120 0.828125000000
vt 0.171115749881 0.804371937136
vt 0.167968750000 0.809822700821
vt 0.178535587358 0.828125000000
vt 0.184829587120 0.828125000000
vt 0.171115749881 0.804371937136
vt 0.167968750000 0.809822700821
vt 0.167968750000 0.828125000000
vt 0.197700188282 0.828125000000
vt 0.197700188282 0.821831000238
vt 0.167968750000 0.821831000238
vt 0.167968750000 0.828125000000
vt 0.197700188282 0.828125000000
vt 0.197700188282 0.800697325522
vt 0.167968750000 0.800697325522
vt 0.167968750000 0.828125000000
vt 0.197700188282 0.828125000000
vt 0.197700188282 0.821831000238
vt 0.167968750000 0.821831000238
vt 0.167968750000 0.828125000000
vt 0.197700188282 0.828125000000
vt 0.197700188282 0.806991325284
vt 0.167968750000 0.806991325284
vt 0.510566837358 0.996093750000
vt 0.516860837120 0.996093750000
vt 0.503146999881 0.972340687136
vt 0.500000000000 0.977791450821
vt 0.510566837358 0.996093750000
vt 0.516860837120 0.996093750000
vt 0.503146999881 0.972340687136
vt 0.500000000000 0.977791450821
vt 0.500000000000 0.996093750000
vt 0.529731438282 0.996093750000
vt 0.529731438282 0.989799750238
vt 0.500000000000 0.989799750238
vt 0.500000000000 0.996093750000
vt 0.529731438282 0.996093750000
vt 0.529731438282 0.968666075522
vt 0.500000000000 0.968666075522
vt 0.500000000000 0.996093750000
vt 0.529731438282 0.996093750000
vt 0.529731438282 0.989799750238
vt 0.500000000000 0.989799750238
vt 0.500000000000 0.996093750000
vt 0.529731438282 0.996093750000
vt 0.529731438282 0.974960075284
vt 0.500000000000 0.974960075284
vt 0.178535587358 0.828125000000
vt 0.184829587120 0.828125000000
vt 0.171115749881 0.804371937136
vt 0.167968750000 0.809822700821
vt 0.178535587358 0.828125000000
vt 0.184829587120 0.828125000000
vt 0.171115749881 0.804371937136
vt 0.167968750000 0.809822700821
vt 0.167968750000 0.828125000000
vt 0.197700188282 0.828125000000
vt 0.197700188282 0.821831000238
vt 0.167968750000 0.821831000238
vt 0.167968750000 0.828125000000
vt 0.197700188282 0.828125000000
vt 0.197700188282 0.800697325522
vt 0.167968750000 0.800697325522
vt 0.167968750000 0.828125000000
vt 0.197700188282 0.828125000000
vt 0.197700188282 0.821831000238
vt 0.167968750000 0.821831000238
vt 0.167968750000 0.828125000000
vt 0.197700188282 0.828125000000
vt 0.197700188282 0.806991325284
vt 0.167968750000 0.806991325284
vt 0.178535587358 0.828125000000
vt 0.184829587120 0.828125000000
vt 0.171115749881 0.804371937136
vt 0.167968750000 0.809822700821
vt 0.178535587358 0.828125000000
vt 0.184829587120 0.828125000000
vt 0.171115749881 0.804371937136
vt 0.167968750000 0.809822700821
vt 0.167968750000 0.828125000000
vt 0.197700188282 0.828125000000
vt 0.197700188282 0.821831000238
vt 0.167968750000 0.821831000238
vt 0.167968750000 0.828125000000
vt 0.197700188282 0.828125000000
vt 0.197700188282 0.800697325522
vt 0.167968750000 0.800697325522
vt 0.167968750000 0.828125000000
vt 0.197700188282 0.828125000000
vt 0.197700188282 0.821831000238
vt 0.167968750000 0.821831000238
vt 0.167968750000 0.828125000000
vt 0.197700188282 0.828125000000
vt 0.197700188282 0.806991325284
vt 0.167968750000 0.806991325284
vt 0.167968750000 0.828125000000
vt 0.192248890416 0.828125000000
vt 0.204389494811 0.807097473188
vt 0.192249958789 0.786069946377
vt 0.167968750000 0.828125000000
vt 0.192248890416 0.828125000000
vt 0.204389494811 0.807097473188
vt 0.192249958789 0.786069946377
vt 0.167968750000 0.828125000000
vt 0.172923989714 0.828125000000
vt 0.172923989714 0.803844859584
vt 0.167968750000 0.803844859584
vt 0.167968750000 0.828125000000
vt 0.172923989714 0.828125000000
vt 0.172923989714 0.803844325403
vt 0.167968750000 0.803844325403
vt 0.167968750000 0.828125000000
vt 0.172923989714 0.828125000000
vt 0.172923989714 0.803844859584
vt 0.167968750000 0.803844859584
vt 0.167968750000 0.828125000000
vt 0.172923989714 0.828125000000
vt 0.172923989714 0.779563650806
vt 0.167968750000 0.779563650806
vt 0.578125000000 0.996093750000
vt 0.587539955456 0.996093750000
vt 0.587539955456 0.982219078802
vt 0.578125000000 0.982219078802
vt 0.578125000000 0.996093750000
vt 0.591999671198 0.996093750000
vt 0.591999671198 0.986678794544
vt 0.578125000000 0.986678794544
vt 0.578125000000 0.996093750000
vt 0.588035479427 0.996093750000
vt 0.588035479427 0.986678794544
vt 0.578125000000 0.986678794544
vt 0.578125000000 0.996093750000
vt 0.587539955456 0.996093750000
vt 0.587539955456 0.986183270573
vt 0.578125000000 0.986183270573
vt 0.578125000000 0.996093750000
vt 0.588035479427 0.996093750000
vt 0.588035479427 0.982219078802
vt 0.578125000000 0.982219078802
vt 0.578125000000 0.996093750000
vt 0.591999671198 0.996093750000
vt 0.591999671198 0.986183270573
vt 0.578125000000 0.986183270573
vt 0.578125000000 0.996093750000
vt 0.585062335599 0.996093750000
vt 0.585062335599 0.986183270573
vt 0.578125000000 0.986183270573
vt 0.578125000000 0.996093750000
vt 0.588035479427 0.996093750000
vt 0.588035479427 0.989156414401
vt 0.578125000000 0.989156414401
vt 0.578125000000 0.996093750000
vt 0.586548907513 0.996093750000
vt 0.586548907513 0.989156414401
vt 0.578125000000 0.989156414401
vt 0.578125000000 0.996093750000
vt 0.585062335599 0.996093750000
vt 0.585062335599 0.987669842487
vt 0.578125000000 0.987669842487
vt 0.578125000000 0.996093750000
vt 0.586548907513 0.996093750000
vt 0.586548907513 0.986183270573
vt 0.578125000000 0.986183270573
vt 0.578125000000 0.996093750000
vt 0.588035479427 0.996093750000
vt 0.588035479427 0.987669842487
vt 0.578125000000 0.987669842487
vt 0.578125000000 0.996093750000
vt 0.587539955456 0.996093750000
vt 0.587539955456 0.982219078802
vt 0.578125000000 0.982219078802
vt 0.578125000000 0.996093750000
vt 0.591999671198 0.996093750000
vt 0.591999671198 0.986678794544
vt 0.578125000000 0.986678794544
vt 0.578125000000 0.996093750000
vt 0.588035479427 0.996093750000
vt 0.588035479427 0.986678794544
vt 0.578125000000 0.986678794544
vt 0.375000000000 0.828125000000
vt 0.384414955456 0.828125000000
vt 0.384414955456 0.818214520573
vt 0.375000000000 0.818214520573
vt 0.578125000000 0.996093750000
vt 0.588035479427 0.996093750000
vt 0.588035479427 0.982219078802
vt 0.578125000000 0.982219078802
vt 0.578125000000 0.996093750000
vt 0.591999671198 0.996093750000
vt 0.591999671198 0.986183270573
vt 0.578125000000 0.986183270573
vt 0.578125000000 0.996093750000
vt 0.585062335599 0.996093750000
vt 0.585062335599 0.986183270573
vt 0.578125000000 0.986183270573
vt 0.578125000000 0.996093750000
vt 0.588035479427 0.996093750000
vt 0.588035479427 0.989156414401
vt 0.578125000000 0.989156414401
vt 0.578125000000 0.996093750000
vt 0.586548907513 0.996093750000
vt 0.586548907513 0.989156414401
vt 0.578125000000 0.989156414401
vt 0.578125000000 0.996093750000
vt 0.585062335599 0.996093750000
vt 0.585062335599 0.987669842487
vt 0.578125000000 0.987669842487
vt 0.578125000000 0.996093750000
vt 0.586548907513 0.996093750000
vt 0.586548907513 0.986183270573
vt 0.578125000000 0.986183270573
vt 0.578125000000 0.996093750000
vt 0.588035479427 0.996093750000
vt 0.588035479427 0.987669842487
vt 0.578125000000 0.987669842487
vt 0.453546587298 0.996093750000
vt 0.477827261895 0.996093750000
vt 0.489967599194 0.975066068978
vt 0.477827261895 0.954038387956
vt 0.453546587298 0.954038387956
vt 0.441406250000 0.975066068978
vt 0.453546587298 0.996093750000
vt 0.477827261895 0.996093750000
vt 0.489967599194 0.975066068978
vt 0.477827261895 0.954038387956
vt 0.453546587298 0.954038387956
vt 0.441406250000 0.975066068978
vt 0.441406250000 0.996093750000
vt 0.448343585599 0.996093750000
vt 0.448343585599 0.971813075403
vt 0.441406250000 0.971813075403
vt 0.441406250000 0.996093750000
vt 0.448343585599 0.996093750000
vt 0.448343585599 0.971813075403
vt 0.441406250000 0.971813075403
vt 0.441406250000 0.996093750000
vt 0.448343585599 0.996093750000
vt 0.448343585599 0.971813075403
vt 0.441406250000 0.971813075403
vt 0.441406250000 0.996093750000
vt 0.448343585599 0.996093750000
vt 0.448343585599 0.971813075403
vt 0.441406250000 0.971813075403
vt 0.441406250000 0.996093750000
vt 0.448343585599 0.996093750000
vt 0.448343585599 0.971813075403
vt 0.441406250000 0.971813075403
vt 0.441406250000 0.996093750000
vt 0.448343585599 0.996093750000
vt 0.448343585599 0.971813075403
vt 0.441406250000 0.971813075403
vt 0.510566837358 0.996093750000
vt 0.516860837120 0.996093750000
vt 0.503146999881 0.972340687136
vt 0.500000000000 0.977791450821
vt 0.510566837358 0.996093750000
vt 0.516860837120 0.996093750000
vt 0.503146999881 0.972340687136
vt 0.500000000000 0.977791450821
vt 0.500000000000 0.996093750000
vt 0.529731438282 0.996093750000
vt 0.529731438282 0.989799750238
vt 0.500000000000 0.989799750238
vt 0.500000000000 0.996093750000
vt 0.529731438282 0.996093750000
vt 0.529731438282 0.968666075522
vt 0.500000000000 0.968666075522
vt 0.500000000000 0.996093750000
vt 0.529731438282 0.996093750000
vt 0.529731438282 0.989799750238
vt 0.500000000000 0.989799750238
vt 0.500000000000 0.996093750000
vt 0.529731438282 0.996093750000
vt 0.529731438282 0.974960075284
vt 0.500000000000 0.974960075284
vt 0.178535587358 0.828125000000
vt 0.184829587120 0.828125000000
vt 0.171115749881 0.804371937136
vt 0.167968750000 0.809822700821
vt 0.178535587358 0.828125000000
vt 0.184829587120 0.828125000000
vt 0.171115749881 0.804371937136
vt 0.167968750000 0.809822700821
vt 0.167968750000 0.828125000000
vt 0.197700188282 0.828125000000
vt 0.197700188282 0.821831000238
vt 0.167968750000 0.821831000238
vt 0.167968750000 0.828125000000
vt 0.197700188282 0.828125000000
vt 0.197700188282 0.800697325522
vt 0.167968750000 0.800697325522
vt 0.167968750000 0.828125000000
vt 0.197700188282 0.828125000000
vt 0.197700188282 0.821831000238
vt 0.167968750000 0.821831000238
vt 0.167968750000 0.828125000000
vt 0.197700188282 0.828125000000
vt 0.197700188282 0.806991325284
vt 0.167968750000 0.806991325284
vt 0.178535587358 0.828125000000
vt 0.184829587120 0.828125000000
vt 0.171115749881 0.804371937136
vt 0.167968750000 0.809822700821
vt 0.178535587358 0.828125000000
vt 0.184829587120 0.828125000000
vt 0.171115749881 0.804371937136
vt 0.167968750000 0.809822700821
vt 0.167968750000 0.828125000000
vt 0.197700188282 0.828125000000
vt 0.197700188282 0.821831000238
vt 0.167968750000 0.821831000238
vt 0.167968750000 0.828125000000
vt 0.197700188282 0.828125000000
vt 0.197700188282 0.800697325522
vt 0.167968750000 0.800697325522
vt 0.167968750000 0.828125000000
vt 0.197700188282 0.828125000000
vt 0.197700188282 0.821831000238
vt 0.167968750000 0.821831000238
vt 0.167968750000 0.828125000000
vt 0.197700188282 0.828125000000
vt 0.197700188282 0.806991325284
vt 0.167968750000 0.806991325284
vt 0.510566837358 0.996093750000
vt 0.516860837120 0.996093750000
vt 0.503146999881 0.972340687136
vt 0.500000000000 0.977791450821
vt 0.510566837358 0.996093750000
vt 0.516860837120 0.996093750000
vt 0.503146999881 0.972340687136
vt 0.500000000000 0.977791450821
vt 0.500000000000 0.996093750000
vt 0.529731438282 0.996093750000
vt 0.529731438282 0.989799750238
vt 0.500000000000 0.989799750238
vt 0.500000000000 0.996093750000
vt 0.529731438282 0.996093750000
vt 0.529731438282 0.968666075522
vt 0.500000000000 0.968666075522
vt 0.500000000000 0.996093750000
vt 0.529731438282 0.996093750000
vt 0.529731438282 0.989799750238
vt 0.500000000000 0.989799750238
vt 0.500000000000 0.996093750000
vt 0.529731438282 0.996093750000
vt 0.529731438282 0.974960075284
vt 0.500000000000 0.974960075284
vt 0.178535587358 0.828125000000
vt 0.184829587120 0.828125000000
vt 0.171115749881 0.804371937136
vt 0.167968750000 0.809822700821
vt 0.178535587358 0.828125000000
vt 0.184829587120 0.828125000000
vt 0.171115749881 0.804371937136
vt 0.167968750000 0.809822700821
vt 0.167968750000 0.828125000000
vt 0.197700188282 0.828125000000
vt 0.197700188282 0.821831000238
vt 0.167968750000 0.821831000238
vt 0.167968750000 0.828125000000
vt 0.197700188282 0.828125000000
vt 0.197700188282 0.800697325522
vt 0.167968750000 0.800697325522
vt 0.167968750000 0.828125000000
vt 0.197700188282 0.828125000000
vt 0.197700188282 0.821831000238
vt 0.167968750000 0.821831000238
vt 0.167968750000 0.828125000000
vt 0.197700188282 0.828125000000
vt 0.197700188282 0.806991325284
vt 0.167968750000 0.806991325284
vt 0.178535587358 0.828125000000
vt 0.184829587120 0.828125000000
vt 0.171115749881 0.804371937136
vt 0.167968750000 0.809822700821
vt 0.178535587358 0.828125000000
vt 0.184829587120 0.828125000000
vt 0.171115749881 0.804371937136
vt 0.167968750000 0.809822700821
vt 0.167968750000 0.828125000000
vt 0.197700188282 0.828125000000
vt 0.197700188282 0.821831000238
vt 0.167968750000 0.821831000238
vt 0.167968750000 0.828125000000
vt 0.197700188282 0.828125000000
vt 0.197700188282 0.800697325522
vt 0.167968750000 0.800697325522
vt 0.167968750000 0.828125000000
vt 0.197700188282 0.828125000000
vt 0.197700188282 0.821831000238
vt 0.167968750000 0.821831000238
vt 0.167968750000 0.828125000000
vt 0.197700188282 0.828125000000
vt 0.197700188282 0.806991325284
vt 0.167968750000 0.806991325284
vt 0.167968750000 0.828125000000
vt 0.192248890416 0.828125000000
vt 0.204389494811 0.807097473189
vt 0.192249958789 0.786069946377
vt 0.167968750000 0.828125000000
vt 0.192248890416 0.828125000000
vt 0.204389494811 0.807097473189
vt 0.192249958789 0.786069946377
vt 0.167968750000 0.828125000000
vt 0.172923989714 0.828125000000
vt 0.172923989714 0.803844859584
vt 0.167968750000 0.803844859584
vt 0.167968750000 0.828125000000
vt 0.172923989714 0.828125000000
vt 0.172923989714 0.803844325403
vt 0.167968750000 0.803844325403
vt 0.167968750000 0.828125000000
vt 0.172923989714 0.828125000000
vt 0.172923989714 0.803844859584
vt 0.167968750000 0.803844859584
vt 0.167968750000 0.828125000000
vt 0.172923989714 0.828125000000
vt 0.172923989714 0.779563650806
vt 0.167968750000 0.779563650806
vt 0.578125000000 0.996093750000
vt 0.587539955456 0.996093750000
vt 0.587539955456 0.982219078802
vt 0.578125000000 0.982219078802
vt 0.578125000000 0.996093750000
vt 0.591999671198 0.996093750000
vt 0.591999671198 0.986678794544
vt 0.578125000000 0.986678794544
vt 0.578125000000 0.996093750000
vt 0.588035479427 0.996093750000
vt 0.588035479427 0.986678794544
vt 0.578125000000 0.986678794544
vt 0.578125000000 0.996093750000
vt 0.587539955456 0.996093750000
vt 0.587539955456 0.986183270573
vt 0.578125000000 0.986183270573
vt 0.578125000000 0.996093750000
vt 0.588035479427 0.996093750000
vt 0.588035479427 0.982219078802
vt 0.578125000000 0.982219078802
vt 0.578125000000 0.996093750000
vt 0.591999671198 0.996093750000
vt 0.591999671198 0.986183270573
vt 0.578125000000 0.986183270573
vt 0.578125000000 0.996093750000
vt 0.585062335599 0.996093750000
vt 0.585062335599 0.986183270573
vt 0.578125000000 0.986183270573
vt 0.578125000000 0.996093750000
vt 0.588035479427 0.996093750000
vt 0.588035479427 0.989156414401
vt 0.578125000000 0.989156414401
vt 0.578125000000 0.996093750000
vt 0.586548907513 0.996093750000
vt 0.586548907513 0.989156414401
vt 0.578125000000 0.989156414401
vt 0.578125000000 0.996093750000
vt 0.585062335599 0.996093750000
vt 0.585062335599 0.987669842487
vt 0.578125000000 0.987669842487
vt 0.578125000000 0.996093750000
vt 0.586548907513 0.996093750000
vt 0.586548907513 0.986183270573
vt 0.578125000000 0.986183270573
vt 0.578125000000 0.996093750000
vt 0.588035479427 0.996093750000
vt 0.588035479427 0.987669842487
vt 0.578125000000 0.987669842487
vt 0.578125000000 0.996093750000
vt 0.587539955456 0.996093750000
vt 0.587539955456 0.982219078802
vt 0.578125000000 0.982219078802
vt 0.578125000000 0.996093750000
vt 0.591999671198 0.996093750000
vt 0.591999671198 0.986678794544
vt 0.578125000000 0.986678794544
vt 0.578125000000 0.996093750000
vt 0.588035479427 0.996093750000
vt 0.588035479427 0.986678794544
vt 0.578125000000 0.986678794544
vt 0.375000000000 0.828125000000
vt 0.384414955456 0.828125000000
vt 0.384414955456 0.818214520573
vt 0.375000000000 0.818214520573
vt 0.578125000000 0.996093750000
vt 0.588035479427 0.996093750000
vt 0.588035479427 0.982219078802
vt 0.578125000000 0.982219078802
vt 0.578125000000 0.996093750000
vt 0.591999671198 0.996093750000
vt 0.591999671198 0.986183270573
vt 0.578125000000 0.986183270573
vt 0.578125000000 0.996093750000
vt 0.585062335599 0.996093750000
vt 0.585062335599 0.986183270573
vt 0.578125000000 0.986183270573
vt 0.578125000000 0.996093750000
vt 0.588035479427 0.996093750000
vt 0.588035479427 0.989156414401
vt 0.578125000000 0.989156414401
vt 0.578125000000 0.996093750000
vt 0.586548907513 0.996093750000
vt 0.586548907513 0.989156414401
vt 0.578125000000 0.989156414401
vt 0.578125000000 0.996093750000
vt 0.585062335599 0.996093750000
vt 0.585062335599 0.987669842487
vt 0.578125000000 0.987669842487
vt 0.578125000000 0.996093750000
vt 0.586548907513 0.996093750000
vt 0.586548907513 0.986183270573
vt 0.578125000000 0.986183270573
vt 0.578125000000 0.996093750000
vt 0.588035479427 0.996093750000
vt 0.588035479427 0.987669842487
vt 0.578125000000 0.987669842487
vt 0.453546587298 0.996093750000
vt 0.477827261895 0.996093750000
vt 0.489967599194 0.975066068978
vt 0.477827261895 0.954038387956
vt 0.453546587298 0.954038387956
vt 0.441406250000 0.975066068978
vt 0.453546587298 0.996093750000
vt 0.477827261895 0.996093750000
vt 0.489967599194 0.975066068978
vt 0.477827261895 0.954038387956
vt 0.453546587298 0.954038387956
vt 0.441406250000 0.975066068978
vt 0.441406250000 0.996093750000
vt 0.448343585599 0.996093750000
vt 0.448343585599 0.971813075403
vt 0.441406250000 0.971813075403
vt 0.441406250000 0.996093750000
vt 0.448343585599 0.996093750000
vt 0.448343585599 0.971813075403
vt 0.441406250000 0.971813075403
vt 0.441406250000 0.996093750000
vt 0.448343585599 0.996093750000
vt 0.448343585599 0.971813075403
vt 0.441406250000 0.971813075403
vt 0.441406250000 0.996093750000
vt 0.448343585599 0.996093750000
vt 0.448343585599 0.971813075403
vt 0.441406250000 0.971813075403
vt 0.441406250000 0.996093750000
vt 0.448343585599 0.996093750000
vt 0.448343585599 0.971813075403
vt 0.441406250000 0.971813075403
vt 0.441406250000 0.996093750000
vt 0.448343585599 0.996093750000
vt 0.448343585599 0.971813075403
vt 0.441406250000 0.971813075403
vt 0.510566837358 0.996093750000
vt 0.516860837120 0.996093750000
vt 0.503146999881 0.972340687136
vt 0.500000000000 0.977791450821
vt 0.510566837358 0.996093750000
vt 0.516860837120 0.996093750000
vt 0.503146999881 0.972340687136
vt 0.500000000000 0.977791450821
vt 0.500000000000 0.996093750000
vt 0.529731438282 0.996093750000
vt 0.529731438282 0.989799750238
vt 0.500000000000 0.989799750238
vt 0.500000000000 0.996093750000
vt 0.529731438282 0.996093750000
vt 0.529731438282 0.968666075522
vt 0.500000000000 0.968666075522
vt 0.500000000000 0.996093750000
vt 0.529731438282 0.996093750000
vt 0.529731438282 0.989799750238
vt 0.500000000000 0.989799750238
vt 0.500000000000 0.996093750000
vt 0.529731438282 0.996093750000
vt 0.529731438282 0.974960075284
vt 0.500000000000 0.974960075284
vt 0.178535587358 0.828125000000
vt 0.184829587120 0.828125000000
vt 0.171115749881 0.804371937136
vt 0.167968750000 0.809822700821
vt 0.178535587358 0.828125000000
vt 0.184829587120 0.828125000000
vt 0.171115749881 0.804371937136
vt 0.167968750000 0.809822700821
vt 0.167968750000 0.828125000000
vt 0.197700188282 0.828125000000
vt 0.197700188282 0.821831000238
vt 0.167968750000 0.821831000238
vt 0.167968750000 0.828125000000
vt 0.197700188282 0.828125000000
vt 0.197700188282 0.800697325522
vt 0.167968750000 0.800697325522
vt 0.167968750000 0.828125000000
vt 0.197700188282 0.828125000000
vt 0.197700188282 0.821831000238
vt 0.167968750000 0.821831000238
vt 0.167968750000 0.828125000000
vt 0.197700188282 0.828125000000
vt 0.197700188282 0.806991325284
vt 0.167968750000 0.806991325284
vt 0.178535587358 0.828125000000
vt 0.184829587120 0.828125000000
vt 0.171115749881 0.804371937136
vt 0.167968750000 0.809822700821
vt 0.178535587358 0.828125000000
vt 0.184829587120 0.828125000000
vt 0.171115749881 0.804371937136
vt 0.167968750000 0.809822700821
vt 0.167968750000 0.828125000000
vt 0.197700188282 0.828125000000
vt 0.197700188282 0.821831000238
vt 0.167968750000 0.821831000238
vt 0.167968750000 0.828125000000
vt 0.197700188282 0.828125000000
vt 0.197700188282 0.800697325522
vt 0.167968750000 0.800697325522
vt 0.167968750000 0.828125000000
vt 0.197700188282 0.828125000000
vt 0.197700188282 0.821831000238
vt 0.167968750000 0.821831000238
vt 0.167968750000 0.828125000000
vt 0.197700188282 0.828125000000
vt 0.197700188282 0.806991325284
vt 0.167968750000 0.806991325284
vt 0.510566837358 0.996093750000
vt 0.516860837120 0.996093750000
vt 0.503146999881 0.972340687136
vt 0.500000000000 0.977791450821
vt 0.510566837358 0.996093750000
vt 0.516860837120 0.996093750000
vt 0.503146999881 0.972340687136
vt 0.500000000000 0.977791450821
vt 0.500000000000 0.996093750000
vt 0.529731438282 0.996093750000
vt 0.529731438282 0.989799750238
vt 0.500000000000 0.989799750238
vt 0.500000000000 0.996093750000
vt 0.529731438282 0.996093750000
vt 0.529731438282 0.968666075522
vt 0.500000000000 0.968666075522
vt 0.500000000000 0.996093750000
vt 0.529731438282 0.996093750000
vt 0.529731438282 0.989799750238
vt 0.500000000000 0.989799750238
vt 0.500000000000 0.996093750000
vt 0.529731438282 0.996093750000
vt 0.529731438282 0.974960075284
vt 0.500000000000 0.974960075284
vt 0.178535587358 0.828125000000
vt 0.184829587120 0.828125000000
vt 0.171115749881 0.804371937136
vt 0.167968750000 0.809822700821
vt 0.178535587358 0.828125000000
vt 0.184829587120 0.828125000000
vt 0.171115749881 0.804371937136
vt 0.167968750000 0.809822700821
vt 0.167968750000 0.828125000000
vt 0.197700188282 0.828125000000
vt 0.197700188282 0.821831000238
vt 0.167968750000 0.821831000238
vt 0.167968750000 0.828125000000
vt 0.197700188282 0.828125000000
vt 0.197700188282 0.800697325522
vt 0.167968750000 0.800697325522
vt 0.167968750000 0.828125000000
vt 0.197700188282 0.828125000000
vt 0.197700188282 0.821831000238
vt 0.167968750000 0.821831000238
vt 0.167968750000 0.828125000000
vt 0.197700188282 0.828125000000
vt 0.197700188282 0.806991325284
vt 0.167968750000 0.806991325284
vt 0.178535587358 0.828125000000
vt 0.184829587120 0.828125000000
vt 0.171115749881 0.804371937136
vt 0.167968750000 0.809822700821
vt 0.178535587358 0.828125000000
vt 0.184829587120 0.828125000000
vt 0.171115749881 0.804371937136
vt 0.167968750000 0.809822700821
vt 0.167968750000 0.828125000000
vt 0.197700188282 0.828125000000
vt 0.197700188282 0.821831000238
vt 0.167968750000 0.821831000238
vt 0.167968750000 0.828125000000
vt 0.197700188282 0.828125000000
vt 0.197700188282 0.800697325522
vt 0.167968750000 0.800697325522
vt 0.167968750000 0.828125000000
vt 0.197700188282 0.828125000000
vt 0.197700188282 0.821831000238
vt 0.167968750000 0.821831000238
vt 0.167968750000 0.828125000000
vt 0.197700188282 0.828125000000
vt 0.197700188282 0.806991325284
vt 0.167968750000 0.806991325284
vt 0.167968750000 0.828125000000
vt 0.192248890416 0.828125000000
vt 0.204389494811 0.807097473188
vt 0.192249958789 0.786069946377
vt 0.167968750000 0.828125000000
vt 0.192248890416 0.828125000000
vt 0.204389494811 0.807097473188
vt 0.192249958789 0.786069946377
vt 0.167968750000 0.828125000000
vt 0.172923989714 0.828125000000
vt 0.172923989714 0.803844859584
vt 0.167968750000 0.803844859584
vt 0.167968750000 0.828125000000
vt 0.172923989714 0.828125000000
vt 0.172923989714 0.803844325403
vt 0.167968750000 0.803844325403
vt 0.167968750000 0.828125000000
vt 0.172923989714 0.828125000000
vt 0.172923989714 0.803844859584
vt 0.167968750000 0.803844859584
vt 0.167968750000 0.828125000000
vt 0.172923989714 0.828125000000
vt 0.172923989714 0.779563650806
vt 0.167968750000 0.779563650806
vt 0.578125000000 0.996093750000
vt 0.587539955456 0.996093750000
vt 0.587539955456 0.982219078802
vt 0.578125000000 0.982219078802
vt 0.578125000000 0.996093750000
vt 0.591999671198 0.996093750000
vt 0.591999671198 0.986678794544
vt 0.578125000000 0.986678794544
vt 0.578125000000 0.996093750000
vt 0.588035479427 0.996093750000
vt 0.588035479427 0.986678794544
vt 0.578125000000 0.986678794544
vt 0.578125000000 0.996093750000
vt 0.587539955456 0.996093750000
vt 0.587539955456 0.986183270573
vt 0.578125000000 0.986183270573
vt 0.578125000000 0.996093750000
vt 0.588035479427 0.996093750000
vt 0.588035479427 0.982219078802
vt 0.578125000000 0.982219078802
vt 0.578125000000 0.996093750000
vt 0.591999671198 0.996093750000
vt 0.591999671198 0.986183270573
vt 0.578125000000 0.986183270573
vt 0.578125000000 0.996093750000
vt 0.585062335599 0.996093750000
vt 0.585062335599 0.986183270573
vt 0.578125000000 0.986183270573
vt 0.578125000000 0.996093750000
vt 0.588035479427 0.996093750000
vt 0.588035479427 0.989156414401
vt 0.578125000000 0.989156414401
vt 0.578125000000 0.996093750000
vt 0.586548907513 0.996093750000
vt 0.586548907513 0.989156414401
vt 0.578125000000 0.989156414401
vt 0.578125000000 0.996093750000
vt 0.585062335599 0.996093750000
vt 0.585062335599 0.987669842487
vt 0.578125000000 0.987669842487
vt 0.578125000000 0.996093750000
vt 0.586548907513 0.996093750000
vt 0.586548907513 0.986183270573
vt 0.578125000000 0.986183270573
vt 0.578125000000 0.996093750000
vt 0.588035479427 0.996093750000
vt 0.588035479427 0.987669842487
vt 0.578125000000 0.987669842487
vt 0.578125000000 0.996093750000
vt 0.587539955456 0.996093750000
vt 0.587539955456 0.982219078802
vt 0.578125000000 0.982219078802
vt 0.578125000000 0.996093750000
vt 0.591999671198 0.996093750000
vt 0.591999671198 0.986678794544
vt 0.578125000000 0.986678794544
vt 0.578125000000 0.996093750000
vt 0.588035479427 0.996093750000
vt 0.588035479427 0.986678794544
vt 0.578125000000 0.986678794544
vt 0.375000000000 0.828125000000
vt 0.384414955456 0.828125000000
vt 0.384414955456 0.818214520573
vt 0.375000000000 0.818214520573
vt 0.578125000000 0.996093750000
vt 0.588035479427 0.996093750000
vt 0.588035479427 0.982219078802
vt 0.578125000000 0.982219078802
vt 0.578125000000 0.996093750000
vt 0.591999671198 0.996093750000
vt 0.591999671198 0.986183270573
vt 0.578125000000 0.986183270573
vt 0.578125000000 0.996093750000
vt 0.585062335599 0.996093750000
vt 0.585062335599 0.986183270573
vt 0.578125000000 0.986183270573
vt 0.578125000000 0.996093750000
vt 0.588035479427 0.996093750000
vt 0.588035479427 0.989156414401
vt 0.578125000000 0.989156414401
vt 0.578125000000 0.996093750000
vt 0.586548907513 0.996093750000
vt 0.586548907513 0.989156414401
vt 0.578125000000 0.989156414401
vt 0.578125000000 0.996093750000
vt 0.585062335599 0.996093750000
vt 0.585062335599 0.987669842487
vt 0.578125000000 0.987669842487
vt 0.578125000000 0.996093750000
vt 0.586548907513 0.996093750000
vt 0.586548907513 0.986183270573
vt 0.578125000000 0.986183270573
vt 0.578125000000 0.996093750000
vt 0.588035479427 0.996093750000
vt 0.588035479427 0.987669842487
vt 0.578125000000 0.987669842487
vt 0.453546587298 0.996093750000
vt 0.477827261895 0.996093750000
vt 0.489967599194 0.975066068978
vt 0.477827261895 0.954038387956
vt 0.453546587298 0.954038387956
vt 0.441406250000 0.975066068978
vt 0.453546587298 0.996093750000
vt 0.477827261895 0.996093750000
vt 0.489967599194 0.975066068978
vt 0.477827261895 0.954038387956
vt 0.453546587298 0.954038387956
vt 0.441406250000 0.975066068978
vt 0.441406250000 0.996093750000
vt 0.448343585599 0.996093750000
vt 0.448343585599 0.971813075403
vt 0.441406250000 0.971813075403
vt 0.441406250000 0.996093750000
vt 0.448343585599 0.996093750000
vt 0.448343585599 0.971813075403
vt 0.441406250000 0.971813075403
vt 0.441406250000 0.996093750000
vt 0.448343585599 0.996093750000
vt 0.448343585599 0.971813075403
vt 0.441406250000 0.971813075403
vt 0.441406250000 0.996093750000
vt 0.448343585599 0.996093750000
vt 0.448343585599 0.971813075403
vt 0.441406250000 0.971813075403
vt 0.441406250000 0.996093750000
vt 0.448343585599 0.996093750000
vt 0.448343585599 0.971813075403
vt 0.441406250000 0.971813075403
vt 0.441406250000 0.996093750000
vt 0.448343585599 0.996093750000
vt 0.448343585599 0.971813075403
vt 0.441406250000 0.971813075403
vt 0.510566837358 0.996093750000
vt 0.516860837120 0.996093750000
vt 0.503146999881 0.972340687136
vt 0.500000000000 0.977791450821
vt 0.510566837358 0.996093750000
vt 0.516860837120 0.996093750000
vt 0.503146999881 0.972340687136
vt 0.500000000000 0.977791450821
vt 0.500000000000 0.996093750000
vt 0.529731438282 0.996093750000
vt 0.529731438282 0.989799750238
vt 0.500000000000 0.989799750238
vt 0.500000000000 0.996093750000
vt 0.529731438282 0.996093750000
vt 0.529731438282 0.968666075522
vt 0.500000000000 0.968666075522
vt 0.500000000000 0.996093750000
vt 0.529731438282 0.996093750000
vt 0.529731438282 0.989799750238
vt 0.500000000000 0.989799750238
vt 0.500000000000 0.996093750000
vt 0.529731438282 0.996093750000
vt 0.529731438282 0.974960075284
vt 0.500000000000 0.974960075284
vt 0.178535587358 0.828125000000
vt 0.184829587120 0.828125000000
vt 0.171115749881 0.804371937136
vt 0.167968750000 0.809822700821
vt 0.178535587358 0.828125000000
vt 0.184829587120 0.828125000000
vt 0.171115749881 0.804371937136
vt 0.167968750000 0.809822700821
vt 0.167968750000 0.828125000000
vt 0.197700188282 0.828125000000
vt 0.197700188282 0.821831000238
vt 0.167968750000 0.821831000238
vt 0.167968750000 0.828125000000
vt 0.197700188282 0.828125000000
vt 0.197700188282 0.800697325522
vt 0.167968750000 0.800697325522
vt 0.167968750000 0.828125000000
vt 0.197700188282 0.828125000000
vt 0.197700188282 0.821831000238
vt 0.167968750000 0.821831000238
vt 0.167968750000 0.828125000000
vt 0.197700188282 0.828125000000
vt 0.197700188282 0.806991325284
vt 0.167968750000 0.806991325284
vt 0.178535587358 0.828125000000
vt 0.184829587120 0.828125000000
vt 0.171115749881 0.804371937136
vt 0.167968750000 0.809822700821
vt 0.178535587358 0.828125000000
vt 0.184829587120 0.828125000000
vt 0.171115749881 0.804371937136
vt 0.167968750000 0.809822700821
vt 0.167968750000 0.828125000000
vt 0.197700188282 0.828125000000
vt 0.197700188282 0.821831000238
vt 0.167968750000 0.821831000238
vt 0.167968750000 0.828125000000
vt 0.197700188282 0.828125000000
vt 0.197700188282 0.800697325522
vt 0.167968750000 0.800697325522
vt 0.167968750000 0.828125000000
vt 0.197700188282 0.828125000000
vt 0.197700188282 0.821831000238
vt 0.167968750000 0.821831000238
vt 0.167968750000 0.828125000000
vt 0.197700188282 0.828125000000
vt 0.197700188282 0.806991325284
vt 0.167968750000 0.806991325284
vt 0.510566837358 0.996093750000
vt 0.516860837120 0.996093750000
vt 0.503146999881 0.972340687136
vt 0.500000000000 0.977791450821
vt 0.510566837358 0.996093750000
vt 0.516860837120 0.996093750000
vt 0.503146999881 0.972340687136
vt 0.500000000000 0.977791450821
vt 0.500000000000 0.996093750000
vt 0.529731438282 0.996093750000
vt 0.529731438282 0.989799750238
vt 0.500000000000 0.989799750238
vt 0.500000000000 0.996093750000
vt 0.529731438282 0.996093750000
vt 0.529731438282 0.968666075522
vt 0.500000000000 0.968666075522
vt 0.500000000000 0.996093750000
vt 0.529731438282 0.996093750000
vt 0.529731438282 0.989799750238
vt 0.500000000000 0.989799750238
vt 0.500000000000 0.996093750000
vt 0.529731438282 0.996093750000
vt 0.529731438282 0.974960075284
vt 0.500000000000 0.974960075284
vt 0.178535587358 0.828125000000
vt 0.184829587120 0.828125000000
vt 0.171115749881 0.804371937136
vt 0.167968750000 0.809822700821
vt 0.178535587358 0.828125000000
vt 0.184829587120 0.828125000000
vt 0.171115749881 0.804371937136
vt 0.167968750000 0.809822700821
vt 0.167968750000 0.828125000000
vt 0.197700188282 0.828125000000
vt 0.197700188282 0.821831000238
vt 0.167968750000 0.821831000238
vt 0.167968750000 0.828125000000
vt 0.197700188282 0.828125000000
vt 0.197700188282 0.800697325522
vt 0.167968750000 0.800697325522
vt 0.167968750000 0.828125000000
vt 0.197700188282 0.828125000000
vt 0.197700188282 0.821831000238
vt 0.167968750000 0.821831000238
vt 0.167968750000 0.828125000000
vt 0.197700188282 0.828125000000
vt 0.197700188282 0.806991325284
vt 0.167968750000 0.806991325284
vt 0.178535587358 0.828125000000
vt 0.184829587120 0.828125000000
vt 0.171115749881 0.804371937136
vt 0.167968750000 0.809822700821
vt 0.178535587358 0.828125000000
vt 0.184829587120 0.828125000000
vt 0.171115749881 0.804371937136
vt 0.167968750000 0.809822700821
vt 0.167968750000 0.828125000000
vt 0.197700188282 0.828125000000
vt 0.197700188282 0.821831000238
vt 0.167968750000 0.821831000238
vt 0.167968750000 0.828125000000
vt 0.197700188282 0.828125000000
vt 0.197700188282 0.800697325522
vt 0.167968750000 0.800697325522
vt 0.167968750000 0.828125000000
vt 0.197700188282 0.828125000000
vt 0.197700188282 0.821831000238
vt 0.167968750000 0.821831000238
vt 0.167968750000 0.828125000000
vt 0.197700188282 0.828125000000
vt 0.197700188282 0.806991325284
vt 0.167968750000 0.806991325284
vt 0.167968750000 0.828125000000
vt 0.192248890416 0.828125000000
vt 0.204389494811 0.807097473188
vt 0.192249958789 0.786069946377
vt 0.167968750000 0.828125000000
vt 0.192248890416 0.828125000000
vt 0.204389494811 0.807097473188
vt 0.192249958789 0.786069946377
vt 0.167968750000 0.828125000000
vt 0.172923989714 0.828125000000
vt 0.172923989714 0.803844859584
vt 0.167968750000 0.803844859584
vt 0.167968750000 0.828125000000
vt 0.172923989714 0.828125000000
vt 0.172923989714 0.803844325403
vt 0.167968750000 0.803844325403
vt 0.167968750000 0.828125000000
vt 0.172923989714 0.828125000000
vt 0.172923989714 0.803844859584
vt 0.167968750000 0.803844859584
vt 0.167968750000 0.828125000000
vt 0.172923989714 0.828125000000
vt 0.172923989714 0.779563650806
vt 0.167968750000 0.779563650806
vt 0.578125000000 0.996093750000
vt 0.587539955456 0.996093750000
vt 0.587539955456 0.982219078802
vt 0.578125000000 0.982219078802
vt 0.578125000000 0.996093750000
vt 0.591999671198 0.996093750000
vt 0.591999671198 0.986678794544
vt 0.578125000000 0.986678794544
vt 0.578125000000 0.996093750000
vt 0.588035479427 0.996093750000
vt 0.588035479427 0.986678794544
vt 0.578125000000 0.986678794544
vt 0.578125000000 0.996093750000
vt 0.587539955456 0.996093750000
vt 0.587539955456 0.986183270573
vt 0.578125000000 0.986183270573
vt 0.578125000000 0.996093750000
vt 0.588035479427 0.996093750000
vt 0.588035479427 0.982219078802
vt 0.578125000000 0.982219078802
vt 0.578125000000 0.996093750000
vt 0.591999671198 0.996093750000
vt 0.591999671198 0.986183270573
vt 0.578125000000 0.986183270573
vt 0.578125000000 0.996093750000
vt 0.585062335599 0.996093750000
vt 0.585062335599 0.986183270573
vt 0.578125000000 0.986183270573
vt 0.578125000000 0.996093750000
vt 0.588035479427 0.996093750000
vt 0.588035479427 0.989156414401
vt 0.578125000000 0.989156414401
vt 0.578125000000 0.996093750000
vt 0.586548907513 0.996093750000
vt 0.586548907513 0.989156414401
vt 0.578125000000 0.989156414401
vt 0.578125000000 0.996093750000
vt 0.585062335599 0.996093750000
vt 0.585062335599 0.987669842487
vt 0.578125000000 0.987669842487
vt 0.578125000000 0.996093750000
vt 0.586548907513 0.996093750000
vt 0.586548907513 0.986183270573
vt 0.578125000000 0.986183270573
vt 0.578125000000 0.996093750000
vt 0.588035479427 0.996093750000
vt 0.588035479427 0.987669842487
vt 0.578125000000 0.987669842487
vt 0.578125000000 0.996093750000
vt 0.587539955456 0.996093750000
vt 0.587539955456 0.982219078802
vt 0.578125000000 0.982219078802
vt 0.578125000000 0.996093750000
vt 0.591999671198 0.996093750000
vt 0.591999671198 0.986678794544
vt 0.578125000000 0.986678794544
vt 0.578125000000 0.996093750000
vt 0.588035479427 0.996093750000
vt 0.588035479427 0.986678794544
vt 0.578125000000 0.986678794544
vt 0.375000000000 0.828125000000
vt 0.384414955456 0.828125000000
vt 0.384414955456 0.818214520573
vt 0.375000000000 0.818214520573
vt 0.578125000000 0.996093750000
vt 0.588035479427 0.996093750000
vt 0.588035479427 0.982219078802
vt 0.578125000000 0.982219078802
vt 0.578125000000 0.996093750000
vt 0.591999671198 0.996093750000
vt 0.591999671198 0.986183270573
vt 0.578125000000 0.986183270573
vt 0.578125000000 0.996093750000
vt 0.585062335599 0.996093750000
vt 0.585062335599 0.986183270573
vt 0.578125000000 0.986183270573
vt 0.578125000000 0.996093750000
vt 0.588035479427 0.996093750000
vt 0.588035479427 0.989156414401
vt 0.578125000000 0.989156414401
vt 0.578125000000 0.996093750000
vt 0.586548907513 0.996093750000
vt 0.586548907513 0.989156414401
vt 0.578125000000 0.989156414401
vt 0.578125000000 0.996093750000
vt 0.585062335599 0.996093750000
vt 0.585062335599 0.987669842487
vt 0.578125000000 0.987669842487
vt 0.578125000000 0.996093750000
vt 0.586548907513 0.996093750000
vt 0.586548907513 0.986183270573
vt 0.578125000000 0.986183270573
vt 0.578125000000 0.996093750000
vt 0.588035479427 0.996093750000
vt 0.588035479427 0.987669842487
vt 0.578125000000 0.987669842487
vt 0.453546587298 0.996093750000
vt 0.477827261895 0.996093750000
vt 0.489967599194 0.975066068978
vt 0.477827261895 0.954038387956
vt 0.453546587298 0.954038387956
vt 0.441406250000 0.975066068978
vt 0.453546587298 0.996093750000
vt 0.477827261895 0.996093750000
vt 0.489967599194 0.975066068978
vt 0.477827261895 0.954038387956
vt 0.453546587298 0.954038387956
vt 0.441406250000 0.975066068978
vt 0.441406250000 0.996093750000
vt 0.448343585599 0.996093750000
vt 0.448343585599 0.971813075403
vt 0.441406250000 0.971813075403
vt 0.441406250000 0.996093750000
vt 0.448343585599 0.996093750000
vt 0.448343585599 0.971813075403
vt 0.441406250000 0.971813075403
vt 0.441406250000 0.996093750000
vt 0.448343585599 0.996093750000
vt 0.448343585599 0.971813075403
vt 0.441406250000 0.971813075403
vt 0.441406250000 0.996093750000
vt 0.448343585599 0.996093750000
vt 0.448343585599 0.971813075403
vt 0.441406250000 0.971813075403
vt 0.441406250000 0.996093750000
vt 0.448343585599 0.996093750000
vt 0.448343585599 0.971813075403
vt 0.441406250000 0.971813075403
vt 0.441406250000 0.996093750000
vt 0.448343585599 0.996093750000
vt 0.448343585599 0.971813075403
vt 0.441406250000 0.971813075403
vt 0.510566837358 0.996093750000
vt 0.516860837120 0.996093750000
vt 0.503146999881 0.972340687136
vt 0.500000000000 0.977791450821
vt 0.510566837358 0.996093750000
vt 0.516860837120 0.996093750000
vt 0.503146999881 0.972340687136
vt 0.500000000000 0.977791450821
vt 0.500000000000 0.996093750000
vt 0.529731438282 0.996093750000
vt 0.529731438282 0.989799750238
vt 0.500000000000 0.989799750238
vt 0.500000000000 0.996093750000
vt 0.529731438282 0.996093750000
vt 0.529731438282 0.968666075522
vt 0.500000000000 0.968666075522
vt 0.500000000000 0.996093750000
vt 0.529731438282 0.996093750000
vt 0.529731438282 0.989799750238
vt 0.500000000000 0.989799750238
vt 0.500000000000 0.996093750000
vt 0.529731438282 0.996093750000
vt 0.529731438282 0.974960075284
vt 0.500000000000 0.974960075284
vt 0.178535587358 0.828125000000
vt 0.184829587120 0.828125000000
vt 0.171115749881 0.804371937136
vt 0.167968750000 0.809822700821
vt 0.178535587358 0.828125000000
vt 0.184829587120 0.828125000000
vt 0.171115749881 0.804371937136
vt 0.167968750000 0.809822700821
vt 0.167968750000 0.828125000000
vt 0.197700188282 0.828125000000
vt 0.197700188282 0.821831000238
vt 0.167968750000 0.821831000238
vt 0.167968750000 0.828125000000
vt 0.197700188282 0.828125000000
vt 0.197700188282 0.800697325522
vt 0.167968750000 0.800697325522
vt 0.167968750000 0.828125000000
vt 0.197700188282 0.828125000000
vt 0.197700188282 0.821831000238
vt 0.167968750000 0.821831000238
vt 0.167968750000 0.828125000000
vt 0.197700188282 0.828125000000
vt 0.197700188282 0.806991325284
vt 0.167968750000 0.806991325284
vt 0.178535587358 0.828125000000
vt 0.184829587120 0.828125000000
vt 0.171115749881 0.804371937136
vt 0.167968750000 0.809822700821
vt 0.178535587358 0.828125000000
vt 0.184829587120 0.828125000000
vt 0.171115749881 0.804371937136
vt 0.167968750000 0.809822700821
vt 0.167968750000 0.828125000000
vt 0.197700188282 0.828125000000
vt 0.197700188282 0.821831000238
vt 0.167968750000 0.821831000238
vt 0.167968750000 0.828125000000
vt 0.197700188282 0.828125000000
vt 0.197700188282 0.800697325522
vt 0.167968750000 0.800697325522
vt 0.167968750000 0.828125000000
vt 0.197700188282 0.828125000000
vt 0.197700188282 0.821831000238
vt 0.167968750000 0.821831000238
vt 0.167968750000 0.828125000000
vt 0.197700188282 0.828125000000
vt 0.197700188282 0.806991325284
vt 0.167968750000 0.806991325284
vt 0.510566837358 0.996093750000
vt 0.516860837120 0.996093750000
vt 0.503146999881 0.972340687136
vt 0.500000000000 0.977791450821
vt 0.510566837358 0.996093750000
vt 0.516860837120 0.996093750000
vt 0.503146999881 0.972340687136
vt 0.500000000000 0.977791450821
vt 0.500000000000 0.996093750000
vt 0.529731438282 0.996093750000
vt 0.529731438282 0.989799750238
vt 0.500000000000 0.989799750238
vt 0.500000000000 0.996093750000
vt 0.529731438282 0.996093750000
vt 0.529731438282 0.968666075522
vt 0.500000000000 0.968666075522
vt 0.500000000000 0.996093750000
vt 0.529731438282 0.996093750000
vt 0.529731438282 0.989799750238
vt 0.500000000000 0.989799750238
vt 0.500000000000 0.996093750000
vt 0.529731438282 0.996093750000
vt 0.529731438282 0.974960075284
vt 0.500000000000 0.974960075284
vt 0.178535587358 0.828125000000
vt 0.184829587120 0.828125000000
vt 0.171115749881 0.804371937136
vt 0.167968750000 0.809822700821
vt 0.178535587358 0.828125000000
vt 0.184829587120 0.828125000000
vt 0.171115749881 0.804371937136
vt 0.167968750000 0.809822700821
vt 0.167968750000 0.828125000000
vt 0.197700188282 0.828125000000
vt 0.197700188282 0.821831000238
vt 0.167968750000 0.821831000238
vt 0.167968750000 0.828125000000
vt 0.197700188282 0.828125000000
vt 0.197700188282 0.800697325522
vt 0.167968750000 0.800697325522
vt 0.167968750000 0.828125000000
vt 0.197700188282 0.828125000000
vt 0.197700188282 0.821831000238
vt 0.167968750000 0.821831000238
vt 0.167968750000 0.828125000000
vt 0.197700188282 0.828125000000
vt 0.197700188282 0.806991325284
vt 0.167968750000 0.806991325284
vt 0.178535587358 0.828125000000
vt 0.184829587120 0.828125000000
vt 0.171115749881 0.804371937136
vt 0.167968750000 0.809822700821
vt 0.178535587358 0.828125000000
vt 0.184829587120 0.828125000000
vt 0.171115749881 0.804371937136
vt 0.167968750000 0.809822700821
vt 0.167968750000 0.828125000000
vt 0.197700188282 0.828125000000
vt 0.197700188282 0.821831000238
vt 0.167968750000 0.821831000238
vt 0.167968750000 0.828125000000
vt 0.197700188282 0.828125000000
vt 0.197700188282 0.800697325522
vt 0.167968750000 0.800697325522
vt 0.167968750000 0.828125000000
vt 0.197700188282 0.828125000000
vt 0.197700188282 0.821831000238
vt 0.167968750000 0.821831000238
vt 0.167968750000 0.828125000000
vt 0.197700188282 0.828125000000
vt 0.197700188282 0.806991325284
vt 0.167968750000 0.806991325284
vt 0.167968750000 0.828125000000
vt 0.192248890416 0.828125000000
vt 0.204389494811 0.807097473188
vt 0.192249958789 0.786069946377
vt 0.167968750000 0.828125000000
vt 0.192248890416 0.828125000000
vt 0.204389494811 0.807097473188
vt 0.192249958789 0.786069946377
vt 0.167968750000 0.828125000000
vt 0.172923989714 0.828125000000
vt 0.172923989714 0.803844859584
vt 0.167968750000 0.803844859584
vt 0.167968750000 0.828125000000
vt 0.172923989714 0.828125000000
vt 0.172923989714 0.803844325403
vt 0.167968750000 0.803844325403
vt 0.167968750000 0.828125000000
vt 0.172923989714 0.828125000000
vt 0.172923989714 0.803844859584
vt 0.167968750000 0.803844859584
vt 0.167968750000 0.828125000000
vt 0.172923989714 0.828125000000
vt 0.172923989714 0.779563650806
vt 0.167968750000 0.779563650806
vt 0.578125000000 0.996093750000
vt 0.587539955456 0.996093750000
vt 0.587539955456 0.982219078802
vt 0.578125000000 0.982219078802
vt 0.578125000000 0.996093750000
vt 0.591999671198 0.996093750000
vt 0.591999671198 0.986678794544
vt 0.578125000000 0.986678794544
vt 0.578125000000 0.996093750000
vt 0.588035479427 0.996093750000
vt 0.588035479427 0.986678794544
vt 0.578125000000 0.986678794544
vt 0.578125000000 0.996093750000
vt 0.587539955456 0.996093750000
vt 0.587539955456 0.986183270573
vt 0.578125000000 0.986183270573
vt 0.578125000000 0.996093750000
vt 0.588035479427 0.996093750000
vt 0.588035479427 0.982219078802
vt 0.578125000000 0.982219078802
vt 0.578125000000 0.996093750000
vt 0.591999671198 0.996093750000
vt 0.591999671198 0.986183270573
vt 0.578125000000 0.986183270573
vt 0.578125000000 0.996093750000
vt 0.585062335599 0.996093750000
vt 0.585062335599 0.986183270573
vt 0.578125000000 0.986183270573
vt 0.578125000000 0.996093750000
vt 0.588035479427 0.996093750000
vt 0.588035479427 0.989156414401
vt 0.578125000000 0.989156414401
vt 0.578125000000 0.996093750000
vt 0.586548907513 0.996093750000
vt 0.586548907513 0.989156414401
vt 0.578125000000 0.989156414401
vt 0.578125000000 0.996093750000
vt 0.585062335599 0.996093750000
vt 0.585062335599 0.987669842487
vt 0.578125000000 0.987669842487
vt 0.578125000000 0.996093750000
vt 0.586548907513 0.996093750000
vt 0.586548907513 0.986183270573
vt 0.578125000000 0.986183270573
vt 0.578125000000 0.996093750000
vt 0.588035479427 0.996093750000
vt 0.588035479427 0.987669842487
vt 0.578125000000 0.987669842487
vt 0.578125000000 0.996093750000
vt 0.587539955456 0.996093750000
vt 0.587539955456 0.982219078802
vt 0.578125000000 0.982219078802
vt 0.578125000000 0.996093750000
vt 0.591999671198 0.996093750000
vt 0.591999671198 0.986678794544
vt 0.578125000000 0.986678794544
vt 0.578125000000 0.996093750000
vt 0.588035479427 0.996093750000
vt 0.588035479427 0.986678794544
vt 0.578125000000 0.986678794544
vt 0.375000000000 0.828125000000
vt 0.384414955456 0.828125000000
vt 0.384414955456 0.818214520573
vt 0.375000000000 0.818214520573
vt 0.578125000000 0.996093750000
vt 0.588035479427 0.996093750000
vt 0.588035479427 0.982219078802
vt 0.578125000000 0.982219078802
vt 0.578125000000 0.996093750000
vt 0.591999671198 0.996093750000
vt 0.591999671198 0.986183270573
vt 0.578125000000 0.986183270573
vt 0.578125000000 0.996093750000
vt 0.585062335599 0.996093750000
vt 0.585062335599 0.986183270573
vt 0.578125000000 0.986183270573
vt 0.578125000000 0.996093750000
vt 0.588035479427 0.996093750000
vt 0.588035479427 0.989156414401
vt 0.578125000000 0.989156414401
vt 0.578125000000 0.996093750000
vt 0.586548907513 0.996093750000
vt 0.586548907513 0.989156414401
vt 0.578125000000 0.989156414401
vt 0.578125000000 0.996093750000
vt 0.585062335599 0.996093750000
vt 0.585062335599 0.987669842487
vt 0.578125000000 0.987669842487
vt 0.578125000000 0.996093750000
vt 0.586548907513 0.996093750000
vt 0.586548907513 0.986183270573
vt 0.578125000000 0.986183270573
vt 0.578125000000 0.996093750000
vt 0.588035479427 0.996093750000
vt 0.588035479427 0.987669842487
vt 0.578125000000 0.987669842487
vt 0.453546587298 0.996093750000
vt 0.477827261895 0.996093750000
vt 0.489967599194 0.975066068978
vt 0.477827261895 0.954038387956
vt 0.453546587298 0.954038387956
vt 0.441406250000 0.975066068978
vt 0.453546587298 0.996093750000
vt 0.477827261895 0.996093750000
vt 0.489967599194 0.975066068978
vt 0.477827261895 0.954038387956
vt 0.453546587298 0.954038387956
vt 0.441406250000 0.975066068978
vt 0.441406250000 0.996093750000
vt 0.448343585599 0.996093750000
vt 0.448343585599 0.971813075403
vt 0.441406250000 0.971813075403
vt 0.441406250000 0.996093750000
vt 0.448343585599 0.996093750000
vt 0.448343585599 0.971813075403
vt 0.441406250000 0.971813075403
vt 0.441406250000 0.996093750000
vt 0.448343585599 0.996093750000
vt 0.448343585599 0.971813075403
vt 0.441406250000 0.971813075403
vt 0.441406250000 0.996093750000
vt 0.448343585599 0.996093750000
vt 0.448343585599 0.971813075403
vt 0.441406250000 0.971813075403
vt 0.441406250000 0.996093750000
vt 0.448343585599 0.996093750000
vt 0.448343585599 0.971813075403
vt 0.441406250000 0.971813075403
vt 0.441406250000 0.996093750000
vt 0.448343585599 0.996093750000
vt 0.448343585599 0.971813075403
vt 0.441406250000 0.971813075403
vt 0.510566837358 0.996093750000
vt 0.516860837120 0.996093750000
vt 0.503146999881 0.972340687136
vt 0.500000000000 0.977791450821
vt 0.510566837358 0.996093750000
vt 0.516860837120 0.996093750000
vt 0.503146999881 0.972340687136
vt 0.500000000000 0.977791450821
vt 0.500000000000 0.996093750000
vt 0.529731438282 0.996093750000
vt 0.529731438282 0.989799750238
vt 0.500000000000 0.989799750238
vt 0.500000000000 0.996093750000
vt 0.529731438282 0.996093750000
vt 0.529731438282 0.968666075522
vt 0.500000000000 0.968666075522
vt 0.500000000000 0.996093750000
vt 0.529731438282 0.996093750000
vt 0.529731438282 0.989799750238
vt 0.500000000000 0.989799750238
vt 0.500000000000 0.996093750000
vt 0.529731438282 0.996093750000
vt 0.529731438282 0.974960075284
vt 0.500000000000 0.974960075284
vt 0.178535587358 0.828125000000
vt 0.184829587120 0.828125000000
vt 0.171115749881 0.804371937136
vt 0.167968750000 0.809822700821
vt 0.178535587358 0.828125000000
vt 0.184829587120 0.828125000000
vt 0.171115749881 0.804371937136
vt 0.167968750000 0.809822700821
vt 0.167968750000 0.828125000000
vt 0.197700188282 0.828125000000
vt 0.197700188282 0.821831000238
vt 0.167968750000 0.821831000238
vt 0.167968750000 0.828125000000
vt 0.197700188282 0.828125000000
vt 0.197700188282 0.800697325522
vt 0.167968750000 0.800697325522
vt 0.167968750000 0.828125000000
vt 0.197700188282 0.828125000000
vt 0.197700188282 0.821831000238
vt 0.167968750000 0.821831000238
vt 0.167968750000 0.828125000000
vt 0.197700188282 0.828125000000
vt 0.197700188282 0.806991325284
vt 0.167968750000 0.806991325284
vt 0.178535587358 0.828125000000
vt 0.184829587120 0.828125000000
vt 0.171115749881 0.804371937136
vt 0.167968750000 0.809822700821
vt 0.178535587358 0.828125000000
vt 0.184829587120 0.828125000000
vt 0.171115749881 0.804371937136
vt 0.167968750000 0.809822700821
vt 0.167968750000 0.828125000000
vt 0.197700188282 0.828125000000
vt 0.197700188282 0.821831000238
vt 0.167968750000 0.821831000238
vt 0.167968750000 0.828125000000
vt 0.197700188282 0.828125000000
vt 0.197700188282 0.800697325522
vt 0.167968750000 0.800697325522
vt 0.167968750000 0.828125000000
vt 0.197700188282 0.828125000000
vt 0.197700188282 0.821831000238
vt 0.167968750000 0.821831000238
vt 0.167968750000 0.828125000000
vt 0.197700188282 0.828125000000
vt 0.197700188282 0.806991325284
vt 0.167968750000 0.806991325284
vt 0.510566837358 0.996093750000
vt 0.516860837120 0.996093750000
vt 0.503146999881 0.972340687136
vt 0.500000000000 0.977791450821
vt 0.510566837358 0.996093750000
vt 0.516860837120 0.996093750000
vt 0.503146999881 0.972340687136
vt 0.500000000000 0.977791450821
vt 0.500000000000 0.996093750000
vt 0.529731438282 0.996093750000
vt 0.529731438282 0.989799750238
vt 0.500000000000 0.989799750238
vt 0.500000000000 0.996093750000
vt 0.529731438282 0.996093750000
vt 0.529731438282 0.968666075522
vt 0.500000000000 0.968666075522
vt 0.500000000000 0.996093750000
vt 0.529731438282 0.996093750000
vt 0.529731438282 0.989799750238
vt 0.500000000000 0.989799750238
vt 0.500000000000 0.996093750000
vt 0.529731438282 0.996093750000
vt 0.529731438282 0.974960075284
vt 0.500000000000 0.974960075284
vt 0.178535587358 0.828125000000
vt 0.184829587120 0.828125000000
vt 0.171115749881 0.804371937136
vt 0.167968750000 0.809822700821
vt 0.178535587358 0.828125000000
vt 0.184829587120 0.828125000000
vt 0.171115749881 0.804371937136
vt 0.167968750000 0.809822700821
vt 0.167968750000 0.828125000000
vt 0.197700188282 0.828125000000
vt 0.197700188282 0.821831000238
vt 0.167968750000 0.821831000238
vt 0.167968750000 0.828125000000
vt 0.197700188282 0.828125000000
vt 0.197700188282 0.800697325522
vt 0.167968750000 0.800697325522
vt 0.167968750000 0.828125000000
vt 0.197700188282 0.828125000000
vt 0.197700188282 0.821831000238
vt 0.167968750000 0.821831000238
vt 0.167968750000 0.828125000000
vt 0.197700188282 0.828125000000
vt 0.197700188282 0.806991325284
vt 0.167968750000 0.806991325284
vt 0.178535587358 0.828125000000
vt 0.184829587120 0.828125000000
vt 0.171115749881 0.804371937136
vt 0.167968750000 0.809822700821
vt 0.178535587358 0.828125000000
vt 0.184829587120 0.828125000000
vt 0.171115749881 0.804371937136
vt 0.167968750000 0.809822700821
vt 0.167968750000 0.828125000000
vt 0.197700188282 0.828125000000
vt 0.197700188282 0.821831000238
vt 0.167968750000 0.821831000238
vt 0.167968750000 0.828125000000
vt 0.197700188282 0.828125000000
vt 0.197700188282 0.800697325522
vt 0.167968750000 0.800697325522
vt 0.167968750000 0.828125000000
vt 0.197700188282 0.828125000000
vt 0.197700188282 0.821831000238
vt 0.167968750000 0.821831000238
vt 0.167968750000 0.828125000000
vt 0.197700188282 0.828125000000
vt 0.197700188282 0.806991325284
vt 0.167968750000 0.806991325284
vt 0.167968750000 0.828125000000
vt 0.192248890416 0.828125000000
vt 0.204389494811 0.807097473188
vt 0.192249958789 0.786069946377
vt 0.167968750000 0.828125000000
vt 0.192248890416 0.828125000000
vt 0.204389494811 0.807097473188
vt 0.192249958789 0.786069946377
vt 0.167968750000 0.828125000000
vt 0.172923989714 0.828125000000
vt 0.172923989714 0.803844859584
vt 0.167968750000 0.803844859584
vt 0.167968750000 0.828125000000
vt 0.172923989714 0.828125000000
vt 0.172923989714 0.803844325403
vt 0.167968750000 0.803844325403
vt 0.167968750000 0.828125000000
vt 0.172923989714 0.828125000000
vt 0.172923989714 0.803844859584
vt 0.167968750000 0.803844859584
vt 0.167968750000 0.828125000000
vt 0.172923989714 0.828125000000
vt 0.172923989714 0.779563650806
vt 0.167968750000 0.779563650806
vt 0.578125000000 0.996093750000
vt 0.587539955456 0.996093750000
vt 0.587539955456 0.982219078802
vt 0.578125000000 0.982219078802
vt 0.578125000000 0.996093750000
vt 0.591999671198 0.996093750000
vt 0.591999671198 0.986678794544
vt 0.578125000000 0.986678794544
vt 0.578125000000 0.996093750000
vt 0.588035479427 0.996093750000
vt 0.588035479427 0.986678794544
vt 0.578125000000 0.986678794544
vt 0.578125000000 0.996093750000
vt 0.587539955456 0.996093750000
vt 0.587539955456 0.986183270573
vt 0.578125000000 0.986183270573
vt 0.578125000000 0.996093750000
vt 0.588035479427 0.996093750000
vt 0.588035479427 0.982219078802
vt 0.578125000000 0.982219078802
vt 0.578125000000 0.996093750000
vt 0.591999671198 0.996093750000
vt 0.591999671198 0.986183270573
vt 0.578125000000 0.986183270573
vt 0.578125000000 0.996093750000
vt 0.585062335599 0.996093750000
vt 0.585062335599 0.986183270573
vt 0.578125000000 0.986183270573
vt 0.578125000000 0.996093750000
vt 0.588035479427 0.996093750000
vt 0.588035479427 0.989156414401
vt 0.578125000000 0.989156414401
vt 0.578125000000 0.996093750000
vt 0.586548907513 0.996093750000
vt 0.586548907513 0.989156414401
vt 0.578125000000 0.989156414401
vt 0.578125000000 0.996093750000
vt 0.585062335599 0.996093750000
vt 0.585062335599 0.987669842487
vt 0.578125000000 0.987669842487
vt 0.578125000000 0.996093750000
vt 0.586548907513 0.996093750000
vt 0.586548907513 0.986183270573
vt 0.578125000000 0.986183270573
vt 0.578125000000 0.996093750000
vt 0.588035479427 0.996093750000
vt 0.588035479427 0.987669842487
vt 0.578125000000 0.987669842487
vt 0.578125000000 0.996093750000
vt 0.587539955456 0.996093750000
vt 0.587539955456 0.982219078802
vt 0.578125000000 0.982219078802
vt 0.578125000000 0.996093750000
vt 0.591999671198 0.996093750000
vt 0.591999671198 0.986678794544
vt 0.578125000000 0.986678794544
vt 0.578125000000 0.996093750000
vt 0.588035479427 0.996093750000
vt 0.588035479427 0.986678794544
vt 0.578125000000 0.986678794544
vt 0.375000000000 0.828125000000
vt 0.384414955456 0.828125000000
vt 0.384414955456 0.818214520573
vt 0.375000000000 0.818214520573
vt 0.578125000000 0.996093750000
vt 0.588035479427 0.996093750000
vt 0.588035479427 0.982219078802
vt 0.578125000000 0.982219078802
vt 0.578125000000 0.996093750000
vt 0.591999671198 0.996093750000
vt 0.591999671198 0.986183270573
vt 0.578125000000 0.986183270573
vt 0.578125000000 0.996093750000
vt 0.585062335599 0.996093750000
vt 0.585062335599 0.986183270573
vt 0.578125000000 0.986183270573
vt 0.578125000000 0.996093750000
vt 0.588035479427 0.996093750000
vt 0.588035479427 0.989156414401
vt 0.578125000000 0.989156414401
vt 0.578125000000 0.996093750000
vt 0.586548907513 0.996093750000
vt 0.586548907513 0.989156414401
vt 0.578125000000 0.989156414401
vt 0.578125000000 0.996093750000
vt 0.585062335599 0.996093750000
vt 0.585062335599 0.987669842487
vt 0.578125000000 0.987669842487
vt 0.578125000000 0.996093750000
vt 0.586548907513 0.996093750000
vt 0.586548907513 0.986183270573
vt 0.578125000000 0.986183270573
vt 0.578125000000 0.996093750000
vt 0.588035479427 0.996093750000
vt 0.588035479427 0.987669842487
vt 0.578125000000 0.987669842487
vt 0.453546587298 0.996093750000
vt 0.477827261895 0.996093750000
vt 0.489967599194 0.975066068978
vt 0.477827261895 0.954038387956
vt 0.453546587298 0.954038387956
vt 0.441406250000 0.975066068978
vt 0.453546587298 0.996093750000
vt 0.477827261895 0.996093750000
vt 0.489967599194 0.975066068978
vt 0.477827261895 0.954038387956
vt 0.453546587298 0.954038387956
vt 0.441406250000 0.975066068978
vt 0.441406250000 0.996093750000
vt 0.448343585599 0.996093750000
vt 0.448343585599 0.971813075403
vt 0.441406250000 0.971813075403
vt 0.441406250000 0.996093750000
vt 0.448343585599 0.996093750000
vt 0.448343585599 0.971813075403
vt 0.441406250000 0.971813075403
vt 0.441406250000 0.996093750000
vt 0.448343585599 0.996093750000
vt 0.448343585599 0.971813075403
vt 0.441406250000 0.971813075403
vt 0.441406250000 0.996093750000
vt 0.448343585599 0.996093750000
vt 0.448343585599 0.971813075403
vt 0.441406250000 0.971813075403
vt 0.441406250000 0.996093750000
vt 0.448343585599 0.996093750000
vt 0.448343585599 0.971813075403
vt 0.441406250000 0.971813075403
vt 0.441406250000 0.996093750000
vt 0.448343585599 0.996093750000
vt 0.448343585599 0.971813075403
vt 0.441406250000 0.971813075403
vt 0.510566837358 0.996093750000
vt 0.516860837120 0.996093750000
vt 0.503146999881 0.972340687136
vt 0.500000000000 0.977791450821
vt 0.510566837358 0.996093750000
vt 0.516860837120 0.996093750000
vt 0.503146999881 0.972340687136
vt 0.500000000000 0.977791450821
vt 0.500000000000 0.996093750000
vt 0.529731438282 0.996093750000
vt 0.529731438282 0.989799750238
vt 0.500000000000 0.989799750238
vt 0.500000000000 0.996093750000
vt 0.529731438282 0.996093750000
vt 0.529731438282 0.968666075522
vt 0.500000000000 0.968666075522
vt 0.500000000000 0.996093750000
vt 0.529731438282 0.996093750000
vt 0.529731438282 0.989799750238
vt 0.500000000000 0.989799750238
vt 0.500000000000 0.996093750000
vt 0.529731438282 0.996093750000
vt 0.529731438282 0.974960075284
vt 0.500000000000 0.974960075284
vt 0.178535587358 0.828125000000
vt 0.184829587120 0.828125000000
vt 0.171115749881 0.804371937136
vt 0.167968750000 0.809822700821
vt 0.178535587358 0.828125000000
vt 0.184829587120 0.828125000000
vt 0.171115749881 0.804371937136
vt 0.167968750000 0.809822700821
vt 0.167968750000 0.828125000000
vt 0.197700188282 0.828125000000
vt 0.197700188282 0.821831000238
vt 0.167968750000 0.821831000238
vt 0.167968750000 0.828125000000
vt 0.197700188282 0.828125000000
vt 0.197700188282 0.800697325522
vt 0.167968750000 0.800697325522
vt 0.167968750000 0.828125000000
vt 0.197700188282 0.828125000000
vt 0.197700188282 0.821831000238
vt 0.167968750000 0.821831000238
vt 0.167968750000 0.828125000000
vt 0.197700188282 0.828125000000
vt 0.197700188282 0.806991325284
vt 0.167968750000 0.806991325284
vt 0.178535587358 0.828125000000
vt 0.184829587120 0.828125000000
vt 0.171115749881 0.804371937136
vt 0.167968750000 0.809822700821
vt 0.178535587358 0.828125000000
vt 0.184829587120 0.828125000000
vt 0.171115749881 0.804371937136
vt 0.167968750000 0.809822700821
vt 0.167968750000 0.828125000000
vt 0.197700188282 0.828125000000
vt 0.197700188282 0.821831000238
vt 0.167968750000 0.821831000238
vt 0.167968750000 0.828125000000
vt 0.197700188282 0.828125000000
vt 0.197700188282 0.800697325522
vt 0.167968750000 0.800697325522
vt 0.167968750000 0.828125000000
vt 0.197700188282 0.828125000000
vt 0.197700188282 0.821831000238
vt 0.167968750000 0.821831000238
vt 0.167968750000 0.828125000000
vt 0.197700188282 0.828125000000
vt 0.197700188282 0.806991325284
vt 0.167968750000 0.806991325284
vt 0.510566837358 0.996093750000
vt 0.516860837120 0.996093750000
vt 0.503146999881 0.972340687136
vt 0.500000000000 0.977791450821
vt 0.510566837358 0.996093750000
vt 0.516860837120 0.996093750000
vt 0.503146999881 0.972340687136
vt 0.500000000000 0.977791450821
vt 0.500000000000 0.996093750000
vt 0.529731438282 0.996093750000
vt 0.529731438282 0.989799750238
vt 0.500000000000 0.989799750238
vt 0.500000000000 0.996093750000
vt 0.529731438282 0.996093750000
vt 0.529731438282 0.968666075522
vt 0.500000000000 0.968666075522
vt 0.500000000000 0.996093750000
vt 0.529731438282 0.996093750000
vt 0.529731438282 0.989799750238
vt 0.500000000000 0.989799750238
vt 0.500000000000 0.996093750000
vt 0.529731438282 0.996093750000
vt 0.529731438282 0.974960075284
vt 0.500000000000 0.974960075284
vt 0.178535587358 0.828125000000
vt 0.184829587120 0.828125000000
vt 0.171115749881 0.804371937136
vt 0.167968750000 0.809822700821
vt 0.178535587358 0.828125000000
vt 0.184829587120 0.828125000000
vt 0.171115749881 0.804371937136
vt 0.167968750000 0.809822700821
vt 0.167968750000 0.828125000000
vt 0.197700188282 0.828125000000
vt 0.197700188282 0.821831000238
vt 0.167968750000 0.821831000238
vt 0.167968750000 0.828125000000
vt 0.197700188282 0.828125000000
vt 0.197700188282 0.800697325522
vt 0.167968750000 0.800697325522
vt 0.167968750000 0.828125000000
vt 0.197700188282 0.828125000000
vt 0.197700188282 0.821831000238
vt 0.167968750000 0.821831000238
vt 0.167968750000 0.828125000000
vt 0.197700188282 0.828125000000
vt 0.197700188282 0.806991325284
vt 0.167968750000 0.806991325284
vt 0.178535587358 0.828125000000
vt 0.184829587120 0.828125000000
vt 0.171115749881 0.804371937136
vt 0.167968750000 0.809822700821
vt 0.178535587358 0.828125000000
vt 0.184829587120 0.828125000000
vt 0.171115749881 0.804371937136
vt 0.167968750000 0.809822700821
vt 0.167968750000 0.828125000000
vt 0.197700188282 0.828125000000
vt 0.197700188282 0.821831000238
vt 0.167968750000 0.821831000238
vt 0.167968750000 0.828125000000
vt 0.197700188282 0.828125000000
vt 0.197700188282 0.800697325522
vt 0.167968750000 0.800697325522
vt 0.167968750000 0.828125000000
vt 0.197700188282 0.828125000000
vt 0.197700188282 0.821831000238
vt 0.167968750000 0.821831000238
vt 0.167968750000 0.828125000000
vt 0.197700188282 0.828125000000
vt 0.197700188282 0.806991325284
vt 0.167968750000 0.806991325284
vt 0.167968750000 0.828125000000
vt 0.192248890416 0.828125000000
vt 0.204389494811 0.807097473189
vt 0.192249958789 0.786069946377
vt 0.167968750000 0.828125000000
vt 0.192248890416 0.828125000000
vt 0.204389494811 0.807097473189
vt 0.192249958789 0.786069946377
vt 0.167968750000 0.828125000000
vt 0.172923989714 0.828125000000
vt 0.172923989714 0.803844859584
vt 0.167968750000 0.803844859584
vt 0.167968750000 0.828125000000
vt 0.172923989714 0.828125000000
vt 0.172923989714 0.803844325403
vt 0.167968750000 0.803844325403
vt 0.167968750000 0.828125000000
vt 0.172923989714 0.828125000000
vt 0.172923989714 0.803844859584
vt 0.167968750000 0.803844859584
vt 0.167968750000 0.828125000000
vt 0.172923989714 0.828125000000
vt 0.172923989714 0.779563650806
vt 0.167968750000 0.779563650806
vt 0.578125000000 0.996093750000
vt 0.587539955456 0.996093750000
vt 0.587539955456 0.982219078802
vt 0.578125000000 0.982219078802
vt 0.578125000000 0.996093750000
vt 0.591999671198 0.996093750000
vt 0.591999671198 0.986678794544
vt 0.578125000000 0.986678794544
vt 0.578125000000 0.996093750000
vt 0.588035479427 0.996093750000
vt 0.588035479427 0.986678794544
vt 0.578125000000 0.986678794544
vt 0.578125000000 0.996093750000
vt 0.587539955456 0.996093750000
vt 0.587539955456 0.986183270573
vt 0.578125000000 0.986183270573
vt 0.578125000000 0.996093750000
vt 0.588035479427 0.996093750000
vt 0.588035479427 0.982219078802
vt 0.578125000000 0.982219078802
vt 0.578125000000 0.996093750000
vt 0.591999671198 0.996093750000
vt 0.591999671198 0.986183270573
vt 0.578125000000 0.986183270573
vt 0.578125000000 0.996093750000
vt 0.585062335599 0.996093750000
vt 0.585062335599 0.986183270573
vt 0.578125000000 0.986183270573
vt 0.578125000000 0.996093750000
vt 0.588035479427 0.996093750000
vt 0.588035479427 0.989156414401
vt 0.578125000000 0.989156414401
vt 0.578125000000 0.996093750000
vt 0.586548907513 0.996093750000
vt 0.586548907513 0.989156414401
vt 0.578125000000 0.989156414401
vt 0.578125000000 0.996093750000
vt 0.585062335599 0.996093750000
vt 0.585062335599 0.987669842487
vt 0.578125000000 0.987669842487
vt 0.578125000000 0.996093750000
vt 0.586548907513 0.996093750000
vt 0.586548907513 0.986183270573
vt 0.578125000000 0.986183270573
vt 0.578125000000 0.996093750000
vt 0.588035479427 0.996093750000
vt 0.588035479427 0.987669842487
vt 0.578125000000 0.987669842487
vt 0.578125000000 0.996093750000
vt 0.587539955456 0.996093750000
vt 0.587539955456 0.982219078802
vt 0.578125000000 0.982219078802
vt 0.578125000000 0.996093750000
vt 0.591999671198 0.996093750000
vt 0.591999671198 0.986678794544
vt 0.578125000000 0.986678794544
vt 0.578125000000 0.996093750000
vt 0.588035479427 0.996093750000
vt 0.588035479427 0.986678794544
vt 0.578125000000 0.986678794544
vt 0.375000000000 0.828125000000
vt 0.384414955456 0.828125000000
vt 0.384414955456 0.818214520573
vt 0.375000000000 0.818214520573
vt 0.578125000000 0.996093750000
vt 0.588035479427 0.996093750000
vt 0.588035479427 0.982219078802
vt 0.578125000000 0.982219078802
vt 0.578125000000 0.996093750000
vt 0.591999671198 0.996093750000
vt 0.591999671198 0.986183270573
vt 0.578125000000 0.986183270573
vt 0.578125000000 0.996093750000
vt 0.585062335599 0.996093750000
vt 0.585062335599 0.986183270573
vt 0.578125000000 0.986183270573
vt 0.578125000000 0.996093750000
vt 0.588035479427 0.996093750000
vt 0.588035479427 0.989156414401
vt 0.578125000000 0.989156414401
vt 0.578125000000 0.996093750000
vt 0.586548907513 0.996093750000
vt 0.586548907513 0.989156414401
vt 0.578125000000 0.989156414401
vt 0.578125000000 0.996093750000
vt 0.585062335599 0.996093750000
vt 0.585062335599 0.987669842487
vt 0.578125000000 0.987669842487
vt 0.578125000000 0.996093750000
vt 0.586548907513 0.996093750000
vt 0.586548907513 0.986183270573
vt 0.578125000000 0.986183270573
vt 0.578125000000 0.996093750000
vt 0.588035479427 0.996093750000
vt 0.588035479427 0.987669842487
vt 0.578125000000 0.987669842487
usemtl atlas
s off
g root
g body
f 1/1 2/2 3/3
f 1/1 3/3 4/4
f 1/1 4/4 5/5
f 1/1 5/5 6/6
f 1/1 6/6 7/7
f 1/1 7/7 8/8
f 16/9 15/10 14/11
f 16/9 14/11 13/12
f 16/9 13/12 12/13
f 16/9 12/13 11/14
f 16/9 11/14 10/15
f 16/9 10/15 9/16
f 1/17 9/18 10/19
f 1/17 10/19 2/20
f 2/21 10/22 11/23
f 2/21 11/23 3/24
f 3/25 11/26 12/27
f 3/25 12/27 4/28
f 4/29 12/30 13/31
f 4/29 13/31 5/32
f 5/33 13/34 14/35
f 5/33 14/35 6/36
f 6/37 14/38 15/39
f 6/37 15/39 7/40
f 7/41 15/42 16/43
f 7/41 16/43 8/44
f 8/45 16/46 9/47
f 8/45 9/47 1/48
f 17/49 18/50 19/51
f 17/49 19/51 20/52
f 17/49 20/52 21/53
f 17/49 21/53 22/54
f 17/49 22/54 23/55
f 17/49 23/55 24/56
f 32/57 31/58 30/59
f 32/57 30/59 29/60
f 32/57 29/60 28/61
f 32/57 28/61 27/62
f 32/57 27/62 26/63
f 32/57 26/63 25/64
f 17/65 25/66 26/67
f 17/65 26/67 18/68
f 18/69 26/70 27/71
f 18/69 27/71 19/72
f 19/73 27/74 28/75
f 19/73 28/75 20/76
f 20/77 28/78 29/79
f 20/77 29/79 21/80
f 21/81 29/82 30/83
f 21/81 30/83 22/84
f 22/85 30/86 31/87
f 22/85 31/87 23/88
f 23/89 31/90 32/91
f 23/89 32/91 24/92
f 24/93 32/94 25/95
f 24/93 25/95 17/96
f 33/97 34/98 35/99
f 33/97 35/99 36/100
f 33/97 36/100 37/101
f 33/97 37/101 38/102
f 33/97 38/102 39/103
f 33/97 39/103 40/104
f 48/105 47/106 46/107
f 48/105 46/107 45/108
f 48/105 45/108 44/109
f 48/105 44/109 43/110
f 48/105 43/110 42/111
f 48/105 42/111 41/112
f 33/113 41/114 42/115
f 33/113 42/115 34/116
f 34/117 42/118 43/119
f 34/117 43/119 35/120
f 35/121 43/122 44/123
f 35/121 44/123 36/124
f 36/125 44/126 45/127
f 36/125 45/127 37/128
f 37/129 45/130 46/131
f 37/129 46/131 38/132
f 38/133 46/134 47/135
f 38/133 47/135 39/136
f 39/137 47/138 48/139
f 39/137 48/139 40/140
f 40/141 48/142 41/143
f 40/141 41/143 33/144
f 49/145 50/146 51/147
f 49/145 51/147 52/148
f 49/145 52/148 53/149
f 49/145 53/149 54/150
f 49/145 54/150 55/151
f 49/145 55/151 56/152
f 64/153 63/154 62/155
f 64/153 62/155 61/156
f 64/153 61/156 60/157
f 64/153 60/157 59/158
f 64/153 59/158 58/159
f 64/153 58/159 57/160
f 49/161 57/162 58/163
f 49/161 58/163 50/164
f 50/165 58/166 59/167
f 50/165 59/167 51/168
f 51/169 59/170 60/171
f 51/169 60/171 52/172
f 52/173 60/174 61/175
f 52/173 61/175 53/176
f 53/177 61/178 62/179
f 53/177 62/179 54/180
f 54/181 62/182 63/183
f 54/181 63/183 55/184
f 55/185 63/186 64/187
f 55/185 64/187 56/188
f 56/189 64/190 57/191
f 56/189 57/191 49/192
f 65/193 66/194 67/195
f 65/193 67/195 68/196
f 65/193 68/196 69/197
f 65/193 69/197 70/198
f 65/193 70/198 71/199
f 65/193 71/199 72/200
f 80/201 79/202 78/203
f 80/201 78/203 77/204
f 80/201 77/204 76/205
f 80/201 76/205 75/206
f 80/201 75/206 74/207
f 80/201 74/207 73/208
f 65/209 73/210 74/211
f 65/209 74/211 66/212
f 66/213 74/214 75/215
f 66/213 75/215 67/216
f 67/217 75/218 76/219
f 67/217 76/219 68/220
f 68/221 76/222 77/223
f 68/221 77/223 69/224
f 69/225 77/226 78/227
f 69/225 78/227 70/228
f 70/229 78/230 79/231
f 70/229 79/231 71/232
f 71/233 79/234 80/235
f 71/233 80/235 72/236
f 72/237 80/238 73/239
f 72/237 73/239 65/240
f 81/241 84/242 83/243
f 81/241 83/243 82/244
f 85/245 86/246 87/247
f 85/245 87/247 88/248
f 81/249 85/250 88/251
f 81/249 88/251 84/252
f 82/253 83/254 87/255
f 82/253 87/255 86/256
f 84/257 88/258 87/259
f 84/257 87/259 83/260
f 81/261 82/262 86/263
f 81/261 86/263 85/264
f 89/265 90/266 91/267
f 89/265 91/267 92/268
f 89/265 92/268 93/269
f 89/265 93/269 94/270
f 89/265 94/270 95/271
f 89/265 95/271 96/272
f 104/273 103/274 102/275
f 104/273 102/275 101/276
f 104/273 101/276 100/277
f 104/273 100/277 99/278
f 104/273 99/278 98/279
f 104/273 98/279 97/280
f 89/281 97/282 98/283
f 89/281 98/283 90/284
f 90/285 98/286 99/287
f 90/285 99/287 91/288
f 91/289 99/290 100/291
f 91/289 100/291 92/292
f 92/293 100/294 101/295
f 92/293 101/295 93/296
f 93/297 101/298 102/299
f 93/297 102/299 94/300
f 94/301 102/302 103/303
f 94/301 103/303 95/304
f 95/305 103/306 104/307
f 95/305 104/307 96/308
f 96/309 104/310 97/311
f 96/309 97/311 89/312
f 105/313 108/314 107/315
f 105/313 107/315 106/316
f 109/317 110/318 111/319
f 109/317 111/319 112/320
f 105/321 109/322 112/323
f 105/321 112/323 108/324
f 106/325 107/326 111/327
f 106/325 111/327 110/328
f 108/329 112/330 111/331
f 108/329 111/331 107/332
f 105/333 106/334 110/335
f 105/333 110/335 109/336
f 113/337 114/338 115/339
f 113/337 115/339 116/340
f 113/337 116/340 117/341
f 113/337 117/341 118/342
f 113/337 118/342 119/343
f 113/337 119/343 120/344
f 128/345 127/346 126/347
f 128/345 126/347 125/348
f 128/345 125/348 124/349
f 128/345 124/349 123/350
f 128/345 123/350 122/351
f 128/345 122/351 121/352
f 113/353 121/354 122/355
f 113/353 122/355 114/356
f 114/357 122/358 123/359
f 114/357 123/359 115/360
f 115/361 123/362 124/363
f 115/361 124/363 116/364
f 116/365 124/366 125/367
f 116/365 125/367 117/368
f 117/369 125/370 126/371
f 117/369 126/371 118/372
f 118/373 126/374 127/375
f 118/373 127/375 119/376
f 119/377 127/378 128/379
f 119/377 128/379 120/380
f 120/381 128/382 121/383
f 120/381 121/383 113/384
f 129/385 132/386 131/387
f 129/385 131/387 130/388
f 133/389 134/390 135/391
f 133/389 135/391 136/392
f 129/393 133/394 136/395
f 129/393 136/395 132/396
f 130/397 131/398 135/399
f 130/397 135/399 134/400
f 132/401 136/402 135/403
f 132/401 135/403 131/404
f 129/405 130/406 134/407
f 129/405 134/407 133/408
f 137/409 138/410 139/411
f 137/409 139/411 140/412
f 137/409 140/412 141/413
f 137/409 141/413 142/414
f 137/409 142/414 143/415
f 137/409 143/415 144/416
f 152/417 151/418 150/419
f 152/417 150/419 149/420
f 152/417 149/420 148/421
f 152/417 148/421 147/422
f 152/417 147/422 146/423
f 152/417 146/423 145/424
f 137/425 145/426 146/427
f 137/425 146/427 138/428
f 138/429 146/430 147/431
f 138/429 147/431 139/432
f 139/433 147/434 148/435
f 139/433 148/435 140/436
f 140/437 148/438 149/439
f 140/437 149/439 141/440
f 141/441 149/442 150/443
f 141/441 150/443 142/444
f 142/445 150/446 151/447
f 142/445 151/447 143/448
f 143/449 151/450 152/451
f 143/449 152/451 144/452
f 144/453 152/454 145/455
f 144/453 145/455 137/456
f 153/457 156/458 155/459
f 153/457 155/459 154/460
f 157/461 158/462 159/463
f 157/461 159/463 160/464
f 153/465 157/466 160/467
f 153/465 160/467 156/468
f 154/469 155/470 159/471
f 154/469 159/471 158/472
f 156/473 160/474 159/475
f 156/473 159/475 155/476
f 153/477 154/478 158/479
f 153/477 158/479 157/480
f 161/481 162/482 163/483
f 161/481 163/483 164/484
f 161/481 164/484 165/485
f 161/481 165/485 166/486
f 161/481 166/486 167/487
f 161/481 167/487 168/488
f 176/489 175/490 174/491
f 176/489 174/491 173/492
f 176/489 173/492 172/493
f 176/489 172/493 171/494
f 176/489 171/494 170/495
f 176/489 170/495 169/496
f 161/497 169/498 170/499
f 161/497 170/499 162/500
f 162/501 170/502 171/503
f 162/501 171/503 163/504
f 163/505 171/506 172/507
f 163/505 172/507 164/508
f 164/509 172/510 173/511
f 164/509 173/511 165/512
f 165/513 173/514 174/515
f 165/513 174/515 166/516
f 166/517 174/518 175/519
f 166/517 175/519 167/520
f 167/521 175/522 176/523
f 167/521 176/523 168/524
f 168/525 176/526 169/527
f 168/525 169/527 161/528
f 177/529 180/530 179/531
f 177/529 179/531 178/532
f 181/533 182/534 183/535
f 181/533 183/535 184/536
f 177/537 181/538 184/539
f 177/537 184/539 180/540
f 178/541 179/542 183/543
f 178/541 183/543 182/544
f 180/545 184/546 183/547
f 180/545 183/547 179/548
f 177/549 178/550 182/551
f 177/549 182/551 181/552
f 185/553 186/554 187/555
f 185/553 187/555 188/556
f 185/553 188/556 189/557
f 185/553 189/557 190/558
f 185/553 190/558 191/559
f 185/553 191/559 192/560
f 200/561 199/562 198/563
f 200/561 198/563 197/564
f 200/561 197/564 196/565
f 200/561 196/565 195/566
f 200/561 195/566 194/567
f 200/561 194/567 193/568
f 185/569 193/570 194/571
f 185/569 194/571 186/572
f 186/573 194/574 195/575
f 186/573 195/575 187/576
f 187/577 195/578 196/579
f 187/577 196/579 188/580
f 188/581 196/582 197/583
f 188/581 197/583 189/584
f 189/585 197/586 198/587
f 189/585 198/587 190/588
f 190/589 198/590 199/591
f 190/589 199/591 191/592
f 191/593 199/594 200/595
f 191/593 200/595 192/596
f 192/597 200/598 193/599
f 192/597 193/599 185/600
f 201/601 204/602 203/603
f 201/601 203/603 202/604
f 205/605 206/606 207/607
f 205/605 207/607 208/608
f 201/609 205/610 208/611
f 201/609 208/611 204/612
f 202/613 203/614 207/615
f 202/613 207/615 206/616
f 204/617 208/618 207/619
f 204/617 207/619 203/620
f 201/621 202/622 206/623
f 201/621 206/623 205/624
f 681/2041 684/2042 683/2043
f 681/2041 683/2043 682/2044
f 685/2045 686/2046 687/2047
f 685/2045 687/2047 688/2048
f 681/2049 685/2050 688/2051
f 681/2049 688/2051 684/2052
f 682/2053 683/2054 687/2055
f 682/2053 687/2055 686/2056
f 684/2057 688/2058 687/2059
f 684/2057 687/2059 683/2060
f 681/2061 682/2062 686/2063
f 681/2061 686/2063 685/2064
g leg_front_r
f 209/625 210/626 211/627
f 209/625 211/627 212/628
f 209/625 212/628 213/629
f 209/625 213/629 214/630
f 209/625 214/630 215/631
f 209/625 215/631 216/632
f 224/633 223/634 222/635
f 224/633 222/635 221/636
f 224/633 221/636 220/637
f 224/633 220/637 219/638
f 224/633 219/638 218/639
f 224/633 218/639 217/640
f 209/641 217/642 218/643
f 209/641 218/643 210/644
f 210/645 218/646 219/647
f 210/645 219/647 211/648
f 211/649 219/650 220/651
f 211/649 220/651 212/652
f 212/653 220/654 221/655
f 212/653 221/655 213/656
f 213/657 221/658 222/659
f 213/657 222/659 214/660
f 214/661 222/662 223/663
f 214/661 223/663 215/664
f 215/665 223/666 224/667
f 215/665 224/667 216/668
f 216/669 224/670 217/671
f 216/669 217/671 209/672
g leg_front_r_knee
f 225/673 226/674 227/675
f 225/673 227/675 228/676
f 225/673 228/676 229/677
f 225/673 229/677 230/678
f 225/673 230/678 231/679
f 225/673 231/679 232/680
f 240/681 239/682 238/683
f 240/681 238/683 237/684
f 240/681 237/684 236/685
f 240/681 236/685 235/686
f 240/681 235/686 234/687
f 240/681 234/687 233/688
f 225/689 233/690 234/691
f 225/689 234/691 226/692
f 226/693 234/694 235/695
f 226/693 235/695 227/696
f 227/697 235/698 236/699
f 227/697 236/699 228/700
f 228/701 236/702 237/703
f 228/701 237/703 229/704
f 229/705 237/706 238/707
f 229/705 238/707 230/708
f 230/709 238/710 239/711
f 230/709 239/711 231/712
f 231/713 239/714 240/715
f 231/713 240/715 232/716
f 232/717 240/718 233/719
f 232/717 233/719 225/720
f 241/721 242/722 243/723
f 241/721 243/723 244/724
f 241/721 244/724 245/725
f 241/721 245/725 246/726
f 241/721 246/726 247/727
f 241/721 247/727 248/728
f 256/729 255/730 254/731
f 256/729 254/731 253/732
f 256/729 253/732 252/733
f 256/729 252/733 251/734
f 256/729 251/734 250/735
f 256/729 250/735 249/736
f 241/737 249/738 250/739
f 241/737 250/739 242/740
f 242/741 250/742 251/743
f 242/741 251/743 243/744
f 243/745 251/746 252/747
f 243/745 252/747 244/748
f 244/749 252/750 253/751
f 244/749 253/751 245/752
f 245/753 253/754 254/755
f 245/753 254/755 246/756
f 246/757 254/758 255/759
f 246/757 255/759 247/760
f 247/761 255/762 256/763
f 247/761 256/763 248/764
f 248/765 256/766 249/767
f 248/765 249/767 241/768
f 257/769 258/770 259/771
f 257/769 259/771 260/772
f 257/769 260/772 261/773
f 257/769 261/773 262/774
f 257/769 262/774 263/775
f 257/769 263/775 264/776
f 272/777 271/778 270/779
f 272/777 270/779 269/780
f 272/777 269/780 268/781
f 272/777 268/781 267/782
f 272/777 267/782 266/783
f 272/777 266/783 265/784
f 257/785 265/786 266/787
f 257/785 266/787 258/788
f 258/789 266/790 267/791
f 258/789 267/791 259/792
f 259/793 267/794 268/795
f 259/793 268/795 260/796
f 260/797 268/798 269/799
f 260/797 269/799 261/800
f 261/801 269/802 270/803
f 261/801 270/803 262/804
f 262/805 270/806 271/807
f 262/805 271/807 263/808
f 263/809 271/810 272/811
f 263/809 272/811 264/812
f 264/813 272/814 265/815
f 264/813 265/815 257/816
f 273/817 276/818 275/819
f 273/817 275/819 274/820
f 277/821 278/822 279/823
f 277/821 279/823 280/824
f 273/825 277/826 280/827
f 273/825 280/827 276/828
f 274/829 275/830 279/831
f 274/829 279/831 278/832
f 276/833 280/834 279/835
f 276/833 279/835 275/836
f 273/837 274/838 278/839
f 273/837 278/839 277/840
f 281/841 284/842 283/843
f 281/841 283/843 282/844
f 285/845 286/846 287/847
f 285/845 287/847 288/848
f 281/849 285/850 288/851
f 281/849 288/851 284/852
f 282/853 283/854 287/855
f 282/853 287/855 286/856
f 284/857 288/858 287/859
f 284/857 287/859 283/860
f 281/861 282/862 286/863
f 281/861 286/863 285/864
g leg_front_l
f 289/865 290/866 291/867
f 289/865 291/867 292/868
f 289/865 292/868 293/869
f 289/865 293/869 294/870
f 289/865 294/870 295/871
f 289/865 295/871 296/872
f 304/873 303/874 302/875
f 304/873 302/875 301/876
f 304/873 301/876 300/877
f 304/873 300/877 299/878
f 304/873 299/878 298/879
f 304/873 298/879 297/880
f 289/881 297/882 298/883
f 289/881 298/883 290/884
f 290/885 298/886 299/887
f 290/885 299/887 291/888
f 291/889 299/890 300/891
f 291/889 300/891 292/892
f 292/893 300/894 301/895
f 292/893 301/895 293/896
f 293/897 301/898 302/899
f 293/897 302/899 294/900
f 294/901 302/902 303/903
f 294/901 303/903 295/904
f 295/905 303/906 304/907
f 295/905 304/907 296/908
f 296/909 304/910 297/911
f 296/909 297/911 289/912
g leg_front_l_knee
f 305/913 306/914 307/915
f 305/913 307/915 308/916
f 305/913 308/916 309/917
f 305/913 309/917 310/918
f 305/913 310/918 311/919
f 305/913 311/919 312/920
f 320/921 319/922 318/923
f 320/921 318/923 317/924
f 320/921 317/924 316/925
f 320/921 316/925 315/926
f 320/921 315/926 314/927
f 320/921 314/927 313/928
f 305/929 313/930 314/931
f 305/929 314/931 306/932
f 306/933 314/934 315/935
f 306/933 315/935 307/936
f 307/937 315/938 316/939
f 307/937 316/939 308/940
f 308/941 316/942 317/943
f 308/941 317/943 309/944
f 309/945 317/946 318/947
f 309/945 318/947 310/948
f 310/949 318/950 319/951
f 310/949 319/951 311/952
f 311/953 319/954 320/955
f 311/953 320/955 312/956
f 312/957 320/958 313/959
f 312/957 313/959 305/960
f 321/961 322/962 323/963
f 321/961 323/963 324/964
f 321/961 324/964 325/965
f 321/961 325/965 326/966
f 321/961 326/966 327/967
f 321/961 327/967 328/968
f 336/969 335/970 334/971
f 336/969 334/971 333/972
f 336/969 333/972 332/973
f 336/969 332/973 331/974
f 336/969 331/974 330/975
f 336/969 330/975 329/976
f 321/977 329/978 330/979
f 321/977 330/979 322/980
f 322/981 330/982 331/983
f 322/981 331/983 323/984
f 323/985 331/986 332/987
f 323/985 332/987 324/988
f 324/989 332/990 333/991
f 324/989 333/991 325/992
f 325/993 333/994 334/995
f 325/993 334/995 326/996
f 326/997 334/998 335/999
f 326/997 335/999 327/1000
f 327/1001 335/1002 336/1003
f 327/1001 336/1003 328/1004
f 328/1005 336/1006 329/1007
f 328/1005 329/1007 321/1008
f 337/1009 338/1010 339/1011
f 337/1009 339/1011 340/1012
f 337/1009 340/1012 341/1013
f 337/1009 341/1013 342/1014
f 337/1009 342/1014 343/1015
f 337/1009 343/1015 344/1016
f 352/1017 351/1018 350/1019
f 352/1017 350/1019 349/1020
f 352/1017 349/1020 348/1021
f 352/1017 348/1021 347/1022
f 352/1017 347/1022 346/1023
f 352/1017 346/1023 345/1024
f 337/1025 345/1026 346/1027
f 337/1025 346/1027 338/1028
f 338/1029 346/1030 347/1031
f 338/1029 347/1031 339/1032
f 339/1033 347/1034 348/1035
f 339/1033 348/1035 340/1036
f 340/1037 348/1038 349/1039
f 340/1037 349/1039 341/1040
f 341/1041 349/1042 350/1043
f 341/1041 350/1043 342/1044
f 342/1045 350/1046 351/1047
f 342/1045 351/1047 343/1048
f 343/1049 351/1050 352/1051
f 343/1049 352/1051 344/1052
f 344/1053 352/1054 345/1055
f 344/1053 345/1055 337/1056
f 353/1057 356/1058 355/1059
f 353/1057 355/1059 354/1060
f 357/1061 358/1062 359/1063
f 357/1061 359/1063 360/1064
f 353/1065 357/1066 360/1067
f 353/1065 360/1067 356/1068
f 354/1069 355/1070 359/1071
f 354/1069 359/1071 358/1072
f 356/1073 360/1074 359/1075
f 356/1073 359/1075 355/1076
f 353/1077 354/1078 358/1079
f 353/1077 358/1079 357/1080
f 361/1081 364/1082 363/1083
f 361/1081 363/1083 362/1084
f 365/1085 366/1086 367/1087
f 365/1085 367/1087 368/1088
f 361/1089 365/1090 368/1091
f 361/1089 368/1091 364/1092
f 362/1093 363/1094 367/1095
f 362/1093 367/1095 366/1096
f 364/1097 368/1098 367/1099
f 364/1097 367/1099 363/1100
f 361/1101 362/1102 366/1103
f 361/1101 366/1103 365/1104
g leg_rear_r
f 369/1105 370/1106 371/1107
f 369/1105 371/1107 372/1108
f 369/1105 372/1108 373/1109
f 369/1105 373/1109 374/1110
f 369/1105 374/1110 375/1111
f 369/1105 375/1111 376/1112
f 384/1113 383/1114 382/1115
f 384/1113 382/1115 381/1116
f 384/1113 381/1116 380/1117
f 384/1113 380/1117 379/1118
f 384/1113 379/1118 378/1119
f 384/1113 378/1119 377/1120
f 369/1121 377/1122 378/1123
f 369/1121 378/1123 370/1124
f 370/1125 378/1126 379/1127
f 370/1125 379/1127 371/1128
f 371/1129 379/1130 380/1131
f 371/1129 380/1131 372/1132
f 372/1133 380/1134 381/1135
f 372/1133 381/1135 373/1136
f 373/1137 381/1138 382/1139
f 373/1137 382/1139 374/1140
f 374/1141 382/1142 383/1143
f 374/1141 383/1143 375/1144
f 375/1145 383/1146 384/1147
f 375/1145 384/1147 376/1148
f 376/1149 384/1150 377/1151
f 376/1149 377/1151 369/1152
g leg_rear_r_knee
f 385/1153 386/1154 387/1155
f 385/1153 387/1155 388/1156
f 385/1153 388/1156 389/1157
f 385/1153 389/1157 390/1158
f 385/1153 390/1158 391/1159
f 385/1153 391/1159 392/1160
f 400/1161 399/1162 398/1163
f 400/1161 398/1163 397/1164
f 400/1161 397/1164 396/1165
f 400/1161 396/1165 395/1166
f 400/1161 395/1166 394/1167
f 400/1161 394/1167 393/1168
f 385/1169 393/1170 394/1171
f 385/1169 394/1171 386/1172
f 386/1173 394/1174 395/1175
f 386/1173 395/1175 387/1176
f 387/1177 395/1178 396/1179
f 387/1177 396/1179 388/1180
f 388/1181 396/1182 397/1183
f 388/1181 397/1183 389/1184
f 389/1185 397/1186 398/1187
f 389/1185 398/1187 390/1188
f 390/1189 398/1190 399/1191
f 390/1189 399/1191 391/1192
f 391/1193 399/1194 400/1195
f 391/1193 400/1195 392/1196
f 392/1197 400/1198 393/1199
f 392/1197 393/1199 385/1200
f 401/1201 402/1202 403/1203
f 401/1201 403/1203 404/1204
f 401/1201 404/1204 405/1205
f 401/1201 405/1205 406/1206
f 401/1201 406/1206 407/1207
f 401/1201 407/1207 408/1208
f 416/1209 415/1210 414/1211
f 416/1209 414/1211 413/1212
f 416/1209 413/1212 412/1213
f 416/1209 412/1213 411/1214
f 416/1209 411/1214 410/1215
f 416/1209 410/1215 409/1216
f 401/1217 409/1218 410/1219
f 401/1217 410/1219 402/1220
f 402/1221 410/1222 411/1223
f 402/1221 411/1223 403/1224
f 403/1225 411/1226 412/1227
f 403/1225 412/1227 404/1228
f 404/1229 412/1230 413/1231
f 404/1229 413/1231 405/1232
f 405/1233 413/1234 414/1235
f 405/1233 414/1235 406/1236
f 406/1237 414/1238 415/1239
f 406/1237 415/1239 407/1240
f 407/1241 415/1242 416/1243
f 407/1241 416/1243 408/1244
f 408/1245 416/1246 409/1247
f 408/1245 409/1247 401/1248
f 417/1249 418/1250 419/1251
f 417/1249 419/1251 420/1252
f 417/1249 420/1252 421/1253
f 417/1249 421/1253 422/1254
f 417/1249 422/1254 423/1255
f 417/1249 423/1255 424/1256
f 432/1257 431/1258 430/1259
f 432/1257 430/1259 429/1260
f 432/1257 429/1260 428/1261
f 432/1257 428/1261 427/1262
f 432/1257 427/1262 426/1263
f 432/1257 426/1263 425/1264
f 417/1265 425/1266 426/1267
f 417/1265 426/1267 418/1268
f 418/1269 426/1270 427/1271
f 418/1269 427/1271 419/1272
f 419/1273 427/1274 428/1275
f 419/1273 428/1275 420/1276
f 420/1277 428/1278 429/1279
f 420/1277 429/1279 421/1280
f 421/1281 429/1282 430/1283
f 421/1281 430/1283 422/1284
f 422/1285 430/1286 431/1287
f 422/1285 431/1287 423/1288
f 423/1289 431/1290 432/1291
f 423/1289 432/1291 424/1292
f 424/1293 432/1294 425/1295
f 424/1293 425/1295 417/1296
f 433/1297 436/1298 435/1299
f 433/1297 435/1299 434/1300
f 437/1301 438/1302 439/1303
f 437/1301 439/1303 440/1304
f 433/1305 437/1306 440/1307
f 433/1305 440/1307 436/1308
f 434/1309 435/1310 439/1311
f 434/1309 439/1311 438/1312
f 436/1313 440/1314 439/1315
f 436/1313 439/1315 435/1316
f 433/1317 434/1318 438/1319
f 433/1317 438/1319 437/1320
f 441/1321 444/1322 443/1323
f 441/1321 443/1323 442/1324
f 445/1325 446/1326 447/1327
f 445/1325 447/1327 448/1328
f 441/1329 445/1330 448/1331
f 441/1329 448/1331 444/1332
f 442/1333 443/1334 447/1335
f 442/1333 447/1335 446/1336
f 444/1337 448/1338 447/1339
f 444/1337 447/1339 443/1340
f 441/1341 442/1342 446/1343
f 441/1341 446/1343 445/1344
g leg_rear_l
f 449/1345 450/1346 451/1347
f 449/1345 451/1347 452/1348
f 449/1345 452/1348 453/1349
f 449/1345 453/1349 454/1350
f 449/1345 454/1350 455/1351
f 449/1345 455/1351 456/1352
f 464/1353 463/1354 462/1355
f 464/1353 462/1355 461/1356
f 464/1353 461/1356 460/1357
f 464/1353 460/1357 459/1358
f 464/1353 459/1358 458/1359
f 464/1353 458/1359 457/1360
f 449/1361 457/1362 458/1363
f 449/1361 458/1363 450/1364
f 450/1365 458/1366 459/1367
f 450/1365 459/1367 451/1368
f 451/1369 459/1370 460/1371
f 451/1369 460/1371 452/1372
f 452/1373 460/1374 461/1375
f 452/1373 461/1375 453/1376
f 453/1377 461/1378 462/1379
f 453/1377 462/1379 454/1380
f 454/1381 462/1382 463/1383
f 454/1381 463/1383 455/1384
f 455/1385 463/1386 464/1387
f 455/1385 464/1387 456/1388
f 456/1389 464/1390 457/1391
f 456/1389 457/1391 449/1392
g leg_rear_l_knee
f 465/1393 466/1394 467/1395
f 465/1393 467/1395 468/1396
f 465/1393 468/1396 469/1397
f 465/1393 469/1397 470/1398
f 465/1393 470/1398 471/1399
f 465/1393 471/1399 472/1400
f 480/1401 479/1402 478/1403
f 480/1401 478/1403 477/1404
f 480/1401 477/1404 476/1405
f 480/1401 476/1405 475/1406
f 480/1401 475/1406 474/1407
f 480/1401 474/1407 473/1408
f 465/1409 473/1410 474/1411
f 465/1409 474/1411 466/1412
f 466/1413 474/1414 475/1415
f 466/1413 475/1415 467/1416
f 467/1417 475/1418 476/1419
f 467/1417 476/1419 468/1420
f 468/1421 476/1422 477/1423
f 468/1421 477/1423 469/1424
f 469/1425 477/1426 478/1427
f 469/1425 478/1427 470/1428
f 470/1429 478/1430 479/1431
f 470/1429 479/1431 471/1432
f 471/1433 479/1434 480/1435
f 471/1433 480/1435 472/1436
f 472/1437 480/1438 473/1439
f 472/1437 473/1439 465/1440
f 481/1441 482/1442 483/1443
f 481/1441 483/1443 484/1444
f 481/1441 484/1444 485/1445
f 481/1441 485/1445 486/1446
f 481/1441 486/1446 487/1447
f 481/1441 487/1447 488/1448
f 496/1449 495/1450 494/1451
f 496/1449 494/1451 493/1452
f 496/1449 493/1452 492/1453
f 496/1449 492/1453 491/1454
f 496/1449 491/1454 490/1455
f 496/1449 490/1455 489/1456
f 481/1457 489/1458 490/1459
f 481/1457 490/1459 482/1460
f 482/1461 490/1462 491/1463
f 482/1461 491/1463 483/1464
f 483/1465 491/1466 492/1467
f 483/1465 492/1467 484/1468
f 484/1469 492/1470 493/1471
f 484/1469 493/1471 485/1472
f 485/1473 493/1474 494/1475
f 485/1473 494/1475 486/1476
f 486/1477 494/1478 495/1479
f 486/1477 495/1479 487/1480
f 487/1481 495/1482 496/1483
f 487/1481 496/1483 488/1484
f 488/1485 496/1486 489/1487
f 488/1485 489/1487 481/1488
f 497/1489 498/1490 499/1491
f 497/1489 499/1491 500/1492
f 497/1489 500/1492 501/1493
f 497/1489 501/1493 502/1494
f 497/1489 502/1494 503/1495
f 497/1489 503/1495 504/1496
f 512/1497 511/1498 510/1499
f 512/1497 510/1499 509/1500
f 512/1497 509/1500 508/1501
f 512/1497 508/1501 507/1502
f 512/1497 507/1502 506/1503
f 512/1497 506/1503 505/1504
f 497/1505 505/1506 506/1507
f 497/1505 506/1507 498/1508
f 498/1509 506/1510 507/1511
f 498/1509 507/1511 499/1512
f 499/1513 507/1514 508/1515
f 499/1513 508/1515 500/1516
f 500/1517 508/1518 509/1519
f 500/1517 509/1519 501/1520
f 501/1521 509/1522 510/1523
f 501/1521 510/1523 502/1524
f 502/1525 510/1526 511/1527
f 502/1525 511/1527 503/1528
f 503/1529 511/1530 512/1531
f 503/1529 512/1531 504/1532
f 504/1533 512/1534 505/1535
f 504/1533 505/1535 497/1536
f 513/1537 516/1538 515/1539
f 513/1537 515/1539 514/1540
f 517/1541 518/1542 519/1543
f 517/1541 519/1543 520/1544
f 513/1545 517/1546 520/1547
f 513/1545 520/1547 516/1548
f 514/1549 515/1550 519/1551
f 514/1549 519/1551 518/1552
f 516/1553 520/1554 519/1555
f 516/1553 519/1555 515/1556
f 513/1557 514/1558 518/1559
f 513/1557 518/1559 517/1560
f 521/1561 524/1562 523/1563
f 521/1561 523/1563 522/1564
f 525/1565 526/1566 527/1567
f 525/1565 527/1567 528/1568
f 521/1569 525/1570 528/1571
f 521/1569 528/1571 524/1572
f 522/1573 523/1574 527/1575
f 522/1573 527/1575 526/1576
f 524/1577 528/1578 527/1579
f 524/1577 527/1579 523/1580
f 521/1581 522/1582 526/1583
f 521/1581 526/1583 525/1584
g neck
f 529/1585 532/1586 531/1587
f 529/1585 531/1587 530/1588
f 533/1589 534/1590 535/1591
f 533/1589 535/1591 536/1592
f 529/1593 533/1594 536/1595
f 529/1593 536/1595 532/1596
f 530/1597 531/1598 535/1599
f 530/1597 535/1599 534/1600
f 532/1601 536/1602 535/1603
f 532/1601 535/1603 531/1604
f 529/1605 530/1606 534/1607
f 529/1605 534/1607 533/1608
f 537/1609 538/1610 539/1611
f 537/1609 539/1611 540/1612
f 537/1609 540/1612 541/1613
f 537/1609 541/1613 542/1614
f 537/1609 542/1614 543/1615
f 537/1609 543/1615 544/1616
f 552/1617 551/1618 550/1619
f 552/1617 550/1619 549/1620
f 552/1617 549/1620 548/1621
f 552/1617 548/1621 547/1622
f 552/1617 547/1622 546/1623
f 552/1617 546/1623 545/1624
f 537/1625 545/1626 546/1627
f 537/1625 546/1627 538/1628
f 538/1629 546/1630 547/1631
f 538/1629 547/1631 539/1632
f 539/1633 547/1634 548/1635
f 539/1633 548/1635 540/1636
f 540/1637 548/1638 549/1639
f 540/1637 549/1639 541/1640
f 541/1641 549/1642 550/1643
f 541/1641 550/1643 542/1644
f 542/1645 550/1646 551/1647
f 542/1645 551/1647 543/1648
f 543/1649 551/1650 552/1651
f 543/1649 552/1651 544/1652
f 544/1653 552/1654 545/1655
f 544/1653 545/1655 537/1656
f 553/1657 556/1658 555/1659
f 553/1657 555/1659 554/1660
f 557/1661 558/1662 559/1663
f 557/1661 559/1663 560/1664
f 553/1665 557/1666 560/1667
f 553/1665 560/1667 556/1668
f 554/1669 555/1670 559/1671
f 554/1669 559/1671 558/1672
f 556/1673 560/1674 559/1675
f 556/1673 559/1675 555/1676
f 553/1677 554/1678 558/1679
f 553/1677 558/1679 557/1680
f 561/1681 562/1682 563/1683
f 561/1681 563/1683 564/1684
f 561/1681 564/1684 565/1685
f 561/1681 565/1685 566/1686
f 561/1681 566/1686 567/1687
f 561/1681 567/1687 568/1688
f 576/1689 575/1690 574/1691
f 576/1689 574/1691 573/1692
f 576/1689 573/1692 572/1693
f 576/1689 572/1693 571/1694
f 576/1689 571/1694 570/1695
f 576/1689 570/1695 569/1696
f 561/1697 569/1698 570/1699
f 561/1697 570/1699 562/1700
f 562/1701 570/1702 571/1703
f 562/1701 571/1703 563/1704
f 563/1705 571/1706 572/1707
f 563/1705 572/1707 564/1708
f 564/1709 572/1710 573/1711
f 564/1709 573/1711 565/1712
f 565/1713 573/1714 574/1715
f 565/1713 574/1715 566/1716
f 566/1717 574/1718 575/1719
f 566/1717 575/1719 567/1720
f 567/1721 575/1722 576/1723
f 567/1721 576/1723 568/1724
f 568/1725 576/1726 569/1727
f 568/1725 569/1727 561/1728
g head
f 577/1729 578/1730 579/1731
f 577/1729 579/1731 580/1732
f 577/1729 580/1732 581/1733
f 577/1729 581/1733 582/1734
f 577/1729 582/1734 583/1735
f 577/1729 583/1735 584/1736
f 592/1737 591/1738 590/1739
f 592/1737 590/1739 589/1740
f 592/1737 589/1740 588/1741
f 592/1737 588/1741 587/1742
f 592/1737 587/1742 586/1743
f 592/1737 586/1743 585/1744
f 577/1745 585/1746 586/1747
f 577/1745 586/1747 578/1748
f 578/1749 586/1750 587/1751
f 578/1749 587/1751 579/1752
f 579/1753 587/1754 588/1755
f 579/1753 588/1755 580/1756
f 580/1757 588/1758 589/1759
f 580/1757 589/1759 581/1760
f 581/1761 589/1762 590/1763
f 581/1761 590/1763 582/1764
f 582/1765 590/1766 591/1767
f 582/1765 591/1767 583/1768
f 583/1769 591/1770 592/1771
f 583/1769 592/1771 584/1772
f 584/1773 592/1774 585/1775
f 584/1773 585/1775 577/1776
f 593/1777 594/1778 595/1779
f 593/1777 595/1779 596/1780
f 593/1777 596/1780 597/1781
f 593/1777 597/1781 598/1782
f 593/1777 598/1782 599/1783
f 593/1777 599/1783 600/1784
f 608/1785 607/1786 606/1787
f 608/1785 606/1787 605/1788
f 608/1785 605/1788 604/1789
f 608/1785 604/1789 603/1790
f 608/1785 603/1790 602/1791
f 608/1785 602/1791 601/1792
f 593/1793 601/1794 602/1795
f 593/1793 602/1795 594/1796
f 594/1797 602/1798 603/1799
f 594/1797 603/1799 595/1800
f 595/1801 603/1802 604/1803
f 595/1801 604/1803 596/1804
f 596/1805 604/1806 605/1807
f 596/1805 605/1807 597/1808
f 597/1809 605/1810 606/1811
f 597/1809 606/1811 598/1812
f 598/1813 606/1814 607/1815
f 598/1813 607/1815 599/1816
f 599/1817 607/1818 608/1819
f 599/1817 608/1819 600/1820
f 600/1821 608/1822 601/1823
f 600/1821 601/1823 593/1824
f 609/1825 612/1826 611/1827
f 609/1825 611/1827 610/1828
f 613/1829 614/1830 615/1831
f 613/1829 615/1831 616/1832
f 609/1833 613/1834 616/1835
f 609/1833 616/1835 612/1836
f 610/1837 611/1838 615/1839
f 610/1837 615/1839 614/1840
f 612/1841 616/1842 615/1843
f 612/1841 615/1843 611/1844
f 609/1845 610/1846 614/1847
f 609/1845 614/1847 613/1848
f 617/1849 620/1850 619/1851
f 617/1849 619/1851 618/1852
f 621/1853 622/1854 623/1855
f 621/1853 623/1855 624/1856
f 617/1857 621/1858 624/1859
f 617/1857 624/1859 620/1860
f 618/1861 619/1862 623/1863
f 618/1861 623/1863 622/1864
f 620/1865 624/1866 623/1867
f 620/1865 623/1867 619/1868
f 617/1869 618/1870 622/1871
f 617/1869 622/1871 621/1872
f 625/1873 628/1874 627/1875
f 625/1873 627/1875 626/1876
f 629/1877 630/1878 631/1879
f 629/1877 631/1879 632/1880
f 625/1881 629/1882 632/1883
f 625/1881 632/1883 628/1884
f 626/1885 627/1886 631/1887
f 626/1885 631/1887 630/1888
f 628/1889 632/1890 631/1891
f 628/1889 631/1891 627/1892
f 625/1893 626/1894 630/1895
f 625/1893 630/1895 629/1896
f 633/1897 634/1898 635/1899
f 633/1897 635/1899 636/1900
f 633/1897 636/1900 637/1901
f 633/1897 637/1901 638/1902
f 633/1897 638/1902 639/1903
f 633/1897 639/1903 640/1904
f 648/1905 647/1906 646/1907
f 648/1905 646/1907 645/1908
f 648/1905 645/1908 644/1909
f 648/1905 644/1909 643/1910
f 648/1905 643/1910 642/1911
f 648/1905 642/1911 641/1912
f 633/1913 641/1914 642/1915
f 633/1913 642/1915 634/1916
f 634/1917 642/1918 643/1919
f 634/1917 643/1919 635/1920
f 635/1921 643/1922 644/1923
f 635/1921 644/1923 636/1924
f 636/1925 644/1926 645/1927
f 636/1925 645/1927 637/1928
f 637/1929 645/1930 646/1931
f 637/1929 646/1931 638/1932
f 638/1933 646/1934 647/1935
f 638/1933 647/1935 639/1936
f 639/1937 647/1938 648/1939
f 639/1937 648/1939 640/1940
f 640/1941 648/1942 641/1943
f 640/1941 641/1943 633/1944
f 649/1945 652/1946 651/1947
f 649/1945 651/1947 650/1948
f 653/1949 654/1950 655/1951
f 653/1949 655/1951 656/1952
f 649/1953 653/1954 656/1955
f 649/1953 656/1955 652/1956
f 650/1957 651/1958 655/1959
f 650/1957 655/1959 654/1960
f 652/1961 656/1962 655/1963
f 652/1961 655/1963 651/1964
f 649/1965 650/1966 654/1967
f 649/1965 654/1967 653/1968
f 657/1969 660/1970 659/1971
f 657/1969 659/1971 658/1972
f 661/1973 662/1974 663/1975
f 661/1973 663/1975 664/1976
f 657/1977 661/1978 664/1979
f 657/1977 664/1979 660/1980
f 658/1981 659/1982 663/1983
f 658/1981 663/1983 662/1984
f 660/1985 664/1986 663/1987
f 660/1985 663/1987 659/1988
f 657/1989 658/1990 662/1991
f 657/1989 662/1991 661/1992
f 665/1993 666/1994 667/1995
f 665/1993 667/1995 668/1996
f 665/1993 668/1996 669/1997
f 665/1993 669/1997 670/1998
f 665/1993 670/1998 671/1999
f 665/1993 671/1999 672/2000
f 680/2001 679/2002 678/2003
f 680/2001 678/2003 677/2004
f 680/2001 677/2004 676/2005
f 680/2001 676/2005 675/2006
f 680/2001 675/2006 674/2007
f 680/2001 674/2007 673/2008
f 665/2009 673/2010 674/2011
f 665/2009 674/2011 666/2012
f 666/2013 674/2014 675/2015
f 666/2013 675/2015 667/2016
f 667/2017 675/2018 676/2019
f 667/2017 676/2019 668/2020
f 668/2021 676/2022 677/2023
f 668/2021 677/2023 669/2024
f 669/2025 677/2026 678/2027
f 669/2025 678/2027 670/2028
f 670/2029 678/2030 679/2031
f 670/2029 679/2031 671/2032
f 671/2033 679/2034 680/2035
f 671/2033 680/2035 672/2036
f 672/2037 680/2038 673/2039
f 672/2037 673/2039 665/2040
g pod
f 689/2065 690/2066 691/2067
f 689/2065 691/2067 692/2068
f 689/2065 692/2068 693/2069
f 689/2065 693/2069 694/2070
f 689/2065 694/2070 695/2071
f 689/2065 695/2071 696/2072
f 704/2073 703/2074 702/2075
f 704/2073 702/2075 701/2076
f 704/2073 701/2076 700/2077
f 704/2073 700/2077 699/2078
f 704/2073 699/2078 698/2079
f 704/2073 698/2079 697/2080
f 689/2081 697/2082 698/2083
f 689/2081 698/2083 690/2084
f 690/2085 698/2086 699/2087
f 690/2085 699/2087 691/2088
f 691/2089 699/2090 700/2091
f 691/2089 700/2091 692/2092
f 692/2093 700/2094 701/2095
f 692/2093 701/2095 693/2096
f 693/2097 701/2098 702/2099
f 693/2097 702/2099 694/2100
f 694/2101 702/2102 703/2103
f 694/2101 703/2103 695/2104
f 695/2105 703/2106 704/2107
f 695/2105 704/2107 696/2108
f 696/2109 704/2110 697/2111
f 696/2109 697/2111 689/2112
f 705/2113 706/2114 707/2115
f 705/2113 707/2115 708/2116
f 705/2113 708/2116 709/2117
f 705/2113 709/2117 710/2118
f 705/2113 710/2118 711/2119
f 705/2113 711/2119 712/2120
f 720/2121 719/2122 718/2123
f 720/2121 718/2123 717/2124
f 720/2121 717/2124 716/2125
f 720/2121 716/2125 715/2126
f 720/2121 715/2126 714/2127
f 720/2121 714/2127 713/2128
f 705/2129 713/2130 714/2131
f 705/2129 714/2131 706/2132
f 706/2133 714/2134 715/2135
f 706/2133 715/2135 707/2136
f 707/2137 715/2138 716/2139
f 707/2137 716/2139 708/2140
f 708/2141 716/2142 717/2143
f 708/2141 717/2143 709/2144
f 709/2145 717/2146 718/2147
f 709/2145 718/2147 710/2148
f 710/2149 718/2150 719/2151
f 710/2149 719/2151 711/2152
f 711/2153 719/2154 720/2155
f 711/2153 720/2155 712/2156
f 712/2157 720/2158 713/2159
f 712/2157 713/2159 705/2160
f 721/2161 722/2162 723/2163
f 721/2161 723/2163 724/2164
f 721/2161 724/2164 725/2165
f 721/2161 725/2165 726/2166
f 732/2167 731/2168 730/2169
f 732/2167 730/2169 729/2170
f 732/2167 729/2170 728/2171
f 732/2167 728/2171 727/2172
f 721/2173 727/2174 728/2175
f 721/2173 728/2175 722/2176
f 722/2177 728/2178 729/2179
f 722/2177 729/2179 723/2180
f 723/2181 729/2182 730/2183
f 723/2181 730/2183 724/2184
f 724/2185 730/2186 731/2187
f 724/2185 731/2187 725/2188
f 725/2189 731/2190 732/2191
f 725/2189 732/2191 726/2192
f 726/2193 732/2194 727/2195
f 726/2193 727/2195 721/2196
f 733/2197 734/2198 735/2199
f 733/2197 735/2199 736/2200
f 740/2201 739/2202 738/2203
f 740/2201 738/2203 737/2204
f 733/2205 737/2206 738/2207
f 733/2205 738/2207 734/2208
f 734/2209 738/2210 739/2211
f 734/2209 739/2211 735/2212
f 735/2213 739/2214 740/2215
f 735/2213 740/2215 736/2216
f 736/2217 740/2218 737/2219
f 736/2217 737/2219 733/2220
f 741/2221 742/2222 743/2223
f 741/2221 743/2223 744/2224
f 748/2225 747/2226 746/2227
f 748/2225 746/2227 745/2228
f 741/2229 745/2230 746/2231
f 741/2229 746/2231 742/2232
f 742/2233 746/2234 747/2235
f 742/2233 747/2235 743/2236
f 743/2237 747/2238 748/2239
f 743/2237 748/2239 744/2240
f 744/2241 748/2242 745/2243
f 744/2241 745/2243 741/2244
f 749/2245 750/2246 751/2247
f 749/2245 751/2247 752/2248
f 756/2249 755/2250 754/2251
f 756/2249 754/2251 753/2252
f 749/2253 753/2254 754/2255
f 749/2253 754/2255 750/2256
f 750/2257 754/2258 755/2259
f 750/2257 755/2259 751/2260
f 751/2261 755/2262 756/2263
f 751/2261 756/2263 752/2264
f 752/2265 756/2266 753/2267
f 752/2265 753/2267 749/2268
f 757/2269 758/2270 759/2271
f 757/2269 759/2271 760/2272
f 764/2273 763/2274 762/2275
f 764/2273 762/2275 761/2276
f 757/2277 761/2278 762/2279
f 757/2277 762/2279 758/2280
f 758/2281 762/2282 763/2283
f 758/2281 763/2283 759/2284
f 759/2285 763/2286 764/2287
f 759/2285 764/2287 760/2288
f 760/2289 764/2290 761/2291
f 760/2289 761/2291 757/2292
f 765/2293 766/2294 767/2295
f 765/2293 767/2295 768/2296
f 772/2297 771/2298 770/2299
f 772/2297 770/2299 769/2300
f 765/2301 769/2302 770/2303
f 765/2301 770/2303 766/2304
f 766/2305 770/2306 771/2307
f 766/2305 771/2307 767/2308
f 767/2309 771/2310 772/2311
f 767/2309 772/2311 768/2312
f 768/2313 772/2314 769/2315
f 768/2313 769/2315 765/2316
f 773/2317 774/2318 775/2319
f 773/2317 775/2319 776/2320
f 780/2321 779/2322 778/2323
f 780/2321 778/2323 777/2324
f 773/2325 777/2326 778/2327
f 773/2325 778/2327 774/2328
f 774/2329 778/2330 779/2331
f 774/2329 779/2331 775/2332
f 775/2333 779/2334 780/2335
f 775/2333 780/2335 776/2336
f 776/2337 780/2338 777/2339
f 776/2337 777/2339 773/2340
f 821/2461 822/2462 823/2463
f 821/2461 823/2463 824/2464
f 821/2461 824/2464 825/2465
f 821/2461 825/2465 826/2466
f 832/2467 831/2468 830/2469
f 832/2467 830/2469 829/2470
f 832/2467 829/2470 828/2471
f 832/2467 828/2471 827/2472
f 821/2473 827/2474 828/2475
f 821/2473 828/2475 822/2476
f 822/2477 828/2478 829/2479
f 822/2477 829/2479 823/2480
f 823/2481 829/2482 830/2483
f 823/2481 830/2483 824/2484
f 824/2485 830/2486 831/2487
f 824/2485 831/2487 825/2488
f 825/2489 831/2490 832/2491
f 825/2489 832/2491 826/2492
f 826/2493 832/2494 827/2495
f 826/2493 827/2495 821/2496
f 833/2497 834/2498 835/2499
f 833/2497 835/2499 836/2500
f 840/2501 839/2502 838/2503
f 840/2501 838/2503 837/2504
f 833/2505 837/2506 838/2507
f 833/2505 838/2507 834/2508
f 834/2509 838/2510 839/2511
f 834/2509 839/2511 835/2512
f 835/2513 839/2514 840/2515
f 835/2513 840/2515 836/2516
f 836/2517 840/2518 837/2519
f 836/2517 837/2519 833/2520
f 841/2521 842/2522 843/2523
f 841/2521 843/2523 844/2524
f 848/2525 847/2526 846/2527
f 848/2525 846/2527 845/2528
f 841/2529 845/2530 846/2531
f 841/2529 846/2531 842/2532
f 842/2533 846/2534 847/2535
f 842/2533 847/2535 843/2536
f 843/2537 847/2538 848/2539
f 843/2537 848/2539 844/2540
f 844/2541 848/2542 845/2543
f 844/2541 845/2543 841/2544
f 849/2545 850/2546 851/2547
f 849/2545 851/2547 852/2548
f 856/2549 855/2550 854/2551
f 856/2549 854/2551 853/2552
f 849/2553 853/2554 854/2555
f 849/2553 854/2555 850/2556
f 850/2557 854/2558 855/2559
f 850/2557 855/2559 851/2560
f 851/2561 855/2562 856/2563
f 851/2561 856/2563 852/2564
f 852/2565 856/2566 853/2567
f 852/2565 853/2567 849/2568
f 857/2569 858/2570 859/2571
f 857/2569 859/2571 860/2572
f 864/2573 863/2574 862/2575
f 864/2573 862/2575 861/2576
f 857/2577 861/2578 862/2579
f 857/2577 862/2579 858/2580
f 858/2581 862/2582 863/2583
f 858/2581 863/2583 859/2584
f 859/2585 863/2586 864/2587
f 859/2585 864/2587 860/2588
f 860/2589 864/2590 861/2591
f 860/2589 861/2591 857/2592
f 865/2593 866/2594 867/2595
f 865/2593 867/2595 868/2596
f 872/2597 871/2598 870/2599
f 872/2597 870/2599 869/2600
f 865/2601 869/2602 870/2603
f 865/2601 870/2603 866/2604
f 866/2605 870/2606 871/2607
f 866/2605 871/2607 867/2608
f 867/2609 871/2610 872/2611
f 867/2609 872/2611 868/2612
f 868/2613 872/2614 869/2615
f 868/2613 869/2615 865/2616
f 873/2617 874/2618 875/2619
f 873/2617 875/2619 876/2620
f 880/2621 879/2622 878/2623
f 880/2621 878/2623 877/2624
f 873/2625 877/2626 878/2627
f 873/2625 878/2627 874/2628
f 874/2629 878/2630 879/2631
f 874/2629 879/2631 875/2632
f 875/2633 879/2634 880/2635
f 875/2633 880/2635 876/2636
f 876/2637 880/2638 877/2639
f 876/2637 877/2639 873/2640
f 921/2761 922/2762 923/2763
f 921/2761 923/2763 924/2764
f 921/2761 924/2764 925/2765
f 921/2761 925/2765 926/2766
f 932/2767 931/2768 930/2769
f 932/2767 930/2769 929/2770
f 932/2767 929/2770 928/2771
f 932/2767 928/2771 927/2772
f 921/2773 927/2774 928/2775
f 921/2773 928/2775 922/2776
f 922/2777 928/2778 929/2779
f 922/2777 929/2779 923/2780
f 923/2781 929/2782 930/2783
f 923/2781 930/2783 924/2784
f 924/2785 930/2786 931/2787
f 924/2785 931/2787 925/2788
f 925/2789 931/2790 932/2791
f 925/2789 932/2791 926/2792
f 926/2793 932/2794 927/2795
f 926/2793 927/2795 921/2796
f 933/2797 934/2798 935/2799
f 933/2797 935/2799 936/2800
f 940/2801 939/2802 938/2803
f 940/2801 938/2803 937/2804
f 933/2805 937/2806 938/2807
f 933/2805 938/2807 934/2808
f 934/2809 938/2810 939/2811
f 934/2809 939/2811 935/2812
f 935/2813 939/2814 940/2815
f 935/2813 940/2815 936/2816
f 936/2817 940/2818 937/2819
f 936/2817 937/2819 933/2820
f 941/2821 942/2822 943/2823
f 941/2821 943/2823 944/2824
f 948/2825 947/2826 946/2827
f 948/2825 946/2827 945/2828
f 941/2829 945/2830 946/2831
f 941/2829 946/2831 942/2832
f 942/2833 946/2834 947/2835
f 942/2833 947/2835 943/2836
f 943/2837 947/2838 948/2839
f 943/2837 948/2839 944/2840
f 944/2841 948/2842 945/2843
f 944/2841 945/2843 941/2844
f 949/2845 950/2846 951/2847
f 949/2845 951/2847 952/2848
f 956/2849 955/2850 954/2851
f 956/2849 954/2851 953/2852
f 949/2853 953/2854 954/2855
f 949/2853 954/2855 950/2856
f 950/2857 954/2858 955/2859
f 950/2857 955/2859 951/2860
f 951/2861 955/2862 956/2863
f 951/2861 956/2863 952/2864
f 952/2865 956/2866 953/2867
f 952/2865 953/2867 949/2868
f 957/2869 958/2870 959/2871
f 957/2869 959/2871 960/2872
f 964/2873 963/2874 962/2875
f 964/2873 962/2875 961/2876
f 957/2877 961/2878 962/2879
f 957/2877 962/2879 958/2880
f 958/2881 962/2882 963/2883
f 958/2881 963/2883 959/2884
f 959/2885 963/2886 964/2887
f 959/2885 964/2887 960/2888
f 960/2889 964/2890 961/2891
f 960/2889 961/2891 957/2892
f 965/2893 966/2894 967/2895
f 965/2893 967/2895 968/2896
f 972/2897 971/2898 970/2899
f 972/2897 970/2899 969/2900
f 965/2901 969/2902 970/2903
f 965/2901 970/2903 966/2904
f 966/2905 970/2906 971/2907
f 966/2905 971/2907 967/2908
f 967/2909 971/2910 972/2911
f 967/2909 972/2911 968/2912
f 968/2913 972/2914 969/2915
f 968/2913 969/2915 965/2916
f 973/2917 974/2918 975/2919
f 973/2917 975/2919 976/2920
f 980/2921 979/2922 978/2923
f 980/2921 978/2923 977/2924
f 973/2925 977/2926 978/2927
f 973/2925 978/2927 974/2928
f 974/2929 978/2930 979/2931
f 974/2929 979/2931 975/2932
f 975/2933 979/2934 980/2935
f 975/2933 980/2935 976/2936
f 976/2937 980/2938 977/2939
f 976/2937 977/2939 973/2940
f 1021/3061 1022/3062 1023/3063
f 1021/3061 1023/3063 1024/3064
f 1021/3061 1024/3064 1025/3065
f 1021/3061 1025/3065 1026/3066
f 1032/3067 1031/3068 1030/3069
f 1032/3067 1030/3069 1029/3070
f 1032/3067 1029/3070 1028/3071
f 1032/3067 1028/3071 1027/3072
f 1021/3073 1027/3074 1028/3075
f 1021/3073 1028/3075 1022/3076
f 1022/3077 1028/3078 1029/3079
f 1022/3077 1029/3079 1023/3080
f 1023/3081 1029/3082 1030/3083
f 1023/3081 1030/3083 1024/3084
f 1024/3085 1030/3086 1031/3087
f 1024/3085 1031/3087 1025/3088
f 1025/3089 1031/3090 1032/3091
f 1025/3089 1032/3091 1026/3092
f 1026/3093 1032/3094 1027/3095
f 1026/3093 1027/3095 1021/3096
f 1033/3097 1034/3098 1035/3099
f 1033/3097 1035/3099 1036/3100
f 1040/3101 1039/3102 1038/3103
f 1040/3101 1038/3103 1037/3104
f 1033/3105 1037/3106 1038/3107
f 1033/3105 1038/3107 1034/3108
f 1034/3109 1038/3110 1039/3111
f 1034/3109 1039/3111 1035/3112
f 1035/3113 1039/3114 1040/3115
f 1035/3113 1040/3115 1036/3116
f 1036/3117 1040/3118 1037/3119
f 1036/3117 1037/3119 1033/3120
f 1041/3121 1042/3122 1043/3123
f 1041/3121 1043/3123 1044/3124
f 1048/3125 1047/3126 1046/3127
f 1048/3125 1046/3127 1045/3128
f 1041/3129 1045/3130 1046/3131
f 1041/3129 1046/3131 1042/3132
f 1042/3133 1046/3134 1047/3135
f 1042/3133 1047/3135 1043/3136
f 1043/3137 1047/3138 1048/3139
f 1043/3137 1048/3139 1044/3140
f 1044/3141 1048/3142 1045/3143
f 1044/3141 1045/3143 1041/3144
f 1049/3145 1050/3146 1051/3147
f 1049/3145 1051/3147 1052/3148
f 1056/3149 1055/3150 1054/3151
f 1056/3149 1054/3151 1053/3152
f 1049/3153 1053/3154 1054/3155
f 1049/3153 1054/3155 1050/3156
f 1050/3157 1054/3158 1055/3159
f 1050/3157 1055/3159 1051/3160
f 1051/3161 1055/3162 1056/3163
f 1051/3161 1056/3163 1052/3164
f 1052/3165 1056/3166 1053/3167
f 1052/3165 1053/3167 1049/3168
f 1057/3169 1058/3170 1059/3171
f 1057/3169 1059/3171 1060/3172
f 1064/3173 1063/3174 1062/3175
f 1064/3173 1062/3175 1061/3176
f 1057/3177 1061/3178 1062/3179
f 1057/3177 1062/3179 1058/3180
f 1058/3181 1062/3182 1063/3183
f 1058/3181 1063/3183 1059/3184
f 1059/3185 1063/3186 1064/3187
f 1059/3185 1064/3187 1060/3188
f 1060/3189 1064/3190 1061/3191
f 1060/3189 1061/3191 1057/3192
f 1065/3193 1066/3194 1067/3195
f 1065/3193 1067/3195 1068/3196
f 1072/3197 1071/3198 1070/3199
f 1072/3197 1070/3199 1069/3200
f 1065/3201 1069/3202 1070/3203
f 1065/3201 1070/3203 1066/3204
f 1066/3205 1070/3206 1071/3207
f 1066/3205 1071/3207 1067/3208
f 1067/3209 1071/3210 1072/3211
f 1067/3209 1072/3211 1068/3212
f 1068/3213 1072/3214 1069/3215
f 1068/3213 1069/3215 1065/3216
f 1073/3217 1074/3218 1075/3219
f 1073/3217 1075/3219 1076/3220
f 1080/3221 1079/3222 1078/3223
f 1080/3221 1078/3223 1077/3224
f 1073/3225 1077/3226 1078/3227
f 1073/3225 1078/3227 1074/3228
f 1074/3229 1078/3230 1079/3231
f 1074/3229 1079/3231 1075/3232
f 1075/3233 1079/3234 1080/3235
f 1075/3233 1080/3235 1076/3236
f 1076/3237 1080/3238 1077/3239
f 1076/3237 1077/3239 1073/3240
f 1121/3361 1122/3362 1123/3363
f 1121/3361 1123/3363 1124/3364
f 1121/3361 1124/3364 1125/3365
f 1121/3361 1125/3365 1126/3366
f 1132/3367 1131/3368 1130/3369
f 1132/3367 1130/3369 1129/3370
f 1132/3367 1129/3370 1128/3371
f 1132/3367 1128/3371 1127/3372
f 1121/3373 1127/3374 1128/3375
f 1121/3373 1128/3375 1122/3376
f 1122/3377 1128/3378 1129/3379
f 1122/3377 1129/3379 1123/3380
f 1123/3381 1129/3382 1130/3383
f 1123/3381 1130/3383 1124/3384
f 1124/3385 1130/3386 1131/3387
f 1124/3385 1131/3387 1125/3388
f 1125/3389 1131/3390 1132/3391
f 1125/3389 1132/3391 1126/3392
f 1126/3393 1132/3394 1127/3395
f 1126/3393 1127/3395 1121/3396
f 1133/3397 1134/3398 1135/3399
f 1133/3397 1135/3399 1136/3400
f 1140/3401 1139/3402 1138/3403
f 1140/3401 1138/3403 1137/3404
f 1133/3405 1137/3406 1138/3407
f 1133/3405 1138/3407 1134/3408
f 1134/3409 1138/3410 1139/3411
f 1134/3409 1139/3411 1135/3412
f 1135/3413 1139/3414 1140/3415
f 1135/3413 1140/3415 1136/3416
f 1136/3417 1140/3418 1137/3419
f 1136/3417 1137/3419 1133/3420
f 1141/3421 1142/3422 1143/3423
f 1141/3421 1143/3423 1144/3424
f 1148/3425 1147/3426 1146/3427
f 1148/3425 1146/3427 1145/3428
f 1141/3429 1145/3430 1146/3431
f 1141/3429 1146/3431 1142/3432
f 1142/3433 1146/3434 1147/3435
f 1142/3433 1147/3435 1143/3436
f 1143/3437 1147/3438 1148/3439
f 1143/3437 1148/3439 1144/3440
f 1144/3441 1148/3442 1145/3443
f 1144/3441 1145/3443 1141/3444
f 1149/3445 1150/3446 1151/3447
f 1149/3445 1151/3447 1152/3448
f 1156/3449 1155/3450 1154/3451
f 1156/3449 1154/3451 1153/3452
f 1149/3453 1153/3454 1154/3455
f 1149/3453 1154/3455 1150/3456
f 1150/3457 1154/3458 1155/3459
f 1150/3457 1155/3459 1151/3460
f 1151/3461 1155/3462 1156/3463
f 1151/3461 1156/3463 1152/3464
f 1152/3465 1156/3466 1153/3467
f 1152/3465 1153/3467 1149/3468
f 1157/3469 1158/3470 1159/3471
f 1157/3469 1159/3471 1160/3472
f 1164/3473 1163/3474 1162/3475
f 1164/3473 1162/3475 1161/3476
f 1157/3477 1161/3478 1162/3479
f 1157/3477 1162/3479 1158/3480
f 1158/3481 1162/3482 1163/3483
f 1158/3481 1163/3483 1159/3484
f 1159/3485 1163/3486 1164/3487
f 1159/3485 1164/3487 1160/3488
f 1160/3489 1164/3490 1161/3491
f 1160/3489 1161/3491 1157/3492
f 1165/3493 1166/3494 1167/3495
f 1165/3493 1167/3495 1168/3496
f 1172/3497 1171/3498 1170/3499
f 1172/3497 1170/3499 1169/3500
f 1165/3501 1169/3502 1170/3503
f 1165/3501 1170/3503 1166/3504
f 1166/3505 1170/3506 1171/3507
f 1166/3505 1171/3507 1167/3508
f 1167/3509 1171/3510 1172/3511
f 1167/3509 1172/3511 1168/3512
f 1168/3513 1172/3514 1169/3515
f 1168/3513 1169/3515 1165/3516
f 1173/3517 1174/3518 1175/3519
f 1173/3517 1175/3519 1176/3520
f 1180/3521 1179/3522 1178/3523
f 1180/3521 1178/3523 1177/3524
f 1173/3525 1177/3526 1178/3527
f 1173/3525 1178/3527 1174/3528
f 1174/3529 1178/3530 1179/3531
f 1174/3529 1179/3531 1175/3532
f 1175/3533 1179/3534 1180/3535
f 1175/3533 1180/3535 1176/3536
f 1176/3537 1180/3538 1177/3539
f 1176/3537 1177/3539 1173/3540
f 1221/3661 1222/3662 1223/3663
f 1221/3661 1223/3663 1224/3664
f 1221/3661 1224/3664 1225/3665
f 1221/3661 1225/3665 1226/3666
f 1232/3667 1231/3668 1230/3669
f 1232/3667 1230/3669 1229/3670
f 1232/3667 1229/3670 1228/3671
f 1232/3667 1228/3671 1227/3672
f 1221/3673 1227/3674 1228/3675
f 1221/3673 1228/3675 1222/3676
f 1222/3677 1228/3678 1229/3679
f 1222/3677 1229/3679 1223/3680
f 1223/3681 1229/3682 1230/3683
f 1223/3681 1230/3683 1224/3684
f 1224/3685 1230/3686 1231/3687
f 1224/3685 1231/3687 1225/3688
f 1225/3689 1231/3690 1232/3691
f 1225/3689 1232/3691 1226/3692
f 1226/3693 1232/3694 1227/3695
f 1226/3693 1227/3695 1221/3696
f 1233/3697 1234/3698 1235/3699
f 1233/3697 1235/3699 1236/3700
f 1240/3701 1239/3702 1238/3703
f 1240/3701 1238/3703 1237/3704
f 1233/3705 1237/3706 1238/3707
f 1233/3705 1238/3707 1234/3708
f 1234/3709 1238/3710 1239/3711
f 1234/3709 1239/3711 1235/3712
f 1235/3713 1239/3714 1240/3715
f 1235/3713 1240/3715 1236/3716
f 1236/3717 1240/3718 1237/3719
f 1236/3717 1237/3719 1233/3720
f 1241/3721 1242/3722 1243/3723
f 1241/3721 1243/3723 1244/3724
f 1248/3725 1247/3726 1246/3727
f 1248/3725 1246/3727 1245/3728
f 1241/3729 1245/3730 1246/3731
f 1241/3729 1246/3731 1242/3732
f 1242/3733 1246/3734 1247/3735
f 1242/3733 1247/3735 1243/3736
f 1243/3737 1247/3738 1248/3739
f 1243/3737 1248/3739 1244/3740
f 1244/3741 1248/3742 1245/3743
f 1244/3741 1245/3743 1241/3744
f 1249/3745 1250/3746 1251/3747
f 1249/3745 1251/3747 1252/3748
f 1256/3749 1255/3750 1254/3751
f 1256/3749 1254/3751 1253/3752
f 1249/3753 1253/3754 1254/3755
f 1249/3753 1254/3755 1250/3756
f 1250/3757 1254/3758 1255/3759
f 1250/3757 1255/3759 1251/3760
f 1251/3761 1255/3762 1256/3763
f 1251/3761 1256/3763 1252/3764
f 1252/3765 1256/3766 1253/3767
f 1252/3765 1253/3767 1249/3768
f 1257/3769 1258/3770 1259/3771
f 1257/3769 1259/3771 1260/3772
f 1264/3773 1263/3774 1262/3775
f 1264/3773 1262/3775 1261/3776
f 1257/3777 1261/3778 1262/3779
f 1257/3777 1262/3779 1258/3780
f 1258/3781 1262/3782 1263/3783
f 1258/3781 1263/3783 1259/3784
f 1259/3785 1263/3786 1264/3787
f 1259/3785 1264/3787 1260/3788
f 1260/3789 1264/3790 1261/3791
f 1260/3789 1261/3791 1257/3792
f 1265/3793 1266/3794 1267/3795
f 1265/3793 1267/3795 1268/3796
f 1272/3797 1271/3798 1270/3799
f 1272/3797 1270/3799 1269/3800
f 1265/3801 1269/3802 1270/3803
f 1265/3801 1270/3803 1266/3804
f 1266/3805 1270/3806 1271/3807
f 1266/3805 1271/3807 1267/3808
f 1267/3809 1271/3810 1272/3811
f 1267/3809 1272/3811 1268/3812
f 1268/3813 1272/3814 1269/3815
f 1268/3813 1269/3815 1265/3816
f 1273/3817 1274/3818 1275/3819
f 1273/3817 1275/3819 1276/3820
f 1280/3821 1279/3822 1278/3823
f 1280/3821 1278/3823 1277/3824
f 1273/3825 1277/3826 1278/3827
f 1273/3825 1278/3827 1274/3828
f 1274/3829 1278/3830 1279/3831
f 1274/3829 1279/3831 1275/3832
f 1275/3833 1279/3834 1280/3835
f 1275/3833 1280/3835 1276/3836
f 1276/3837 1280/3838 1277/3839
f 1276/3837 1277/3839 1273/3840
f 1321/3961 1322/3962 1323/3963
f 1321/3961 1323/3963 1324/3964
f 1321/3961 1324/3964 1325/3965
f 1321/3961 1325/3965 1326/3966
f 1332/3967 1331/3968 1330/3969
f 1332/3967 1330/3969 1329/3970
f 1332/3967 1329/3970 1328/3971
f 1332/3967 1328/3971 1327/3972
f 1321/3973 1327/3974 1328/3975
f 1321/3973 1328/3975 1322/3976
f 1322/3977 1328/3978 1329/3979
f 1322/3977 1329/3979 1323/3980
f 1323/3981 1329/3982 1330/3983
f 1323/3981 1330/3983 1324/3984
f 1324/3985 1330/3986 1331/3987
f 1324/3985 1331/3987 1325/3988
f 1325/3989 1331/3990 1332/3991
f 1325/3989 1332/3991 1326/3992
f 1326/3993 1332/3994 1327/3995
f 1326/3993 1327/3995 1321/3996
f 1333/3997 1334/3998 1335/3999
f 1333/3997 1335/3999 1336/4000
f 1340/4001 1339/4002 1338/4003
f 1340/4001 1338/4003 1337/4004
f 1333/4005 1337/4006 1338/4007
f 1333/4005 1338/4007 1334/4008
f 1334/4009 1338/4010 1339/4011
f 1334/4009 1339/4011 1335/4012
f 1335/4013 1339/4014 1340/4015
f 1335/4013 1340/4015 1336/4016
f 1336/4017 1340/4018 1337/4019
f 1336/4017 1337/4019 1333/4020
f 1341/4021 1342/4022 1343/4023
f 1341/4021 1343/4023 1344/4024
f 1348/4025 1347/4026 1346/4027
f 1348/4025 1346/4027 1345/4028
f 1341/4029 1345/4030 1346/4031
f 1341/4029 1346/4031 1342/4032
f 1342/4033 1346/4034 1347/4035
f 1342/4033 1347/4035 1343/4036
f 1343/4037 1347/4038 1348/4039
f 1343/4037 1348/4039 1344/4040
f 1344/4041 1348/4042 1345/4043
f 1344/4041 1345/4043 1341/4044
f 1349/4045 1350/4046 1351/4047
f 1349/4045 1351/4047 1352/4048
f 1356/4049 1355/4050 1354/4051
f 1356/4049 1354/4051 1353/4052
f 1349/4053 1353/4054 1354/4055
f 1349/4053 1354/4055 1350/4056
f 1350/4057 1354/4058 1355/4059
f 1350/4057 1355/4059 1351/4060
f 1351/4061 1355/4062 1356/4063
f 1351/4061 1356/4063 1352/4064
f 1352/4065 1356/4066 1353/4067
f 1352/4065 1353/4067 1349/4068
f 1357/4069 1358/4070 1359/4071
f 1357/4069 1359/4071 1360/4072
f 1364/4073 1363/4074 1362/4075
f 1364/4073 1362/4075 1361/4076
f 1357/4077 1361/4078 1362/4079
f 1357/4077 1362/4079 1358/4080
f 1358/4081 1362/4082 1363/4083
f 1358/4081 1363/4083 1359/4084
f 1359/4085 1363/4086 1364/4087
f 1359/4085 1364/4087 1360/4088
f 1360/4089 1364/4090 1361/4091
f 1360/4089 1361/4091 1357/4092
f 1365/4093 1366/4094 1367/4095
f 1365/4093 1367/4095 1368/4096
f 1372/4097 1371/4098 1370/4099
f 1372/4097 1370/4099 1369/4100
f 1365/4101 1369/4102 1370/4103
f 1365/4101 1370/4103 1366/4104
f 1366/4105 1370/4106 1371/4107
f 1366/4105 1371/4107 1367/4108
f 1367/4109 1371/4110 1372/4111
f 1367/4109 1372/4111 1368/4112
f 1368/4113 1372/4114 1369/4115
f 1368/4113 1369/4115 1365/4116
f 1373/4117 1374/4118 1375/4119
f 1373/4117 1375/4119 1376/4120
f 1380/4121 1379/4122 1378/4123
f 1380/4121 1378/4123 1377/4124
f 1373/4125 1377/4126 1378/4127
f 1373/4125 1378/4127 1374/4128
f 1374/4129 1378/4130 1379/4131
f 1374/4129 1379/4131 1375/4132
f 1375/4133 1379/4134 1380/4135
f 1375/4133 1380/4135 1376/4136
f 1376/4137 1380/4138 1377/4139
f 1376/4137 1377/4139 1373/4140
f 1421/4261 1422/4262 1423/4263
f 1421/4261 1423/4263 1424/4264
f 1421/4261 1424/4264 1425/4265
f 1421/4261 1425/4265 1426/4266
f 1432/4267 1431/4268 1430/4269
f 1432/4267 1430/4269 1429/4270
f 1432/4267 1429/4270 1428/4271
f 1432/4267 1428/4271 1427/4272
f 1421/4273 1427/4274 1428/4275
f 1421/4273 1428/4275 1422/4276
f 1422/4277 1428/4278 1429/4279
f 1422/4277 1429/4279 1423/4280
f 1423/4281 1429/4282 1430/4283
f 1423/4281 1430/4283 1424/4284
f 1424/4285 1430/4286 1431/4287
f 1424/4285 1431/4287 1425/4288
f 1425/4289 1431/4290 1432/4291
f 1425/4289 1432/4291 1426/4292
f 1426/4293 1432/4294 1427/4295
f 1426/4293 1427/4295 1421/4296
f 1433/4297 1434/4298 1435/4299
f 1433/4297 1435/4299 1436/4300
f 1440/4301 1439/4302 1438/4303
f 1440/4301 1438/4303 1437/4304
f 1433/4305 1437/4306 1438/4307
f 1433/4305 1438/4307 1434/4308
f 1434/4309 1438/4310 1439/4311
f 1434/4309 1439/4311 1435/4312
f 1435/4313 1439/4314 1440/4315
f 1435/4313 1440/4315 1436/4316
f 1436/4317 1440/4318 1437/4319
f 1436/4317 1437/4319 1433/4320
f 1441/4321 1442/4322 1443/4323
f 1441/4321 1443/4323 1444/4324
f 1448/4325 1447/4326 1446/4327
f 1448/4325 1446/4327 1445/4328
f 1441/4329 1445/4330 1446/4331
f 1441/4329 1446/4331 1442/4332
f 1442/4333 1446/4334 1447/4335
f 1442/4333 1447/4335 1443/4336
f 1443/4337 1447/4338 1448/4339
f 1443/4337 1448/4339 1444/4340
f 1444/4341 1448/4342 1445/4343
f 1444/4341 1445/4343 1441/4344
f 1449/4345 1450/4346 1451/4347
f 1449/4345 1451/4347 1452/4348
f 1456/4349 1455/4350 1454/4351
f 1456/4349 1454/4351 1453/4352
f 1449/4353 1453/4354 1454/4355
f 1449/4353 1454/4355 1450/4356
f 1450/4357 1454/4358 1455/4359
f 1450/4357 1455/4359 1451/4360
f 1451/4361 1455/4362 1456/4363
f 1451/4361 1456/4363 1452/4364
f 1452/4365 1456/4366 1453/4367
f 1452/4365 1453/4367 1449/4368
f 1457/4369 1458/4370 1459/4371
f 1457/4369 1459/4371 1460/4372
f 1464/4373 1463/4374 1462/4375
f 1464/4373 1462/4375 1461/4376
f 1457/4377 1461/4378 1462/4379
f 1457/4377 1462/4379 1458/4380
f 1458/4381 1462/4382 1463/4383
f 1458/4381 1463/4383 1459/4384
f 1459/4385 1463/4386 1464/4387
f 1459/4385 1464/4387 1460/4388
f 1460/4389 1464/4390 1461/4391
f 1460/4389 1461/4391 1457/4392
f 1465/4393 1466/4394 1467/4395
f 1465/4393 1467/4395 1468/4396
f 1472/4397 1471/4398 1470/4399
f 1472/4397 1470/4399 1469/4400
f 1465/4401 1469/4402 1470/4403
f 1465/4401 1470/4403 1466/4404
f 1466/4405 1470/4406 1471/4407
f 1466/4405 1471/4407 1467/4408
f 1467/4409 1471/4410 1472/4411
f 1467/4409 1472/4411 1468/4412
f 1468/4413 1472/4414 1469/4415
f 1468/4413 1469/4415 1465/4416
f 1473/4417 1474/4418 1475/4419
f 1473/4417 1475/4419 1476/4420
f 1480/4421 1479/4422 1478/4423
f 1480/4421 1478/4423 1477/4424
f 1473/4425 1477/4426 1478/4427
f 1473/4425 1478/4427 1474/4428
f 1474/4429 1478/4430 1479/4431
f 1474/4429 1479/4431 1475/4432
f 1475/4433 1479/4434 1480/4435
f 1475/4433 1480/4435 1476/4436
f 1476/4437 1480/4438 1477/4439
f 1476/4437 1477/4439 1473/4440
f 1521/4561 1522/4562 1523/4563
f 1521/4561 1523/4563 1524/4564
f 1521/4561 1524/4564 1525/4565
f 1521/4561 1525/4565 1526/4566
f 1532/4567 1531/4568 1530/4569
f 1532/4567 1530/4569 1529/4570
f 1532/4567 1529/4570 1528/4571
f 1532/4567 1528/4571 1527/4572
f 1521/4573 1527/4574 1528/4575
f 1521/4573 1528/4575 1522/4576
f 1522/4577 1528/4578 1529/4579
f 1522/4577 1529/4579 1523/4580
f 1523/4581 1529/4582 1530/4583
f 1523/4581 1530/4583 1524/4584
f 1524/4585 1530/4586 1531/4587
f 1524/4585 1531/4587 1525/4588
f 1525/4589 1531/4590 1532/4591
f 1525/4589 1532/4591 1526/4592
f 1526/4593 1532/4594 1527/4595
f 1526/4593 1527/4595 1521/4596
f 1533/4597 1534/4598 1535/4599
f 1533/4597 1535/4599 1536/4600
f 1540/4601 1539/4602 1538/4603
f 1540/4601 1538/4603 1537/4604
f 1533/4605 1537/4606 1538/4607
f 1533/4605 1538/4607 1534/4608
f 1534/4609 1538/4610 1539/4611
f 1534/4609 1539/4611 1535/4612
f 1535/4613 1539/4614 1540/4615
f 1535/4613 1540/4615 1536/4616
f 1536/4617 1540/4618 1537/4619
f 1536/4617 1537/4619 1533/4620
f 1541/4621 1542/4622 1543/4623
f 1541/4621 1543/4623 1544/4624
f 1548/4625 1547/4626 1546/4627
f 1548/4625 1546/4627 1545/4628
f 1541/4629 1545/4630 1546/4631
f 1541/4629 1546/4631 1542/4632
f 1542/4633 1546/4634 1547/4635
f 1542/4633 1547/4635 1543/4636
f 1543/4637 1547/4638 1548/4639
f 1543/4637 1548/4639 1544/4640
f 1544/4641 1548/4642 1545/4643
f 1544/4641 1545/4643 1541/4644
f 1549/4645 1550/4646 1551/4647
f 1549/4645 1551/4647 1552/4648
f 1556/4649 1555/4650 1554/4651
f 1556/4649 1554/4651 1553/4652
f 1549/4653 1553/4654 1554/4655
f 1549/4653 1554/4655 1550/4656
f 1550/4657 1554/4658 1555/4659
f 1550/4657 1555/4659 1551/4660
f 1551/4661 1555/4662 1556/4663
f 1551/4661 1556/4663 1552/4664
f 1552/4665 1556/4666 1553/4667
f 1552/4665 1553/4667 1549/4668
f 1557/4669 1558/4670 1559/4671
f 1557/4669 1559/4671 1560/4672
f 1564/4673 1563/4674 1562/4675
f 1564/4673 1562/4675 1561/4676
f 1557/4677 1561/4678 1562/4679
f 1557/4677 1562/4679 1558/4680
f 1558/4681 1562/4682 1563/4683
f 1558/4681 1563/4683 1559/4684
f 1559/4685 1563/4686 1564/4687
f 1559/4685 1564/4687 1560/4688
f 1560/4689 1564/4690 1561/4691
f 1560/4689 1561/4691 1557/4692
f 1565/4693 1566/4694 1567/4695
f 1565/4693 1567/4695 1568/4696
f 1572/4697 1571/4698 1570/4699
f 1572/4697 1570/4699 1569/4700
f 1565/4701 1569/4702 1570/4703
f 1565/4701 1570/4703 1566/4704
f 1566/4705 1570/4706 1571/4707
f 1566/4705 1571/4707 1567/4708
f 1567/4709 1571/4710 1572/4711
f 1567/4709 1572/4711 1568/4712
f 1568/4713 1572/4714 1569/4715
f 1568/4713 1569/4715 1565/4716
f 1573/4717 1574/4718 1575/4719
f 1573/4717 1575/4719 1576/4720
f 1580/4721 1579/4722 1578/4723
f 1580/4721 1578/4723 1577/4724
f 1573/4725 1577/4726 1578/4727
f 1573/4725 1578/4727 1574/4728
f 1574/4729 1578/4730 1579/4731
f 1574/4729 1579/4731 1575/4732
f 1575/4733 1579/4734 1580/4735
f 1575/4733 1580/4735 1576/4736
f 1576/4737 1580/4738 1577/4739
f 1576/4737 1577/4739 1573/4740
f 1621/4861 1622/4862 1623/4863
f 1621/4861 1623/4863 1624/4864
f 1621/4861 1624/4864 1625/4865
f 1621/4861 1625/4865 1626/4866
f 1632/4867 1631/4868 1630/4869
f 1632/4867 1630/4869 1629/4870
f 1632/4867 1629/4870 1628/4871
f 1632/4867 1628/4871 1627/4872
f 1621/4873 1627/4874 1628/4875
f 1621/4873 1628/4875 1622/4876
f 1622/4877 1628/4878 1629/4879
f 1622/4877 1629/4879 1623/4880
f 1623/4881 1629/4882 1630/4883
f 1623/4881 1630/4883 1624/4884
f 1624/4885 1630/4886 1631/4887
f 1624/4885 1631/4887 1625/4888
f 1625/4889 1631/4890 1632/4891
f 1625/4889 1632/4891 1626/4892
f 1626/4893 1632/4894 1627/4895
f 1626/4893 1627/4895 1621/4896
f 1633/4897 1634/4898 1635/4899
f 1633/4897 1635/4899 1636/4900
f 1640/4901 1639/4902 1638/4903
f 1640/4901 1638/4903 1637/4904
f 1633/4905 1637/4906 1638/4907
f 1633/4905 1638/4907 1634/4908
f 1634/4909 1638/4910 1639/4911
f 1634/4909 1639/4911 1635/4912
f 1635/4913 1639/4914 1640/4915
f 1635/4913 1640/4915 1636/4916
f 1636/4917 1640/4918 1637/4919
f 1636/4917 1637/4919 1633/4920
f 1641/4921 1642/4922 1643/4923
f 1641/4921 1643/4923 1644/4924
f 1648/4925 1647/4926 1646/4927
f 1648/4925 1646/4927 1645/4928
f 1641/4929 1645/4930 1646/4931
f 1641/4929 1646/4931 1642/4932
f 1642/4933 1646/4934 1647/4935
f 1642/4933 1647/4935 1643/4936
f 1643/4937 1647/4938 1648/4939
f 1643/4937 1648/4939 1644/4940
f 1644/4941 1648/4942 1645/4943
f 1644/4941 1645/4943 1641/4944
f 1649/4945 1650/4946 1651/4947
f 1649/4945 1651/4947 1652/4948
f 1656/4949 1655/4950 1654/4951
f 1656/4949 1654/4951 1653/4952
f 1649/4953 1653/4954 1654/4955
f 1649/4953 1654/4955 1650/4956
f 1650/4957 1654/4958 1655/4959
f 1650/4957 1655/4959 1651/4960
f 1651/4961 1655/4962 1656/4963
f 1651/4961 1656/4963 1652/4964
f 1652/4965 1656/4966 1653/4967
f 1652/4965 1653/4967 1649/4968
f 1657/4969 1658/4970 1659/4971
f 1657/4969 1659/4971 1660/4972
f 1664/4973 1663/4974 1662/4975
f 1664/4973 1662/4975 1661/4976
f 1657/4977 1661/4978 1662/4979
f 1657/4977 1662/4979 1658/4980
f 1658/4981 1662/4982 1663/4983
f 1658/4981 1663/4983 1659/4984
f 1659/4985 1663/4986 1664/4987
f 1659/4985 1664/4987 1660/4988
f 1660/4989 1664/4990 1661/4991
f 1660/4989 1661/4991 1657/4992
f 1665/4993 1666/4994 1667/4995
f 1665/4993 1667/4995 1668/4996
f 1672/4997 1671/4998 1670/4999
f 1672/4997 1670/4999 1669/5000
f 1665/5001 1669/5002 1670/5003
f 1665/5001 1670/5003 1666/5004
f 1666/5005 1670/5006 1671/5007
f 1666/5005 1671/5007 1667/5008
f 1667/5009 1671/5010 1672/5011
f 1667/5009 1672/5011 1668/5012
f 1668/5013 1672/5014 1669/5015
f 1668/5013 1669/5015 1665/5016
f 1673/5017 1674/5018 1675/5019
f 1673/5017 1675/5019 1676/5020
f 1680/5021 1679/5022 1678/5023
f 1680/5021 1678/5023 1677/5024
f 1673/5025 1677/5026 1678/5027
f 1673/5025 1678/5027 1674/5028
f 1674/5029 1678/5030 1679/5031
f 1674/5029 1679/5031 1675/5032
f 1675/5033 1679/5034 1680/5035
f 1675/5033 1680/5035 1676/5036
f 1676/5037 1680/5038 1677/5039
f 1676/5037 1677/5039 1673/5040
f 1721/5161 1722/5162 1723/5163
f 1721/5161 1723/5163 1724/5164
f 1721/5161 1724/5164 1725/5165
f 1721/5161 1725/5165 1726/5166
f 1732/5167 1731/5168 1730/5169
f 1732/5167 1730/5169 1729/5170
f 1732/5167 1729/5170 1728/5171
f 1732/5167 1728/5171 1727/5172
f 1721/5173 1727/5174 1728/5175
f 1721/5173 1728/5175 1722/5176
f 1722/5177 1728/5178 1729/5179
f 1722/5177 1729/5179 1723/5180
f 1723/5181 1729/5182 1730/5183
f 1723/5181 1730/5183 1724/5184
f 1724/5185 1730/5186 1731/5187
f 1724/5185 1731/5187 1725/5188
f 1725/5189 1731/5190 1732/5191
f 1725/5189 1732/5191 1726/5192
f 1726/5193 1732/5194 1727/5195
f 1726/5193 1727/5195 1721/5196
f 1733/5197 1734/5198 1735/5199
f 1733/5197 1735/5199 1736/5200
f 1740/5201 1739/5202 1738/5203
f 1740/5201 1738/5203 1737/5204
f 1733/5205 1737/5206 1738/5207
f 1733/5205 1738/5207 1734/5208
f 1734/5209 1738/5210 1739/5211
f 1734/5209 1739/5211 1735/5212
f 1735/5213 1739/5214 1740/5215
f 1735/5213 1740/5215 1736/5216
f 1736/5217 1740/5218 1737/5219
f 1736/5217 1737/5219 1733/5220
f 1741/5221 1742/5222 1743/5223
f 1741/5221 1743/5223 1744/5224
f 1748/5225 1747/5226 1746/5227
f 1748/5225 1746/5227 1745/5228
f 1741/5229 1745/5230 1746/5231
f 1741/5229 1746/5231 1742/5232
f 1742/5233 1746/5234 1747/5235
f 1742/5233 1747/5235 1743/5236
f 1743/5237 1747/5238 1748/5239
f 1743/5237 1748/5239 1744/5240
f 1744/5241 1748/5242 1745/5243
f 1744/5241 1745/5243 1741/5244
f 1749/5245 1750/5246 1751/5247
f 1749/5245 1751/5247 1752/5248
f 1756/5249 1755/5250 1754/5251
f 1756/5249 1754/5251 1753/5252
f 1749/5253 1753/5254 1754/5255
f 1749/5253 1754/5255 1750/5256
f 1750/5257 1754/5258 1755/5259
f 1750/5257 1755/5259 1751/5260
f 1751/5261 1755/5262 1756/5263
f 1751/5261 1756/5263 1752/5264
f 1752/5265 1756/5266 1753/5267
f 1752/5265 1753/5267 1749/5268
f 1757/5269 1758/5270 1759/5271
f 1757/5269 1759/5271 1760/5272
f 1764/5273 1763/5274 1762/5275
f 1764/5273 1762/5275 1761/5276
f 1757/5277 1761/5278 1762/5279
f 1757/5277 1762/5279 1758/5280
f 1758/5281 1762/5282 1763/5283
f 1758/5281 1763/5283 1759/5284
f 1759/5285 1763/5286 1764/5287
f 1759/5285 1764/5287 1760/5288
f 1760/5289 1764/5290 1761/5291
f 1760/5289 1761/5291 1757/5292
f 1765/5293 1766/5294 1767/5295
f 1765/5293 1767/5295 1768/5296
f 1772/5297 1771/5298 1770/5299
f 1772/5297 1770/5299 1769/5300
f 1765/5301 1769/5302 1770/5303
f 1765/5301 1770/5303 1766/5304
f 1766/5305 1770/5306 1771/5307
f 1766/5305 1771/5307 1767/5308
f 1767/5309 1771/5310 1772/5311
f 1767/5309 1772/5311 1768/5312
f 1768/5313 1772/5314 1769/5315
f 1768/5313 1769/5315 1765/5316
f 1773/5317 1774/5318 1775/5319
f 1773/5317 1775/5319 1776/5320
f 1780/5321 1779/5322 1778/5323
f 1780/5321 1778/5323 1777/5324
f 1773/5325 1777/5326 1778/5327
f 1773/5325 1778/5327 1774/5328
f 1774/5329 1778/5330 1779/5331
f 1774/5329 1779/5331 1775/5332
f 1775/5333 1779/5334 1780/5335
f 1775/5333 1780/5335 1776/5336
f 1776/5337 1780/5338 1777/5339
f 1776/5337 1777/5339 1773/5340
f 1821/5461 1822/5462 1823/5463
f 1821/5461 1823/5463 1824/5464
f 1821/5461 1824/5464 1825/5465
f 1821/5461 1825/5465 1826/5466
f 1832/5467 1831/5468 1830/5469
f 1832/5467 1830/5469 1829/5470
f 1832/5467 1829/5470 1828/5471
f 1832/5467 1828/5471 1827/5472
f 1821/5473 1827/5474 1828/5475
f 1821/5473 1828/5475 1822/5476
f 1822/5477 1828/5478 1829/5479
f 1822/5477 1829/5479 1823/5480
f 1823/5481 1829/5482 1830/5483
f 1823/5481 1830/5483 1824/5484
f 1824/5485 1830/5486 1831/5487
f 1824/5485 1831/5487 1825/5488
f 1825/5489 1831/5490 1832/5491
f 1825/5489 1832/5491 1826/5492
f 1826/5493 1832/5494 1827/5495
f 1826/5493 1827/5495 1821/5496
f 1833/5497 1834/5498 1835/5499
f 1833/5497 1835/5499 1836/5500
f 1840/5501 1839/5502 1838/5503
f 1840/5501 1838/5503 1837/5504
f 1833/5505 1837/5506 1838/5507
f 1833/5505 1838/5507 1834/5508
f 1834/5509 1838/5510 1839/5511
f 1834/5509 1839/5511 1835/5512
f 1835/5513 1839/5514 1840/5515
f 1835/5513 1840/5515 1836/5516
f 1836/5517 1840/5518 1837/5519
f 1836/5517 1837/5519 1833/5520
f 1841/5521 1842/5522 1843/5523
f 1841/5521 1843/5523 1844/5524
f 1848/5525 1847/5526 1846/5527
f 1848/5525 1846/5527 1845/5528
f 1841/5529 1845/5530 1846/5531
f 1841/5529 1846/5531 1842/5532
f 1842/5533 1846/5534 1847/5535
f 1842/5533 1847/5535 1843/5536
f 1843/5537 1847/5538 1848/5539
f 1843/5537 1848/5539 1844/5540
f 1844/5541 1848/5542 1845/5543
f 1844/5541 1845/5543 1841/5544
f 1849/5545 1850/5546 1851/5547
f 1849/5545 1851/5547 1852/5548
f 1856/5549 1855/5550 1854/5551
f 1856/5549 1854/5551 1853/5552
f 1849/5553 1853/5554 1854/5555
f 1849/5553 1854/5555 1850/5556
f 1850/5557 1854/5558 1855/5559
f 1850/5557 1855/5559 1851/5560
f 1851/5561 1855/5562 1856/5563
f 1851/5561 1856/5563 1852/5564
f 1852/5565 1856/5566 1853/5567
f 1852/5565 1853/5567 1849/5568
f 1857/5569 1858/5570 1859/5571
f 1857/5569 1859/5571 1860/5572
f 1864/5573 1863/5574 1862/5575
f 1864/5573 1862/5575 1861/5576
f 1857/5577 1861/5578 1862/5579
f 1857/5577 1862/5579 1858/5580
f 1858/5581 1862/5582 1863/5583
f 1858/5581 1863/5583 1859/5584
f 1859/5585 1863/5586 1864/5587
f 1859/5585 1864/5587 1860/5588
f 1860/5589 1864/5590 1861/5591
f 1860/5589 1861/5591 1857/5592
f 1865/5593 1866/5594 1867/5595
f 1865/5593 1867/5595 1868/5596
f 1872/5597 1871/5598 1870/5599
f 1872/5597 1870/5599 1869/5600
f 1865/5601 1869/5602 1870/5603
f 1865/5601 1870/5603 1866/5604
f 1866/5605 1870/5606 1871/5607
f 1866/5605 1871/5607 1867/5608
f 1867/5609 1871/5610 1872/5611
f 1867/5609 1872/5611 1868/5612
f 1868/5613 1872/5614 1869/5615
f 1868/5613 1869/5615 1865/5616
f 1873/5617 1874/5618 1875/5619
f 1873/5617 1875/5619 1876/5620
f 1880/5621 1879/5622 1878/5623
f 1880/5621 1878/5623 1877/5624
f 1873/5625 1877/5626 1878/5627
f 1873/5625 1878/5627 1874/5628
f 1874/5629 1878/5630 1879/5631
f 1874/5629 1879/5631 1875/5632
f 1875/5633 1879/5634 1880/5635
f 1875/5633 1880/5635 1876/5636
f 1876/5637 1880/5638 1877/5639
f 1876/5637 1877/5639 1873/5640
f 1921/5761 1922/5762 1923/5763
f 1921/5761 1923/5763 1924/5764
f 1921/5761 1924/5764 1925/5765
f 1921/5761 1925/5765 1926/5766
f 1932/5767 1931/5768 1930/5769
f 1932/5767 1930/5769 1929/5770
f 1932/5767 1929/5770 1928/5771
f 1932/5767 1928/5771 1927/5772
f 1921/5773 1927/5774 1928/5775
f 1921/5773 1928/5775 1922/5776
f 1922/5777 1928/5778 1929/5779
f 1922/5777 1929/5779 1923/5780
f 1923/5781 1929/5782 1930/5783
f 1923/5781 1930/5783 1924/5784
f 1924/5785 1930/5786 1931/5787
f 1924/5785 1931/5787 1925/5788
f 1925/5789 1931/5790 1932/5791
f 1925/5789 1932/5791 1926/5792
f 1926/5793 1932/5794 1927/5795
f 1926/5793 1927/5795 1921/5796
f 1933/5797 1934/5798 1935/5799
f 1933/5797 1935/5799 1936/5800
f 1940/5801 1939/5802 1938/5803
f 1940/5801 1938/5803 1937/5804
f 1933/5805 1937/5806 1938/5807
f 1933/5805 1938/5807 1934/5808
f 1934/5809 1938/5810 1939/5811
f 1934/5809 1939/5811 1935/5812
f 1935/5813 1939/5814 1940/5815
f 1935/5813 1940/5815 1936/5816
f 1936/5817 1940/5818 1937/5819
f 1936/5817 1937/5819 1933/5820
f 1941/5821 1942/5822 1943/5823
f 1941/5821 1943/5823 1944/5824
f 1948/5825 1947/5826 1946/5827
f 1948/5825 1946/5827 1945/5828
f 1941/5829 1945/5830 1946/5831
f 1941/5829 1946/5831 1942/5832
f 1942/5833 1946/5834 1947/5835
f 1942/5833 1947/5835 1943/5836
f 1943/5837 1947/5838 1948/5839
f 1943/5837 1948/5839 1944/5840
f 1944/5841 1948/5842 1945/5843
f 1944/5841 1945/5843 1941/5844
f 1949/5845 1950/5846 1951/5847
f 1949/5845 1951/5847 1952/5848
f 1956/5849 1955/5850 1954/5851
f 1956/5849 1954/5851 1953/5852
f 1949/5853 1953/5854 1954/5855
f 1949/5853 1954/5855 1950/5856
f 1950/5857 1954/5858 1955/5859
f 1950/5857 1955/5859 1951/5860
f 1951/5861 1955/5862 1956/5863
f 1951/5861 1956/5863 1952/5864
f 1952/5865 1956/5866 1953/5867
f 1952/5865 1953/5867 1949/5868
f 1957/5869 1958/5870 1959/5871
f 1957/5869 1959/5871 1960/5872
f 1964/5873 1963/5874 1962/5875
f 1964/5873 1962/5875 1961/5876
f 1957/5877 1961/5878 1962/5879
f 1957/5877 1962/5879 1958/5880
f 1958/5881 1962/5882 1963/5883
f 1958/5881 1963/5883 1959/5884
f 1959/5885 1963/5886 1964/5887
f 1959/5885 1964/5887 1960/5888
f 1960/5889 1964/5890 1961/5891
f 1960/5889 1961/5891 1957/5892
f 1965/5893 1966/5894 1967/5895
f 1965/5893 1967/5895 1968/5896
f 1972/5897 1971/5898 1970/5899
f 1972/5897 1970/5899 1969/5900
f 1965/5901 1969/5902 1970/5903
f 1965/5901 1970/5903 1966/5904
f 1966/5905 1970/5906 1971/5907
f 1966/5905 1971/5907 1967/5908
f 1967/5909 1971/5910 1972/5911
f 1967/5909 1972/5911 1968/5912
f 1968/5913 1972/5914 1969/5915
f 1968/5913 1969/5915 1965/5916
f 1973/5917 1974/5918 1975/5919
f 1973/5917 1975/5919 1976/5920
f 1980/5921 1979/5922 1978/5923
f 1980/5921 1978/5923 1977/5924
f 1973/5925 1977/5926 1978/5927
f 1973/5925 1978/5927 1974/5928
f 1974/5929 1978/5930 1979/5931
f 1974/5929 1979/5931 1975/5932
f 1975/5933 1979/5934 1980/5935
f 1975/5933 1980/5935 1976/5936
f 1976/5937 1980/5938 1977/5939
f 1976/5937 1977/5939 1973/5940
f 2021/6061 2022/6062 2023/6063
f 2021/6061 2023/6063 2024/6064
f 2021/6061 2024/6064 2025/6065
f 2021/6061 2025/6065 2026/6066
f 2032/6067 2031/6068 2030/6069
f 2032/6067 2030/6069 2029/6070
f 2032/6067 2029/6070 2028/6071
f 2032/6067 2028/6071 2027/6072
f 2021/6073 2027/6074 2028/6075
f 2021/6073 2028/6075 2022/6076
f 2022/6077 2028/6078 2029/6079
f 2022/6077 2029/6079 2023/6080
f 2023/6081 2029/6082 2030/6083
f 2023/6081 2030/6083 2024/6084
f 2024/6085 2030/6086 2031/6087
f 2024/6085 2031/6087 2025/6088
f 2025/6089 2031/6090 2032/6091
f 2025/6089 2032/6091 2026/6092
f 2026/6093 2032/6094 2027/6095
f 2026/6093 2027/6095 2021/6096
f 2033/6097 2034/6098 2035/6099
f 2033/6097 2035/6099 2036/6100
f 2040/6101 2039/6102 2038/6103
f 2040/6101 2038/6103 2037/6104
f 2033/6105 2037/6106 2038/6107
f 2033/6105 2038/6107 2034/6108
f 2034/6109 2038/6110 2039/6111
f 2034/6109 2039/6111 2035/6112
f 2035/6113 2039/6114 2040/6115
f 2035/6113 2040/6115 2036/6116
f 2036/6117 2040/6118 2037/6119
f 2036/6117 2037/6119 2033/6120
f 2041/6121 2042/6122 2043/6123
f 2041/6121 2043/6123 2044/6124
f 2048/6125 2047/6126 2046/6127
f 2048/6125 2046/6127 2045/6128
f 2041/6129 2045/6130 2046/6131
f 2041/6129 2046/6131 2042/6132
f 2042/6133 2046/6134 2047/6135
f 2042/6133 2047/6135 2043/6136
f 2043/6137 2047/6138 2048/6139
f 2043/6137 2048/6139 2044/6140
f 2044/6141 2048/6142 2045/6143
f 2044/6141 2045/6143 2041/6144
f 2049/6145 2050/6146 2051/6147
f 2049/6145 2051/6147 2052/6148
f 2056/6149 2055/6150 2054/6151
f 2056/6149 2054/6151 2053/6152
f 2049/6153 2053/6154 2054/6155
f 2049/6153 2054/6155 2050/6156
f 2050/6157 2054/6158 2055/6159
f 2050/6157 2055/6159 2051/6160
f 2051/6161 2055/6162 2056/6163
f 2051/6161 2056/6163 2052/6164
f 2052/6165 2056/6166 2053/6167
f 2052/6165 2053/6167 2049/6168
f 2057/6169 2058/6170 2059/6171
f 2057/6169 2059/6171 2060/6172
f 2064/6173 2063/6174 2062/6175
f 2064/6173 2062/6175 2061/6176
f 2057/6177 2061/6178 2062/6179
f 2057/6177 2062/6179 2058/6180
f 2058/6181 2062/6182 2063/6183
f 2058/6181 2063/6183 2059/6184
f 2059/6185 2063/6186 2064/6187
f 2059/6185 2064/6187 2060/6188
f 2060/6189 2064/6190 2061/6191
f 2060/6189 2061/6191 2057/6192
f 2065/6193 2066/6194 2067/6195
f 2065/6193 2067/6195 2068/6196
f 2072/6197 2071/6198 2070/6199
f 2072/6197 2070/6199 2069/6200
f 2065/6201 2069/6202 2070/6203
f 2065/6201 2070/6203 2066/6204
f 2066/6205 2070/6206 2071/6207
f 2066/6205 2071/6207 2067/6208
f 2067/6209 2071/6210 2072/6211
f 2067/6209 2072/6211 2068/6212
f 2068/6213 2072/6214 2069/6215
f 2068/6213 2069/6215 2065/6216
f 2073/6217 2074/6218 2075/6219
f 2073/6217 2075/6219 2076/6220
f 2080/6221 2079/6222 2078/6223
f 2080/6221 2078/6223 2077/6224
f 2073/6225 2077/6226 2078/6227
f 2073/6225 2078/6227 2074/6228
f 2074/6229 2078/6230 2079/6231
f 2074/6229 2079/6231 2075/6232
f 2075/6233 2079/6234 2080/6235
f 2075/6233 2080/6235 2076/6236
f 2076/6237 2080/6238 2077/6239
f 2076/6237 2077/6239 2073/6240
g cell_r_1_lid
f 781/2341 782/2342 783/2343
f 781/2341 783/2343 784/2344
f 788/2345 787/2346 786/2347
f 788/2345 786/2347 785/2348
f 781/2349 785/2350 786/2351
f 781/2349 786/2351 782/2352
f 782/2353 786/2354 787/2355
f 782/2353 787/2355 783/2356
f 783/2357 787/2358 788/2359
f 783/2357 788/2359 784/2360
f 784/2361 788/2362 785/2363
f 784/2361 785/2363 781/2364
g cell_r_1_swarm
f 789/2365 792/2366 791/2367
f 789/2365 791/2367 790/2368
f 793/2369 794/2370 795/2371
f 793/2369 795/2371 796/2372
f 789/2373 793/2374 796/2375
f 789/2373 796/2375 792/2376
f 790/2377 791/2378 795/2379
f 790/2377 795/2379 794/2380
f 792/2381 796/2382 795/2383
f 792/2381 795/2383 791/2384
f 789/2385 790/2386 794/2387
f 789/2385 794/2387 793/2388
f 797/2389 800/2390 799/2391
f 797/2389 799/2391 798/2392
f 801/2393 802/2394 803/2395
f 801/2393 803/2395 804/2396
f 797/2397 801/2398 804/2399
f 797/2397 804/2399 800/2400
f 798/2401 799/2402 803/2403
f 798/2401 803/2403 802/2404
f 800/2405 804/2406 803/2407
f 800/2405 803/2407 799/2408
f 797/2409 798/2410 802/2411
f 797/2409 802/2411 801/2412
f 805/2413 808/2414 807/2415
f 805/2413 807/2415 806/2416
f 809/2417 810/2418 811/2419
f 809/2417 811/2419 812/2420
f 806/2425 807/2426 811/2427
f 806/2425 811/2427 810/2428
f 808/2429 812/2430 811/2431
f 808/2429 811/2431 807/2432
f 805/2433 806/2434 810/2435
f 805/2433 810/2435 809/2436
f 813/2437 816/2438 815/2439
f 813/2437 815/2439 814/2440
f 817/2441 818/2442 819/2443
f 817/2441 819/2443 820/2444
f 813/2445 817/2446 820/2447
f 813/2445 820/2447 816/2448
f 814/2449 815/2450 819/2451
f 814/2449 819/2451 818/2452
f 816/2453 820/2454 819/2455
f 816/2453 819/2455 815/2456
f 813/2457 814/2458 818/2459
f 813/2457 818/2459 817/2460
g cell_r_2_lid
f 881/2641 882/2642 883/2643
f 881/2641 883/2643 884/2644
f 888/2645 887/2646 886/2647
f 888/2645 886/2647 885/2648
f 881/2649 885/2650 886/2651
f 881/2649 886/2651 882/2652
f 882/2653 886/2654 887/2655
f 882/2653 887/2655 883/2656
f 883/2657 887/2658 888/2659
f 883/2657 888/2659 884/2660
f 884/2661 888/2662 885/2663
f 884/2661 885/2663 881/2664
g cell_r_2_swarm
f 889/2665 892/2666 891/2667
f 889/2665 891/2667 890/2668
f 893/2669 894/2670 895/2671
f 893/2669 895/2671 896/2672
f 889/2673 893/2674 896/2675
f 889/2673 896/2675 892/2676
f 890/2677 891/2678 895/2679
f 890/2677 895/2679 894/2680
f 892/2681 896/2682 895/2683
f 892/2681 895/2683 891/2684
f 889/2685 890/2686 894/2687
f 889/2685 894/2687 893/2688
f 897/2689 900/2690 899/2691
f 897/2689 899/2691 898/2692
f 901/2693 902/2694 903/2695
f 901/2693 903/2695 904/2696
f 897/2697 901/2698 904/2699
f 897/2697 904/2699 900/2700
f 898/2701 899/2702 903/2703
f 898/2701 903/2703 902/2704
f 900/2705 904/2706 903/2707
f 900/2705 903/2707 899/2708
f 897/2709 898/2710 902/2711
f 897/2709 902/2711 901/2712
f 905/2713 908/2714 907/2715
f 905/2713 907/2715 906/2716
f 909/2717 910/2718 911/2719
f 909/2717 911/2719 912/2720
f 906/2725 907/2726 911/2727
f 906/2725 911/2727 910/2728
f 908/2729 912/2730 911/2731
f 908/2729 911/2731 907/2732
f 905/2733 906/2734 910/2735
f 905/2733 910/2735 909/2736
f 913/2737 916/2738 915/2739
f 913/2737 915/2739 914/2740
f 917/2741 918/2742 919/2743
f 917/2741 919/2743 920/2744
f 913/2745 917/2746 920/2747
f 913/2745 920/2747 916/2748
f 914/2749 915/2750 919/2751
f 914/2749 919/2751 918/2752
f 916/2753 920/2754 919/2755
f 916/2753 919/2755 915/2756
f 913/2757 914/2758 918/2759
f 913/2757 918/2759 917/2760
g cell_r_3_lid
f 981/2941 982/2942 983/2943
f 981/2941 983/2943 984/2944
f 988/2945 987/2946 986/2947
f 988/2945 986/2947 985/2948
f 981/2949 985/2950 986/2951
f 981/2949 986/2951 982/2952
f 982/2953 986/2954 987/2955
f 982/2953 987/2955 983/2956
f 983/2957 987/2958 988/2959
f 983/2957 988/2959 984/2960
f 984/2961 988/2962 985/2963
f 984/2961 985/2963 981/2964
g cell_r_3_swarm
f 989/2965 992/2966 991/2967
f 989/2965 991/2967 990/2968
f 993/2969 994/2970 995/2971
f 993/2969 995/2971 996/2972
f 989/2973 993/2974 996/2975
f 989/2973 996/2975 992/2976
f 990/2977 991/2978 995/2979
f 990/2977 995/2979 994/2980
f 992/2981 996/2982 995/2983
f 992/2981 995/2983 991/2984
f 989/2985 990/2986 994/2987
f 989/2985 994/2987 993/2988
f 997/2989 1000/2990 999/2991
f 997/2989 999/2991 998/2992
f 1001/2993 1002/2994 1003/2995
f 1001/2993 1003/2995 1004/2996
f 997/2997 1001/2998 1004/2999
f 997/2997 1004/2999 1000/3000
f 998/3001 999/3002 1003/3003
f 998/3001 1003/3003 1002/3004
f 1000/3005 1004/3006 1003/3007
f 1000/3005 1003/3007 999/3008
f 997/3009 998/3010 1002/3011
f 997/3009 1002/3011 1001/3012
f 1005/3013 1008/3014 1007/3015
f 1005/3013 1007/3015 1006/3016
f 1009/3017 1010/3018 1011/3019
f 1009/3017 1011/3019 1012/3020
f 1006/3025 1007/3026 1011/3027
f 1006/3025 1011/3027 1010/3028
f 1008/3029 1012/3030 1011/3031
f 1008/3029 1011/3031 1007/3032
f 1005/3033 1006/3034 1010/3035
f 1005/3033 1010/3035 1009/3036
f 1013/3037 1016/3038 1015/3039
f 1013/3037 1015/3039 1014/3040
f 1017/3041 1018/3042 1019/3043
f 1017/3041 1019/3043 1020/3044
f 1013/3045 1017/3046 1020/3047
f 1013/3045 1020/3047 1016/3048
f 1014/3049 1015/3050 1019/3051
f 1014/3049 1019/3051 1018/3052
f 1016/3053 1020/3054 1019/3055
f 1016/3053 1019/3055 1015/3056
f 1013/3057 1014/3058 1018/3059
f 1013/3057 1018/3059 1017/3060
g cell_r_4_lid
f 1081/3241 1082/3242 1083/3243
f 1081/3241 1083/3243 1084/3244
f 1088/3245 1087/3246 1086/3247
f 1088/3245 1086/3247 1085/3248
f 1081/3249 1085/3250 1086/3251
f 1081/3249 1086/3251 1082/3252
f 1082/3253 1086/3254 1087/3255
f 1082/3253 1087/3255 1083/3256
f 1083/3257 1087/3258 1088/3259
f 1083/3257 1088/3259 1084/3260
f 1084/3261 1088/3262 1085/3263
f 1084/3261 1085/3263 1081/3264
g cell_r_4_swarm
f 1089/3265 1092/3266 1091/3267
f 1089/3265 1091/3267 1090/3268
f 1093/3269 1094/3270 1095/3271
f 1093/3269 1095/3271 1096/3272
f 1089/3273 1093/3274 1096/3275
f 1089/3273 1096/3275 1092/3276
f 1090/3277 1091/3278 1095/3279
f 1090/3277 1095/3279 1094/3280
f 1092/3281 1096/3282 1095/3283
f 1092/3281 1095/3283 1091/3284
f 1089/3285 1090/3286 1094/3287
f 1089/3285 1094/3287 1093/3288
f 1097/3289 1100/3290 1099/3291
f 1097/3289 1099/3291 1098/3292
f 1101/3293 1102/3294 1103/3295
f 1101/3293 1103/3295 1104/3296
f 1097/3297 1101/3298 1104/3299
f 1097/3297 1104/3299 1100/3300
f 1098/3301 1099/3302 1103/3303
f 1098/3301 1103/3303 1102/3304
f 1100/3305 1104/3306 1103/3307
f 1100/3305 1103/3307 1099/3308
f 1097/3309 1098/3310 1102/3311
f 1097/3309 1102/3311 1101/3312
f 1105/3313 1108/3314 1107/3315
f 1105/3313 1107/3315 1106/3316
f 1109/3317 1110/3318 1111/3319
f 1109/3317 1111/3319 1112/3320
f 1106/3325 1107/3326 1111/3327
f 1106/3325 1111/3327 1110/3328
f 1108/3329 1112/3330 1111/3331
f 1108/3329 1111/3331 1107/3332
f 1105/3333 1106/3334 1110/3335
f 1105/3333 1110/3335 1109/3336
f 1113/3337 1116/3338 1115/3339
f 1113/3337 1115/3339 1114/3340
f 1117/3341 1118/3342 1119/3343
f 1117/3341 1119/3343 1120/3344
f 1113/3345 1117/3346 1120/3347
f 1113/3345 1120/3347 1116/3348
f 1114/3349 1115/3350 1119/3351
f 1114/3349 1119/3351 1118/3352
f 1116/3353 1120/3354 1119/3355
f 1116/3353 1119/3355 1115/3356
f 1113/3357 1114/3358 1118/3359
f 1113/3357 1118/3359 1117/3360
g cell_r_5_lid
f 1181/3541 1182/3542 1183/3543
f 1181/3541 1183/3543 1184/3544
f 1188/3545 1187/3546 1186/3547
f 1188/3545 1186/3547 1185/3548
f 1181/3549 1185/3550 1186/3551
f 1181/3549 1186/3551 1182/3552
f 1182/3553 1186/3554 1187/3555
f 1182/3553 1187/3555 1183/3556
f 1183/3557 1187/3558 1188/3559
f 1183/3557 1188/3559 1184/3560
f 1184/3561 1188/3562 1185/3563
f 1184/3561 1185/3563 1181/3564
g cell_r_5_swarm
f 1189/3565 1192/3566 1191/3567
f 1189/3565 1191/3567 1190/3568
f 1193/3569 1194/3570 1195/3571
f 1193/3569 1195/3571 1196/3572
f 1189/3573 1193/3574 1196/3575
f 1189/3573 1196/3575 1192/3576
f 1190/3577 1191/3578 1195/3579
f 1190/3577 1195/3579 1194/3580
f 1192/3581 1196/3582 1195/3583
f 1192/3581 1195/3583 1191/3584
f 1189/3585 1190/3586 1194/3587
f 1189/3585 1194/3587 1193/3588
f 1197/3589 1200/3590 1199/3591
f 1197/3589 1199/3591 1198/3592
f 1201/3593 1202/3594 1203/3595
f 1201/3593 1203/3595 1204/3596
f 1197/3597 1201/3598 1204/3599
f 1197/3597 1204/3599 1200/3600
f 1198/3601 1199/3602 1203/3603
f 1198/3601 1203/3603 1202/3604
f 1200/3605 1204/3606 1203/3607
f 1200/3605 1203/3607 1199/3608
f 1197/3609 1198/3610 1202/3611
f 1197/3609 1202/3611 1201/3612
f 1205/3613 1208/3614 1207/3615
f 1205/3613 1207/3615 1206/3616
f 1209/3617 1210/3618 1211/3619
f 1209/3617 1211/3619 1212/3620
f 1206/3625 1207/3626 1211/3627
f 1206/3625 1211/3627 1210/3628
f 1208/3629 1212/3630 1211/3631
f 1208/3629 1211/3631 1207/3632
f 1205/3633 1206/3634 1210/3635
f 1205/3633 1210/3635 1209/3636
f 1213/3637 1216/3638 1215/3639
f 1213/3637 1215/3639 1214/3640
f 1217/3641 1218/3642 1219/3643
f 1217/3641 1219/3643 1220/3644
f 1213/3645 1217/3646 1220/3647
f 1213/3645 1220/3647 1216/3648
f 1214/3649 1215/3650 1219/3651
f 1214/3649 1219/3651 1218/3652
f 1216/3653 1220/3654 1219/3655
f 1216/3653 1219/3655 1215/3656
f 1213/3657 1214/3658 1218/3659
f 1213/3657 1218/3659 1217/3660
g cell_r_6_lid
f 1281/3841 1282/3842 1283/3843
f 1281/3841 1283/3843 1284/3844
f 1288/3845 1287/3846 1286/3847
f 1288/3845 1286/3847 1285/3848
f 1281/3849 1285/3850 1286/3851
f 1281/3849 1286/3851 1282/3852
f 1282/3853 1286/3854 1287/3855
f 1282/3853 1287/3855 1283/3856
f 1283/3857 1287/3858 1288/3859
f 1283/3857 1288/3859 1284/3860
f 1284/3861 1288/3862 1285/3863
f 1284/3861 1285/3863 1281/3864
g cell_r_6_swarm
f 1289/3865 1292/3866 1291/3867
f 1289/3865 1291/3867 1290/3868
f 1293/3869 1294/3870 1295/3871
f 1293/3869 1295/3871 1296/3872
f 1289/3873 1293/3874 1296/3875
f 1289/3873 1296/3875 1292/3876
f 1290/3877 1291/3878 1295/3879
f 1290/3877 1295/3879 1294/3880
f 1292/3881 1296/3882 1295/3883
f 1292/3881 1295/3883 1291/3884
f 1289/3885 1290/3886 1294/3887
f 1289/3885 1294/3887 1293/3888
f 1297/3889 1300/3890 1299/3891
f 1297/3889 1299/3891 1298/3892
f 1301/3893 1302/3894 1303/3895
f 1301/3893 1303/3895 1304/3896
f 1297/3897 1301/3898 1304/3899
f 1297/3897 1304/3899 1300/3900
f 1298/3901 1299/3902 1303/3903
f 1298/3901 1303/3903 1302/3904
f 1300/3905 1304/3906 1303/3907
f 1300/3905 1303/3907 1299/3908
f 1297/3909 1298/3910 1302/3911
f 1297/3909 1302/3911 1301/3912
f 1305/3913 1308/3914 1307/3915
f 1305/3913 1307/3915 1306/3916
f 1309/3917 1310/3918 1311/3919
f 1309/3917 1311/3919 1312/3920
f 1306/3925 1307/3926 1311/3927
f 1306/3925 1311/3927 1310/3928
f 1308/3929 1312/3930 1311/3931
f 1308/3929 1311/3931 1307/3932
f 1305/3933 1306/3934 1310/3935
f 1305/3933 1310/3935 1309/3936
f 1313/3937 1316/3938 1315/3939
f 1313/3937 1315/3939 1314/3940
f 1317/3941 1318/3942 1319/3943
f 1317/3941 1319/3943 1320/3944
f 1313/3945 1317/3946 1320/3947
f 1313/3945 1320/3947 1316/3948
f 1314/3949 1315/3950 1319/3951
f 1314/3949 1319/3951 1318/3952
f 1316/3953 1320/3954 1319/3955
f 1316/3953 1319/3955 1315/3956
f 1313/3957 1314/3958 1318/3959
f 1313/3957 1318/3959 1317/3960
g cell_r_7_lid
f 1381/4141 1382/4142 1383/4143
f 1381/4141 1383/4143 1384/4144
f 1388/4145 1387/4146 1386/4147
f 1388/4145 1386/4147 1385/4148
f 1381/4149 1385/4150 1386/4151
f 1381/4149 1386/4151 1382/4152
f 1382/4153 1386/4154 1387/4155
f 1382/4153 1387/4155 1383/4156
f 1383/4157 1387/4158 1388/4159
f 1383/4157 1388/4159 1384/4160
f 1384/4161 1388/4162 1385/4163
f 1384/4161 1385/4163 1381/4164
g cell_r_7_swarm
f 1389/4165 1392/4166 1391/4167
f 1389/4165 1391/4167 1390/4168
f 1393/4169 1394/4170 1395/4171
f 1393/4169 1395/4171 1396/4172
f 1389/4173 1393/4174 1396/4175
f 1389/4173 1396/4175 1392/4176
f 1390/4177 1391/4178 1395/4179
f 1390/4177 1395/4179 1394/4180
f 1392/4181 1396/4182 1395/4183
f 1392/4181 1395/4183 1391/4184
f 1389/4185 1390/4186 1394/4187
f 1389/4185 1394/4187 1393/4188
f 1397/4189 1400/4190 1399/4191
f 1397/4189 1399/4191 1398/4192
f 1401/4193 1402/4194 1403/4195
f 1401/4193 1403/4195 1404/4196
f 1397/4197 1401/4198 1404/4199
f 1397/4197 1404/4199 1400/4200
f 1398/4201 1399/4202 1403/4203
f 1398/4201 1403/4203 1402/4204
f 1400/4205 1404/4206 1403/4207
f 1400/4205 1403/4207 1399/4208
f 1397/4209 1398/4210 1402/4211
f 1397/4209 1402/4211 1401/4212
f 1405/4213 1408/4214 1407/4215
f 1405/4213 1407/4215 1406/4216
f 1409/4217 1410/4218 1411/4219
f 1409/4217 1411/4219 1412/4220
f 1406/4225 1407/4226 1411/4227
f 1406/4225 1411/4227 1410/4228
f 1408/4229 1412/4230 1411/4231
f 1408/4229 1411/4231 1407/4232
f 1405/4233 1406/4234 1410/4235
f 1405/4233 1410/4235 1409/4236
f 1413/4237 1416/4238 1415/4239
f 1413/4237 1415/4239 1414/4240
f 1417/4241 1418/4242 1419/4243
f 1417/4241 1419/4243 1420/4244
f 1413/4245 1417/4246 1420/4247
f 1413/4245 1420/4247 1416/4248
f 1414/4249 1415/4250 1419/4251
f 1414/4249 1419/4251 1418/4252
f 1416/4253 1420/4254 1419/4255
f 1416/4253 1419/4255 1415/4256
f 1413/4257 1414/4258 1418/4259
f 1413/4257 1418/4259 1417/4260
g cell_l_1_lid
f 1481/4441 1482/4442 1483/4443
f 1481/4441 1483/4443 1484/4444
f 1488/4445 1487/4446 1486/4447
f 1488/4445 1486/4447 1485/4448
f 1481/4449 1485/4450 1486/4451
f 1481/4449 1486/4451 1482/4452
f 1482/4453 1486/4454 1487/4455
f 1482/4453 1487/4455 1483/4456
f 1483/4457 1487/4458 1488/4459
f 1483/4457 1488/4459 1484/4460
f 1484/4461 1488/4462 1485/4463
f 1484/4461 1485/4463 1481/4464
g cell_l_1_swarm
f 1489/4465 1492/4466 1491/4467
f 1489/4465 1491/4467 1490/4468
f 1493/4469 1494/4470 1495/4471
f 1493/4469 1495/4471 1496/4472
f 1489/4473 1493/4474 1496/4475
f 1489/4473 1496/4475 1492/4476
f 1490/4477 1491/4478 1495/4479
f 1490/4477 1495/4479 1494/4480
f 1492/4481 1496/4482 1495/4483
f 1492/4481 1495/4483 1491/4484
f 1489/4485 1490/4486 1494/4487
f 1489/4485 1494/4487 1493/4488
f 1497/4489 1500/4490 1499/4491
f 1497/4489 1499/4491 1498/4492
f 1501/4493 1502/4494 1503/4495
f 1501/4493 1503/4495 1504/4496
f 1497/4497 1501/4498 1504/4499
f 1497/4497 1504/4499 1500/4500
f 1498/4501 1499/4502 1503/4503
f 1498/4501 1503/4503 1502/4504
f 1500/4505 1504/4506 1503/4507
f 1500/4505 1503/4507 1499/4508
f 1497/4509 1498/4510 1502/4511
f 1497/4509 1502/4511 1501/4512
f 1505/4513 1508/4514 1507/4515
f 1505/4513 1507/4515 1506/4516
f 1509/4517 1510/4518 1511/4519
f 1509/4517 1511/4519 1512/4520
f 1505/4521 1509/4522 1512/4523
f 1505/4521 1512/4523 1508/4524
f 1508/4529 1512/4530 1511/4531
f 1508/4529 1511/4531 1507/4532
f 1505/4533 1506/4534 1510/4535
f 1505/4533 1510/4535 1509/4536
f 1513/4537 1516/4538 1515/4539
f 1513/4537 1515/4539 1514/4540
f 1517/4541 1518/4542 1519/4543
f 1517/4541 1519/4543 1520/4544
f 1513/4545 1517/4546 1520/4547
f 1513/4545 1520/4547 1516/4548
f 1514/4549 1515/4550 1519/4551
f 1514/4549 1519/4551 1518/4552
f 1516/4553 1520/4554 1519/4555
f 1516/4553 1519/4555 1515/4556
f 1513/4557 1514/4558 1518/4559
f 1513/4557 1518/4559 1517/4560
g cell_l_2_lid
f 1581/4741 1582/4742 1583/4743
f 1581/4741 1583/4743 1584/4744
f 1588/4745 1587/4746 1586/4747
f 1588/4745 1586/4747 1585/4748
f 1581/4749 1585/4750 1586/4751
f 1581/4749 1586/4751 1582/4752
f 1582/4753 1586/4754 1587/4755
f 1582/4753 1587/4755 1583/4756
f 1583/4757 1587/4758 1588/4759
f 1583/4757 1588/4759 1584/4760
f 1584/4761 1588/4762 1585/4763
f 1584/4761 1585/4763 1581/4764
g cell_l_2_swarm
f 1589/4765 1592/4766 1591/4767
f 1589/4765 1591/4767 1590/4768
f 1593/4769 1594/4770 1595/4771
f 1593/4769 1595/4771 1596/4772
f 1589/4773 1593/4774 1596/4775
f 1589/4773 1596/4775 1592/4776
f 1590/4777 1591/4778 1595/4779
f 1590/4777 1595/4779 1594/4780
f 1592/4781 1596/4782 1595/4783
f 1592/4781 1595/4783 1591/4784
f 1589/4785 1590/4786 1594/4787
f 1589/4785 1594/4787 1593/4788
f 1597/4789 1600/4790 1599/4791
f 1597/4789 1599/4791 1598/4792
f 1601/4793 1602/4794 1603/4795
f 1601/4793 1603/4795 1604/4796
f 1597/4797 1601/4798 1604/4799
f 1597/4797 1604/4799 1600/4800
f 1598/4801 1599/4802 1603/4803
f 1598/4801 1603/4803 1602/4804
f 1600/4805 1604/4806 1603/4807
f 1600/4805 1603/4807 1599/4808
f 1597/4809 1598/4810 1602/4811
f 1597/4809 1602/4811 1601/4812
f 1605/4813 1608/4814 1607/4815
f 1605/4813 1607/4815 1606/4816
f 1609/4817 1610/4818 1611/4819
f 1609/4817 1611/4819 1612/4820
f 1605/4821 1609/4822 1612/4823
f 1605/4821 1612/4823 1608/4824
f 1608/4829 1612/4830 1611/4831
f 1608/4829 1611/4831 1607/4832
f 1605/4833 1606/4834 1610/4835
f 1605/4833 1610/4835 1609/4836
f 1613/4837 1616/4838 1615/4839
f 1613/4837 1615/4839 1614/4840
f 1617/4841 1618/4842 1619/4843
f 1617/4841 1619/4843 1620/4844
f 1613/4845 1617/4846 1620/4847
f 1613/4845 1620/4847 1616/4848
f 1614/4849 1615/4850 1619/4851
f 1614/4849 1619/4851 1618/4852
f 1616/4853 1620/4854 1619/4855
f 1616/4853 1619/4855 1615/4856
f 1613/4857 1614/4858 1618/4859
f 1613/4857 1618/4859 1617/4860
g cell_l_3_lid
f 1681/5041 1682/5042 1683/5043
f 1681/5041 1683/5043 1684/5044
f 1688/5045 1687/5046 1686/5047
f 1688/5045 1686/5047 1685/5048
f 1681/5049 1685/5050 1686/5051
f 1681/5049 1686/5051 1682/5052
f 1682/5053 1686/5054 1687/5055
f 1682/5053 1687/5055 1683/5056
f 1683/5057 1687/5058 1688/5059
f 1683/5057 1688/5059 1684/5060
f 1684/5061 1688/5062 1685/5063
f 1684/5061 1685/5063 1681/5064
g cell_l_3_swarm
f 1689/5065 1692/5066 1691/5067
f 1689/5065 1691/5067 1690/5068
f 1693/5069 1694/5070 1695/5071
f 1693/5069 1695/5071 1696/5072
f 1689/5073 1693/5074 1696/5075
f 1689/5073 1696/5075 1692/5076
f 1690/5077 1691/5078 1695/5079
f 1690/5077 1695/5079 1694/5080
f 1692/5081 1696/5082 1695/5083
f 1692/5081 1695/5083 1691/5084
f 1689/5085 1690/5086 1694/5087
f 1689/5085 1694/5087 1693/5088
f 1697/5089 1700/5090 1699/5091
f 1697/5089 1699/5091 1698/5092
f 1701/5093 1702/5094 1703/5095
f 1701/5093 1703/5095 1704/5096
f 1697/5097 1701/5098 1704/5099
f 1697/5097 1704/5099 1700/5100
f 1698/5101 1699/5102 1703/5103
f 1698/5101 1703/5103 1702/5104
f 1700/5105 1704/5106 1703/5107
f 1700/5105 1703/5107 1699/5108
f 1697/5109 1698/5110 1702/5111
f 1697/5109 1702/5111 1701/5112
f 1705/5113 1708/5114 1707/5115
f 1705/5113 1707/5115 1706/5116
f 1709/5117 1710/5118 1711/5119
f 1709/5117 1711/5119 1712/5120
f 1705/5121 1709/5122 1712/5123
f 1705/5121 1712/5123 1708/5124
f 1708/5129 1712/5130 1711/5131
f 1708/5129 1711/5131 1707/5132
f 1705/5133 1706/5134 1710/5135
f 1705/5133 1710/5135 1709/5136
f 1713/5137 1716/5138 1715/5139
f 1713/5137 1715/5139 1714/5140
f 1717/5141 1718/5142 1719/5143
f 1717/5141 1719/5143 1720/5144
f 1713/5145 1717/5146 1720/5147
f 1713/5145 1720/5147 1716/5148
f 1714/5149 1715/5150 1719/5151
f 1714/5149 1719/5151 1718/5152
f 1716/5153 1720/5154 1719/5155
f 1716/5153 1719/5155 1715/5156
f 1713/5157 1714/5158 1718/5159
f 1713/5157 1718/5159 1717/5160
g cell_l_4_lid
f 1781/5341 1782/5342 1783/5343
f 1781/5341 1783/5343 1784/5344
f 1788/5345 1787/5346 1786/5347
f 1788/5345 1786/5347 1785/5348
f 1781/5349 1785/5350 1786/5351
f 1781/5349 1786/5351 1782/5352
f 1782/5353 1786/5354 1787/5355
f 1782/5353 1787/5355 1783/5356
f 1783/5357 1787/5358 1788/5359
f 1783/5357 1788/5359 1784/5360
f 1784/5361 1788/5362 1785/5363
f 1784/5361 1785/5363 1781/5364
g cell_l_4_swarm
f 1789/5365 1792/5366 1791/5367
f 1789/5365 1791/5367 1790/5368
f 1793/5369 1794/5370 1795/5371
f 1793/5369 1795/5371 1796/5372
f 1789/5373 1793/5374 1796/5375
f 1789/5373 1796/5375 1792/5376
f 1790/5377 1791/5378 1795/5379
f 1790/5377 1795/5379 1794/5380
f 1792/5381 1796/5382 1795/5383
f 1792/5381 1795/5383 1791/5384
f 1789/5385 1790/5386 1794/5387
f 1789/5385 1794/5387 1793/5388
f 1797/5389 1800/5390 1799/5391
f 1797/5389 1799/5391 1798/5392
f 1801/5393 1802/5394 1803/5395
f 1801/5393 1803/5395 1804/5396
f 1797/5397 1801/5398 1804/5399
f 1797/5397 1804/5399 1800/5400
f 1798/5401 1799/5402 1803/5403
f 1798/5401 1803/5403 1802/5404
f 1800/5405 1804/5406 1803/5407
f 1800/5405 1803/5407 1799/5408
f 1797/5409 1798/5410 1802/5411
f 1797/5409 1802/5411 1801/5412
f 1805/5413 1808/5414 1807/5415
f 1805/5413 1807/5415 1806/5416
f 1809/5417 1810/5418 1811/5419
f 1809/5417 1811/5419 1812/5420
f 1805/5421 1809/5422 1812/5423
f 1805/5421 1812/5423 1808/5424
f 1808/5429 1812/5430 1811/5431
f 1808/5429 1811/5431 1807/5432
f 1805/5433 1806/5434 1810/5435
f 1805/5433 1810/5435 1809/5436
f 1813/5437 1816/5438 1815/5439
f 1813/5437 1815/5439 1814/5440
f 1817/5441 1818/5442 1819/5443
f 1817/5441 1819/5443 1820/5444
f 1813/5445 1817/5446 1820/5447
f 1813/5445 1820/5447 1816/5448
f 1814/5449 1815/5450 1819/5451
f 1814/5449 1819/5451 1818/5452
f 1816/5453 1820/5454 1819/5455
f 1816/5453 1819/5455 1815/5456
f 1813/5457 1814/5458 1818/5459
f 1813/5457 1818/5459 1817/5460
g cell_l_5_lid
f 1881/5641 1882/5642 1883/5643
f 1881/5641 1883/5643 1884/5644
f 1888/5645 1887/5646 1886/5647
f 1888/5645 1886/5647 1885/5648
f 1881/5649 1885/5650 1886/5651
f 1881/5649 1886/5651 1882/5652
f 1882/5653 1886/5654 1887/5655
f 1882/5653 1887/5655 1883/5656
f 1883/5657 1887/5658 1888/5659
f 1883/5657 1888/5659 1884/5660
f 1884/5661 1888/5662 1885/5663
f 1884/5661 1885/5663 1881/5664
g cell_l_5_swarm
f 1889/5665 1892/5666 1891/5667
f 1889/5665 1891/5667 1890/5668
f 1893/5669 1894/5670 1895/5671
f 1893/5669 1895/5671 1896/5672
f 1889/5673 1893/5674 1896/5675
f 1889/5673 1896/5675 1892/5676
f 1890/5677 1891/5678 1895/5679
f 1890/5677 1895/5679 1894/5680
f 1892/5681 1896/5682 1895/5683
f 1892/5681 1895/5683 1891/5684
f 1889/5685 1890/5686 1894/5687
f 1889/5685 1894/5687 1893/5688
f 1897/5689 1900/5690 1899/5691
f 1897/5689 1899/5691 1898/5692
f 1901/5693 1902/5694 1903/5695
f 1901/5693 1903/5695 1904/5696
f 1897/5697 1901/5698 1904/5699
f 1897/5697 1904/5699 1900/5700
f 1898/5701 1899/5702 1903/5703
f 1898/5701 1903/5703 1902/5704
f 1900/5705 1904/5706 1903/5707
f 1900/5705 1903/5707 1899/5708
f 1897/5709 1898/5710 1902/5711
f 1897/5709 1902/5711 1901/5712
f 1905/5713 1908/5714 1907/5715
f 1905/5713 1907/5715 1906/5716
f 1909/5717 1910/5718 1911/5719
f 1909/5717 1911/5719 1912/5720
f 1905/5721 1909/5722 1912/5723
f 1905/5721 1912/5723 1908/5724
f 1908/5729 1912/5730 1911/5731
f 1908/5729 1911/5731 1907/5732
f 1905/5733 1906/5734 1910/5735
f 1905/5733 1910/5735 1909/5736
f 1913/5737 1916/5738 1915/5739
f 1913/5737 1915/5739 1914/5740
f 1917/5741 1918/5742 1919/5743
f 1917/5741 1919/5743 1920/5744
f 1913/5745 1917/5746 1920/5747
f 1913/5745 1920/5747 1916/5748
f 1914/5749 1915/5750 1919/5751
f 1914/5749 1919/5751 1918/5752
f 1916/5753 1920/5754 1919/5755
f 1916/5753 1919/5755 1915/5756
f 1913/5757 1914/5758 1918/5759
f 1913/5757 1918/5759 1917/5760
g cell_l_6_lid
f 1981/5941 1982/5942 1983/5943
f 1981/5941 1983/5943 1984/5944
f 1988/5945 1987/5946 1986/5947
f 1988/5945 1986/5947 1985/5948
f 1981/5949 1985/5950 1986/5951
f 1981/5949 1986/5951 1982/5952
f 1982/5953 1986/5954 1987/5955
f 1982/5953 1987/5955 1983/5956
f 1983/5957 1987/5958 1988/5959
f 1983/5957 1988/5959 1984/5960
f 1984/5961 1988/5962 1985/5963
f 1984/5961 1985/5963 1981/5964
g cell_l_6_swarm
f 1989/5965 1992/5966 1991/5967
f 1989/5965 1991/5967 1990/5968
f 1993/5969 1994/5970 1995/5971
f 1993/5969 1995/5971 1996/5972
f 1989/5973 1993/5974 1996/5975
f 1989/5973 1996/5975 1992/5976
f 1990/5977 1991/5978 1995/5979
f 1990/5977 1995/5979 1994/5980
f 1992/5981 1996/5982 1995/5983
f 1992/5981 1995/5983 1991/5984
f 1989/5985 1990/5986 1994/5987
f 1989/5985 1994/5987 1993/5988
f 1997/5989 2000/5990 1999/5991
f 1997/5989 1999/5991 1998/5992
f 2001/5993 2002/5994 2003/5995
f 2001/5993 2003/5995 2004/5996
f 1997/5997 2001/5998 2004/5999
f 1997/5997 2004/5999 2000/6000
f 1998/6001 1999/6002 2003/6003
f 1998/6001 2003/6003 2002/6004
f 2000/6005 2004/6006 2003/6007
f 2000/6005 2003/6007 1999/6008
f 1997/6009 1998/6010 2002/6011
f 1997/6009 2002/6011 2001/6012
f 2005/6013 2008/6014 2007/6015
f 2005/6013 2007/6015 2006/6016
f 2009/6017 2010/6018 2011/6019
f 2009/6017 2011/6019 2012/6020
f 2005/6021 2009/6022 2012/6023
f 2005/6021 2012/6023 2008/6024
f 2008/6029 2012/6030 2011/6031
f 2008/6029 2011/6031 2007/6032
f 2005/6033 2006/6034 2010/6035
f 2005/6033 2010/6035 2009/6036
f 2013/6037 2016/6038 2015/6039
f 2013/6037 2015/6039 2014/6040
f 2017/6041 2018/6042 2019/6043
f 2017/6041 2019/6043 2020/6044
f 2013/6045 2017/6046 2020/6047
f 2013/6045 2020/6047 2016/6048
f 2014/6049 2015/6050 2019/6051
f 2014/6049 2019/6051 2018/6052
f 2016/6053 2020/6054 2019/6055
f 2016/6053 2019/6055 2015/6056
f 2013/6057 2014/6058 2018/6059
f 2013/6057 2018/6059 2017/6060
g cell_l_7_lid
f 2081/6241 2082/6242 2083/6243
f 2081/6241 2083/6243 2084/6244
f 2088/6245 2087/6246 2086/6247
f 2088/6245 2086/6247 2085/6248
f 2081/6249 2085/6250 2086/6251
f 2081/6249 2086/6251 2082/6252
f 2082/6253 2086/6254 2087/6255
f 2082/6253 2087/6255 2083/6256
f 2083/6257 2087/6258 2088/6259
f 2083/6257 2088/6259 2084/6260
f 2084/6261 2088/6262 2085/6263
f 2084/6261 2085/6263 2081/6264
g cell_l_7_swarm
f 2089/6265 2092/6266 2091/6267
f 2089/6265 2091/6267 2090/6268
f 2093/6269 2094/6270 2095/6271
f 2093/6269 2095/6271 2096/6272
f 2089/6273 2093/6274 2096/6275
f 2089/6273 2096/6275 2092/6276
f 2090/6277 2091/6278 2095/6279
f 2090/6277 2095/6279 2094/6280
f 2092/6281 2096/6282 2095/6283
f 2092/6281 2095/6283 2091/6284
f 2089/6285 2090/6286 2094/6287
f 2089/6285 2094/6287 2093/6288
f 2097/6289 2100/6290 2099/6291
f 2097/6289 2099/6291 2098/6292
f 2101/6293 2102/6294 2103/6295
f 2101/6293 2103/6295 2104/6296
f 2097/6297 2101/6298 2104/6299
f 2097/6297 2104/6299 2100/6300
f 2098/6301 2099/6302 2103/6303
f 2098/6301 2103/6303 2102/6304
f 2100/6305 2104/6306 2103/6307
f 2100/6305 2103/6307 2099/6308
f 2097/6309 2098/6310 2102/6311
f 2097/6309 2102/6311 2101/6312
f 2105/6313 2108/6314 2107/6315
f 2105/6313 2107/6315 2106/6316
f 2109/6317 2110/6318 2111/6319
f 2109/6317 2111/6319 2112/6320
f 2105/6321 2109/6322 2112/6323
f 2105/6321 2112/6323 2108/6324
f 2108/6329 2112/6330 2111/6331
f 2108/6329 2111/6331 2107/6332
f 2105/6333 2106/6334 2110/6335
f 2105/6333 2110/6335 2109/6336
f 2113/6337 2116/6338 2115/6339
f 2113/6337 2115/6339 2114/6340
f 2117/6341 2118/6342 2119/6343
f 2117/6341 2119/6343 2120/6344
f 2113/6345 2117/6346 2120/6347
f 2113/6345 2120/6347 2116/6348
f 2114/6349 2115/6350 2119/6351
f 2114/6349 2119/6351 2118/6352
f 2116/6353 2120/6354 2119/6355
f 2116/6353 2119/6355 2115/6356
f 2113/6357 2114/6358 2118/6359
f 2113/6357 2118/6359 2117/6360
g cell_r_1_swarm__glow
f 805/2421 809/2422 812/2423
f 805/2421 812/2423 808/2424
g cell_r_2_swarm__glow
f 905/2721 909/2722 912/2723
f 905/2721 912/2723 908/2724
g cell_r_3_swarm__glow
f 1005/3021 1009/3022 1012/3023
f 1005/3021 1012/3023 1008/3024
g cell_r_4_swarm__glow
f 1105/3321 1109/3322 1112/3323
f 1105/3321 1112/3323 1108/3324
g cell_r_5_swarm__glow
f 1205/3621 1209/3622 1212/3623
f 1205/3621 1212/3623 1208/3624
g cell_r_6_swarm__glow
f 1305/3921 1309/3922 1312/3923
f 1305/3921 1312/3923 1308/3924
g cell_r_7_swarm__glow
f 1405/4221 1409/4222 1412/4223
f 1405/4221 1412/4223 1408/4224
g cell_l_1_swarm__glow
f 1506/4525 1507/4526 1511/4527
f 1506/4525 1511/4527 1510/4528
g cell_l_2_swarm__glow
f 1606/4825 1607/4826 1611/4827
f 1606/4825 1611/4827 1610/4828
g cell_l_3_swarm__glow
f 1706/5125 1707/5126 1711/5127
f 1706/5125 1711/5127 1710/5128
g cell_l_4_swarm__glow
f 1806/5425 1807/5426 1811/5427
f 1806/5425 1811/5427 1810/5428
g cell_l_5_swarm__glow
f 1906/5725 1907/5726 1911/5727
f 1906/5725 1911/5727 1910/5728
g cell_l_6_swarm__glow
f 2006/6025 2007/6026 2011/6027
f 2006/6025 2011/6027 2010/6028
g cell_l_7_swarm__glow
f 2106/6325 2107/6326 2111/6327
f 2106/6325 2111/6327 2110/6328
