# Derived only from current portable barrel; unchanged vertex literals, dedicated D6 heat UV.
g barrel
v -0.1206875 -0.0746876 0.0703125
v -0.0391353 0.2217638 0.2499999
v -0.0475625 -0.2231251 0.2968751
v -0.1206875 -0.1106250 0.1062499
v 0.0385104 0.2217638 0.2499999
v -0.0475625 -0.2512500 0.3250000
v -0.0003125 0.2456249 0.7656250
v 0.1057535 0.1829410 0.2499999
v -0.0678125 -0.2231251 0.3250000
v -0.1465625 -0.0746876 0.1062499
v -0.0475625 -0.2512500 0.4093750
v 0.1445764 0.1156978 0.2499999
v -0.0475625 -0.2231251 0.4375001
v 0.1445764 0.0380521 0.2499999
v 0.0604375 0.2230167 0.7656250
v -0.1206875 -0.1106250 0.4484375
v 0.1057535 -0.0291911 0.2499999
v -0.0678125 -0.2231251 0.4093750
v -0.0936875 -0.0793751 0.5750000
v 0.0385103 -0.0680140 0.2499999
v 0.1049096 0.1612499 0.7656250
v -0.1206875 -0.0746876 0.4843749
v -0.0936875 -0.0450000 0.6093751
v -0.0391354 -0.0680140 0.2499999
v 0.1211875 0.0768749 0.5468750
v 0.1211875 0.0768749 0.7656250
v -0.1063785 -0.0291911 0.2499999
v 0.0469375 -0.2231251 0.2968751
v -0.1452013 0.0380521 0.2499999
v -0.1184376 -0.0450000 0.5750000
v -0.1465625 -0.0746876 0.4484375
v 0.0671876 -0.2231251 0.3250000
v -0.1452013 0.1156978 0.2499999
v 0.0469375 -0.2512500 0.3250000
v -0.1063785 0.1829410 0.2499999
v -0.1206875 0.2284375 0.0703125
v 0.1049096 -0.0075001 0.7656250
v 0.0469375 -0.2231251 0.4375001
v -0.1465625 0.2284375 0.1062499
v 0.0469375 -0.2512500 0.4093750
v 0.0671876 -0.2231251 0.4093750
v 0.0604375 -0.0692669 0.7656250
v -0.1206875 0.2284375 0.4843749
v -0.0003125 -0.0918750 0.5468750
v -0.0936875 0.2143750 0.6093751
v -0.0003125 -0.0918750 0.7656250
v -0.0936875 0.2487500 0.5750000
v -0.0610625 -0.0692669 0.7656250
v -0.1184376 0.2143750 0.5750000
v -0.1465625 0.2284375 0.4484375
v -0.1055346 -0.0075001 0.7656250
v -0.1218125 0.0768749 0.5468750
v 0.1200625 -0.0746876 0.0703125
v 0.1459375 -0.0746876 0.1062499
v -0.1218125 0.0768749 0.7656250
v 0.1200625 -0.1106250 0.1062499
v 0.0930625 -0.0450000 0.6093751
v -0.1055346 0.1612499 0.7656250
v 0.1200625 -0.0746876 0.4843749
v 0.1200625 -0.1106250 0.4484375
v -0.0610625 0.2230167 0.7656250
v 0.0930625 -0.0793751 0.5750000
v 0.1178125 -0.0450000 0.5750000
v 0.1459375 -0.0746876 0.4484375
v 0.1200625 0.2284375 0.0703125
v 0.1459375 0.2284375 0.1062499
v 0.1200625 0.2284375 0.4843749
v 0.0930625 0.2143750 0.6093751
v 0.1178125 0.2143750 0.5750000
v 0.1459375 0.2284375 0.4484375
v 0.0930625 0.2487500 0.5750000
v -0.1184376 -0.0450000 0.4843749
v -0.1184376 0.2143750 0.4843749
v 0.1076875 0.2284375 0.4843749
v -0.1083125 0.2284375 0.4843749
v -0.0970624 -0.0746876 0.4843749
v 0.1178125 -0.0450000 0.4843749
v 0.1178125 0.2143750 0.4843749
v 0.0964375 -0.0746876 0.4843749
v 0.0930625 0.2487500 0.4640624
v -0.0936875 0.2487500 0.4640624
v -0.0936875 -0.0793751 0.4796875
v 0.0930625 -0.0793751 0.4796875
v -0.0339010 -0.0793751 0.5468750
v -0.0339010 -0.0793751 0.5750000
v 0.0332761 -0.0793751 0.5468750
v 0.0332761 -0.0793751 0.5750000
v 0.1178125 0.0593810 0.5750000
v 0.1178125 0.0593810 0.5468750
v 0.1178125 0.0943689 0.5468750
v 0.1178125 0.0943689 0.5750000
v -0.0936875 0.1777042 0.6093751
v -0.0936875 -0.0239544 0.6093751
v -0.0672845 0.2143750 0.6093751
v 0.0666596 0.2143750 0.6093751
v -0.0785346 -0.0450000 0.6093751
v 0.0779096 -0.0450000 0.6093751
v 0.0930625 -0.0239544 0.6093751
v 0.0930625 0.1777042 0.6093751
v -0.1184376 0.0593810 0.5468750
v -0.1184376 0.0593810 0.5750000
v -0.1184376 0.0943689 0.5750000
v -0.1184376 0.0943689 0.5468750
v -0.1055346 0.1612499 0.5929207
v -0.1055346 -0.0075001 0.5929207
v 0.0604375 0.2230167 0.6007333
v -0.0610625 0.2230167 0.6007333
v -0.0003125 0.2456249 0.5781250
v 0.1049096 -0.0075001 0.5929207
v 0.1049096 0.1612499 0.5929207
v -0.0610625 -0.0692669 0.5851083
v 0.0604375 -0.0692669 0.5851083
v -0.0678125 -0.1106250 0.4093750
v -0.0475625 -0.1106250 0.4375001
v 0.0671876 -0.1106250 0.3250000
v 0.0671876 -0.1106250 0.4093750
v 0.0469375 -0.1106250 0.2968751
v 0.0469375 -0.1106250 0.4375001
v -0.0678125 -0.1106250 0.3250000
v -0.0475625 -0.1106250 0.2968751
v -0.1319375 0.2487500 0.1062499
v -0.1206875 0.2487500 0.0906250
v -0.1319375 0.2487500 0.4484375
v -0.1206875 0.2487500 0.4640624
v 0.1313124 0.2487500 0.1062499
v 0.1200625 0.2487500 0.0906250
v 0.1313124 0.2487500 0.4484375
v 0.1200625 0.2487500 0.4640624
v -0.1319375 0.2487500 0.1927257
v -0.1319375 0.2487500 0.1152848
v -0.0307436 0.2487500 0.0906250
v -0.0541437 0.2487500 0.0906250
v 0.1313125 0.2487500 0.1927257
v 0.1313125 0.2487500 0.1152848
v -0.0936875 0.2487500 0.5000000
v -0.1319375 0.2487500 0.2522539
v 0.0641058 0.2487500 0.0906250
v 0.0535186 0.2487500 0.0906250
v -0.0647308 0.2487500 0.0906250
v 0.1146820 0.2487500 0.4640624
v -0.1153070 0.2487500 0.4640624
v 0.1313125 0.2487500 0.2522539
v 0.0930625 0.2487500 0.5000000
v 0.0325660 0.2487500 0.5000000
v -0.1206875 -0.0044072 0.0703125
v -0.1277275 0.0077866 0.0800903
v -0.1206875 0.1581571 0.0703125
v -0.1380032 0.1281653 0.0943620
v 0.1200625 -0.0044073 0.0703125
v 0.1200625 0.1581572 0.0703125
v 0.1271025 0.1459634 0.0800903
v 0.1373782 0.0255844 0.0943620
v -0.0914146 -0.0378305 0.0703125
v -0.1063785 -0.0291911 0.0703125
v -0.1063785 0.1829410 0.0703125
v -0.0391353 0.2217638 0.0703125
v 0.0907896 0.1915804 0.0703125
v 0.0385104 0.2217638 0.0703125
v -0.1452013 0.0380521 0.1043593
v -0.1452013 0.1156978 0.1043593
v 0.1445764 0.0380521 0.1043594
v 0.1445764 0.1156978 0.1043594
v 0.0385103 -0.0680140 0.0703125
v -0.0391354 -0.0680140 0.0703125
v 0.1057535 -0.0291911 0.0703125
v 0.1057535 0.1829410 0.0703125
v 0.0463270 0.1894729 0.1171875
v 0.1122853 0.1235145 0.1171875
v 0.1122853 0.0302355 0.1171875
v 0.0463270 -0.0357229 0.1171875
v -0.0469521 -0.0357229 0.1171875
v -0.1129103 0.0302355 0.1171875
v -0.1129103 0.1235145 0.1171875
v -0.0469521 0.1894729 0.1171875
v 0.0535023 0.2067956 0.0937500
v 0.1296081 0.1306899 0.0937500
v 0.1296081 0.0230601 0.0937500
v 0.0535023 -0.0530456 0.0937500
v -0.0541273 -0.0530456 0.0937500
v -0.1302331 0.0230601 0.0937500
v -0.1302331 0.1306899 0.0937500
v -0.0541273 0.2067956 0.0937500
v 0.0535023 0.2067956 0.0187500
v 0.1296081 0.1306899 0.0187500
v 0.1296081 0.0230601 0.0187500
v 0.0535023 -0.0530456 0.0187500
v -0.0541273 -0.0530456 0.0187500
v -0.1302331 0.0230601 0.0187500
v -0.1302331 0.1306899 0.0187500
v -0.0541273 0.2067956 0.0187500
v 0.0445332 0.1851422 -0.0031250
v 0.1079546 0.1217207 -0.0031250
v 0.1079546 0.0320293 -0.0031250
v 0.0445332 -0.0313921 -0.0031250
v -0.0451582 -0.0313921 -0.0031250
v -0.1085796 0.0320293 -0.0031250
v -0.1085796 0.1217207 -0.0031250
v -0.0451582 0.1851422 -0.0031250
v 0.0445332 0.1851422 -0.2062500
v 0.1079546 0.1217207 -0.2062500
v 0.1079546 0.0320293 -0.2062500
v 0.0445332 -0.0313921 -0.2062500
v -0.0451582 -0.0313921 -0.2062500
v -0.1085796 0.0320293 -0.2062500
v -0.1085796 0.1217207 -0.2062500
v -0.0451582 0.1851422 -0.2062500
v 0.0379559 0.1692629 -0.2343750
v 0.0920755 0.1151434 -0.2343750
v 0.0920755 0.0386067 -0.2343750
v 0.0379559 -0.0155130 -0.2343750
v -0.0385808 -0.0155130 -0.2343750
v -0.0927005 0.0386067 -0.2343750
v -0.0927005 0.1151434 -0.2343750
v -0.0385808 0.1692629 -0.2343750
v 0.0379559 0.1692629 -1.1171875
v 0.0920755 0.1151434 -1.1171875
v 0.0920755 0.0386067 -1.1171875
v 0.0379559 -0.0155130 -1.1171875
v -0.0385808 -0.0155130 -1.1171875
v -0.0927005 0.0386067 -1.1171875
v -0.0927005 0.1151434 -1.1171875
v -0.0385808 0.1692629 -1.1171875
v 0.0505126 0.1995778 -1.1390625
v 0.1223902 0.1277001 -1.1390625
v 0.1223902 0.0260499 -1.1390625
v 0.0505126 -0.0458278 -1.1390625
v -0.0511376 -0.0458278 -1.1390625
v -0.1230153 0.0260499 -1.1390625
v -0.1230153 0.1277001 -1.1390625
v -0.0511376 0.1995778 -1.1390625
v 0.0505126 0.1995778 -1.2062500
v 0.1223902 0.1277001 -1.2062500
v 0.1223902 0.0260499 -1.2062500
v 0.0505126 -0.0458278 -1.2062500
v -0.0511376 -0.0458278 -1.2062500
v -0.1230153 0.0260499 -1.2062500
v -0.1230153 0.1277001 -1.2062500
v -0.0511376 0.1995778 -1.2062500
v 0.0451312 0.1865856 -1.2187500
v 0.1093982 0.1223187 -1.2187500
v 0.1093982 0.0314313 -1.2187500
v 0.0451312 -0.0328358 -1.2187500
v -0.0457562 -0.0328358 -1.2187500
v -0.1100232 0.0314313 -1.2187500
v -0.1100232 0.1223187 -1.2187500
v -0.0457562 0.1865856 -1.2187500
v 0.0451312 0.1865856 -1.2593750
v 0.1093982 0.1223187 -1.2593750
v 0.1093982 0.0314313 -1.2593750
v 0.0451312 -0.0328358 -1.2593750
v -0.0457562 -0.0328358 -1.2593750
v -0.1100232 0.0314313 -1.2593750
v -0.1100232 0.1223187 -1.2593750
v -0.0457562 0.1865856 -1.2593750
v 0.0505126 0.1995778 -1.2718750
v 0.1223902 0.1277001 -1.2718750
v 0.1223902 0.0260499 -1.2718750
v 0.0505126 -0.0458278 -1.2718750
v -0.0511376 -0.0458278 -1.2718750
v -0.1230153 0.0260499 -1.2718750
v -0.1230153 0.1277001 -1.2718750
v -0.0511376 0.1995778 -1.2718750
v 0.0505126 0.1995778 -1.3281250
v 0.1223902 0.1277001 -1.3281250
v 0.1223902 0.0260499 -1.3281250
v 0.0505126 -0.0458278 -1.3281250
v -0.0511376 -0.0458278 -1.3281250
v -0.1230153 0.0260499 -1.3281250
v -0.1230153 0.1277001 -1.3281250
v -0.0511376 0.1995778 -1.3281250
v 0.0439353 0.1836985 -1.3593750
v 0.1065110 0.1211227 -1.3593750
v 0.1065110 0.0326273 -1.3593750
v 0.0439353 -0.0299485 -1.3593750
v -0.0445603 -0.0299485 -1.3593750
v -0.1071361 0.0326273 -1.3593750
v -0.1071361 0.1211227 -1.3593750
v -0.0445603 0.1836985 -1.3593750
v 0.0230073 0.1331739 -1.3593750
v 0.0559864 0.1001948 -1.3593750
v 0.0559864 0.0535552 -1.3593750
v 0.0230073 0.0205761 -1.3593750
v -0.0236323 0.0205761 -1.3593750
v -0.0566114 0.0535552 -1.3593750
v -0.0566114 0.1001948 -1.3593750
v -0.0236323 0.1331739 -1.3593750
v 0.0230073 0.1331739 -1.2265625
v 0.0559864 0.1001948 -1.2265625
v 0.0559864 0.0535552 -1.2265625
v 0.0230073 0.0205761 -1.2265625
v -0.0236323 0.0205761 -1.2265625
v -0.0566114 0.0535552 -1.2265625
v -0.0566114 0.1001948 -1.2265625
v -0.0236323 0.1331739 -1.2265625
v -0.0003125 0.0768749 0.1171875
v -0.0003125 0.0768749 -1.2265625
v -0.0000000 0.1619310 -0.1640000
v 0.0000000 0.1700000 -0.1560000
v -0.0000000 0.1659655 -0.1629282
v -0.0000000 0.1689190 -0.1600000
v 0.0000000 0.1619310 -0.1360000
v 0.0000000 0.1700000 -0.1440000
v 0.0000000 0.1659655 -0.1370718
v 0.0000000 0.1689190 -0.1400000
v 0.0419108 0.1564133 -0.1640000
v 0.0439992 0.1642074 -0.1560000
v 0.0429550 0.1603103 -0.1629282
v 0.0437194 0.1631632 -0.1600000
v 0.0419108 0.1564133 -0.1360000
v 0.0439992 0.1642074 -0.1440000
v 0.0429550 0.1603103 -0.1370718
v 0.0437194 0.1631632 -0.1400000
v 0.0809655 0.1402363 -0.1640000
v 0.0850000 0.1472243 -0.1560000
v 0.0829827 0.1437303 -0.1629282
v 0.0844595 0.1462881 -0.1600000
v 0.0809655 0.1402363 -0.1360000
v 0.0850000 0.1472243 -0.1440000
v 0.0829827 0.1437303 -0.1370718
v 0.0844595 0.1462881 -0.1400000
v 0.1145025 0.1145025 -0.1640000
v 0.1202082 0.1202082 -0.1560000
v 0.1173553 0.1173553 -0.1629282
v 0.1194437 0.1194437 -0.1600000
v 0.1145025 0.1145025 -0.1360000
v 0.1202082 0.1202082 -0.1440000
v 0.1173553 0.1173553 -0.1370718
v 0.1194437 0.1194437 -0.1400000
v 0.1402363 0.0809655 -0.1640000
v 0.1472243 0.0850000 -0.1560000
v 0.1437303 0.0829827 -0.1629282
v 0.1462881 0.0844595 -0.1600000
v 0.1402363 0.0809655 -0.1360000
v 0.1472243 0.0850000 -0.1440000
v 0.1437303 0.0829827 -0.1370718
v 0.1462881 0.0844595 -0.1400000
v 0.1564133 0.0419108 -0.1640000
v 0.1642074 0.0439992 -0.1560000
v 0.1603103 0.0429550 -0.1629282
v 0.1631632 0.0437194 -0.1600000
v 0.1564133 0.0419108 -0.1360000
v 0.1642074 0.0439992 -0.1440000
v 0.1603103 0.0429550 -0.1370718
v 0.1631632 0.0437194 -0.1400000
v 0.1619310 0.0000000 -0.1640000
v 0.1700000 0.0000000 -0.1560000
v 0.1659655 0.0000000 -0.1629282
v 0.1689190 0.0000000 -0.1600000
v 0.1619310 -0.0000000 -0.1360000
v 0.1700000 0.0000000 -0.1440000
v 0.1659655 -0.0000000 -0.1370718
v 0.1689190 -0.0000000 -0.1400000
v 0.1564133 -0.0419108 -0.1640000
v 0.1642074 -0.0439992 -0.1560000
v 0.1603103 -0.0429550 -0.1629282
v 0.1631632 -0.0437194 -0.1600000
v 0.1564133 -0.0419108 -0.1360000
v 0.1642074 -0.0439992 -0.1440000
v 0.1603103 -0.0429550 -0.1370718
v 0.1631632 -0.0437194 -0.1400000
v 0.1402363 -0.0809655 -0.1640000
v 0.1472243 -0.0850000 -0.1560000
v 0.1437303 -0.0829827 -0.1629282
v 0.1462881 -0.0844595 -0.1600000
v 0.1402363 -0.0809655 -0.1360000
v 0.1472243 -0.0850000 -0.1440000
v 0.1437303 -0.0829827 -0.1370718
v 0.1462881 -0.0844595 -0.1400000
v 0.1145025 -0.1145025 -0.1640000
v 0.1202082 -0.1202082 -0.1560000
v 0.1173553 -0.1173553 -0.1629282
v 0.1194437 -0.1194437 -0.1600000
v 0.1145025 -0.1145025 -0.1360000
v 0.1202082 -0.1202082 -0.1440000
v 0.1173553 -0.1173553 -0.1370718
v 0.1194437 -0.1194437 -0.1400000
v 0.0809655 -0.1402363 -0.1640000
v 0.0850000 -0.1472243 -0.1560000
v 0.0829827 -0.1437303 -0.1629282
v 0.0844595 -0.1462881 -0.1600000
v 0.0809655 -0.1402363 -0.1360000
v 0.0850000 -0.1472243 -0.1440000
v 0.0829827 -0.1437303 -0.1370718
v 0.0844595 -0.1462881 -0.1400000
v 0.0419108 -0.1564133 -0.1640000
v 0.0439992 -0.1642074 -0.1560000
v 0.0429550 -0.1603103 -0.1629282
v 0.0437194 -0.1631632 -0.1600000
v 0.0419108 -0.1564133 -0.1360000
v 0.0439992 -0.1642074 -0.1440000
v 0.0429550 -0.1603103 -0.1370718
v 0.0437194 -0.1631632 -0.1400000
v 0.0000000 -0.1619310 -0.1640000
v 0.0000000 -0.1700000 -0.1560000
v 0.0000000 -0.1659655 -0.1629282
v 0.0000000 -0.1689190 -0.1600000
v -0.0000000 -0.1619310 -0.1360000
v 0.0000000 -0.1700000 -0.1440000
v -0.0000000 -0.1659655 -0.1370718
v -0.0000000 -0.1689190 -0.1400000
v -0.0419108 -0.1564133 -0.1640000
v -0.0439992 -0.1642074 -0.1560000
v -0.0429550 -0.1603103 -0.1629282
v -0.0437194 -0.1631632 -0.1600000
v -0.0419108 -0.1564133 -0.1360000
v -0.0439992 -0.1642074 -0.1440000
v -0.0429550 -0.1603103 -0.1370718
v -0.0437194 -0.1631632 -0.1400000
v -0.0809655 -0.1402363 -0.1640000
v -0.0850000 -0.1472243 -0.1560000
v -0.0829827 -0.1437303 -0.1629282
v -0.0844595 -0.1462881 -0.1600000
v -0.0809655 -0.1402363 -0.1360000
v -0.0850000 -0.1472243 -0.1440000
v -0.0829827 -0.1437303 -0.1370718
v -0.0844595 -0.1462881 -0.1400000
v -0.1145025 -0.1145025 -0.1640000
v -0.1202082 -0.1202082 -0.1560000
v -0.1173553 -0.1173553 -0.1629282
v -0.1194437 -0.1194437 -0.1600000
v -0.1145025 -0.1145025 -0.1360000
v -0.1202082 -0.1202082 -0.1440000
v -0.1173553 -0.1173553 -0.1370718
v -0.1194437 -0.1194437 -0.1400000
v -0.1402363 -0.0809655 -0.1640000
v -0.1472243 -0.0850000 -0.1560000
v -0.1437303 -0.0829827 -0.1629282
v -0.1462881 -0.0844595 -0.1600000
v -0.1402363 -0.0809655 -0.1360000
v -0.1472243 -0.0850000 -0.1440000
v -0.1437303 -0.0829827 -0.1370718
v -0.1462881 -0.0844595 -0.1400000
v -0.1564133 -0.0419108 -0.1640000
v -0.1642074 -0.0439992 -0.1560000
v -0.1603103 -0.0429550 -0.1629282
v -0.1631632 -0.0437194 -0.1600000
v -0.1564133 -0.0419108 -0.1360000
v -0.1642074 -0.0439992 -0.1440000
v -0.1603103 -0.0429550 -0.1370718
v -0.1631632 -0.0437194 -0.1400000
v -0.1619310 -0.0000000 -0.1640000
v -0.1700000 0.0000000 -0.1560000
v -0.1659655 -0.0000000 -0.1629282
v -0.1689190 -0.0000000 -0.1600000
v -0.1619310 0.0000000 -0.1360000
v -0.1700000 0.0000000 -0.1440000
v -0.1659655 0.0000000 -0.1370718
v -0.1689190 0.0000000 -0.1400000
v -0.1564133 0.0419108 -0.1640000
v -0.1642074 0.0439992 -0.1560000
v -0.1603103 0.0429550 -0.1629282
v -0.1631632 0.0437194 -0.1600000
v -0.1564133 0.0419108 -0.1360000
v -0.1642074 0.0439992 -0.1440000
v -0.1603103 0.0429550 -0.1370718
v -0.1631632 0.0437194 -0.1400000
v -0.1402363 0.0809655 -0.1640000
v -0.1472243 0.0850000 -0.1560000
v -0.1437303 0.0829827 -0.1629282
v -0.1462881 0.0844595 -0.1600000
v -0.1402363 0.0809655 -0.1360000
v -0.1472243 0.0850000 -0.1440000
v -0.1437303 0.0829827 -0.1370718
v -0.1462881 0.0844595 -0.1400000
v -0.1145025 0.1145025 -0.1640000
v -0.1202082 0.1202082 -0.1560000
v -0.1173553 0.1173553 -0.1629282
v -0.1194437 0.1194437 -0.1600000
v -0.1145025 0.1145025 -0.1360000
v -0.1202082 0.1202082 -0.1440000
v -0.1173553 0.1173553 -0.1370718
v -0.1194437 0.1194437 -0.1400000
v -0.0809655 0.1402363 -0.1640000
v -0.0850000 0.1472243 -0.1560000
v -0.0829827 0.1437303 -0.1629282
v -0.0844595 0.1462881 -0.1600000
v -0.0809655 0.1402363 -0.1360000
v -0.0850000 0.1472243 -0.1440000
v -0.0829827 0.1437303 -0.1370718
v -0.0844595 0.1462881 -0.1400000
v -0.0419108 0.1564133 -0.1640000
v -0.0439992 0.1642074 -0.1560000
v -0.0429550 0.1603103 -0.1629282
v -0.0437194 0.1631632 -0.1600000
v -0.0419108 0.1564133 -0.1360000
v -0.0439992 0.1642074 -0.1440000
v -0.0429550 0.1603103 -0.1370718
v -0.0437194 0.1631632 -0.1400000
v -0.0000000 0.1619310 -0.2350000
v 0.0000000 0.1700000 -0.2270000
v -0.0000000 0.1659655 -0.2339282
v -0.0000000 0.1689190 -0.2310000
v 0.0000000 0.1619310 -0.2070000
v 0.0000000 0.1700000 -0.2150000
v 0.0000000 0.1659655 -0.2080718
v 0.0000000 0.1689190 -0.2110000
v 0.0419108 0.1564133 -0.2350000
v 0.0439992 0.1642074 -0.2270000
v 0.0429550 0.1603103 -0.2339282
v 0.0437194 0.1631632 -0.2310000
v 0.0419108 0.1564133 -0.2070000
v 0.0439992 0.1642074 -0.2150000
v 0.0429550 0.1603103 -0.2080718
v 0.0437194 0.1631632 -0.2110000
v 0.0809655 0.1402363 -0.2350000
v 0.0850000 0.1472243 -0.2270000
v 0.0829827 0.1437303 -0.2339282
v 0.0844595 0.1462881 -0.2310000
v 0.0809655 0.1402363 -0.2070000
v 0.0850000 0.1472243 -0.2150000
v 0.0829827 0.1437303 -0.2080718
v 0.0844595 0.1462881 -0.2110000
v 0.1145025 0.1145025 -0.2350000
v 0.1202082 0.1202082 -0.2270000
v 0.1173553 0.1173553 -0.2339282
v 0.1194437 0.1194437 -0.2310000
v 0.1145025 0.1145025 -0.2070000
v 0.1202082 0.1202082 -0.2150000
v 0.1173553 0.1173553 -0.2080718
v 0.1194437 0.1194437 -0.2110000
v 0.1402363 0.0809655 -0.2350000
v 0.1472243 0.0850000 -0.2270000
v 0.1437303 0.0829827 -0.2339282
v 0.1462881 0.0844595 -0.2310000
v 0.1402363 0.0809655 -0.2070000
v 0.1472243 0.0850000 -0.2150000
v 0.1437303 0.0829827 -0.2080718
v 0.1462881 0.0844595 -0.2110000
v 0.1564133 0.0419108 -0.2350000
v 0.1642074 0.0439992 -0.2270000
v 0.1603103 0.0429550 -0.2339282
v 0.1631632 0.0437194 -0.2310000
v 0.1564133 0.0419108 -0.2070000
v 0.1642074 0.0439992 -0.2150000
v 0.1603103 0.0429550 -0.2080718
v 0.1631632 0.0437194 -0.2110000
v 0.1619310 0.0000000 -0.2350000
v 0.1700000 0.0000000 -0.2270000
v 0.1659655 0.0000000 -0.2339282
v 0.1689190 0.0000000 -0.2310000
v 0.1619310 -0.0000000 -0.2070000
v 0.1700000 0.0000000 -0.2150000
v 0.1659655 -0.0000000 -0.2080718
v 0.1689190 -0.0000000 -0.2110000
v 0.1564133 -0.0419108 -0.2350000
v 0.1642074 -0.0439992 -0.2270000
v 0.1603103 -0.0429550 -0.2339282
v 0.1631632 -0.0437194 -0.2310000
v 0.1564133 -0.0419108 -0.2070000
v 0.1642074 -0.0439992 -0.2150000
v 0.1603103 -0.0429550 -0.2080718
v 0.1631632 -0.0437194 -0.2110000
v 0.1402363 -0.0809655 -0.2350000
v 0.1472243 -0.0850000 -0.2270000
v 0.1437303 -0.0829827 -0.2339282
v 0.1462881 -0.0844595 -0.2310000
v 0.1402363 -0.0809655 -0.2070000
v 0.1472243 -0.0850000 -0.2150000
v 0.1437303 -0.0829827 -0.2080718
v 0.1462881 -0.0844595 -0.2110000
v 0.1145025 -0.1145025 -0.2350000
v 0.1202082 -0.1202082 -0.2270000
v 0.1173553 -0.1173553 -0.2339282
v 0.1194437 -0.1194437 -0.2310000
v 0.1145025 -0.1145025 -0.2070000
v 0.1202082 -0.1202082 -0.2150000
v 0.1173553 -0.1173553 -0.2080718
v 0.1194437 -0.1194437 -0.2110000
v 0.0809655 -0.1402363 -0.2350000
v 0.0850000 -0.1472243 -0.2270000
v 0.0829827 -0.1437303 -0.2339282
v 0.0844595 -0.1462881 -0.2310000
v 0.0809655 -0.1402363 -0.2070000
v 0.0850000 -0.1472243 -0.2150000
v 0.0829827 -0.1437303 -0.2080718
v 0.0844595 -0.1462881 -0.2110000
v 0.0419108 -0.1564133 -0.2350000
v 0.0439992 -0.1642074 -0.2270000
v 0.0429550 -0.1603103 -0.2339282
v 0.0437194 -0.1631632 -0.2310000
v 0.0419108 -0.1564133 -0.2070000
v 0.0439992 -0.1642074 -0.2150000
v 0.0429550 -0.1603103 -0.2080718
v 0.0437194 -0.1631632 -0.2110000
v 0.0000000 -0.1619310 -0.2350000
v 0.0000000 -0.1700000 -0.2270000
v 0.0000000 -0.1659655 -0.2339282
v 0.0000000 -0.1689190 -0.2310000
v -0.0000000 -0.1619310 -0.2070000
v 0.0000000 -0.1700000 -0.2150000
v -0.0000000 -0.1659655 -0.2080718
v -0.0000000 -0.1689190 -0.2110000
v -0.0419108 -0.1564133 -0.2350000
v -0.0439992 -0.1642074 -0.2270000
v -0.0429550 -0.1603103 -0.2339282
v -0.0437194 -0.1631632 -0.2310000
v -0.0419108 -0.1564133 -0.2070000
v -0.0439992 -0.1642074 -0.2150000
v -0.0429550 -0.1603103 -0.2080718
v -0.0437194 -0.1631632 -0.2110000
v -0.0809655 -0.1402363 -0.2350000
v -0.0850000 -0.1472243 -0.2270000
v -0.0829827 -0.1437303 -0.2339282
v -0.0844595 -0.1462881 -0.2310000
v -0.0809655 -0.1402363 -0.2070000
v -0.0850000 -0.1472243 -0.2150000
v -0.0829827 -0.1437303 -0.2080718
v -0.0844595 -0.1462881 -0.2110000
v -0.1145025 -0.1145025 -0.2350000
v -0.1202082 -0.1202082 -0.2270000
v -0.1173553 -0.1173553 -0.2339282
v -0.1194437 -0.1194437 -0.2310000
v -0.1145025 -0.1145025 -0.2070000
v -0.1202082 -0.1202082 -0.2150000
v -0.1173553 -0.1173553 -0.2080718
v -0.1194437 -0.1194437 -0.2110000
v -0.1402363 -0.0809655 -0.2350000
v -0.1472243 -0.0850000 -0.2270000
v -0.1437303 -0.0829827 -0.2339282
v -0.1462881 -0.0844595 -0.2310000
v -0.1402363 -0.0809655 -0.2070000
v -0.1472243 -0.0850000 -0.2150000
v -0.1437303 -0.0829827 -0.2080718
v -0.1462881 -0.0844595 -0.2110000
v -0.1564133 -0.0419108 -0.2350000
v -0.1642074 -0.0439992 -0.2270000
v -0.1603103 -0.0429550 -0.2339282
v -0.1631632 -0.0437194 -0.2310000
v -0.1564133 -0.0419108 -0.2070000
v -0.1642074 -0.0439992 -0.2150000
v -0.1603103 -0.0429550 -0.2080718
v -0.1631632 -0.0437194 -0.2110000
v -0.1619310 -0.0000000 -0.2350000
v -0.1700000 0.0000000 -0.2270000
v -0.1659655 -0.0000000 -0.2339282
v -0.1689190 -0.0000000 -0.2310000
v -0.1619310 0.0000000 -0.2070000
v -0.1700000 0.0000000 -0.2150000
v -0.1659655 0.0000000 -0.2080718
v -0.1689190 0.0000000 -0.2110000
v -0.1564133 0.0419108 -0.2350000
v -0.1642074 0.0439992 -0.2270000
v -0.1603103 0.0429550 -0.2339282
v -0.1631632 0.0437194 -0.2310000
v -0.1564133 0.0419108 -0.2070000
v -0.1642074 0.0439992 -0.2150000
v -0.1603103 0.0429550 -0.2080718
v -0.1631632 0.0437194 -0.2110000
v -0.1402363 0.0809655 -0.2350000
v -0.1472243 0.0850000 -0.2270000
v -0.1437303 0.0829827 -0.2339282
v -0.1462881 0.0844595 -0.2310000
v -0.1402363 0.0809655 -0.2070000
v -0.1472243 0.0850000 -0.2150000
v -0.1437303 0.0829827 -0.2080718
v -0.1462881 0.0844595 -0.2110000
v -0.1145025 0.1145025 -0.2350000
v -0.1202082 0.1202082 -0.2270000
v -0.1173553 0.1173553 -0.2339282
v -0.1194437 0.1194437 -0.2310000
v -0.1145025 0.1145025 -0.2070000
v -0.1202082 0.1202082 -0.2150000
v -0.1173553 0.1173553 -0.2080718
v -0.1194437 0.1194437 -0.2110000
v -0.0809655 0.1402363 -0.2350000
v -0.0850000 0.1472243 -0.2270000
v -0.0829827 0.1437303 -0.2339282
v -0.0844595 0.1462881 -0.2310000
v -0.0809655 0.1402363 -0.2070000
v -0.0850000 0.1472243 -0.2150000
v -0.0829827 0.1437303 -0.2080718
v -0.0844595 0.1462881 -0.2110000
v -0.0419108 0.1564133 -0.2350000
v -0.0439992 0.1642074 -0.2270000
v -0.0429550 0.1603103 -0.2339282
v -0.0437194 0.1631632 -0.2310000
v -0.0419108 0.1564133 -0.2070000
v -0.0439992 0.1642074 -0.2150000
v -0.0429550 0.1603103 -0.2080718
v -0.0437194 0.1631632 -0.2110000
v -0.0000000 0.1619310 -0.3060000
v 0.0000000 0.1700000 -0.2980000
v -0.0000000 0.1659655 -0.3049282
v -0.0000000 0.1689190 -0.3020000
v 0.0000000 0.1619310 -0.2780000
v 0.0000000 0.1700000 -0.2860000
v 0.0000000 0.1659655 -0.2790718
v 0.0000000 0.1689190 -0.2820000
v 0.0419108 0.1564133 -0.3060000
v 0.0439992 0.1642074 -0.2980000
v 0.0429550 0.1603103 -0.3049282
v 0.0437194 0.1631632 -0.3020000
v 0.0419108 0.1564133 -0.2780000
v 0.0439992 0.1642074 -0.2860000
v 0.0429550 0.1603103 -0.2790718
v 0.0437194 0.1631632 -0.2820000
v 0.0809655 0.1402363 -0.3060000
v 0.0850000 0.1472243 -0.2980000
v 0.0829827 0.1437303 -0.3049282
v 0.0844595 0.1462881 -0.3020000
v 0.0809655 0.1402363 -0.2780000
v 0.0850000 0.1472243 -0.2860000
v 0.0829827 0.1437303 -0.2790718
v 0.0844595 0.1462881 -0.2820000
v 0.1145025 0.1145025 -0.3060000
v 0.1202082 0.1202082 -0.2980000
v 0.1173553 0.1173553 -0.3049282
v 0.1194437 0.1194437 -0.3020000
v 0.1145025 0.1145025 -0.2780000
v 0.1202082 0.1202082 -0.2860000
v 0.1173553 0.1173553 -0.2790718
v 0.1194437 0.1194437 -0.2820000
v 0.1402363 0.0809655 -0.3060000
v 0.1472243 0.0850000 -0.2980000
v 0.1437303 0.0829827 -0.3049282
v 0.1462881 0.0844595 -0.3020000
v 0.1402363 0.0809655 -0.2780000
v 0.1472243 0.0850000 -0.2860000
v 0.1437303 0.0829827 -0.2790718
v 0.1462881 0.0844595 -0.2820000
v 0.1564133 0.0419108 -0.3060000
v 0.1642074 0.0439992 -0.2980000
v 0.1603103 0.0429550 -0.3049282
v 0.1631632 0.0437194 -0.3020000
v 0.1564133 0.0419108 -0.2780000
v 0.1642074 0.0439992 -0.2860000
v 0.1603103 0.0429550 -0.2790718
v 0.1631632 0.0437194 -0.2820000
v 0.1619310 0.0000000 -0.3060000
v 0.1700000 0.0000000 -0.2980000
v 0.1659655 0.0000000 -0.3049282
v 0.1689190 0.0000000 -0.3020000
v 0.1619310 -0.0000000 -0.2780000
v 0.1700000 0.0000000 -0.2860000
v 0.1659655 -0.0000000 -0.2790718
v 0.1689190 -0.0000000 -0.2820000
v 0.1564133 -0.0419108 -0.3060000
v 0.1642074 -0.0439992 -0.2980000
v 0.1603103 -0.0429550 -0.3049282
v 0.1631632 -0.0437194 -0.3020000
v 0.1564133 -0.0419108 -0.2780000
v 0.1642074 -0.0439992 -0.2860000
v 0.1603103 -0.0429550 -0.2790718
v 0.1631632 -0.0437194 -0.2820000
v 0.1402363 -0.0809655 -0.3060000
v 0.1472243 -0.0850000 -0.2980000
v 0.1437303 -0.0829827 -0.3049282
v 0.1462881 -0.0844595 -0.3020000
v 0.1402363 -0.0809655 -0.2780000
v 0.1472243 -0.0850000 -0.2860000
v 0.1437303 -0.0829827 -0.2790718
v 0.1462881 -0.0844595 -0.2820000
v 0.1145025 -0.1145025 -0.3060000
v 0.1202082 -0.1202082 -0.2980000
v 0.1173553 -0.1173553 -0.3049282
v 0.1194437 -0.1194437 -0.3020000
v 0.1145025 -0.1145025 -0.2780000
v 0.1202082 -0.1202082 -0.2860000
v 0.1173553 -0.1173553 -0.2790718
v 0.1194437 -0.1194437 -0.2820000
v 0.0809655 -0.1402363 -0.3060000
v 0.0850000 -0.1472243 -0.2980000
v 0.0829827 -0.1437303 -0.3049282
v 0.0844595 -0.1462881 -0.3020000
v 0.0809655 -0.1402363 -0.2780000
v 0.0850000 -0.1472243 -0.2860000
v 0.0829827 -0.1437303 -0.2790718
v 0.0844595 -0.1462881 -0.2820000
v 0.0419108 -0.1564133 -0.3060000
v 0.0439992 -0.1642074 -0.2980000
v 0.0429550 -0.1603103 -0.3049282
v 0.0437194 -0.1631632 -0.3020000
v 0.0419108 -0.1564133 -0.2780000
v 0.0439992 -0.1642074 -0.2860000
v 0.0429550 -0.1603103 -0.2790718
v 0.0437194 -0.1631632 -0.2820000
v 0.0000000 -0.1619310 -0.3060000
v 0.0000000 -0.1700000 -0.2980000
v 0.0000000 -0.1659655 -0.3049282
v 0.0000000 -0.1689190 -0.3020000
v -0.0000000 -0.1619310 -0.2780000
v 0.0000000 -0.1700000 -0.2860000
v -0.0000000 -0.1659655 -0.2790718
v -0.0000000 -0.1689190 -0.2820000
v -0.0419108 -0.1564133 -0.3060000
v -0.0439992 -0.1642074 -0.2980000
v -0.0429550 -0.1603103 -0.3049282
v -0.0437194 -0.1631632 -0.3020000
v -0.0419108 -0.1564133 -0.2780000
v -0.0439992 -0.1642074 -0.2860000
v -0.0429550 -0.1603103 -0.2790718
v -0.0437194 -0.1631632 -0.2820000
v -0.0809655 -0.1402363 -0.3060000
v -0.0850000 -0.1472243 -0.2980000
v -0.0829827 -0.1437303 -0.3049282
v -0.0844595 -0.1462881 -0.3020000
v -0.0809655 -0.1402363 -0.2780000
v -0.0850000 -0.1472243 -0.2860000
v -0.0829827 -0.1437303 -0.2790718
v -0.0844595 -0.1462881 -0.2820000
v -0.1145025 -0.1145025 -0.3060000
v -0.1202082 -0.1202082 -0.2980000
v -0.1173553 -0.1173553 -0.3049282
v -0.1194437 -0.1194437 -0.3020000
v -0.1145025 -0.1145025 -0.2780000
v -0.1202082 -0.1202082 -0.2860000
v -0.1173553 -0.1173553 -0.2790718
v -0.1194437 -0.1194437 -0.2820000
v -0.1402363 -0.0809655 -0.3060000
v -0.1472243 -0.0850000 -0.2980000
v -0.1437303 -0.0829827 -0.3049282
v -0.1462881 -0.0844595 -0.3020000
v -0.1402363 -0.0809655 -0.2780000
v -0.1472243 -0.0850000 -0.2860000
v -0.1437303 -0.0829827 -0.2790718
v -0.1462881 -0.0844595 -0.2820000
v -0.1564133 -0.0419108 -0.3060000
v -0.1642074 -0.0439992 -0.2980000
v -0.1603103 -0.0429550 -0.3049282
v -0.1631632 -0.0437194 -0.3020000
v -0.1564133 -0.0419108 -0.2780000
v -0.1642074 -0.0439992 -0.2860000
v -0.1603103 -0.0429550 -0.2790718
v -0.1631632 -0.0437194 -0.2820000
v -0.1619310 -0.0000000 -0.3060000
v -0.1700000 0.0000000 -0.2980000
v -0.1659655 -0.0000000 -0.3049282
v -0.1689190 -0.0000000 -0.3020000
v -0.1619310 0.0000000 -0.2780000
v -0.1700000 0.0000000 -0.2860000
v -0.1659655 0.0000000 -0.2790718
v -0.1689190 0.0000000 -0.2820000
v -0.1564133 0.0419108 -0.3060000
v -0.1642074 0.0439992 -0.2980000
v -0.1603103 0.0429550 -0.3049282
v -0.1631632 0.0437194 -0.3020000
v -0.1564133 0.0419108 -0.2780000
v -0.1642074 0.0439992 -0.2860000
v -0.1603103 0.0429550 -0.2790718
v -0.1631632 0.0437194 -0.2820000
v -0.1402363 0.0809655 -0.3060000
v -0.1472243 0.0850000 -0.2980000
v -0.1437303 0.0829827 -0.3049282
v -0.1462881 0.0844595 -0.3020000
v -0.1402363 0.0809655 -0.2780000
v -0.1472243 0.0850000 -0.2860000
v -0.1437303 0.0829827 -0.2790718
v -0.1462881 0.0844595 -0.2820000
v -0.1145025 0.1145025 -0.3060000
v -0.1202082 0.1202082 -0.2980000
v -0.1173553 0.1173553 -0.3049282
v -0.1194437 0.1194437 -0.3020000
v -0.1145025 0.1145025 -0.2780000
v -0.1202082 0.1202082 -0.2860000
v -0.1173553 0.1173553 -0.2790718
v -0.1194437 0.1194437 -0.2820000
v -0.0809655 0.1402363 -0.3060000
v -0.0850000 0.1472243 -0.2980000
v -0.0829827 0.1437303 -0.3049282
v -0.0844595 0.1462881 -0.3020000
v -0.0809655 0.1402363 -0.2780000
v -0.0850000 0.1472243 -0.2860000
v -0.0829827 0.1437303 -0.2790718
v -0.0844595 0.1462881 -0.2820000
v -0.0419108 0.1564133 -0.3060000
v -0.0439992 0.1642074 -0.2980000
v -0.0429550 0.1603103 -0.3049282
v -0.0437194 0.1631632 -0.3020000
v -0.0419108 0.1564133 -0.2780000
v -0.0439992 0.1642074 -0.2860000
v -0.0429550 0.1603103 -0.2790718
v -0.0437194 0.1631632 -0.2820000
v -0.0000000 0.1619310 -0.3770000
v 0.0000000 0.1700000 -0.3690000
v -0.0000000 0.1659655 -0.3759282
v -0.0000000 0.1689190 -0.3730000
v 0.0000000 0.1619310 -0.3490000
v 0.0000000 0.1700000 -0.3570000
v 0.0000000 0.1659655 -0.3500718
v 0.0000000 0.1689190 -0.3530000
v 0.0419108 0.1564133 -0.3770000
v 0.0439992 0.1642074 -0.3690000
v 0.0429550 0.1603103 -0.3759282
v 0.0437194 0.1631632 -0.3730000
v 0.0419108 0.1564133 -0.3490000
v 0.0439992 0.1642074 -0.3570000
v 0.0429550 0.1603103 -0.3500718
v 0.0437194 0.1631632 -0.3530000
v 0.0809655 0.1402363 -0.3770000
v 0.0850000 0.1472243 -0.3690000
v 0.0829827 0.1437303 -0.3759282
v 0.0844595 0.1462881 -0.3730000
v 0.0809655 0.1402363 -0.3490000
v 0.0850000 0.1472243 -0.3570000
v 0.0829827 0.1437303 -0.3500718
v 0.0844595 0.1462881 -0.3530000
v 0.1145025 0.1145025 -0.3770000
v 0.1202082 0.1202082 -0.3690000
v 0.1173553 0.1173553 -0.3759282
v 0.1194437 0.1194437 -0.3730000
v 0.1145025 0.1145025 -0.3490000
v 0.1202082 0.1202082 -0.3570000
v 0.1173553 0.1173553 -0.3500718
v 0.1194437 0.1194437 -0.3530000
v 0.1402363 0.0809655 -0.3770000
v 0.1472243 0.0850000 -0.3690000
v 0.1437303 0.0829827 -0.3759282
v 0.1462881 0.0844595 -0.3730000
v 0.1402363 0.0809655 -0.3490000
v 0.1472243 0.0850000 -0.3570000
v 0.1437303 0.0829827 -0.3500718
v 0.1462881 0.0844595 -0.3530000
v 0.1564133 0.0419108 -0.3770000
v 0.1642074 0.0439992 -0.3690000
v 0.1603103 0.0429550 -0.3759282
v 0.1631632 0.0437194 -0.3730000
v 0.1564133 0.0419108 -0.3490000
v 0.1642074 0.0439992 -0.3570000
v 0.1603103 0.0429550 -0.3500718
v 0.1631632 0.0437194 -0.3530000
v 0.1619310 0.0000000 -0.3770000
v 0.1700000 0.0000000 -0.3690000
v 0.1659655 0.0000000 -0.3759282
v 0.1689190 0.0000000 -0.3730000
v 0.1619310 -0.0000000 -0.3490000
v 0.1700000 0.0000000 -0.3570000
v 0.1659655 -0.0000000 -0.3500718
v 0.1689190 -0.0000000 -0.3530000
v 0.1564133 -0.0419108 -0.3770000
v 0.1642074 -0.0439992 -0.3690000
v 0.1603103 -0.0429550 -0.3759282
v 0.1631632 -0.0437194 -0.3730000
v 0.1564133 -0.0419108 -0.3490000
v 0.1642074 -0.0439992 -0.3570000
v 0.1603103 -0.0429550 -0.3500718
v 0.1631632 -0.0437194 -0.3530000
v 0.1402363 -0.0809655 -0.3770000
v 0.1472243 -0.0850000 -0.3690000
v 0.1437303 -0.0829827 -0.3759282
v 0.1462881 -0.0844595 -0.3730000
v 0.1402363 -0.0809655 -0.3490000
v 0.1472243 -0.0850000 -0.3570000
v 0.1437303 -0.0829827 -0.3500718
v 0.1462881 -0.0844595 -0.3530000
v 0.1145025 -0.1145025 -0.3770000
v 0.1202082 -0.1202082 -0.3690000
v 0.1173553 -0.1173553 -0.3759282
v 0.1194437 -0.1194437 -0.3730000
v 0.1145025 -0.1145025 -0.3490000
v 0.1202082 -0.1202082 -0.3570000
v 0.1173553 -0.1173553 -0.3500718
v 0.1194437 -0.1194437 -0.3530000
v 0.0809655 -0.1402363 -0.3770000
v 0.0850000 -0.1472243 -0.3690000
v 0.0829827 -0.1437303 -0.3759282
v 0.0844595 -0.1462881 -0.3730000
v 0.0809655 -0.1402363 -0.3490000
v 0.0850000 -0.1472243 -0.3570000
v 0.0829827 -0.1437303 -0.3500718
v 0.0844595 -0.1462881 -0.3530000
v 0.0419108 -0.1564133 -0.3770000
v 0.0439992 -0.1642074 -0.3690000
v 0.0429550 -0.1603103 -0.3759282
v 0.0437194 -0.1631632 -0.3730000
v 0.0419108 -0.1564133 -0.3490000
v 0.0439992 -0.1642074 -0.3570000
v 0.0429550 -0.1603103 -0.3500718
v 0.0437194 -0.1631632 -0.3530000
v 0.0000000 -0.1619310 -0.3770000
v 0.0000000 -0.1700000 -0.3690000
v 0.0000000 -0.1659655 -0.3759282
v 0.0000000 -0.1689190 -0.3730000
v -0.0000000 -0.1619310 -0.3490000
v 0.0000000 -0.1700000 -0.3570000
v -0.0000000 -0.1659655 -0.3500718
v -0.0000000 -0.1689190 -0.3530000
v -0.0419108 -0.1564133 -0.3770000
v -0.0439992 -0.1642074 -0.3690000
v -0.0429550 -0.1603103 -0.3759282
v -0.0437194 -0.1631632 -0.3730000
v -0.0419108 -0.1564133 -0.3490000
v -0.0439992 -0.1642074 -0.3570000
v -0.0429550 -0.1603103 -0.3500718
v -0.0437194 -0.1631632 -0.3530000
v -0.0809655 -0.1402363 -0.3770000
v -0.0850000 -0.1472243 -0.3690000
v -0.0829827 -0.1437303 -0.3759282
v -0.0844595 -0.1462881 -0.3730000
v -0.0809655 -0.1402363 -0.3490000
v -0.0850000 -0.1472243 -0.3570000
v -0.0829827 -0.1437303 -0.3500718
v -0.0844595 -0.1462881 -0.3530000
v -0.1145025 -0.1145025 -0.3770000
v -0.1202082 -0.1202082 -0.3690000
v -0.1173553 -0.1173553 -0.3759282
v -0.1194437 -0.1194437 -0.3730000
v -0.1145025 -0.1145025 -0.3490000
v -0.1202082 -0.1202082 -0.3570000
v -0.1173553 -0.1173553 -0.3500718
v -0.1194437 -0.1194437 -0.3530000
v -0.1402363 -0.0809655 -0.3770000
v -0.1472243 -0.0850000 -0.3690000
v -0.1437303 -0.0829827 -0.3759282
v -0.1462881 -0.0844595 -0.3730000
v -0.1402363 -0.0809655 -0.3490000
v -0.1472243 -0.0850000 -0.3570000
v -0.1437303 -0.0829827 -0.3500718
v -0.1462881 -0.0844595 -0.3530000
v -0.1564133 -0.0419108 -0.3770000
v -0.1642074 -0.0439992 -0.3690000
v -0.1603103 -0.0429550 -0.3759282
v -0.1631632 -0.0437194 -0.3730000
v -0.1564133 -0.0419108 -0.3490000
v -0.1642074 -0.0439992 -0.3570000
v -0.1603103 -0.0429550 -0.3500718
v -0.1631632 -0.0437194 -0.3530000
v -0.1619310 -0.0000000 -0.3770000
v -0.1700000 0.0000000 -0.3690000
v -0.1659655 -0.0000000 -0.3759282
v -0.1689190 -0.0000000 -0.3730000
v -0.1619310 0.0000000 -0.3490000
v -0.1700000 0.0000000 -0.3570000
v -0.1659655 0.0000000 -0.3500718
v -0.1689190 0.0000000 -0.3530000
v -0.1564133 0.0419108 -0.3770000
v -0.1642074 0.0439992 -0.3690000
v -0.1603103 0.0429550 -0.3759282
v -0.1631632 0.0437194 -0.3730000
v -0.1564133 0.0419108 -0.3490000
v -0.1642074 0.0439992 -0.3570000
v -0.1603103 0.0429550 -0.3500718
v -0.1631632 0.0437194 -0.3530000
v -0.1402363 0.0809655 -0.3770000
v -0.1472243 0.0850000 -0.3690000
v -0.1437303 0.0829827 -0.3759282
v -0.1462881 0.0844595 -0.3730000
v -0.1402363 0.0809655 -0.3490000
v -0.1472243 0.0850000 -0.3570000
v -0.1437303 0.0829827 -0.3500718
v -0.1462881 0.0844595 -0.3530000
v -0.1145025 0.1145025 -0.3770000
v -0.1202082 0.1202082 -0.3690000
v -0.1173553 0.1173553 -0.3759282
v -0.1194437 0.1194437 -0.3730000
v -0.1145025 0.1145025 -0.3490000
v -0.1202082 0.1202082 -0.3570000
v -0.1173553 0.1173553 -0.3500718
v -0.1194437 0.1194437 -0.3530000
v -0.0809655 0.1402363 -0.3770000
v -0.0850000 0.1472243 -0.3690000
v -0.0829827 0.1437303 -0.3759282
v -0.0844595 0.1462881 -0.3730000
v -0.0809655 0.1402363 -0.3490000
v -0.0850000 0.1472243 -0.3570000
v -0.0829827 0.1437303 -0.3500718
v -0.0844595 0.1462881 -0.3530000
v -0.0419108 0.1564133 -0.3770000
v -0.0439992 0.1642074 -0.3690000
v -0.0429550 0.1603103 -0.3759282
v -0.0437194 0.1631632 -0.3730000
v -0.0419108 0.1564133 -0.3490000
v -0.0439992 0.1642074 -0.3570000
v -0.0429550 0.1603103 -0.3500718
v -0.0437194 0.1631632 -0.3530000
v -0.0000000 0.1619310 -0.4480000
v 0.0000000 0.1700000 -0.4400000
v -0.0000000 0.1659655 -0.4469282
v -0.0000000 0.1689190 -0.4440000
v 0.0000000 0.1619310 -0.4200000
v 0.0000000 0.1700000 -0.4280000
v 0.0000000 0.1659655 -0.4210718
v 0.0000000 0.1689190 -0.4240000
v 0.0419108 0.1564133 -0.4480000
v 0.0439992 0.1642074 -0.4400000
v 0.0429550 0.1603103 -0.4469282
v 0.0437194 0.1631632 -0.4440000
v 0.0419108 0.1564133 -0.4200000
v 0.0439992 0.1642074 -0.4280000
v 0.0429550 0.1603103 -0.4210718
v 0.0437194 0.1631632 -0.4240000
v 0.0809655 0.1402363 -0.4480000
v 0.0850000 0.1472243 -0.4400000
v 0.0829827 0.1437303 -0.4469282
v 0.0844595 0.1462881 -0.4440000
v 0.0809655 0.1402363 -0.4200000
v 0.0850000 0.1472243 -0.4280000
v 0.0829827 0.1437303 -0.4210718
v 0.0844595 0.1462881 -0.4240000
v 0.1145025 0.1145025 -0.4480000
v 0.1202082 0.1202082 -0.4400000
v 0.1173553 0.1173553 -0.4469282
v 0.1194437 0.1194437 -0.4440000
v 0.1145025 0.1145025 -0.4200000
v 0.1202082 0.1202082 -0.4280000
v 0.1173553 0.1173553 -0.4210718
v 0.1194437 0.1194437 -0.4240000
v 0.1402363 0.0809655 -0.4480000
v 0.1472243 0.0850000 -0.4400000
v 0.1437303 0.0829827 -0.4469282
v 0.1462881 0.0844595 -0.4440000
v 0.1402363 0.0809655 -0.4200000
v 0.1472243 0.0850000 -0.4280000
v 0.1437303 0.0829827 -0.4210718
v 0.1462881 0.0844595 -0.4240000
v 0.1564133 0.0419108 -0.4480000
v 0.1642074 0.0439992 -0.4400000
v 0.1603103 0.0429550 -0.4469282
v 0.1631632 0.0437194 -0.4440000
v 0.1564133 0.0419108 -0.4200000
v 0.1642074 0.0439992 -0.4280000
v 0.1603103 0.0429550 -0.4210718
v 0.1631632 0.0437194 -0.4240000
v 0.1619310 0.0000000 -0.4480000
v 0.1700000 0.0000000 -0.4400000
v 0.1659655 0.0000000 -0.4469282
v 0.1689190 0.0000000 -0.4440000
v 0.1619310 -0.0000000 -0.4200000
v 0.1700000 0.0000000 -0.4280000
v 0.1659655 -0.0000000 -0.4210718
v 0.1689190 -0.0000000 -0.4240000
v 0.1564133 -0.0419108 -0.4480000
v 0.1642074 -0.0439992 -0.4400000
v 0.1603103 -0.0429550 -0.4469282
v 0.1631632 -0.0437194 -0.4440000
v 0.1564133 -0.0419108 -0.4200000
v 0.1642074 -0.0439992 -0.4280000
v 0.1603103 -0.0429550 -0.4210718
v 0.1631632 -0.0437194 -0.4240000
v 0.1402363 -0.0809655 -0.4480000
v 0.1472243 -0.0850000 -0.4400000
v 0.1437303 -0.0829827 -0.4469282
v 0.1462881 -0.0844595 -0.4440000
v 0.1402363 -0.0809655 -0.4200000
v 0.1472243 -0.0850000 -0.4280000
v 0.1437303 -0.0829827 -0.4210718
v 0.1462881 -0.0844595 -0.4240000
v 0.1145025 -0.1145025 -0.4480000
v 0.1202082 -0.1202082 -0.4400000
v 0.1173553 -0.1173553 -0.4469282
v 0.1194437 -0.1194437 -0.4440000
v 0.1145025 -0.1145025 -0.4200000
v 0.1202082 -0.1202082 -0.4280000
v 0.1173553 -0.1173553 -0.4210718
v 0.1194437 -0.1194437 -0.4240000
v 0.0809655 -0.1402363 -0.4480000
v 0.0850000 -0.1472243 -0.4400000
v 0.0829827 -0.1437303 -0.4469282
v 0.0844595 -0.1462881 -0.4440000
v 0.0809655 -0.1402363 -0.4200000
v 0.0850000 -0.1472243 -0.4280000
v 0.0829827 -0.1437303 -0.4210718
v 0.0844595 -0.1462881 -0.4240000
v 0.0419108 -0.1564133 -0.4480000
v 0.0439992 -0.1642074 -0.4400000
v 0.0429550 -0.1603103 -0.4469282
v 0.0437194 -0.1631632 -0.4440000
v 0.0419108 -0.1564133 -0.4200000
v 0.0439992 -0.1642074 -0.4280000
v 0.0429550 -0.1603103 -0.4210718
v 0.0437194 -0.1631632 -0.4240000
v 0.0000000 -0.1619310 -0.4480000
v 0.0000000 -0.1700000 -0.4400000
v 0.0000000 -0.1659655 -0.4469282
v 0.0000000 -0.1689190 -0.4440000
v -0.0000000 -0.1619310 -0.4200000
v 0.0000000 -0.1700000 -0.4280000
v -0.0000000 -0.1659655 -0.4210718
v -0.0000000 -0.1689190 -0.4240000
v -0.0419108 -0.1564133 -0.4480000
v -0.0439992 -0.1642074 -0.4400000
v -0.0429550 -0.1603103 -0.4469282
v -0.0437194 -0.1631632 -0.4440000
v -0.0419108 -0.1564133 -0.4200000
v -0.0439992 -0.1642074 -0.4280000
v -0.0429550 -0.1603103 -0.4210718
v -0.0437194 -0.1631632 -0.4240000
v -0.0809655 -0.1402363 -0.4480000
v -0.0850000 -0.1472243 -0.4400000
v -0.0829827 -0.1437303 -0.4469282
v -0.0844595 -0.1462881 -0.4440000
v -0.0809655 -0.1402363 -0.4200000
v -0.0850000 -0.1472243 -0.4280000
v -0.0829827 -0.1437303 -0.4210718
v -0.0844595 -0.1462881 -0.4240000
v -0.1145025 -0.1145025 -0.4480000
v -0.1202082 -0.1202082 -0.4400000
v -0.1173553 -0.1173553 -0.4469282
v -0.1194437 -0.1194437 -0.4440000
v -0.1145025 -0.1145025 -0.4200000
v -0.1202082 -0.1202082 -0.4280000
v -0.1173553 -0.1173553 -0.4210718
v -0.1194437 -0.1194437 -0.4240000
v -0.1402363 -0.0809655 -0.4480000
v -0.1472243 -0.0850000 -0.4400000
v -0.1437303 -0.0829827 -0.4469282
v -0.1462881 -0.0844595 -0.4440000
v -0.1402363 -0.0809655 -0.4200000
v -0.1472243 -0.0850000 -0.4280000
v -0.1437303 -0.0829827 -0.4210718
v -0.1462881 -0.0844595 -0.4240000
v -0.1564133 -0.0419108 -0.4480000
v -0.1642074 -0.0439992 -0.4400000
v -0.1603103 -0.0429550 -0.4469282
v -0.1631632 -0.0437194 -0.4440000
v -0.1564133 -0.0419108 -0.4200000
v -0.1642074 -0.0439992 -0.4280000
v -0.1603103 -0.0429550 -0.4210718
v -0.1631632 -0.0437194 -0.4240000
v -0.1619310 -0.0000000 -0.4480000
v -0.1700000 0.0000000 -0.4400000
v -0.1659655 -0.0000000 -0.4469282
v -0.1689190 -0.0000000 -0.4440000
v -0.1619310 0.0000000 -0.4200000
v -0.1700000 0.0000000 -0.4280000
v -0.1659655 0.0000000 -0.4210718
v -0.1689190 0.0000000 -0.4240000
v -0.1564133 0.0419108 -0.4480000
v -0.1642074 0.0439992 -0.4400000
v -0.1603103 0.0429550 -0.4469282
v -0.1631632 0.0437194 -0.4440000
v -0.1564133 0.0419108 -0.4200000
v -0.1642074 0.0439992 -0.4280000
v -0.1603103 0.0429550 -0.4210718
v -0.1631632 0.0437194 -0.4240000
v -0.1402363 0.0809655 -0.4480000
v -0.1472243 0.0850000 -0.4400000
v -0.1437303 0.0829827 -0.4469282
v -0.1462881 0.0844595 -0.4440000
v -0.1402363 0.0809655 -0.4200000
v -0.1472243 0.0850000 -0.4280000
v -0.1437303 0.0829827 -0.4210718
v -0.1462881 0.0844595 -0.4240000
v -0.1145025 0.1145025 -0.4480000
v -0.1202082 0.1202082 -0.4400000
v -0.1173553 0.1173553 -0.4469282
v -0.1194437 0.1194437 -0.4440000
v -0.1145025 0.1145025 -0.4200000
v -0.1202082 0.1202082 -0.4280000
v -0.1173553 0.1173553 -0.4210718
v -0.1194437 0.1194437 -0.4240000
v -0.0809655 0.1402363 -0.4480000
v -0.0850000 0.1472243 -0.4400000
v -0.0829827 0.1437303 -0.4469282
v -0.0844595 0.1462881 -0.4440000
v -0.0809655 0.1402363 -0.4200000
v -0.0850000 0.1472243 -0.4280000
v -0.0829827 0.1437303 -0.4210718
v -0.0844595 0.1462881 -0.4240000
v -0.0419108 0.1564133 -0.4480000
v -0.0439992 0.1642074 -0.4400000
v -0.0429550 0.1603103 -0.4469282
v -0.0437194 0.1631632 -0.4440000
v -0.0419108 0.1564133 -0.4200000
v -0.0439992 0.1642074 -0.4280000
v -0.0429550 0.1603103 -0.4210718
v -0.0437194 0.1631632 -0.4240000
v -0.0000000 0.1619310 -0.5190000
v 0.0000000 0.1700000 -0.5110000
v -0.0000000 0.1659655 -0.5179282
v -0.0000000 0.1689190 -0.5150000
v 0.0000000 0.1619310 -0.4910000
v 0.0000000 0.1700000 -0.4990000
v 0.0000000 0.1659655 -0.4920718
v 0.0000000 0.1689190 -0.4950000
v 0.0419108 0.1564133 -0.5190000
v 0.0439992 0.1642074 -0.5110000
v 0.0429550 0.1603103 -0.5179282
v 0.0437194 0.1631632 -0.5150000
v 0.0419108 0.1564133 -0.4910000
v 0.0439992 0.1642074 -0.4990000
v 0.0429550 0.1603103 -0.4920718
v 0.0437194 0.1631632 -0.4950000
v 0.0809655 0.1402363 -0.5190000
v 0.0850000 0.1472243 -0.5110000
v 0.0829827 0.1437303 -0.5179282
v 0.0844595 0.1462881 -0.5150000
v 0.0809655 0.1402363 -0.4910000
v 0.0850000 0.1472243 -0.4990000
v 0.0829827 0.1437303 -0.4920718
v 0.0844595 0.1462881 -0.4950000
v 0.1145025 0.1145025 -0.5190000
v 0.1202082 0.1202082 -0.5110000
v 0.1173553 0.1173553 -0.5179282
v 0.1194437 0.1194437 -0.5150000
v 0.1145025 0.1145025 -0.4910000
v 0.1202082 0.1202082 -0.4990000
v 0.1173553 0.1173553 -0.4920718
v 0.1194437 0.1194437 -0.4950000
v 0.1402363 0.0809655 -0.5190000
v 0.1472243 0.0850000 -0.5110000
v 0.1437303 0.0829827 -0.5179282
v 0.1462881 0.0844595 -0.5150000
v 0.1402363 0.0809655 -0.4910000
v 0.1472243 0.0850000 -0.4990000
v 0.1437303 0.0829827 -0.4920718
v 0.1462881 0.0844595 -0.4950000
v 0.1564133 0.0419108 -0.5190000
v 0.1642074 0.0439992 -0.5110000
v 0.1603103 0.0429550 -0.5179282
v 0.1631632 0.0437194 -0.5150000
v 0.1564133 0.0419108 -0.4910000
v 0.1642074 0.0439992 -0.4990000
v 0.1603103 0.0429550 -0.4920718
v 0.1631632 0.0437194 -0.4950000
v 0.1619310 0.0000000 -0.5190000
v 0.1700000 0.0000000 -0.5110000
v 0.1659655 0.0000000 -0.5179282
v 0.1689190 0.0000000 -0.5150000
v 0.1619310 -0.0000000 -0.4910000
v 0.1700000 0.0000000 -0.4990000
v 0.1659655 -0.0000000 -0.4920718
v 0.1689190 -0.0000000 -0.4950000
v 0.1564133 -0.0419108 -0.5190000
v 0.1642074 -0.0439992 -0.5110000
v 0.1603103 -0.0429550 -0.5179282
v 0.1631632 -0.0437194 -0.5150000
v 0.1564133 -0.0419108 -0.4910000
v 0.1642074 -0.0439992 -0.4990000
v 0.1603103 -0.0429550 -0.4920718
v 0.1631632 -0.0437194 -0.4950000
v 0.1402363 -0.0809655 -0.5190000
v 0.1472243 -0.0850000 -0.5110000
v 0.1437303 -0.0829827 -0.5179282
v 0.1462881 -0.0844595 -0.5150000
v 0.1402363 -0.0809655 -0.4910000
v 0.1472243 -0.0850000 -0.4990000
v 0.1437303 -0.0829827 -0.4920718
v 0.1462881 -0.0844595 -0.4950000
v 0.1145025 -0.1145025 -0.5190000
v 0.1202082 -0.1202082 -0.5110000
v 0.1173553 -0.1173553 -0.5179282
v 0.1194437 -0.1194437 -0.5150000
v 0.1145025 -0.1145025 -0.4910000
v 0.1202082 -0.1202082 -0.4990000
v 0.1173553 -0.1173553 -0.4920718
v 0.1194437 -0.1194437 -0.4950000
v 0.0809655 -0.1402363 -0.5190000
v 0.0850000 -0.1472243 -0.5110000
v 0.0829827 -0.1437303 -0.5179282
v 0.0844595 -0.1462881 -0.5150000
v 0.0809655 -0.1402363 -0.4910000
v 0.0850000 -0.1472243 -0.4990000
v 0.0829827 -0.1437303 -0.4920718
v 0.0844595 -0.1462881 -0.4950000
v 0.0419108 -0.1564133 -0.5190000
v 0.0439992 -0.1642074 -0.5110000
v 0.0429550 -0.1603103 -0.5179282
v 0.0437194 -0.1631632 -0.5150000
v 0.0419108 -0.1564133 -0.4910000
v 0.0439992 -0.1642074 -0.4990000
v 0.0429550 -0.1603103 -0.4920718
v 0.0437194 -0.1631632 -0.4950000
v 0.0000000 -0.1619310 -0.5190000
v 0.0000000 -0.1700000 -0.5110000
v 0.0000000 -0.1659655 -0.5179282
v 0.0000000 -0.1689190 -0.5150000
v -0.0000000 -0.1619310 -0.4910000
v 0.0000000 -0.1700000 -0.4990000
v -0.0000000 -0.1659655 -0.4920718
v -0.0000000 -0.1689190 -0.4950000
v -0.0419108 -0.1564133 -0.5190000
v -0.0439992 -0.1642074 -0.5110000
v -0.0429550 -0.1603103 -0.5179282
v -0.0437194 -0.1631632 -0.5150000
v -0.0419108 -0.1564133 -0.4910000
v -0.0439992 -0.1642074 -0.4990000
v -0.0429550 -0.1603103 -0.4920718
v -0.0437194 -0.1631632 -0.4950000
v -0.0809655 -0.1402363 -0.5190000
v -0.0850000 -0.1472243 -0.5110000
v -0.0829827 -0.1437303 -0.5179282
v -0.0844595 -0.1462881 -0.5150000
v -0.0809655 -0.1402363 -0.4910000
v -0.0850000 -0.1472243 -0.4990000
v -0.0829827 -0.1437303 -0.4920718
v -0.0844595 -0.1462881 -0.4950000
v -0.1145025 -0.1145025 -0.5190000
v -0.1202082 -0.1202082 -0.5110000
v -0.1173553 -0.1173553 -0.5179282
v -0.1194437 -0.1194437 -0.5150000
v -0.1145025 -0.1145025 -0.4910000
v -0.1202082 -0.1202082 -0.4990000
v -0.1173553 -0.1173553 -0.4920718
v -0.1194437 -0.1194437 -0.4950000
v -0.1402363 -0.0809655 -0.5190000
v -0.1472243 -0.0850000 -0.5110000
v -0.1437303 -0.0829827 -0.5179282
v -0.1462881 -0.0844595 -0.5150000
v -0.1402363 -0.0809655 -0.4910000
v -0.1472243 -0.0850000 -0.4990000
v -0.1437303 -0.0829827 -0.4920718
v -0.1462881 -0.0844595 -0.4950000
v -0.1564133 -0.0419108 -0.5190000
v -0.1642074 -0.0439992 -0.5110000
v -0.1603103 -0.0429550 -0.5179282
v -0.1631632 -0.0437194 -0.5150000
v -0.1564133 -0.0419108 -0.4910000
v -0.1642074 -0.0439992 -0.4990000
v -0.1603103 -0.0429550 -0.4920718
v -0.1631632 -0.0437194 -0.4950000
v -0.1619310 -0.0000000 -0.5190000
v -0.1700000 0.0000000 -0.5110000
v -0.1659655 -0.0000000 -0.5179282
v -0.1689190 -0.0000000 -0.5150000
v -0.1619310 0.0000000 -0.4910000
v -0.1700000 0.0000000 -0.4990000
v -0.1659655 0.0000000 -0.4920718
v -0.1689190 0.0000000 -0.4950000
v -0.1564133 0.0419108 -0.5190000
v -0.1642074 0.0439992 -0.5110000
v -0.1603103 0.0429550 -0.5179282
v -0.1631632 0.0437194 -0.5150000
v -0.1564133 0.0419108 -0.4910000
v -0.1642074 0.0439992 -0.4990000
v -0.1603103 0.0429550 -0.4920718
v -0.1631632 0.0437194 -0.4950000
v -0.1402363 0.0809655 -0.5190000
v -0.1472243 0.0850000 -0.5110000
v -0.1437303 0.0829827 -0.5179282
v -0.1462881 0.0844595 -0.5150000
v -0.1402363 0.0809655 -0.4910000
v -0.1472243 0.0850000 -0.4990000
v -0.1437303 0.0829827 -0.4920718
v -0.1462881 0.0844595 -0.4950000
v -0.1145025 0.1145025 -0.5190000
v -0.1202082 0.1202082 -0.5110000
v -0.1173553 0.1173553 -0.5179282
v -0.1194437 0.1194437 -0.5150000
v -0.1145025 0.1145025 -0.4910000
v -0.1202082 0.1202082 -0.4990000
v -0.1173553 0.1173553 -0.4920718
v -0.1194437 0.1194437 -0.4950000
v -0.0809655 0.1402363 -0.5190000
v -0.0850000 0.1472243 -0.5110000
v -0.0829827 0.1437303 -0.5179282
v -0.0844595 0.1462881 -0.5150000
v -0.0809655 0.1402363 -0.4910000
v -0.0850000 0.1472243 -0.4990000
v -0.0829827 0.1437303 -0.4920718
v -0.0844595 0.1462881 -0.4950000
v -0.0419108 0.1564133 -0.5190000
v -0.0439992 0.1642074 -0.5110000
v -0.0429550 0.1603103 -0.5179282
v -0.0437194 0.1631632 -0.5150000
v -0.0419108 0.1564133 -0.4910000
v -0.0439992 0.1642074 -0.4990000
v -0.0429550 0.1603103 -0.4920718
v -0.0437194 0.1631632 -0.4950000
v -0.0000000 0.1619310 -0.5900000
v 0.0000000 0.1700000 -0.5820000
v -0.0000000 0.1659655 -0.5889282
v -0.0000000 0.1689190 -0.5860000
v 0.0000000 0.1619310 -0.5620000
v 0.0000000 0.1700000 -0.5700000
v 0.0000000 0.1659655 -0.5630718
v 0.0000000 0.1689190 -0.5660000
v 0.0419108 0.1564133 -0.5900000
v 0.0439992 0.1642074 -0.5820000
v 0.0429550 0.1603103 -0.5889282
v 0.0437194 0.1631632 -0.5860000
v 0.0419108 0.1564133 -0.5620000
v 0.0439992 0.1642074 -0.5700000
v 0.0429550 0.1603103 -0.5630718
v 0.0437194 0.1631632 -0.5660000
v 0.0809655 0.1402363 -0.5900000
v 0.0850000 0.1472243 -0.5820000
v 0.0829827 0.1437303 -0.5889282
v 0.0844595 0.1462881 -0.5860000
v 0.0809655 0.1402363 -0.5620000
v 0.0850000 0.1472243 -0.5700000
v 0.0829827 0.1437303 -0.5630718
v 0.0844595 0.1462881 -0.5660000
v 0.1145025 0.1145025 -0.5900000
v 0.1202082 0.1202082 -0.5820000
v 0.1173553 0.1173553 -0.5889282
v 0.1194437 0.1194437 -0.5860000
v 0.1145025 0.1145025 -0.5620000
v 0.1202082 0.1202082 -0.5700000
v 0.1173553 0.1173553 -0.5630718
v 0.1194437 0.1194437 -0.5660000
v 0.1402363 0.0809655 -0.5900000
v 0.1472243 0.0850000 -0.5820000
v 0.1437303 0.0829827 -0.5889282
v 0.1462881 0.0844595 -0.5860000
v 0.1402363 0.0809655 -0.5620000
v 0.1472243 0.0850000 -0.5700000
v 0.1437303 0.0829827 -0.5630718
v 0.1462881 0.0844595 -0.5660000
v 0.1564133 0.0419108 -0.5900000
v 0.1642074 0.0439992 -0.5820000
v 0.1603103 0.0429550 -0.5889282
v 0.1631632 0.0437194 -0.5860000
v 0.1564133 0.0419108 -0.5620000
v 0.1642074 0.0439992 -0.5700000
v 0.1603103 0.0429550 -0.5630718
v 0.1631632 0.0437194 -0.5660000
v 0.1619310 0.0000000 -0.5900000
v 0.1700000 0.0000000 -0.5820000
v 0.1659655 0.0000000 -0.5889282
v 0.1689190 0.0000000 -0.5860000
v 0.1619310 -0.0000000 -0.5620000
v 0.1700000 0.0000000 -0.5700000
v 0.1659655 -0.0000000 -0.5630718
v 0.1689190 -0.0000000 -0.5660000
v 0.1564133 -0.0419108 -0.5900000
v 0.1642074 -0.0439992 -0.5820000
v 0.1603103 -0.0429550 -0.5889282
v 0.1631632 -0.0437194 -0.5860000
v 0.1564133 -0.0419108 -0.5620000
v 0.1642074 -0.0439992 -0.5700000
v 0.1603103 -0.0429550 -0.5630718
v 0.1631632 -0.0437194 -0.5660000
v 0.1402363 -0.0809655 -0.5900000
v 0.1472243 -0.0850000 -0.5820000
v 0.1437303 -0.0829827 -0.5889282
v 0.1462881 -0.0844595 -0.5860000
v 0.1402363 -0.0809655 -0.5620000
v 0.1472243 -0.0850000 -0.5700000
v 0.1437303 -0.0829827 -0.5630718
v 0.1462881 -0.0844595 -0.5660000
v 0.1145025 -0.1145025 -0.5900000
v 0.1202082 -0.1202082 -0.5820000
v 0.1173553 -0.1173553 -0.5889282
v 0.1194437 -0.1194437 -0.5860000
v 0.1145025 -0.1145025 -0.5620000
v 0.1202082 -0.1202082 -0.5700000
v 0.1173553 -0.1173553 -0.5630718
v 0.1194437 -0.1194437 -0.5660000
v 0.0809655 -0.1402363 -0.5900000
v 0.0850000 -0.1472243 -0.5820000
v 0.0829827 -0.1437303 -0.5889282
v 0.0844595 -0.1462881 -0.5860000
v 0.0809655 -0.1402363 -0.5620000
v 0.0850000 -0.1472243 -0.5700000
v 0.0829827 -0.1437303 -0.5630718
v 0.0844595 -0.1462881 -0.5660000
v 0.0419108 -0.1564133 -0.5900000
v 0.0439992 -0.1642074 -0.5820000
v 0.0429550 -0.1603103 -0.5889282
v 0.0437194 -0.1631632 -0.5860000
v 0.0419108 -0.1564133 -0.5620000
v 0.0439992 -0.1642074 -0.5700000
v 0.0429550 -0.1603103 -0.5630718
v 0.0437194 -0.1631632 -0.5660000
v 0.0000000 -0.1619310 -0.5900000
v 0.0000000 -0.1700000 -0.5820000
v 0.0000000 -0.1659655 -0.5889282
v 0.0000000 -0.1689190 -0.5860000
v -0.0000000 -0.1619310 -0.5620000
v 0.0000000 -0.1700000 -0.5700000
v -0.0000000 -0.1659655 -0.5630718
v -0.0000000 -0.1689190 -0.5660000
v -0.0419108 -0.1564133 -0.5900000
v -0.0439992 -0.1642074 -0.5820000
v -0.0429550 -0.1603103 -0.5889282
v -0.0437194 -0.1631632 -0.5860000
v -0.0419108 -0.1564133 -0.5620000
v -0.0439992 -0.1642074 -0.5700000
v -0.0429550 -0.1603103 -0.5630718
v -0.0437194 -0.1631632 -0.5660000
v -0.0809655 -0.1402363 -0.5900000
v -0.0850000 -0.1472243 -0.5820000
v -0.0829827 -0.1437303 -0.5889282
v -0.0844595 -0.1462881 -0.5860000
v -0.0809655 -0.1402363 -0.5620000
v -0.0850000 -0.1472243 -0.5700000
v -0.0829827 -0.1437303 -0.5630718
v -0.0844595 -0.1462881 -0.5660000
v -0.1145025 -0.1145025 -0.5900000
v -0.1202082 -0.1202082 -0.5820000
v -0.1173553 -0.1173553 -0.5889282
v -0.1194437 -0.1194437 -0.5860000
v -0.1145025 -0.1145025 -0.5620000
v -0.1202082 -0.1202082 -0.5700000
v -0.1173553 -0.1173553 -0.5630718
v -0.1194437 -0.1194437 -0.5660000
v -0.1402363 -0.0809655 -0.5900000
v -0.1472243 -0.0850000 -0.5820000
v -0.1437303 -0.0829827 -0.5889282
v -0.1462881 -0.0844595 -0.5860000
v -0.1402363 -0.0809655 -0.5620000
v -0.1472243 -0.0850000 -0.5700000
v -0.1437303 -0.0829827 -0.5630718
v -0.1462881 -0.0844595 -0.5660000
v -0.1564133 -0.0419108 -0.5900000
v -0.1642074 -0.0439992 -0.5820000
v -0.1603103 -0.0429550 -0.5889282
v -0.1631632 -0.0437194 -0.5860000
v -0.1564133 -0.0419108 -0.5620000
v -0.1642074 -0.0439992 -0.5700000
v -0.1603103 -0.0429550 -0.5630718
v -0.1631632 -0.0437194 -0.5660000
v -0.1619310 -0.0000000 -0.5900000
v -0.1700000 0.0000000 -0.5820000
v -0.1659655 -0.0000000 -0.5889282
v -0.1689190 -0.0000000 -0.5860000
v -0.1619310 0.0000000 -0.5620000
v -0.1700000 0.0000000 -0.5700000
v -0.1659655 0.0000000 -0.5630718
v -0.1689190 0.0000000 -0.5660000
v -0.1564133 0.0419108 -0.5900000
v -0.1642074 0.0439992 -0.5820000
v -0.1603103 0.0429550 -0.5889282
v -0.1631632 0.0437194 -0.5860000
v -0.1564133 0.0419108 -0.5620000
v -0.1642074 0.0439992 -0.5700000
v -0.1603103 0.0429550 -0.5630718
v -0.1631632 0.0437194 -0.5660000
v -0.1402363 0.0809655 -0.5900000
v -0.1472243 0.0850000 -0.5820000
v -0.1437303 0.0829827 -0.5889282
v -0.1462881 0.0844595 -0.5860000
v -0.1402363 0.0809655 -0.5620000
v -0.1472243 0.0850000 -0.5700000
v -0.1437303 0.0829827 -0.5630718
v -0.1462881 0.0844595 -0.5660000
v -0.1145025 0.1145025 -0.5900000
v -0.1202082 0.1202082 -0.5820000
v -0.1173553 0.1173553 -0.5889282
v -0.1194437 0.1194437 -0.5860000
v -0.1145025 0.1145025 -0.5620000
v -0.1202082 0.1202082 -0.5700000
v -0.1173553 0.1173553 -0.5630718
v -0.1194437 0.1194437 -0.5660000
v -0.0809655 0.1402363 -0.5900000
v -0.0850000 0.1472243 -0.5820000
v -0.0829827 0.1437303 -0.5889282
v -0.0844595 0.1462881 -0.5860000
v -0.0809655 0.1402363 -0.5620000
v -0.0850000 0.1472243 -0.5700000
v -0.0829827 0.1437303 -0.5630718
v -0.0844595 0.1462881 -0.5660000
v -0.0419108 0.1564133 -0.5900000
v -0.0439992 0.1642074 -0.5820000
v -0.0429550 0.1603103 -0.5889282
v -0.0437194 0.1631632 -0.5860000
v -0.0419108 0.1564133 -0.5620000
v -0.0439992 0.1642074 -0.5700000
v -0.0429550 0.1603103 -0.5630718
v -0.0437194 0.1631632 -0.5660000
v -0.0000000 0.1619310 -0.6610000
v 0.0000000 0.1700000 -0.6530000
v -0.0000000 0.1659655 -0.6599282
v -0.0000000 0.1689190 -0.6570000
v 0.0000000 0.1619310 -0.6330000
v 0.0000000 0.1700000 -0.6410000
v 0.0000000 0.1659655 -0.6340718
v 0.0000000 0.1689190 -0.6370000
v 0.0419108 0.1564133 -0.6610000
v 0.0439992 0.1642074 -0.6530000
v 0.0429550 0.1603103 -0.6599282
v 0.0437194 0.1631632 -0.6570000
v 0.0419108 0.1564133 -0.6330000
v 0.0439992 0.1642074 -0.6410000
v 0.0429550 0.1603103 -0.6340718
v 0.0437194 0.1631632 -0.6370000
v 0.0809655 0.1402363 -0.6610000
v 0.0850000 0.1472243 -0.6530000
v 0.0829827 0.1437303 -0.6599282
v 0.0844595 0.1462881 -0.6570000
v 0.0809655 0.1402363 -0.6330000
v 0.0850000 0.1472243 -0.6410000
v 0.0829827 0.1437303 -0.6340718
v 0.0844595 0.1462881 -0.6370000
v 0.1145025 0.1145025 -0.6610000
v 0.1202082 0.1202082 -0.6530000
v 0.1173553 0.1173553 -0.6599282
v 0.1194437 0.1194437 -0.6570000
v 0.1145025 0.1145025 -0.6330000
v 0.1202082 0.1202082 -0.6410000
v 0.1173553 0.1173553 -0.6340718
v 0.1194437 0.1194437 -0.6370000
v 0.1402363 0.0809655 -0.6610000
v 0.1472243 0.0850000 -0.6530000
v 0.1437303 0.0829827 -0.6599282
v 0.1462881 0.0844595 -0.6570000
v 0.1402363 0.0809655 -0.6330000
v 0.1472243 0.0850000 -0.6410000
v 0.1437303 0.0829827 -0.6340718
v 0.1462881 0.0844595 -0.6370000
v 0.1564133 0.0419108 -0.6610000
v 0.1642074 0.0439992 -0.6530000
v 0.1603103 0.0429550 -0.6599282
v 0.1631632 0.0437194 -0.6570000
v 0.1564133 0.0419108 -0.6330000
v 0.1642074 0.0439992 -0.6410000
v 0.1603103 0.0429550 -0.6340718
v 0.1631632 0.0437194 -0.6370000
v 0.1619310 0.0000000 -0.6610000
v 0.1700000 0.0000000 -0.6530000
v 0.1659655 0.0000000 -0.6599282
v 0.1689190 0.0000000 -0.6570000
v 0.1619310 -0.0000000 -0.6330000
v 0.1700000 0.0000000 -0.6410000
v 0.1659655 -0.0000000 -0.6340718
v 0.1689190 -0.0000000 -0.6370000
v 0.1564133 -0.0419108 -0.6610000
v 0.1642074 -0.0439992 -0.6530000
v 0.1603103 -0.0429550 -0.6599282
v 0.1631632 -0.0437194 -0.6570000
v 0.1564133 -0.0419108 -0.6330000
v 0.1642074 -0.0439992 -0.6410000
v 0.1603103 -0.0429550 -0.6340718
v 0.1631632 -0.0437194 -0.6370000
v 0.1402363 -0.0809655 -0.6610000
v 0.1472243 -0.0850000 -0.6530000
v 0.1437303 -0.0829827 -0.6599282
v 0.1462881 -0.0844595 -0.6570000
v 0.1402363 -0.0809655 -0.6330000
v 0.1472243 -0.0850000 -0.6410000
v 0.1437303 -0.0829827 -0.6340718
v 0.1462881 -0.0844595 -0.6370000
v 0.1145025 -0.1145025 -0.6610000
v 0.1202082 -0.1202082 -0.6530000
v 0.1173553 -0.1173553 -0.6599282
v 0.1194437 -0.1194437 -0.6570000
v 0.1145025 -0.1145025 -0.6330000
v 0.1202082 -0.1202082 -0.6410000
v 0.1173553 -0.1173553 -0.6340718
v 0.1194437 -0.1194437 -0.6370000
v 0.0809655 -0.1402363 -0.6610000
v 0.0850000 -0.1472243 -0.6530000
v 0.0829827 -0.1437303 -0.6599282
v 0.0844595 -0.1462881 -0.6570000
v 0.0809655 -0.1402363 -0.6330000
v 0.0850000 -0.1472243 -0.6410000
v 0.0829827 -0.1437303 -0.6340718
v 0.0844595 -0.1462881 -0.6370000
v 0.0419108 -0.1564133 -0.6610000
v 0.0439992 -0.1642074 -0.6530000
v 0.0429550 -0.1603103 -0.6599282
v 0.0437194 -0.1631632 -0.6570000
v 0.0419108 -0.1564133 -0.6330000
v 0.0439992 -0.1642074 -0.6410000
v 0.0429550 -0.1603103 -0.6340718
v 0.0437194 -0.1631632 -0.6370000
v 0.0000000 -0.1619310 -0.6610000
v 0.0000000 -0.1700000 -0.6530000
v 0.0000000 -0.1659655 -0.6599282
v 0.0000000 -0.1689190 -0.6570000
v -0.0000000 -0.1619310 -0.6330000
v 0.0000000 -0.1700000 -0.6410000
v -0.0000000 -0.1659655 -0.6340718
v -0.0000000 -0.1689190 -0.6370000
v -0.0419108 -0.1564133 -0.6610000
v -0.0439992 -0.1642074 -0.6530000
v -0.0429550 -0.1603103 -0.6599282
v -0.0437194 -0.1631632 -0.6570000
v -0.0419108 -0.1564133 -0.6330000
v -0.0439992 -0.1642074 -0.6410000
v -0.0429550 -0.1603103 -0.6340718
v -0.0437194 -0.1631632 -0.6370000
v -0.0809655 -0.1402363 -0.6610000
v -0.0850000 -0.1472243 -0.6530000
v -0.0829827 -0.1437303 -0.6599282
v -0.0844595 -0.1462881 -0.6570000
v -0.0809655 -0.1402363 -0.6330000
v -0.0850000 -0.1472243 -0.6410000
v -0.0829827 -0.1437303 -0.6340718
v -0.0844595 -0.1462881 -0.6370000
v -0.1145025 -0.1145025 -0.6610000
v -0.1202082 -0.1202082 -0.6530000
v -0.1173553 -0.1173553 -0.6599282
v -0.1194437 -0.1194437 -0.6570000
v -0.1145025 -0.1145025 -0.6330000
v -0.1202082 -0.1202082 -0.6410000
v -0.1173553 -0.1173553 -0.6340718
v -0.1194437 -0.1194437 -0.6370000
v -0.1402363 -0.0809655 -0.6610000
v -0.1472243 -0.0850000 -0.6530000
v -0.1437303 -0.0829827 -0.6599282
v -0.1462881 -0.0844595 -0.6570000
v -0.1402363 -0.0809655 -0.6330000
v -0.1472243 -0.0850000 -0.6410000
v -0.1437303 -0.0829827 -0.6340718
v -0.1462881 -0.0844595 -0.6370000
v -0.1564133 -0.0419108 -0.6610000
v -0.1642074 -0.0439992 -0.6530000
v -0.1603103 -0.0429550 -0.6599282
v -0.1631632 -0.0437194 -0.6570000
v -0.1564133 -0.0419108 -0.6330000
v -0.1642074 -0.0439992 -0.6410000
v -0.1603103 -0.0429550 -0.6340718
v -0.1631632 -0.0437194 -0.6370000
v -0.1619310 -0.0000000 -0.6610000
v -0.1700000 0.0000000 -0.6530000
v -0.1659655 -0.0000000 -0.6599282
v -0.1689190 -0.0000000 -0.6570000
v -0.1619310 0.0000000 -0.6330000
v -0.1700000 0.0000000 -0.6410000
v -0.1659655 0.0000000 -0.6340718
v -0.1689190 0.0000000 -0.6370000
v -0.1564133 0.0419108 -0.6610000
v -0.1642074 0.0439992 -0.6530000
v -0.1603103 0.0429550 -0.6599282
v -0.1631632 0.0437194 -0.6570000
v -0.1564133 0.0419108 -0.6330000
v -0.1642074 0.0439992 -0.6410000
v -0.1603103 0.0429550 -0.6340718
v -0.1631632 0.0437194 -0.6370000
v -0.1402363 0.0809655 -0.6610000
v -0.1472243 0.0850000 -0.6530000
v -0.1437303 0.0829827 -0.6599282
v -0.1462881 0.0844595 -0.6570000
v -0.1402363 0.0809655 -0.6330000
v -0.1472243 0.0850000 -0.6410000
v -0.1437303 0.0829827 -0.6340718
v -0.1462881 0.0844595 -0.6370000
v -0.1145025 0.1145025 -0.6610000
v -0.1202082 0.1202082 -0.6530000
v -0.1173553 0.1173553 -0.6599282
v -0.1194437 0.1194437 -0.6570000
v -0.1145025 0.1145025 -0.6330000
v -0.1202082 0.1202082 -0.6410000
v -0.1173553 0.1173553 -0.6340718
v -0.1194437 0.1194437 -0.6370000
v -0.0809655 0.1402363 -0.6610000
v -0.0850000 0.1472243 -0.6530000
v -0.0829827 0.1437303 -0.6599282
v -0.0844595 0.1462881 -0.6570000
v -0.0809655 0.1402363 -0.6330000
v -0.0850000 0.1472243 -0.6410000
v -0.0829827 0.1437303 -0.6340718
v -0.0844595 0.1462881 -0.6370000
v -0.0419108 0.1564133 -0.6610000
v -0.0439992 0.1642074 -0.6530000
v -0.0429550 0.1603103 -0.6599282
v -0.0437194 0.1631632 -0.6570000
v -0.0419108 0.1564133 -0.6330000
v -0.0439992 0.1642074 -0.6410000
v -0.0429550 0.1603103 -0.6340718
v -0.0437194 0.1631632 -0.6370000
v -0.0000000 0.1619310 -0.7320000
v 0.0000000 0.1700000 -0.7240000
v -0.0000000 0.1659655 -0.7309282
v -0.0000000 0.1689190 -0.7280000
v 0.0000000 0.1619310 -0.7040000
v 0.0000000 0.1700000 -0.7120000
v 0.0000000 0.1659655 -0.7050718
v 0.0000000 0.1689190 -0.7080000
v 0.0419108 0.1564133 -0.7320000
v 0.0439992 0.1642074 -0.7240000
v 0.0429550 0.1603103 -0.7309282
v 0.0437194 0.1631632 -0.7280000
v 0.0419108 0.1564133 -0.7040000
v 0.0439992 0.1642074 -0.7120000
v 0.0429550 0.1603103 -0.7050718
v 0.0437194 0.1631632 -0.7080000
v 0.0809655 0.1402363 -0.7320000
v 0.0850000 0.1472243 -0.7240000
v 0.0829827 0.1437303 -0.7309282
v 0.0844595 0.1462881 -0.7280000
v 0.0809655 0.1402363 -0.7040000
v 0.0850000 0.1472243 -0.7120000
v 0.0829827 0.1437303 -0.7050718
v 0.0844595 0.1462881 -0.7080000
v 0.1145025 0.1145025 -0.7320000
v 0.1202082 0.1202082 -0.7240000
v 0.1173553 0.1173553 -0.7309282
v 0.1194437 0.1194437 -0.7280000
v 0.1145025 0.1145025 -0.7040000
v 0.1202082 0.1202082 -0.7120000
v 0.1173553 0.1173553 -0.7050718
v 0.1194437 0.1194437 -0.7080000
v 0.1402363 0.0809655 -0.7320000
v 0.1472243 0.0850000 -0.7240000
v 0.1437303 0.0829827 -0.7309282
v 0.1462881 0.0844595 -0.7280000
v 0.1402363 0.0809655 -0.7040000
v 0.1472243 0.0850000 -0.7120000
v 0.1437303 0.0829827 -0.7050718
v 0.1462881 0.0844595 -0.7080000
v 0.1564133 0.0419108 -0.7320000
v 0.1642074 0.0439992 -0.7240000
v 0.1603103 0.0429550 -0.7309282
v 0.1631632 0.0437194 -0.7280000
v 0.1564133 0.0419108 -0.7040000
v 0.1642074 0.0439992 -0.7120000
v 0.1603103 0.0429550 -0.7050718
v 0.1631632 0.0437194 -0.7080000
v 0.1619310 0.0000000 -0.7320000
v 0.1700000 0.0000000 -0.7240000
v 0.1659655 0.0000000 -0.7309282
v 0.1689190 0.0000000 -0.7280000
v 0.1619310 -0.0000000 -0.7040000
v 0.1700000 0.0000000 -0.7120000
v 0.1659655 -0.0000000 -0.7050718
v 0.1689190 -0.0000000 -0.7080000
v 0.1564133 -0.0419108 -0.7320000
v 0.1642074 -0.0439992 -0.7240000
v 0.1603103 -0.0429550 -0.7309282
v 0.1631632 -0.0437194 -0.7280000
v 0.1564133 -0.0419108 -0.7040000
v 0.1642074 -0.0439992 -0.7120000
v 0.1603103 -0.0429550 -0.7050718
v 0.1631632 -0.0437194 -0.7080000
v 0.1402363 -0.0809655 -0.7320000
v 0.1472243 -0.0850000 -0.7240000
v 0.1437303 -0.0829827 -0.7309282
v 0.1462881 -0.0844595 -0.7280000
v 0.1402363 -0.0809655 -0.7040000
v 0.1472243 -0.0850000 -0.7120000
v 0.1437303 -0.0829827 -0.7050718
v 0.1462881 -0.0844595 -0.7080000
v 0.1145025 -0.1145025 -0.7320000
v 0.1202082 -0.1202082 -0.7240000
v 0.1173553 -0.1173553 -0.7309282
v 0.1194437 -0.1194437 -0.7280000
v 0.1145025 -0.1145025 -0.7040000
v 0.1202082 -0.1202082 -0.7120000
v 0.1173553 -0.1173553 -0.7050718
v 0.1194437 -0.1194437 -0.7080000
v 0.0809655 -0.1402363 -0.7320000
v 0.0850000 -0.1472243 -0.7240000
v 0.0829827 -0.1437303 -0.7309282
v 0.0844595 -0.1462881 -0.7280000
v 0.0809655 -0.1402363 -0.7040000
v 0.0850000 -0.1472243 -0.7120000
v 0.0829827 -0.1437303 -0.7050718
v 0.0844595 -0.1462881 -0.7080000
v 0.0419108 -0.1564133 -0.7320000
v 0.0439992 -0.1642074 -0.7240000
v 0.0429550 -0.1603103 -0.7309282
v 0.0437194 -0.1631632 -0.7280000
v 0.0419108 -0.1564133 -0.7040000
v 0.0439992 -0.1642074 -0.7120000
v 0.0429550 -0.1603103 -0.7050718
v 0.0437194 -0.1631632 -0.7080000
v 0.0000000 -0.1619310 -0.7320000
v 0.0000000 -0.1700000 -0.7240000
v 0.0000000 -0.1659655 -0.7309282
v 0.0000000 -0.1689190 -0.7280000
v -0.0000000 -0.1619310 -0.7040000
v 0.0000000 -0.1700000 -0.7120000
v -0.0000000 -0.1659655 -0.7050718
v -0.0000000 -0.1689190 -0.7080000
v -0.0419108 -0.1564133 -0.7320000
v -0.0439992 -0.1642074 -0.7240000
v -0.0429550 -0.1603103 -0.7309282
v -0.0437194 -0.1631632 -0.7280000
v -0.0419108 -0.1564133 -0.7040000
v -0.0439992 -0.1642074 -0.7120000
v -0.0429550 -0.1603103 -0.7050718
v -0.0437194 -0.1631632 -0.7080000
v -0.0809655 -0.1402363 -0.7320000
v -0.0850000 -0.1472243 -0.7240000
v -0.0829827 -0.1437303 -0.7309282
v -0.0844595 -0.1462881 -0.7280000
v -0.0809655 -0.1402363 -0.7040000
v -0.0850000 -0.1472243 -0.7120000
v -0.0829827 -0.1437303 -0.7050718
v -0.0844595 -0.1462881 -0.7080000
v -0.1145025 -0.1145025 -0.7320000
v -0.1202082 -0.1202082 -0.7240000
v -0.1173553 -0.1173553 -0.7309282
v -0.1194437 -0.1194437 -0.7280000
v -0.1145025 -0.1145025 -0.7040000
v -0.1202082 -0.1202082 -0.7120000
v -0.1173553 -0.1173553 -0.7050718
v -0.1194437 -0.1194437 -0.7080000
v -0.1402363 -0.0809655 -0.7320000
v -0.1472243 -0.0850000 -0.7240000
v -0.1437303 -0.0829827 -0.7309282
v -0.1462881 -0.0844595 -0.7280000
v -0.1402363 -0.0809655 -0.7040000
v -0.1472243 -0.0850000 -0.7120000
v -0.1437303 -0.0829827 -0.7050718
v -0.1462881 -0.0844595 -0.7080000
v -0.1564133 -0.0419108 -0.7320000
v -0.1642074 -0.0439992 -0.7240000
v -0.1603103 -0.0429550 -0.7309282
v -0.1631632 -0.0437194 -0.7280000
v -0.1564133 -0.0419108 -0.7040000
v -0.1642074 -0.0439992 -0.7120000
v -0.1603103 -0.0429550 -0.7050718
v -0.1631632 -0.0437194 -0.7080000
v -0.1619310 -0.0000000 -0.7320000
v -0.1700000 0.0000000 -0.7240000
v -0.1659655 -0.0000000 -0.7309282
v -0.1689190 -0.0000000 -0.7280000
v -0.1619310 0.0000000 -0.7040000
v -0.1700000 0.0000000 -0.7120000
v -0.1659655 0.0000000 -0.7050718
v -0.1689190 0.0000000 -0.7080000
v -0.1564133 0.0419108 -0.7320000
v -0.1642074 0.0439992 -0.7240000
v -0.1603103 0.0429550 -0.7309282
v -0.1631632 0.0437194 -0.7280000
v -0.1564133 0.0419108 -0.7040000
v -0.1642074 0.0439992 -0.7120000
v -0.1603103 0.0429550 -0.7050718
v -0.1631632 0.0437194 -0.7080000
v -0.1402363 0.0809655 -0.7320000
v -0.1472243 0.0850000 -0.7240000
v -0.1437303 0.0829827 -0.7309282
v -0.1462881 0.0844595 -0.7280000
v -0.1402363 0.0809655 -0.7040000
v -0.1472243 0.0850000 -0.7120000
v -0.1437303 0.0829827 -0.7050718
v -0.1462881 0.0844595 -0.7080000
v -0.1145025 0.1145025 -0.7320000
v -0.1202082 0.1202082 -0.7240000
v -0.1173553 0.1173553 -0.7309282
v -0.1194437 0.1194437 -0.7280000
v -0.1145025 0.1145025 -0.7040000
v -0.1202082 0.1202082 -0.7120000
v -0.1173553 0.1173553 -0.7050718
v -0.1194437 0.1194437 -0.7080000
v -0.0809655 0.1402363 -0.7320000
v -0.0850000 0.1472243 -0.7240000
v -0.0829827 0.1437303 -0.7309282
v -0.0844595 0.1462881 -0.7280000
v -0.0809655 0.1402363 -0.7040000
v -0.0850000 0.1472243 -0.7120000
v -0.0829827 0.1437303 -0.7050718
v -0.0844595 0.1462881 -0.7080000
v -0.0419108 0.1564133 -0.7320000
v -0.0439992 0.1642074 -0.7240000
v -0.0429550 0.1603103 -0.7309282
v -0.0437194 0.1631632 -0.7280000
v -0.0419108 0.1564133 -0.7040000
v -0.0439992 0.1642074 -0.7120000
v -0.0429550 0.1603103 -0.7050718
v -0.0437194 0.1631632 -0.7080000
v -0.0000000 0.1619310 -0.8030000
v 0.0000000 0.1700000 -0.7950000
v -0.0000000 0.1659655 -0.8019282
v -0.0000000 0.1689190 -0.7990000
v 0.0000000 0.1619310 -0.7750000
v 0.0000000 0.1700000 -0.7830000
v 0.0000000 0.1659655 -0.7760718
v 0.0000000 0.1689190 -0.7790000
v 0.0419108 0.1564133 -0.8030000
v 0.0439992 0.1642074 -0.7950000
v 0.0429550 0.1603103 -0.8019282
v 0.0437194 0.1631632 -0.7990000
v 0.0419108 0.1564133 -0.7750000
v 0.0439992 0.1642074 -0.7830000
v 0.0429550 0.1603103 -0.7760718
v 0.0437194 0.1631632 -0.7790000
v 0.0809655 0.1402363 -0.8030000
v 0.0850000 0.1472243 -0.7950000
v 0.0829827 0.1437303 -0.8019282
v 0.0844595 0.1462881 -0.7990000
v 0.0809655 0.1402363 -0.7750000
v 0.0850000 0.1472243 -0.7830000
v 0.0829827 0.1437303 -0.7760718
v 0.0844595 0.1462881 -0.7790000
v 0.1145025 0.1145025 -0.8030000
v 0.1202082 0.1202082 -0.7950000
v 0.1173553 0.1173553 -0.8019282
v 0.1194437 0.1194437 -0.7990000
v 0.1145025 0.1145025 -0.7750000
v 0.1202082 0.1202082 -0.7830000
v 0.1173553 0.1173553 -0.7760718
v 0.1194437 0.1194437 -0.7790000
v 0.1402363 0.0809655 -0.8030000
v 0.1472243 0.0850000 -0.7950000
v 0.1437303 0.0829827 -0.8019282
v 0.1462881 0.0844595 -0.7990000
v 0.1402363 0.0809655 -0.7750000
v 0.1472243 0.0850000 -0.7830000
v 0.1437303 0.0829827 -0.7760718
v 0.1462881 0.0844595 -0.7790000
v 0.1564133 0.0419108 -0.8030000
v 0.1642074 0.0439992 -0.7950000
v 0.1603103 0.0429550 -0.8019282
v 0.1631632 0.0437194 -0.7990000
v 0.1564133 0.0419108 -0.7750000
v 0.1642074 0.0439992 -0.7830000
v 0.1603103 0.0429550 -0.7760718
v 0.1631632 0.0437194 -0.7790000
v 0.1619310 0.0000000 -0.8030000
v 0.1700000 0.0000000 -0.7950000
v 0.1659655 0.0000000 -0.8019282
v 0.1689190 0.0000000 -0.7990000
v 0.1619310 -0.0000000 -0.7750000
v 0.1700000 0.0000000 -0.7830000
v 0.1659655 -0.0000000 -0.7760718
v 0.1689190 -0.0000000 -0.7790000
v 0.1564133 -0.0419108 -0.8030000
v 0.1642074 -0.0439992 -0.7950000
v 0.1603103 -0.0429550 -0.8019282
v 0.1631632 -0.0437194 -0.7990000
v 0.1564133 -0.0419108 -0.7750000
v 0.1642074 -0.0439992 -0.7830000
v 0.1603103 -0.0429550 -0.7760718
v 0.1631632 -0.0437194 -0.7790000
v 0.1402363 -0.0809655 -0.8030000
v 0.1472243 -0.0850000 -0.7950000
v 0.1437303 -0.0829827 -0.8019282
v 0.1462881 -0.0844595 -0.7990000
v 0.1402363 -0.0809655 -0.7750000
v 0.1472243 -0.0850000 -0.7830000
v 0.1437303 -0.0829827 -0.7760718
v 0.1462881 -0.0844595 -0.7790000
v 0.1145025 -0.1145025 -0.8030000
v 0.1202082 -0.1202082 -0.7950000
v 0.1173553 -0.1173553 -0.8019282
v 0.1194437 -0.1194437 -0.7990000
v 0.1145025 -0.1145025 -0.7750000
v 0.1202082 -0.1202082 -0.7830000
v 0.1173553 -0.1173553 -0.7760718
v 0.1194437 -0.1194437 -0.7790000
v 0.0809655 -0.1402363 -0.8030000
v 0.0850000 -0.1472243 -0.7950000
v 0.0829827 -0.1437303 -0.8019282
v 0.0844595 -0.1462881 -0.7990000
v 0.0809655 -0.1402363 -0.7750000
v 0.0850000 -0.1472243 -0.7830000
v 0.0829827 -0.1437303 -0.7760718
v 0.0844595 -0.1462881 -0.7790000
v 0.0419108 -0.1564133 -0.8030000
v 0.0439992 -0.1642074 -0.7950000
v 0.0429550 -0.1603103 -0.8019282
v 0.0437194 -0.1631632 -0.7990000
v 0.0419108 -0.1564133 -0.7750000
v 0.0439992 -0.1642074 -0.7830000
v 0.0429550 -0.1603103 -0.7760718
v 0.0437194 -0.1631632 -0.7790000
v 0.0000000 -0.1619310 -0.8030000
v 0.0000000 -0.1700000 -0.7950000
v 0.0000000 -0.1659655 -0.8019282
v 0.0000000 -0.1689190 -0.7990000
v -0.0000000 -0.1619310 -0.7750000
v 0.0000000 -0.1700000 -0.7830000
v -0.0000000 -0.1659655 -0.7760718
v -0.0000000 -0.1689190 -0.7790000
v -0.0419108 -0.1564133 -0.8030000
v -0.0439992 -0.1642074 -0.7950000
v -0.0429550 -0.1603103 -0.8019282
v -0.0437194 -0.1631632 -0.7990000
v -0.0419108 -0.1564133 -0.7750000
v -0.0439992 -0.1642074 -0.7830000
v -0.0429550 -0.1603103 -0.7760718
v -0.0437194 -0.1631632 -0.7790000
v -0.0809655 -0.1402363 -0.8030000
v -0.0850000 -0.1472243 -0.7950000
v -0.0829827 -0.1437303 -0.8019282
v -0.0844595 -0.1462881 -0.7990000
v -0.0809655 -0.1402363 -0.7750000
v -0.0850000 -0.1472243 -0.7830000
v -0.0829827 -0.1437303 -0.7760718
v -0.0844595 -0.1462881 -0.7790000
v -0.1145025 -0.1145025 -0.8030000
v -0.1202082 -0.1202082 -0.7950000
v -0.1173553 -0.1173553 -0.8019282
v -0.1194437 -0.1194437 -0.7990000
v -0.1145025 -0.1145025 -0.7750000
v -0.1202082 -0.1202082 -0.7830000
v -0.1173553 -0.1173553 -0.7760718
v -0.1194437 -0.1194437 -0.7790000
v -0.1402363 -0.0809655 -0.8030000
v -0.1472243 -0.0850000 -0.7950000
v -0.1437303 -0.0829827 -0.8019282
v -0.1462881 -0.0844595 -0.7990000
v -0.1402363 -0.0809655 -0.7750000
v -0.1472243 -0.0850000 -0.7830000
v -0.1437303 -0.0829827 -0.7760718
v -0.1462881 -0.0844595 -0.7790000
v -0.1564133 -0.0419108 -0.8030000
v -0.1642074 -0.0439992 -0.7950000
v -0.1603103 -0.0429550 -0.8019282
v -0.1631632 -0.0437194 -0.7990000
v -0.1564133 -0.0419108 -0.7750000
v -0.1642074 -0.0439992 -0.7830000
v -0.1603103 -0.0429550 -0.7760718
v -0.1631632 -0.0437194 -0.7790000
v -0.1619310 -0.0000000 -0.8030000
v -0.1700000 0.0000000 -0.7950000
v -0.1659655 -0.0000000 -0.8019282
v -0.1689190 -0.0000000 -0.7990000
v -0.1619310 0.0000000 -0.7750000
v -0.1700000 0.0000000 -0.7830000
v -0.1659655 0.0000000 -0.7760718
v -0.1689190 0.0000000 -0.7790000
v -0.1564133 0.0419108 -0.8030000
v -0.1642074 0.0439992 -0.7950000
v -0.1603103 0.0429550 -0.8019282
v -0.1631632 0.0437194 -0.7990000
v -0.1564133 0.0419108 -0.7750000
v -0.1642074 0.0439992 -0.7830000
v -0.1603103 0.0429550 -0.7760718
v -0.1631632 0.0437194 -0.7790000
v -0.1402363 0.0809655 -0.8030000
v -0.1472243 0.0850000 -0.7950000
v -0.1437303 0.0829827 -0.8019282
v -0.1462881 0.0844595 -0.7990000
v -0.1402363 0.0809655 -0.7750000
v -0.1472243 0.0850000 -0.7830000
v -0.1437303 0.0829827 -0.7760718
v -0.1462881 0.0844595 -0.7790000
v -0.1145025 0.1145025 -0.8030000
v -0.1202082 0.1202082 -0.7950000
v -0.1173553 0.1173553 -0.8019282
v -0.1194437 0.1194437 -0.7990000
v -0.1145025 0.1145025 -0.7750000
v -0.1202082 0.1202082 -0.7830000
v -0.1173553 0.1173553 -0.7760718
v -0.1194437 0.1194437 -0.7790000
v -0.0809655 0.1402363 -0.8030000
v -0.0850000 0.1472243 -0.7950000
v -0.0829827 0.1437303 -0.8019282
v -0.0844595 0.1462881 -0.7990000
v -0.0809655 0.1402363 -0.7750000
v -0.0850000 0.1472243 -0.7830000
v -0.0829827 0.1437303 -0.7760718
v -0.0844595 0.1462881 -0.7790000
v -0.0419108 0.1564133 -0.8030000
v -0.0439992 0.1642074 -0.7950000
v -0.0429550 0.1603103 -0.8019282
v -0.0437194 0.1631632 -0.7990000
v -0.0419108 0.1564133 -0.7750000
v -0.0439992 0.1642074 -0.7830000
v -0.0429550 0.1603103 -0.7760718
v -0.0437194 0.1631632 -0.7790000
v -0.0000000 0.1619310 -0.8740000
v 0.0000000 0.1700000 -0.8660000
v -0.0000000 0.1659655 -0.8729282
v -0.0000000 0.1689190 -0.8700000
v 0.0000000 0.1619310 -0.8460000
v 0.0000000 0.1700000 -0.8540000
v 0.0000000 0.1659655 -0.8470718
v 0.0000000 0.1689190 -0.8500000
v 0.0419108 0.1564133 -0.8740000
v 0.0439992 0.1642074 -0.8660000
v 0.0429550 0.1603103 -0.8729282
v 0.0437194 0.1631632 -0.8700000
v 0.0419108 0.1564133 -0.8460000
v 0.0439992 0.1642074 -0.8540000
v 0.0429550 0.1603103 -0.8470718
v 0.0437194 0.1631632 -0.8500000
v 0.0809655 0.1402363 -0.8740000
v 0.0850000 0.1472243 -0.8660000
v 0.0829827 0.1437303 -0.8729282
v 0.0844595 0.1462881 -0.8700000
v 0.0809655 0.1402363 -0.8460000
v 0.0850000 0.1472243 -0.8540000
v 0.0829827 0.1437303 -0.8470718
v 0.0844595 0.1462881 -0.8500000
v 0.1145025 0.1145025 -0.8740000
v 0.1202082 0.1202082 -0.8660000
v 0.1173553 0.1173553 -0.8729282
v 0.1194437 0.1194437 -0.8700000
v 0.1145025 0.1145025 -0.8460000
v 0.1202082 0.1202082 -0.8540000
v 0.1173553 0.1173553 -0.8470718
v 0.1194437 0.1194437 -0.8500000
v 0.1402363 0.0809655 -0.8740000
v 0.1472243 0.0850000 -0.8660000
v 0.1437303 0.0829827 -0.8729282
v 0.1462881 0.0844595 -0.8700000
v 0.1402363 0.0809655 -0.8460000
v 0.1472243 0.0850000 -0.8540000
v 0.1437303 0.0829827 -0.8470718
v 0.1462881 0.0844595 -0.8500000
v 0.1564133 0.0419108 -0.8740000
v 0.1642074 0.0439992 -0.8660000
v 0.1603103 0.0429550 -0.8729282
v 0.1631632 0.0437194 -0.8700000
v 0.1564133 0.0419108 -0.8460000
v 0.1642074 0.0439992 -0.8540000
v 0.1603103 0.0429550 -0.8470718
v 0.1631632 0.0437194 -0.8500000
v 0.1619310 0.0000000 -0.8740000
v 0.1700000 0.0000000 -0.8660000
v 0.1659655 0.0000000 -0.8729282
v 0.1689190 0.0000000 -0.8700000
v 0.1619310 -0.0000000 -0.8460000
v 0.1700000 0.0000000 -0.8540000
v 0.1659655 -0.0000000 -0.8470718
v 0.1689190 -0.0000000 -0.8500000
v 0.1564133 -0.0419108 -0.8740000
v 0.1642074 -0.0439992 -0.8660000
v 0.1603103 -0.0429550 -0.8729282
v 0.1631632 -0.0437194 -0.8700000
v 0.1564133 -0.0419108 -0.8460000
v 0.1642074 -0.0439992 -0.8540000
v 0.1603103 -0.0429550 -0.8470718
v 0.1631632 -0.0437194 -0.8500000
v 0.1402363 -0.0809655 -0.8740000
v 0.1472243 -0.0850000 -0.8660000
v 0.1437303 -0.0829827 -0.8729282
v 0.1462881 -0.0844595 -0.8700000
v 0.1402363 -0.0809655 -0.8460000
v 0.1472243 -0.0850000 -0.8540000
v 0.1437303 -0.0829827 -0.8470718
v 0.1462881 -0.0844595 -0.8500000
v 0.1145025 -0.1145025 -0.8740000
v 0.1202082 -0.1202082 -0.8660000
v 0.1173553 -0.1173553 -0.8729282
v 0.1194437 -0.1194437 -0.8700000
v 0.1145025 -0.1145025 -0.8460000
v 0.1202082 -0.1202082 -0.8540000
v 0.1173553 -0.1173553 -0.8470718
v 0.1194437 -0.1194437 -0.8500000
v 0.0809655 -0.1402363 -0.8740000
v 0.0850000 -0.1472243 -0.8660000
v 0.0829827 -0.1437303 -0.8729282
v 0.0844595 -0.1462881 -0.8700000
v 0.0809655 -0.1402363 -0.8460000
v 0.0850000 -0.1472243 -0.8540000
v 0.0829827 -0.1437303 -0.8470718
v 0.0844595 -0.1462881 -0.8500000
v 0.0419108 -0.1564133 -0.8740000
v 0.0439992 -0.1642074 -0.8660000
v 0.0429550 -0.1603103 -0.8729282
v 0.0437194 -0.1631632 -0.8700000
v 0.0419108 -0.1564133 -0.8460000
v 0.0439992 -0.1642074 -0.8540000
v 0.0429550 -0.1603103 -0.8470718
v 0.0437194 -0.1631632 -0.8500000
v 0.0000000 -0.1619310 -0.8740000
v 0.0000000 -0.1700000 -0.8660000
v 0.0000000 -0.1659655 -0.8729282
v 0.0000000 -0.1689190 -0.8700000
v -0.0000000 -0.1619310 -0.8460000
v 0.0000000 -0.1700000 -0.8540000
v -0.0000000 -0.1659655 -0.8470718
v -0.0000000 -0.1689190 -0.8500000
v -0.0419108 -0.1564133 -0.8740000
v -0.0439992 -0.1642074 -0.8660000
v -0.0429550 -0.1603103 -0.8729282
v -0.0437194 -0.1631632 -0.8700000
v -0.0419108 -0.1564133 -0.8460000
v -0.0439992 -0.1642074 -0.8540000
v -0.0429550 -0.1603103 -0.8470718
v -0.0437194 -0.1631632 -0.8500000
v -0.0809655 -0.1402363 -0.8740000
v -0.0850000 -0.1472243 -0.8660000
v -0.0829827 -0.1437303 -0.8729282
v -0.0844595 -0.1462881 -0.8700000
v -0.0809655 -0.1402363 -0.8460000
v -0.0850000 -0.1472243 -0.8540000
v -0.0829827 -0.1437303 -0.8470718
v -0.0844595 -0.1462881 -0.8500000
v -0.1145025 -0.1145025 -0.8740000
v -0.1202082 -0.1202082 -0.8660000
v -0.1173553 -0.1173553 -0.8729282
v -0.1194437 -0.1194437 -0.8700000
v -0.1145025 -0.1145025 -0.8460000
v -0.1202082 -0.1202082 -0.8540000
v -0.1173553 -0.1173553 -0.8470718
v -0.1194437 -0.1194437 -0.8500000
v -0.1402363 -0.0809655 -0.8740000
v -0.1472243 -0.0850000 -0.8660000
v -0.1437303 -0.0829827 -0.8729282
v -0.1462881 -0.0844595 -0.8700000
v -0.1402363 -0.0809655 -0.8460000
v -0.1472243 -0.0850000 -0.8540000
v -0.1437303 -0.0829827 -0.8470718
v -0.1462881 -0.0844595 -0.8500000
v -0.1564133 -0.0419108 -0.8740000
v -0.1642074 -0.0439992 -0.8660000
v -0.1603103 -0.0429550 -0.8729282
v -0.1631632 -0.0437194 -0.8700000
v -0.1564133 -0.0419108 -0.8460000
v -0.1642074 -0.0439992 -0.8540000
v -0.1603103 -0.0429550 -0.8470718
v -0.1631632 -0.0437194 -0.8500000
v -0.1619310 -0.0000000 -0.8740000
v -0.1700000 0.0000000 -0.8660000
v -0.1659655 -0.0000000 -0.8729282
v -0.1689190 -0.0000000 -0.8700000
v -0.1619310 0.0000000 -0.8460000
v -0.1700000 0.0000000 -0.8540000
v -0.1659655 0.0000000 -0.8470718
v -0.1689190 0.0000000 -0.8500000
v -0.1564133 0.0419108 -0.8740000
v -0.1642074 0.0439992 -0.8660000
v -0.1603103 0.0429550 -0.8729282
v -0.1631632 0.0437194 -0.8700000
v -0.1564133 0.0419108 -0.8460000
v -0.1642074 0.0439992 -0.8540000
v -0.1603103 0.0429550 -0.8470718
v -0.1631632 0.0437194 -0.8500000
v -0.1402363 0.0809655 -0.8740000
v -0.1472243 0.0850000 -0.8660000
v -0.1437303 0.0829827 -0.8729282
v -0.1462881 0.0844595 -0.8700000
v -0.1402363 0.0809655 -0.8460000
v -0.1472243 0.0850000 -0.8540000
v -0.1437303 0.0829827 -0.8470718
v -0.1462881 0.0844595 -0.8500000
v -0.1145025 0.1145025 -0.8740000
v -0.1202082 0.1202082 -0.8660000
v -0.1173553 0.1173553 -0.8729282
v -0.1194437 0.1194437 -0.8700000
v -0.1145025 0.1145025 -0.8460000
v -0.1202082 0.1202082 -0.8540000
v -0.1173553 0.1173553 -0.8470718
v -0.1194437 0.1194437 -0.8500000
v -0.0809655 0.1402363 -0.8740000
v -0.0850000 0.1472243 -0.8660000
v -0.0829827 0.1437303 -0.8729282
v -0.0844595 0.1462881 -0.8700000
v -0.0809655 0.1402363 -0.8460000
v -0.0850000 0.1472243 -0.8540000
v -0.0829827 0.1437303 -0.8470718
v -0.0844595 0.1462881 -0.8500000
v -0.0419108 0.1564133 -0.8740000
v -0.0439992 0.1642074 -0.8660000
v -0.0429550 0.1603103 -0.8729282
v -0.0437194 0.1631632 -0.8700000
v -0.0419108 0.1564133 -0.8460000
v -0.0439992 0.1642074 -0.8540000
v -0.0429550 0.1603103 -0.8470718
v -0.0437194 0.1631632 -0.8500000
v -0.0000000 0.1619310 -0.9450000
v 0.0000000 0.1700000 -0.9370000
v -0.0000000 0.1659655 -0.9439282
v -0.0000000 0.1689190 -0.9410000
v 0.0000000 0.1619310 -0.9170000
v 0.0000000 0.1700000 -0.9250000
v 0.0000000 0.1659655 -0.9180718
v 0.0000000 0.1689190 -0.9210000
v 0.0419108 0.1564133 -0.9450000
v 0.0439992 0.1642074 -0.9370000
v 0.0429550 0.1603103 -0.9439282
v 0.0437194 0.1631632 -0.9410000
v 0.0419108 0.1564133 -0.9170000
v 0.0439992 0.1642074 -0.9250000
v 0.0429550 0.1603103 -0.9180718
v 0.0437194 0.1631632 -0.9210000
v 0.0809655 0.1402363 -0.9450000
v 0.0850000 0.1472243 -0.9370000
v 0.0829827 0.1437303 -0.9439282
v 0.0844595 0.1462881 -0.9410000
v 0.0809655 0.1402363 -0.9170000
v 0.0850000 0.1472243 -0.9250000
v 0.0829827 0.1437303 -0.9180718
v 0.0844595 0.1462881 -0.9210000
v 0.1145025 0.1145025 -0.9450000
v 0.1202082 0.1202082 -0.9370000
v 0.1173553 0.1173553 -0.9439282
v 0.1194437 0.1194437 -0.9410000
v 0.1145025 0.1145025 -0.9170000
v 0.1202082 0.1202082 -0.9250000
v 0.1173553 0.1173553 -0.9180718
v 0.1194437 0.1194437 -0.9210000
v 0.1402363 0.0809655 -0.9450000
v 0.1472243 0.0850000 -0.9370000
v 0.1437303 0.0829827 -0.9439282
v 0.1462881 0.0844595 -0.9410000
v 0.1402363 0.0809655 -0.9170000
v 0.1472243 0.0850000 -0.9250000
v 0.1437303 0.0829827 -0.9180718
v 0.1462881 0.0844595 -0.9210000
v 0.1564133 0.0419108 -0.9450000
v 0.1642074 0.0439992 -0.9370000
v 0.1603103 0.0429550 -0.9439282
v 0.1631632 0.0437194 -0.9410000
v 0.1564133 0.0419108 -0.9170000
v 0.1642074 0.0439992 -0.9250000
v 0.1603103 0.0429550 -0.9180718
v 0.1631632 0.0437194 -0.9210000
v 0.1619310 0.0000000 -0.9450000
v 0.1700000 0.0000000 -0.9370000
v 0.1659655 0.0000000 -0.9439282
v 0.1689190 0.0000000 -0.9410000
v 0.1619310 -0.0000000 -0.9170000
v 0.1700000 0.0000000 -0.9250000
v 0.1659655 -0.0000000 -0.9180718
v 0.1689190 -0.0000000 -0.9210000
v 0.1564133 -0.0419108 -0.9450000
v 0.1642074 -0.0439992 -0.9370000
v 0.1603103 -0.0429550 -0.9439282
v 0.1631632 -0.0437194 -0.9410000
v 0.1564133 -0.0419108 -0.9170000
v 0.1642074 -0.0439992 -0.9250000
v 0.1603103 -0.0429550 -0.9180718
v 0.1631632 -0.0437194 -0.9210000
v 0.1402363 -0.0809655 -0.9450000
v 0.1472243 -0.0850000 -0.9370000
v 0.1437303 -0.0829827 -0.9439282
v 0.1462881 -0.0844595 -0.9410000
v 0.1402363 -0.0809655 -0.9170000
v 0.1472243 -0.0850000 -0.9250000
v 0.1437303 -0.0829827 -0.9180718
v 0.1462881 -0.0844595 -0.9210000
v 0.1145025 -0.1145025 -0.9450000
v 0.1202082 -0.1202082 -0.9370000
v 0.1173553 -0.1173553 -0.9439282
v 0.1194437 -0.1194437 -0.9410000
v 0.1145025 -0.1145025 -0.9170000
v 0.1202082 -0.1202082 -0.9250000
v 0.1173553 -0.1173553 -0.9180718
v 0.1194437 -0.1194437 -0.9210000
v 0.0809655 -0.1402363 -0.9450000
v 0.0850000 -0.1472243 -0.9370000
v 0.0829827 -0.1437303 -0.9439282
v 0.0844595 -0.1462881 -0.9410000
v 0.0809655 -0.1402363 -0.9170000
v 0.0850000 -0.1472243 -0.9250000
v 0.0829827 -0.1437303 -0.9180718
v 0.0844595 -0.1462881 -0.9210000
v 0.0419108 -0.1564133 -0.9450000
v 0.0439992 -0.1642074 -0.9370000
v 0.0429550 -0.1603103 -0.9439282
v 0.0437194 -0.1631632 -0.9410000
v 0.0419108 -0.1564133 -0.9170000
v 0.0439992 -0.1642074 -0.9250000
v 0.0429550 -0.1603103 -0.9180718
v 0.0437194 -0.1631632 -0.9210000
v 0.0000000 -0.1619310 -0.9450000
v 0.0000000 -0.1700000 -0.9370000
v 0.0000000 -0.1659655 -0.9439282
v 0.0000000 -0.1689190 -0.9410000
v -0.0000000 -0.1619310 -0.9170000
v 0.0000000 -0.1700000 -0.9250000
v -0.0000000 -0.1659655 -0.9180718
v -0.0000000 -0.1689190 -0.9210000
v -0.0419108 -0.1564133 -0.9450000
v -0.0439992 -0.1642074 -0.9370000
v -0.0429550 -0.1603103 -0.9439282
v -0.0437194 -0.1631632 -0.9410000
v -0.0419108 -0.1564133 -0.9170000
v -0.0439992 -0.1642074 -0.9250000
v -0.0429550 -0.1603103 -0.9180718
v -0.0437194 -0.1631632 -0.9210000
v -0.0809655 -0.1402363 -0.9450000
v -0.0850000 -0.1472243 -0.9370000
v -0.0829827 -0.1437303 -0.9439282
v -0.0844595 -0.1462881 -0.9410000
v -0.0809655 -0.1402363 -0.9170000
v -0.0850000 -0.1472243 -0.9250000
v -0.0829827 -0.1437303 -0.9180718
v -0.0844595 -0.1462881 -0.9210000
v -0.1145025 -0.1145025 -0.9450000
v -0.1202082 -0.1202082 -0.9370000
v -0.1173553 -0.1173553 -0.9439282
v -0.1194437 -0.1194437 -0.9410000
v -0.1145025 -0.1145025 -0.9170000
v -0.1202082 -0.1202082 -0.9250000
v -0.1173553 -0.1173553 -0.9180718
v -0.1194437 -0.1194437 -0.9210000
v -0.1402363 -0.0809655 -0.9450000
v -0.1472243 -0.0850000 -0.9370000
v -0.1437303 -0.0829827 -0.9439282
v -0.1462881 -0.0844595 -0.9410000
v -0.1402363 -0.0809655 -0.9170000
v -0.1472243 -0.0850000 -0.9250000
v -0.1437303 -0.0829827 -0.9180718
v -0.1462881 -0.0844595 -0.9210000
v -0.1564133 -0.0419108 -0.9450000
v -0.1642074 -0.0439992 -0.9370000
v -0.1603103 -0.0429550 -0.9439282
v -0.1631632 -0.0437194 -0.9410000
v -0.1564133 -0.0419108 -0.9170000
v -0.1642074 -0.0439992 -0.9250000
v -0.1603103 -0.0429550 -0.9180718
v -0.1631632 -0.0437194 -0.9210000
v -0.1619310 -0.0000000 -0.9450000
v -0.1700000 0.0000000 -0.9370000
v -0.1659655 -0.0000000 -0.9439282
v -0.1689190 -0.0000000 -0.9410000
v -0.1619310 0.0000000 -0.9170000
v -0.1700000 0.0000000 -0.9250000
v -0.1659655 0.0000000 -0.9180718
v -0.1689190 0.0000000 -0.9210000
v -0.1564133 0.0419108 -0.9450000
v -0.1642074 0.0439992 -0.9370000
v -0.1603103 0.0429550 -0.9439282
v -0.1631632 0.0437194 -0.9410000
v -0.1564133 0.0419108 -0.9170000
v -0.1642074 0.0439992 -0.9250000
v -0.1603103 0.0429550 -0.9180718
v -0.1631632 0.0437194 -0.9210000
v -0.1402363 0.0809655 -0.9450000
v -0.1472243 0.0850000 -0.9370000
v -0.1437303 0.0829827 -0.9439282
v -0.1462881 0.0844595 -0.9410000
v -0.1402363 0.0809655 -0.9170000
v -0.1472243 0.0850000 -0.9250000
v -0.1437303 0.0829827 -0.9180718
v -0.1462881 0.0844595 -0.9210000
v -0.1145025 0.1145025 -0.9450000
v -0.1202082 0.1202082 -0.9370000
v -0.1173553 0.1173553 -0.9439282
v -0.1194437 0.1194437 -0.9410000
v -0.1145025 0.1145025 -0.9170000
v -0.1202082 0.1202082 -0.9250000
v -0.1173553 0.1173553 -0.9180718
v -0.1194437 0.1194437 -0.9210000
v -0.0809655 0.1402363 -0.9450000
v -0.0850000 0.1472243 -0.9370000
v -0.0829827 0.1437303 -0.9439282
v -0.0844595 0.1462881 -0.9410000
v -0.0809655 0.1402363 -0.9170000
v -0.0850000 0.1472243 -0.9250000
v -0.0829827 0.1437303 -0.9180718
v -0.0844595 0.1462881 -0.9210000
v -0.0419108 0.1564133 -0.9450000
v -0.0439992 0.1642074 -0.9370000
v -0.0429550 0.1603103 -0.9439282
v -0.0437194 0.1631632 -0.9410000
v -0.0419108 0.1564133 -0.9170000
v -0.0439992 0.1642074 -0.9250000
v -0.0429550 0.1603103 -0.9180718
v -0.0437194 0.1631632 -0.9210000
v -0.0000000 0.1619310 -1.0160000
v 0.0000000 0.1700000 -1.0080000
v -0.0000000 0.1659655 -1.0149282
v -0.0000000 0.1689190 -1.0120000
v 0.0000000 0.1619310 -0.9880000
v 0.0000000 0.1700000 -0.9960000
v 0.0000000 0.1659655 -0.9890718
v 0.0000000 0.1689190 -0.9920000
v 0.0419108 0.1564133 -1.0160000
v 0.0439992 0.1642074 -1.0080000
v 0.0429550 0.1603103 -1.0149282
v 0.0437194 0.1631632 -1.0120000
v 0.0419108 0.1564133 -0.9880000
v 0.0439992 0.1642074 -0.9960000
v 0.0429550 0.1603103 -0.9890718
v 0.0437194 0.1631632 -0.9920000
v 0.0809655 0.1402363 -1.0160000
v 0.0850000 0.1472243 -1.0080000
v 0.0829827 0.1437303 -1.0149282
v 0.0844595 0.1462881 -1.0120000
v 0.0809655 0.1402363 -0.9880000
v 0.0850000 0.1472243 -0.9960000
v 0.0829827 0.1437303 -0.9890718
v 0.0844595 0.1462881 -0.9920000
v 0.1145025 0.1145025 -1.0160000
v 0.1202082 0.1202082 -1.0080000
v 0.1173553 0.1173553 -1.0149282
v 0.1194437 0.1194437 -1.0120000
v 0.1145025 0.1145025 -0.9880000
v 0.1202082 0.1202082 -0.9960000
v 0.1173553 0.1173553 -0.9890718
v 0.1194437 0.1194437 -0.9920000
v 0.1402363 0.0809655 -1.0160000
v 0.1472243 0.0850000 -1.0080000
v 0.1437303 0.0829827 -1.0149282
v 0.1462881 0.0844595 -1.0120000
v 0.1402363 0.0809655 -0.9880000
v 0.1472243 0.0850000 -0.9960000
v 0.1437303 0.0829827 -0.9890718
v 0.1462881 0.0844595 -0.9920000
v 0.1564133 0.0419108 -1.0160000
v 0.1642074 0.0439992 -1.0080000
v 0.1603103 0.0429550 -1.0149282
v 0.1631632 0.0437194 -1.0120000
v 0.1564133 0.0419108 -0.9880000
v 0.1642074 0.0439992 -0.9960000
v 0.1603103 0.0429550 -0.9890718
v 0.1631632 0.0437194 -0.9920000
v 0.1619310 0.0000000 -1.0160000
v 0.1700000 0.0000000 -1.0080000
v 0.1659655 0.0000000 -1.0149282
v 0.1689190 0.0000000 -1.0120000
v 0.1619310 -0.0000000 -0.9880000
v 0.1700000 0.0000000 -0.9960000
v 0.1659655 -0.0000000 -0.9890718
v 0.1689190 -0.0000000 -0.9920000
v 0.1564133 -0.0419108 -1.0160000
v 0.1642074 -0.0439992 -1.0080000
v 0.1603103 -0.0429550 -1.0149282
v 0.1631632 -0.0437194 -1.0120000
v 0.1564133 -0.0419108 -0.9880000
v 0.1642074 -0.0439992 -0.9960000
v 0.1603103 -0.0429550 -0.9890718
v 0.1631632 -0.0437194 -0.9920000
v 0.1402363 -0.0809655 -1.0160000
v 0.1472243 -0.0850000 -1.0080000
v 0.1437303 -0.0829827 -1.0149282
v 0.1462881 -0.0844595 -1.0120000
v 0.1402363 -0.0809655 -0.9880000
v 0.1472243 -0.0850000 -0.9960000
v 0.1437303 -0.0829827 -0.9890718
v 0.1462881 -0.0844595 -0.9920000
v 0.1145025 -0.1145025 -1.0160000
v 0.1202082 -0.1202082 -1.0080000
v 0.1173553 -0.1173553 -1.0149282
v 0.1194437 -0.1194437 -1.0120000
v 0.1145025 -0.1145025 -0.9880000
v 0.1202082 -0.1202082 -0.9960000
v 0.1173553 -0.1173553 -0.9890718
v 0.1194437 -0.1194437 -0.9920000
v 0.0809655 -0.1402363 -1.0160000
v 0.0850000 -0.1472243 -1.0080000
v 0.0829827 -0.1437303 -1.0149282
v 0.0844595 -0.1462881 -1.0120000
v 0.0809655 -0.1402363 -0.9880000
v 0.0850000 -0.1472243 -0.9960000
v 0.0829827 -0.1437303 -0.9890718
v 0.0844595 -0.1462881 -0.9920000
v 0.0419108 -0.1564133 -1.0160000
v 0.0439992 -0.1642074 -1.0080000
v 0.0429550 -0.1603103 -1.0149282
v 0.0437194 -0.1631632 -1.0120000
v 0.0419108 -0.1564133 -0.9880000
v 0.0439992 -0.1642074 -0.9960000
v 0.0429550 -0.1603103 -0.9890718
v 0.0437194 -0.1631632 -0.9920000
v 0.0000000 -0.1619310 -1.0160000
v 0.0000000 -0.1700000 -1.0080000
v 0.0000000 -0.1659655 -1.0149282
v 0.0000000 -0.1689190 -1.0120000
v -0.0000000 -0.1619310 -0.9880000
v 0.0000000 -0.1700000 -0.9960000
v -0.0000000 -0.1659655 -0.9890718
v -0.0000000 -0.1689190 -0.9920000
v -0.0419108 -0.1564133 -1.0160000
v -0.0439992 -0.1642074 -1.0080000
v -0.0429550 -0.1603103 -1.0149282
v -0.0437194 -0.1631632 -1.0120000
v -0.0419108 -0.1564133 -0.9880000
v -0.0439992 -0.1642074 -0.9960000
v -0.0429550 -0.1603103 -0.9890718
v -0.0437194 -0.1631632 -0.9920000
v -0.0809655 -0.1402363 -1.0160000
v -0.0850000 -0.1472243 -1.0080000
v -0.0829827 -0.1437303 -1.0149282
v -0.0844595 -0.1462881 -1.0120000
v -0.0809655 -0.1402363 -0.9880000
v -0.0850000 -0.1472243 -0.9960000
v -0.0829827 -0.1437303 -0.9890718
v -0.0844595 -0.1462881 -0.9920000
v -0.1145025 -0.1145025 -1.0160000
v -0.1202082 -0.1202082 -1.0080000
v -0.1173553 -0.1173553 -1.0149282
v -0.1194437 -0.1194437 -1.0120000
v -0.1145025 -0.1145025 -0.9880000
v -0.1202082 -0.1202082 -0.9960000
v -0.1173553 -0.1173553 -0.9890718
v -0.1194437 -0.1194437 -0.9920000
v -0.1402363 -0.0809655 -1.0160000
v -0.1472243 -0.0850000 -1.0080000
v -0.1437303 -0.0829827 -1.0149282
v -0.1462881 -0.0844595 -1.0120000
v -0.1402363 -0.0809655 -0.9880000
v -0.1472243 -0.0850000 -0.9960000
v -0.1437303 -0.0829827 -0.9890718
v -0.1462881 -0.0844595 -0.9920000
v -0.1564133 -0.0419108 -1.0160000
v -0.1642074 -0.0439992 -1.0080000
v -0.1603103 -0.0429550 -1.0149282
v -0.1631632 -0.0437194 -1.0120000
v -0.1564133 -0.0419108 -0.9880000
v -0.1642074 -0.0439992 -0.9960000
v -0.1603103 -0.0429550 -0.9890718
v -0.1631632 -0.0437194 -0.9920000
v -0.1619310 -0.0000000 -1.0160000
v -0.1700000 0.0000000 -1.0080000
v -0.1659655 -0.0000000 -1.0149282
v -0.1689190 -0.0000000 -1.0120000
v -0.1619310 0.0000000 -0.9880000
v -0.1700000 0.0000000 -0.9960000
v -0.1659655 0.0000000 -0.9890718
v -0.1689190 0.0000000 -0.9920000
v -0.1564133 0.0419108 -1.0160000
v -0.1642074 0.0439992 -1.0080000
v -0.1603103 0.0429550 -1.0149282
v -0.1631632 0.0437194 -1.0120000
v -0.1564133 0.0419108 -0.9880000
v -0.1642074 0.0439992 -0.9960000
v -0.1603103 0.0429550 -0.9890718
v -0.1631632 0.0437194 -0.9920000
v -0.1402363 0.0809655 -1.0160000
v -0.1472243 0.0850000 -1.0080000
v -0.1437303 0.0829827 -1.0149282
v -0.1462881 0.0844595 -1.0120000
v -0.1402363 0.0809655 -0.9880000
v -0.1472243 0.0850000 -0.9960000
v -0.1437303 0.0829827 -0.9890718
v -0.1462881 0.0844595 -0.9920000
v -0.1145025 0.1145025 -1.0160000
v -0.1202082 0.1202082 -1.0080000
v -0.1173553 0.1173553 -1.0149282
v -0.1194437 0.1194437 -1.0120000
v -0.1145025 0.1145025 -0.9880000
v -0.1202082 0.1202082 -0.9960000
v -0.1173553 0.1173553 -0.9890718
v -0.1194437 0.1194437 -0.9920000
v -0.0809655 0.1402363 -1.0160000
v -0.0850000 0.1472243 -1.0080000
v -0.0829827 0.1437303 -1.0149282
v -0.0844595 0.1462881 -1.0120000
v -0.0809655 0.1402363 -0.9880000
v -0.0850000 0.1472243 -0.9960000
v -0.0829827 0.1437303 -0.9890718
v -0.0844595 0.1462881 -0.9920000
v -0.0419108 0.1564133 -1.0160000
v -0.0439992 0.1642074 -1.0080000
v -0.0429550 0.1603103 -1.0149282
v -0.0437194 0.1631632 -1.0120000
v -0.0419108 0.1564133 -0.9880000
v -0.0439992 0.1642074 -0.9960000
v -0.0429550 0.1603103 -0.9890718
v -0.0437194 0.1631632 -0.9920000
v -0.1380000 0.0760000 -0.9000000
v -0.1380000 0.0680000 -0.8920000
v -0.1460000 0.0760000 -0.8920000
v -0.1380000 0.0720052 -0.8989313
v -0.1419947 0.0760000 -0.8989313
v -0.1418257 0.0721743 -0.8978931
v -0.1419947 0.0690688 -0.8920000
v -0.1380000 0.0690688 -0.8959948
v -0.1418257 0.0701069 -0.8958257
v -0.1449312 0.0760000 -0.8959948
v -0.1449312 0.0720052 -0.8920000
v -0.1438931 0.0721743 -0.8958257
v -0.1380000 0.0680000 -0.1080000
v -0.1380000 0.0760000 -0.1000000
v -0.1460000 0.0760000 -0.1080000
v -0.1380000 0.0690688 -0.1040052
v -0.1419947 0.0690688 -0.1080000
v -0.1418257 0.0701069 -0.1041743
v -0.1419947 0.0760000 -0.1010688
v -0.1380000 0.0720052 -0.1010688
v -0.1418257 0.0721743 -0.1021069
v -0.1449312 0.0720052 -0.1080000
v -0.1449312 0.0760000 -0.1040052
v -0.1438931 0.0721743 -0.1041743
v -0.1380000 0.0940000 -0.9000000
v -0.1460000 0.0940000 -0.8920000
v -0.1380000 0.1020000 -0.8920000
v -0.1419947 0.0940000 -0.8989313
v -0.1380000 0.0979948 -0.8989313
v -0.1418257 0.0978257 -0.8978931
v -0.1449312 0.0979948 -0.8920000
v -0.1449312 0.0940000 -0.8959948
v -0.1438931 0.0978257 -0.8958257
v -0.1380000 0.1009312 -0.8959948
v -0.1419947 0.1009312 -0.8920000
v -0.1418257 0.0998931 -0.8958257
v -0.1380000 0.0940000 -0.1000000
v -0.1380000 0.1020000 -0.1080000
v -0.1460000 0.0940000 -0.1080000
v -0.1380000 0.0979948 -0.1010688
v -0.1419947 0.0940000 -0.1010688
v -0.1418257 0.0978257 -0.1021069
v -0.1419947 0.1009312 -0.1080000
v -0.1380000 0.1009312 -0.1040052
v -0.1418257 0.0998931 -0.1041743
v -0.1449312 0.0940000 -0.1040052
v -0.1449312 0.0979948 -0.1080000
v -0.1438931 0.0978257 -0.1041743
v -0.1220000 0.0760000 -0.9000000
v -0.1140000 0.0760000 -0.8920000
v -0.1220000 0.0680000 -0.8920000
v -0.1180052 0.0760000 -0.8989313
v -0.1220000 0.0720052 -0.8989313
v -0.1181743 0.0721743 -0.8978931
v -0.1150688 0.0720052 -0.8920000
v -0.1150688 0.0760000 -0.8959948
v -0.1161069 0.0721743 -0.8958257
v -0.1220000 0.0690688 -0.8959948
v -0.1180052 0.0690688 -0.8920000
v -0.1181743 0.0701069 -0.8958257
v -0.1220000 0.0760000 -0.1000000
v -0.1220000 0.0680000 -0.1080000
v -0.1140000 0.0760000 -0.1080000
v -0.1220000 0.0720052 -0.1010688
v -0.1180052 0.0760000 -0.1010688
v -0.1181743 0.0721743 -0.1021069
v -0.1180052 0.0690688 -0.1080000
v -0.1220000 0.0690688 -0.1040052
v -0.1181743 0.0701069 -0.1041743
v -0.1150688 0.0760000 -0.1040052
v -0.1150688 0.0720052 -0.1080000
v -0.1161069 0.0721743 -0.1041743
v -0.1220000 0.0940000 -0.9000000
v -0.1220000 0.1020000 -0.8920000
v -0.1140000 0.0940000 -0.8920000
v -0.1220000 0.0979948 -0.8989313
v -0.1180052 0.0940000 -0.8989313
v -0.1181743 0.0978257 -0.8978931
v -0.1180052 0.1009312 -0.8920000
v -0.1220000 0.1009312 -0.8959948
v -0.1181743 0.0998931 -0.8958257
v -0.1150688 0.0940000 -0.8959948
v -0.1150688 0.0979948 -0.8920000
v -0.1161069 0.0978257 -0.8958257
v -0.1220000 0.0940000 -0.1000000
v -0.1140000 0.0940000 -0.1080000
v -0.1220000 0.1020000 -0.1080000
v -0.1180052 0.0940000 -0.1010688
v -0.1220000 0.0979948 -0.1010688
v -0.1181743 0.0978257 -0.1021069
v -0.1150688 0.0979948 -0.1080000
v -0.1150688 0.0940000 -0.1040052
v -0.1161069 0.0978257 -0.1041743
v -0.1220000 0.1009312 -0.1040052
v -0.1180052 0.1009312 -0.1080000
v -0.1181743 0.0998931 -0.1041743
v 0.1220000 0.0760000 -0.9000000
v 0.1220000 0.0680000 -0.8920000
v 0.1140000 0.0760000 -0.8920000
v 0.1220000 0.0720052 -0.8989313
v 0.1180052 0.0760000 -0.8989313
v 0.1181743 0.0721743 -0.8978931
v 0.1180052 0.0690688 -0.8920000
v 0.1220000 0.0690688 -0.8959948
v 0.1181743 0.0701069 -0.8958257
v 0.1150688 0.0760000 -0.8959948
v 0.1150688 0.0720052 -0.8920000
v 0.1161069 0.0721743 -0.8958257
v 0.1220000 0.0680000 -0.1080000
v 0.1220000 0.0760000 -0.1000000
v 0.1140000 0.0760000 -0.1080000
v 0.1220000 0.0690688 -0.1040052
v 0.1180052 0.0690688 -0.1080000
v 0.1181743 0.0701069 -0.1041743
v 0.1180052 0.0760000 -0.1010688
v 0.1220000 0.0720052 -0.1010688
v 0.1181743 0.0721743 -0.1021069
v 0.1150688 0.0720052 -0.1080000
v 0.1150688 0.0760000 -0.1040052
v 0.1161069 0.0721743 -0.1041743
v 0.1220000 0.0940000 -0.9000000
v 0.1140000 0.0940000 -0.8920000
v 0.1220000 0.1020000 -0.8920000
v 0.1180052 0.0940000 -0.8989313
v 0.1220000 0.0979948 -0.8989313
v 0.1181743 0.0978257 -0.8978931
v 0.1150688 0.0979948 -0.8920000
v 0.1150688 0.0940000 -0.8959948
v 0.1161069 0.0978257 -0.8958257
v 0.1220000 0.1009312 -0.8959948
v 0.1180052 0.1009312 -0.8920000
v 0.1181743 0.0998931 -0.8958257
v 0.1220000 0.0940000 -0.1000000
v 0.1220000 0.1020000 -0.1080000
v 0.1140000 0.0940000 -0.1080000
v 0.1220000 0.0979948 -0.1010688
v 0.1180052 0.0940000 -0.1010688
v 0.1181743 0.0978257 -0.1021069
v 0.1180052 0.1009312 -0.1080000
v 0.1220000 0.1009312 -0.1040052
v 0.1181743 0.0998931 -0.1041743
v 0.1150688 0.0940000 -0.1040052
v 0.1150688 0.0979948 -0.1080000
v 0.1161069 0.0978257 -0.1041743
v 0.1380000 0.0760000 -0.9000000
v 0.1460000 0.0760000 -0.8920000
v 0.1380000 0.0680000 -0.8920000
v 0.1419947 0.0760000 -0.8989313
v 0.1380000 0.0720052 -0.8989313
v 0.1418257 0.0721743 -0.8978931
v 0.1449312 0.0720052 -0.8920000
v 0.1449312 0.0760000 -0.8959948
v 0.1438931 0.0721743 -0.8958257
v 0.1380000 0.0690688 -0.8959948
v 0.1419947 0.0690688 -0.8920000
v 0.1418257 0.0701069 -0.8958257
v 0.1380000 0.0760000 -0.1000000
v 0.1380000 0.0680000 -0.1080000
v 0.1460000 0.0760000 -0.1080000
v 0.1380000 0.0720052 -0.1010688
v 0.1419947 0.0760000 -0.1010688
v 0.1418257 0.0721743 -0.1021069
v 0.1419947 0.0690688 -0.1080000
v 0.1380000 0.0690688 -0.1040052
v 0.1418257 0.0701069 -0.1041743
v 0.1449312 0.0760000 -0.1040052
v 0.1449312 0.0720052 -0.1080000
v 0.1438931 0.0721743 -0.1041743
v 0.1380000 0.0940000 -0.9000000
v 0.1380000 0.1020000 -0.8920000
v 0.1460000 0.0940000 -0.8920000
v 0.1380000 0.0979948 -0.8989313
v 0.1419947 0.0940000 -0.8989313
v 0.1418257 0.0978257 -0.8978931
v 0.1419947 0.1009312 -0.8920000
v 0.1380000 0.1009312 -0.8959948
v 0.1418257 0.0998931 -0.8958257
v 0.1449312 0.0940000 -0.8959948
v 0.1449312 0.0979948 -0.8920000
v 0.1438931 0.0978257 -0.8958257
v 0.1380000 0.0940000 -0.1000000
v 0.1460000 0.0940000 -0.1080000
v 0.1380000 0.1020000 -0.1080000
v 0.1419947 0.0940000 -0.1010688
v 0.1380000 0.0979948 -0.1010688
v 0.1418257 0.0978257 -0.1021069
v 0.1449312 0.0979948 -0.1080000
v 0.1449312 0.0940000 -0.1040052
v 0.1438931 0.0978257 -0.1041743
v 0.1380000 0.1009312 -0.1040052
v 0.1419947 0.1009312 -0.1080000
v 0.1418257 0.0998931 -0.1041743
vt 0.00195312 0.47656250
vt 0.00195312 0.52343750
vt 0.00195312 0.53906250
vt 0.00195312 0.47656250
vt 0.00195312 0.52343750
vt 0.00195312 0.55468750
vt 0.00195312 0.69531250
vt 0.00195312 0.52343750
vt 0.00195312 0.55468750
vt 0.00195312 0.47656250
vt 0.00195312 0.58593750
vt 0.00195312 0.52343750
vt 0.00195312 0.58593750
vt 0.00195312 0.52343750
vt 0.00195312 0.69531250
vt 0.00195312 0.60156250
vt 0.00195312 0.52343750
vt 0.00195312 0.58593750
vt 0.00195312 0.63281250
vt 0.00195312 0.52343750
vt 0.00195312 0.69531250
vt 0.00195312 0.60156250
vt 0.00195312 0.64843750
vt 0.00195312 0.52343750
vt 0.00195312 0.63281250
vt 0.00195312 0.69531250
vt 0.00195312 0.52343750
vt 0.00195312 0.53906250
vt 0.00195312 0.52343750
vt 0.00195312 0.63281250
vt 0.00195312 0.60156250
vt 0.00195312 0.55468750
vt 0.00195312 0.52343750
vt 0.00195312 0.55468750
vt 0.00195312 0.52343750
vt 0.00195312 0.47656250
vt 0.00195312 0.69531250
vt 0.00195312 0.58593750
vt 0.00195312 0.47656250
vt 0.00195312 0.58593750
vt 0.00195312 0.58593750
vt 0.00195312 0.69531250
vt 0.00195312 0.60156250
vt 0.00195312 0.63281250
vt 0.00195312 0.64843750
vt 0.00195312 0.69531250
vt 0.00195312 0.63281250
vt 0.00195312 0.69531250
vt 0.00195312 0.63281250
vt 0.00195312 0.60156250
vt 0.00195312 0.69531250
vt 0.00195312 0.63281250
vt 0.00195312 0.47656250
vt 0.00195312 0.47656250
vt 0.00195312 0.69531250
vt 0.00195312 0.47656250
vt 0.00195312 0.64843750
vt 0.00195312 0.69531250
vt 0.00195312 0.60156250
vt 0.00195312 0.60156250
vt 0.00195312 0.69531250
vt 0.00195312 0.63281250
vt 0.00195312 0.63281250
vt 0.00195312 0.60156250
vt 0.00195312 0.47656250
vt 0.00195312 0.47656250
vt 0.00195312 0.60156250
vt 0.00195312 0.64843750
vt 0.00195312 0.63281250
vt 0.00195312 0.60156250
vt 0.00195312 0.63281250
vt 0.00195312 0.60156250
vt 0.00195312 0.60156250
vt 0.00195312 0.60156250
vt 0.00195312 0.60156250
vt 0.00195312 0.60156250
vt 0.00195312 0.60156250
vt 0.00195312 0.60156250
vt 0.00195312 0.60156250
vt 0.00195312 0.60156250
vt 0.00195312 0.60156250
vt 0.00195312 0.60156250
vt 0.00195312 0.60156250
vt 0.00195312 0.63281250
vt 0.00195312 0.63281250
vt 0.00195312 0.63281250
vt 0.00195312 0.63281250
vt 0.00195312 0.63281250
vt 0.00195312 0.63281250
vt 0.00195312 0.63281250
vt 0.00195312 0.63281250
vt 0.00195312 0.64843750
vt 0.00195312 0.64843750
vt 0.00195312 0.64843750
vt 0.00195312 0.64843750
vt 0.00195312 0.64843750
vt 0.00195312 0.64843750
vt 0.00195312 0.64843750
vt 0.00195312 0.64843750
vt 0.00195312 0.63281250
vt 0.00195312 0.63281250
vt 0.00195312 0.63281250
vt 0.00195312 0.63281250
vt 0.00195312 0.64843750
vt 0.00195312 0.64843750
vt 0.00195312 0.64843750
vt 0.00195312 0.64843750
vt 0.00195312 0.63281250
vt 0.00195312 0.64843750
vt 0.00195312 0.64843750
vt 0.00195312 0.63281250
vt 0.00195312 0.63281250
vt 0.00195312 0.58593750
vt 0.00195312 0.58593750
vt 0.00195312 0.55468750
vt 0.00195312 0.58593750
vt 0.00195312 0.53906250
vt 0.00195312 0.58593750
vt 0.00195312 0.55468750
vt 0.00195312 0.53906250
vt 0.00195312 0.47656250
vt 0.00195312 0.47656250
vt 0.00195312 0.60156250
vt 0.00195312 0.60156250
vt 0.00195312 0.47656250
vt 0.00195312 0.47656250
vt 0.00195312 0.60156250
vt 0.00195312 0.60156250
vt 0.00195312 0.50781250
vt 0.00195312 0.49218750
vt 0.00195312 0.47656250
vt 0.00195312 0.47656250
vt 0.00195312 0.50781250
vt 0.00195312 0.49218750
vt 0.00195312 0.61718750
vt 0.00195312 0.52343750
vt 0.00195312 0.47656250
vt 0.00195312 0.47656250
vt 0.00195312 0.47656250
vt 0.00195312 0.60156250
vt 0.00195312 0.60156250
vt 0.00195312 0.52343750
vt 0.00195312 0.61718750
vt 0.00195312 0.61718750
vt 0.00195312 0.47656250
vt 0.00195312 0.47656250
vt 0.00195312 0.47656250
vt 0.00195312 0.47656250
vt 0.00195312 0.47656250
vt 0.00195312 0.47656250
vt 0.00195312 0.47656250
vt 0.00195312 0.47656250
vt 0.00195312 0.47656250
vt 0.00195312 0.47656250
vt 0.00195312 0.47656250
vt 0.00195312 0.47656250
vt 0.00195312 0.47656250
vt 0.00195312 0.47656250
vt 0.00195312 0.47656250
vt 0.00195312 0.47656250
vt 0.00195312 0.47656250
vt 0.00195312 0.47656250
vt 0.00195312 0.47656250
vt 0.00195312 0.47656250
vt 0.00195312 0.47656250
vt 0.00195312 0.47656250
vt 0.00195312 0.49218750
vt 0.00195312 0.49218750
vt 0.00195312 0.49218750
vt 0.00195312 0.49218750
vt 0.00195312 0.49218750
vt 0.00195312 0.49218750
vt 0.00195312 0.49218750
vt 0.00195312 0.49218750
vt 0.00195312 0.47656250
vt 0.00195312 0.47656250
vt 0.00195312 0.47656250
vt 0.00195312 0.47656250
vt 0.00195312 0.47656250
vt 0.00195312 0.47656250
vt 0.00195312 0.47656250
vt 0.00195312 0.47656250
vt 0.00195312 0.46093750
vt 0.00195312 0.46093750
vt 0.00195312 0.46093750
vt 0.00195312 0.46093750
vt 0.00195312 0.46093750
vt 0.00195312 0.46093750
vt 0.00195312 0.46093750
vt 0.00195312 0.46093750
vt 0.00195312 0.44531250
vt 0.00195312 0.44531250
vt 0.00195312 0.44531250
vt 0.00195312 0.44531250
vt 0.00195312 0.44531250
vt 0.00195312 0.44531250
vt 0.00195312 0.44531250
vt 0.00195312 0.44531250
vt 0.00195312 0.38281250
vt 0.00195312 0.38281250
vt 0.00195312 0.38281250
vt 0.00195312 0.38281250
vt 0.00195312 0.38281250
vt 0.00195312 0.38281250
vt 0.00195312 0.38281250
vt 0.00195312 0.38281250
vt 0.00195312 0.36718750
vt 0.00195312 0.36718750
vt 0.00195312 0.36718750
vt 0.00195312 0.36718750
vt 0.00195312 0.36718750
vt 0.00195312 0.36718750
vt 0.00195312 0.36718750
vt 0.00195312 0.36718750
vt 0.00195312 0.08593750
vt 0.00195312 0.08593750
vt 0.00195312 0.08593750
vt 0.00195312 0.08593750
vt 0.00195312 0.08593750
vt 0.00195312 0.08593750
vt 0.00195312 0.08593750
vt 0.00195312 0.08593750
vt 0.00195312 0.08593750
vt 0.00195312 0.08593750
vt 0.00195312 0.08593750
vt 0.00195312 0.08593750
vt 0.00195312 0.08593750
vt 0.00195312 0.08593750
vt 0.00195312 0.08593750
vt 0.00195312 0.08593750
vt 0.00195312 0.05468750
vt 0.00195312 0.05468750
vt 0.00195312 0.05468750
vt 0.00195312 0.05468750
vt 0.00195312 0.05468750
vt 0.00195312 0.05468750
vt 0.00195312 0.05468750
vt 0.00195312 0.05468750
vt 0.00195312 0.05468750
vt 0.00195312 0.05468750
vt 0.00195312 0.05468750
vt 0.00195312 0.05468750
vt 0.00195312 0.05468750
vt 0.00195312 0.05468750
vt 0.00195312 0.05468750
vt 0.00195312 0.05468750
vt 0.00195312 0.03906250
vt 0.00195312 0.03906250
vt 0.00195312 0.03906250
vt 0.00195312 0.03906250
vt 0.00195312 0.03906250
vt 0.00195312 0.03906250
vt 0.00195312 0.03906250
vt 0.00195312 0.03906250
vt 0.00195312 0.03906250
vt 0.00195312 0.03906250
vt 0.00195312 0.03906250
vt 0.00195312 0.03906250
vt 0.00195312 0.03906250
vt 0.00195312 0.03906250
vt 0.00195312 0.03906250
vt 0.00195312 0.03906250
vt 0.00195312 0.02343750
vt 0.00195312 0.02343750
vt 0.00195312 0.02343750
vt 0.00195312 0.02343750
vt 0.00195312 0.02343750
vt 0.00195312 0.02343750
vt 0.00195312 0.02343750
vt 0.00195312 0.02343750
vt 0.00195312 0.00781250
vt 0.00195312 0.00781250
vt 0.00195312 0.00781250
vt 0.00195312 0.00781250
vt 0.00195312 0.00781250
vt 0.00195312 0.00781250
vt 0.00195312 0.00781250
vt 0.00195312 0.00781250
vt 0.00195312 0.00781250
vt 0.00195312 0.00781250
vt 0.00195312 0.00781250
vt 0.00195312 0.00781250
vt 0.00195312 0.00781250
vt 0.00195312 0.00781250
vt 0.00195312 0.00781250
vt 0.00195312 0.00781250
vt 0.00195312 0.05468750
vt 0.00195312 0.05468750
vt 0.00195312 0.05468750
vt 0.00195312 0.05468750
vt 0.00195312 0.05468750
vt 0.00195312 0.05468750
vt 0.00195312 0.05468750
vt 0.00195312 0.05468750
vt 0.00195312 0.49218750
vt 0.00195312 0.05468750
vt 0.00195312 0.39843750
vt 0.00195312 0.39843750
vt 0.00195312 0.39843750
vt 0.00195312 0.39843750
vt 0.00195312 0.39843750
vt 0.00195312 0.39843750
vt 0.00195312 0.39843750
vt 0.00195312 0.39843750
vt 0.00195312 0.39843750
vt 0.00195312 0.39843750
vt 0.00195312 0.39843750
vt 0.00195312 0.39843750
vt 0.00195312 0.39843750
vt 0.00195312 0.39843750
vt 0.00195312 0.39843750
vt 0.00195312 0.39843750
vt 0.00195312 0.39843750
vt 0.00195312 0.39843750
vt 0.00195312 0.39843750
vt 0.00195312 0.39843750
vt 0.00195312 0.39843750
vt 0.00195312 0.39843750
vt 0.00195312 0.39843750
vt 0.00195312 0.39843750
vt 0.00195312 0.39843750
vt 0.00195312 0.39843750
vt 0.00195312 0.39843750
vt 0.00195312 0.39843750
vt 0.00195312 0.39843750
vt 0.00195312 0.39843750
vt 0.00195312 0.39843750
vt 0.00195312 0.39843750
vt 0.00195312 0.39843750
vt 0.00195312 0.39843750
vt 0.00195312 0.39843750
vt 0.00195312 0.39843750
vt 0.00195312 0.39843750
vt 0.00195312 0.39843750
vt 0.00195312 0.39843750
vt 0.00195312 0.39843750
vt 0.00195312 0.39843750
vt 0.00195312 0.39843750
vt 0.00195312 0.39843750
vt 0.00195312 0.39843750
vt 0.00195312 0.39843750
vt 0.00195312 0.39843750
vt 0.00195312 0.39843750
vt 0.00195312 0.39843750
vt 0.00195312 0.39843750
vt 0.00195312 0.39843750
vt 0.00195312 0.39843750
vt 0.00195312 0.39843750
vt 0.00195312 0.39843750
vt 0.00195312 0.39843750
vt 0.00195312 0.39843750
vt 0.00195312 0.39843750
vt 0.00195312 0.39843750
vt 0.00195312 0.39843750
vt 0.00195312 0.39843750
vt 0.00195312 0.39843750
vt 0.00195312 0.39843750
vt 0.00195312 0.39843750
vt 0.00195312 0.39843750
vt 0.00195312 0.39843750
vt 0.00195312 0.39843750
vt 0.00195312 0.39843750
vt 0.00195312 0.39843750
vt 0.00195312 0.39843750
vt 0.00195312 0.39843750
vt 0.00195312 0.39843750
vt 0.00195312 0.39843750
vt 0.00195312 0.39843750
vt 0.00195312 0.39843750
vt 0.00195312 0.39843750
vt 0.00195312 0.39843750
vt 0.00195312 0.39843750
vt 0.00195312 0.39843750
vt 0.00195312 0.39843750
vt 0.00195312 0.39843750
vt 0.00195312 0.39843750
vt 0.00195312 0.39843750
vt 0.00195312 0.39843750
vt 0.00195312 0.39843750
vt 0.00195312 0.39843750
vt 0.00195312 0.39843750
vt 0.00195312 0.39843750
vt 0.00195312 0.39843750
vt 0.00195312 0.39843750
vt 0.00195312 0.39843750
vt 0.00195312 0.39843750
vt 0.00195312 0.39843750
vt 0.00195312 0.39843750
vt 0.00195312 0.39843750
vt 0.00195312 0.39843750
vt 0.00195312 0.39843750
vt 0.00195312 0.39843750
vt 0.00195312 0.39843750
vt 0.00195312 0.39843750
vt 0.00195312 0.39843750
vt 0.00195312 0.39843750
vt 0.00195312 0.39843750
vt 0.00195312 0.39843750
vt 0.00195312 0.39843750
vt 0.00195312 0.39843750
vt 0.00195312 0.39843750
vt 0.00195312 0.39843750
vt 0.00195312 0.39843750
vt 0.00195312 0.39843750
vt 0.00195312 0.39843750
vt 0.00195312 0.39843750
vt 0.00195312 0.39843750
vt 0.00195312 0.39843750
vt 0.00195312 0.39843750
vt 0.00195312 0.39843750
vt 0.00195312 0.39843750
vt 0.00195312 0.39843750
vt 0.00195312 0.39843750
vt 0.00195312 0.39843750
vt 0.00195312 0.39843750
vt 0.00195312 0.39843750
vt 0.00195312 0.39843750
vt 0.00195312 0.39843750
vt 0.00195312 0.39843750
vt 0.00195312 0.39843750
vt 0.00195312 0.39843750
vt 0.00195312 0.39843750
vt 0.00195312 0.39843750
vt 0.00195312 0.39843750
vt 0.00195312 0.39843750
vt 0.00195312 0.39843750
vt 0.00195312 0.39843750
vt 0.00195312 0.39843750
vt 0.00195312 0.39843750
vt 0.00195312 0.39843750
vt 0.00195312 0.39843750
vt 0.00195312 0.39843750
vt 0.00195312 0.39843750
vt 0.00195312 0.39843750
vt 0.00195312 0.39843750
vt 0.00195312 0.39843750
vt 0.00195312 0.39843750
vt 0.00195312 0.39843750
vt 0.00195312 0.39843750
vt 0.00195312 0.39843750
vt 0.00195312 0.39843750
vt 0.00195312 0.39843750
vt 0.00195312 0.39843750
vt 0.00195312 0.39843750
vt 0.00195312 0.39843750
vt 0.00195312 0.39843750
vt 0.00195312 0.39843750
vt 0.00195312 0.39843750
vt 0.00195312 0.39843750
vt 0.00195312 0.39843750
vt 0.00195312 0.39843750
vt 0.00195312 0.39843750
vt 0.00195312 0.39843750
vt 0.00195312 0.39843750
vt 0.00195312 0.39843750
vt 0.00195312 0.39843750
vt 0.00195312 0.39843750
vt 0.00195312 0.39843750
vt 0.00195312 0.39843750
vt 0.00195312 0.39843750
vt 0.00195312 0.39843750
vt 0.00195312 0.39843750
vt 0.00195312 0.39843750
vt 0.00195312 0.39843750
vt 0.00195312 0.39843750
vt 0.00195312 0.39843750
vt 0.00195312 0.39843750
vt 0.00195312 0.39843750
vt 0.00195312 0.39843750
vt 0.00195312 0.39843750
vt 0.00195312 0.39843750
vt 0.00195312 0.39843750
vt 0.00195312 0.39843750
vt 0.00195312 0.39843750
vt 0.00195312 0.39843750
vt 0.00195312 0.39843750
vt 0.00195312 0.39843750
vt 0.00195312 0.39843750
vt 0.00195312 0.39843750
vt 0.00195312 0.39843750
vt 0.00195312 0.39843750
vt 0.00195312 0.39843750
vt 0.00195312 0.39843750
vt 0.00195312 0.39843750
vt 0.00195312 0.39843750
vt 0.00195312 0.39843750
vt 0.00195312 0.39843750
vt 0.00195312 0.39843750
vt 0.00195312 0.36718750
vt 0.00195312 0.38281250
vt 0.00195312 0.36718750
vt 0.00195312 0.36718750
vt 0.00195312 0.38281250
vt 0.00195312 0.38281250
vt 0.00195312 0.38281250
vt 0.00195312 0.38281250
vt 0.00195312 0.36718750
vt 0.00195312 0.38281250
vt 0.00195312 0.36718750
vt 0.00195312 0.36718750
vt 0.00195312 0.38281250
vt 0.00195312 0.38281250
vt 0.00195312 0.38281250
vt 0.00195312 0.38281250
vt 0.00195312 0.36718750
vt 0.00195312 0.38281250
vt 0.00195312 0.36718750
vt 0.00195312 0.36718750
vt 0.00195312 0.38281250
vt 0.00195312 0.38281250
vt 0.00195312 0.38281250
vt 0.00195312 0.38281250
vt 0.00195312 0.36718750
vt 0.00195312 0.38281250
vt 0.00195312 0.36718750
vt 0.00195312 0.36718750
vt 0.00195312 0.38281250
vt 0.00195312 0.38281250
vt 0.00195312 0.38281250
vt 0.00195312 0.38281250
vt 0.00195312 0.36718750
vt 0.00195312 0.38281250
vt 0.00195312 0.36718750
vt 0.00195312 0.36718750
vt 0.00195312 0.38281250
vt 0.00195312 0.38281250
vt 0.00195312 0.38281250
vt 0.00195312 0.38281250
vt 0.00195312 0.36718750
vt 0.00195312 0.38281250
vt 0.00195312 0.36718750
vt 0.00195312 0.36718750
vt 0.00195312 0.38281250
vt 0.00195312 0.38281250
vt 0.00195312 0.38281250
vt 0.00195312 0.38281250
vt 0.00195312 0.36718750
vt 0.00195312 0.38281250
vt 0.00195312 0.36718750
vt 0.00195312 0.36718750
vt 0.00195312 0.38281250
vt 0.00195312 0.38281250
vt 0.00195312 0.38281250
vt 0.00195312 0.38281250
vt 0.00195312 0.36718750
vt 0.00195312 0.38281250
vt 0.00195312 0.36718750
vt 0.00195312 0.36718750
vt 0.00195312 0.38281250
vt 0.00195312 0.38281250
vt 0.00195312 0.38281250
vt 0.00195312 0.38281250
vt 0.00195312 0.36718750
vt 0.00195312 0.38281250
vt 0.00195312 0.36718750
vt 0.00195312 0.36718750
vt 0.00195312 0.38281250
vt 0.00195312 0.38281250
vt 0.00195312 0.38281250
vt 0.00195312 0.38281250
vt 0.00195312 0.36718750
vt 0.00195312 0.38281250
vt 0.00195312 0.36718750
vt 0.00195312 0.36718750
vt 0.00195312 0.38281250
vt 0.00195312 0.38281250
vt 0.00195312 0.38281250
vt 0.00195312 0.38281250
vt 0.00195312 0.36718750
vt 0.00195312 0.38281250
vt 0.00195312 0.36718750
vt 0.00195312 0.36718750
vt 0.00195312 0.38281250
vt 0.00195312 0.38281250
vt 0.00195312 0.38281250
vt 0.00195312 0.38281250
vt 0.00195312 0.36718750
vt 0.00195312 0.38281250
vt 0.00195312 0.36718750
vt 0.00195312 0.36718750
vt 0.00195312 0.38281250
vt 0.00195312 0.38281250
vt 0.00195312 0.38281250
vt 0.00195312 0.38281250
vt 0.00195312 0.36718750
vt 0.00195312 0.38281250
vt 0.00195312 0.36718750
vt 0.00195312 0.36718750
vt 0.00195312 0.38281250
vt 0.00195312 0.38281250
vt 0.00195312 0.38281250
vt 0.00195312 0.38281250
vt 0.00195312 0.36718750
vt 0.00195312 0.38281250
vt 0.00195312 0.36718750
vt 0.00195312 0.36718750
vt 0.00195312 0.38281250
vt 0.00195312 0.38281250
vt 0.00195312 0.38281250
vt 0.00195312 0.38281250
vt 0.00195312 0.36718750
vt 0.00195312 0.38281250
vt 0.00195312 0.36718750
vt 0.00195312 0.36718750
vt 0.00195312 0.38281250
vt 0.00195312 0.38281250
vt 0.00195312 0.38281250
vt 0.00195312 0.38281250
vt 0.00195312 0.36718750
vt 0.00195312 0.38281250
vt 0.00195312 0.36718750
vt 0.00195312 0.36718750
vt 0.00195312 0.38281250
vt 0.00195312 0.38281250
vt 0.00195312 0.38281250
vt 0.00195312 0.38281250
vt 0.00195312 0.36718750
vt 0.00195312 0.38281250
vt 0.00195312 0.36718750
vt 0.00195312 0.36718750
vt 0.00195312 0.38281250
vt 0.00195312 0.38281250
vt 0.00195312 0.38281250
vt 0.00195312 0.38281250
vt 0.00195312 0.36718750
vt 0.00195312 0.38281250
vt 0.00195312 0.36718750
vt 0.00195312 0.36718750
vt 0.00195312 0.38281250
vt 0.00195312 0.38281250
vt 0.00195312 0.38281250
vt 0.00195312 0.38281250
vt 0.00195312 0.36718750
vt 0.00195312 0.38281250
vt 0.00195312 0.36718750
vt 0.00195312 0.36718750
vt 0.00195312 0.38281250
vt 0.00195312 0.38281250
vt 0.00195312 0.38281250
vt 0.00195312 0.38281250
vt 0.00195312 0.36718750
vt 0.00195312 0.38281250
vt 0.00195312 0.36718750
vt 0.00195312 0.36718750
vt 0.00195312 0.38281250
vt 0.00195312 0.38281250
vt 0.00195312 0.38281250
vt 0.00195312 0.38281250
vt 0.00195312 0.36718750
vt 0.00195312 0.38281250
vt 0.00195312 0.36718750
vt 0.00195312 0.36718750
vt 0.00195312 0.38281250
vt 0.00195312 0.38281250
vt 0.00195312 0.38281250
vt 0.00195312 0.38281250
vt 0.00195312 0.36718750
vt 0.00195312 0.38281250
vt 0.00195312 0.36718750
vt 0.00195312 0.36718750
vt 0.00195312 0.38281250
vt 0.00195312 0.38281250
vt 0.00195312 0.38281250
vt 0.00195312 0.38281250
vt 0.00195312 0.36718750
vt 0.00195312 0.38281250
vt 0.00195312 0.36718750
vt 0.00195312 0.36718750
vt 0.00195312 0.38281250
vt 0.00195312 0.38281250
vt 0.00195312 0.38281250
vt 0.00195312 0.38281250
vt 0.00195312 0.36718750
vt 0.00195312 0.38281250
vt 0.00195312 0.36718750
vt 0.00195312 0.36718750
vt 0.00195312 0.38281250
vt 0.00195312 0.38281250
vt 0.00195312 0.38281250
vt 0.00195312 0.38281250
vt 0.00195312 0.35156250
vt 0.00195312 0.35156250
vt 0.00195312 0.35156250
vt 0.00195312 0.35156250
vt 0.00195312 0.35156250
vt 0.00195312 0.35156250
vt 0.00195312 0.35156250
vt 0.00195312 0.35156250
vt 0.00195312 0.35156250
vt 0.00195312 0.35156250
vt 0.00195312 0.35156250
vt 0.00195312 0.35156250
vt 0.00195312 0.35156250
vt 0.00195312 0.35156250
vt 0.00195312 0.35156250
vt 0.00195312 0.35156250
vt 0.00195312 0.35156250
vt 0.00195312 0.35156250
vt 0.00195312 0.35156250
vt 0.00195312 0.35156250
vt 0.00195312 0.35156250
vt 0.00195312 0.35156250
vt 0.00195312 0.35156250
vt 0.00195312 0.35156250
vt 0.00195312 0.35156250
vt 0.00195312 0.35156250
vt 0.00195312 0.35156250
vt 0.00195312 0.35156250
vt 0.00195312 0.35156250
vt 0.00195312 0.35156250
vt 0.00195312 0.35156250
vt 0.00195312 0.35156250
vt 0.00195312 0.35156250
vt 0.00195312 0.35156250
vt 0.00195312 0.35156250
vt 0.00195312 0.35156250
vt 0.00195312 0.35156250
vt 0.00195312 0.35156250
vt 0.00195312 0.35156250
vt 0.00195312 0.35156250
vt 0.00195312 0.35156250
vt 0.00195312 0.35156250
vt 0.00195312 0.35156250
vt 0.00195312 0.35156250
vt 0.00195312 0.35156250
vt 0.00195312 0.35156250
vt 0.00195312 0.35156250
vt 0.00195312 0.35156250
vt 0.00195312 0.35156250
vt 0.00195312 0.35156250
vt 0.00195312 0.35156250
vt 0.00195312 0.35156250
vt 0.00195312 0.35156250
vt 0.00195312 0.35156250
vt 0.00195312 0.35156250
vt 0.00195312 0.35156250
vt 0.00195312 0.35156250
vt 0.00195312 0.35156250
vt 0.00195312 0.35156250
vt 0.00195312 0.35156250
vt 0.00195312 0.35156250
vt 0.00195312 0.35156250
vt 0.00195312 0.35156250
vt 0.00195312 0.35156250
vt 0.00195312 0.35156250
vt 0.00195312 0.35156250
vt 0.00195312 0.35156250
vt 0.00195312 0.35156250
vt 0.00195312 0.35156250
vt 0.00195312 0.35156250
vt 0.00195312 0.35156250
vt 0.00195312 0.35156250
vt 0.00195312 0.35156250
vt 0.00195312 0.35156250
vt 0.00195312 0.35156250
vt 0.00195312 0.35156250
vt 0.00195312 0.35156250
vt 0.00195312 0.35156250
vt 0.00195312 0.35156250
vt 0.00195312 0.35156250
vt 0.00195312 0.35156250
vt 0.00195312 0.35156250
vt 0.00195312 0.35156250
vt 0.00195312 0.35156250
vt 0.00195312 0.35156250
vt 0.00195312 0.35156250
vt 0.00195312 0.35156250
vt 0.00195312 0.35156250
vt 0.00195312 0.35156250
vt 0.00195312 0.35156250
vt 0.00195312 0.35156250
vt 0.00195312 0.35156250
vt 0.00195312 0.35156250
vt 0.00195312 0.35156250
vt 0.00195312 0.35156250
vt 0.00195312 0.35156250
vt 0.00195312 0.35156250
vt 0.00195312 0.35156250
vt 0.00195312 0.35156250
vt 0.00195312 0.35156250
vt 0.00195312 0.35156250
vt 0.00195312 0.35156250
vt 0.00195312 0.35156250
vt 0.00195312 0.35156250
vt 0.00195312 0.35156250
vt 0.00195312 0.35156250
vt 0.00195312 0.35156250
vt 0.00195312 0.35156250
vt 0.00195312 0.35156250
vt 0.00195312 0.35156250
vt 0.00195312 0.35156250
vt 0.00195312 0.35156250
vt 0.00195312 0.35156250
vt 0.00195312 0.35156250
vt 0.00195312 0.35156250
vt 0.00195312 0.35156250
vt 0.00195312 0.35156250
vt 0.00195312 0.35156250
vt 0.00195312 0.35156250
vt 0.00195312 0.35156250
vt 0.00195312 0.35156250
vt 0.00195312 0.35156250
vt 0.00195312 0.35156250
vt 0.00195312 0.35156250
vt 0.00195312 0.35156250
vt 0.00195312 0.35156250
vt 0.00195312 0.35156250
vt 0.00195312 0.35156250
vt 0.00195312 0.35156250
vt 0.00195312 0.35156250
vt 0.00195312 0.35156250
vt 0.00195312 0.35156250
vt 0.00195312 0.35156250
vt 0.00195312 0.35156250
vt 0.00195312 0.35156250
vt 0.00195312 0.35156250
vt 0.00195312 0.35156250
vt 0.00195312 0.35156250
vt 0.00195312 0.35156250
vt 0.00195312 0.35156250
vt 0.00195312 0.35156250
vt 0.00195312 0.35156250
vt 0.00195312 0.35156250
vt 0.00195312 0.35156250
vt 0.00195312 0.35156250
vt 0.00195312 0.35156250
vt 0.00195312 0.35156250
vt 0.00195312 0.35156250
vt 0.00195312 0.35156250
vt 0.00195312 0.35156250
vt 0.00195312 0.35156250
vt 0.00195312 0.35156250
vt 0.00195312 0.35156250
vt 0.00195312 0.35156250
vt 0.00195312 0.35156250
vt 0.00195312 0.35156250
vt 0.00195312 0.35156250
vt 0.00195312 0.35156250
vt 0.00195312 0.35156250
vt 0.00195312 0.35156250
vt 0.00195312 0.35156250
vt 0.00195312 0.35156250
vt 0.00195312 0.35156250
vt 0.00195312 0.35156250
vt 0.00195312 0.35156250
vt 0.00195312 0.35156250
vt 0.00195312 0.35156250
vt 0.00195312 0.35156250
vt 0.00195312 0.35156250
vt 0.00195312 0.35156250
vt 0.00195312 0.35156250
vt 0.00195312 0.35156250
vt 0.00195312 0.35156250
vt 0.00195312 0.35156250
vt 0.00195312 0.35156250
vt 0.00195312 0.35156250
vt 0.00195312 0.35156250
vt 0.00195312 0.35156250
vt 0.00195312 0.35156250
vt 0.00195312 0.35156250
vt 0.00195312 0.35156250
vt 0.00195312 0.35156250
vt 0.00195312 0.35156250
vt 0.00195312 0.35156250
vt 0.00195312 0.35156250
vt 0.00195312 0.35156250
vt 0.00195312 0.35156250
vt 0.00195312 0.35156250
vt 0.00195312 0.35156250
vt 0.00195312 0.35156250
vt 0.00195312 0.35156250
vt 0.00195312 0.35156250
vt 0.00195312 0.32031250
vt 0.00195312 0.33593750
vt 0.00195312 0.32031250
vt 0.00195312 0.32031250
vt 0.00195312 0.33593750
vt 0.00195312 0.33593750
vt 0.00195312 0.33593750
vt 0.00195312 0.33593750
vt 0.00195312 0.32031250
vt 0.00195312 0.33593750
vt 0.00195312 0.32031250
vt 0.00195312 0.32031250
vt 0.00195312 0.33593750
vt 0.00195312 0.33593750
vt 0.00195312 0.33593750
vt 0.00195312 0.33593750
vt 0.00195312 0.32031250
vt 0.00195312 0.33593750
vt 0.00195312 0.32031250
vt 0.00195312 0.32031250
vt 0.00195312 0.33593750
vt 0.00195312 0.33593750
vt 0.00195312 0.33593750
vt 0.00195312 0.33593750
vt 0.00195312 0.32031250
vt 0.00195312 0.33593750
vt 0.00195312 0.32031250
vt 0.00195312 0.32031250
vt 0.00195312 0.33593750
vt 0.00195312 0.33593750
vt 0.00195312 0.33593750
vt 0.00195312 0.33593750
vt 0.00195312 0.32031250
vt 0.00195312 0.33593750
vt 0.00195312 0.32031250
vt 0.00195312 0.32031250
vt 0.00195312 0.33593750
vt 0.00195312 0.33593750
vt 0.00195312 0.33593750
vt 0.00195312 0.33593750
vt 0.00195312 0.32031250
vt 0.00195312 0.33593750
vt 0.00195312 0.32031250
vt 0.00195312 0.32031250
vt 0.00195312 0.33593750
vt 0.00195312 0.33593750
vt 0.00195312 0.33593750
vt 0.00195312 0.33593750
vt 0.00195312 0.32031250
vt 0.00195312 0.33593750
vt 0.00195312 0.32031250
vt 0.00195312 0.32031250
vt 0.00195312 0.33593750
vt 0.00195312 0.33593750
vt 0.00195312 0.33593750
vt 0.00195312 0.33593750
vt 0.00195312 0.32031250
vt 0.00195312 0.33593750
vt 0.00195312 0.32031250
vt 0.00195312 0.32031250
vt 0.00195312 0.33593750
vt 0.00195312 0.33593750
vt 0.00195312 0.33593750
vt 0.00195312 0.33593750
vt 0.00195312 0.32031250
vt 0.00195312 0.33593750
vt 0.00195312 0.32031250
vt 0.00195312 0.32031250
vt 0.00195312 0.33593750
vt 0.00195312 0.33593750
vt 0.00195312 0.33593750
vt 0.00195312 0.33593750
vt 0.00195312 0.32031250
vt 0.00195312 0.33593750
vt 0.00195312 0.32031250
vt 0.00195312 0.32031250
vt 0.00195312 0.33593750
vt 0.00195312 0.33593750
vt 0.00195312 0.33593750
vt 0.00195312 0.33593750
vt 0.00195312 0.32031250
vt 0.00195312 0.33593750
vt 0.00195312 0.32031250
vt 0.00195312 0.32031250
vt 0.00195312 0.33593750
vt 0.00195312 0.33593750
vt 0.00195312 0.33593750
vt 0.00195312 0.33593750
vt 0.00195312 0.32031250
vt 0.00195312 0.33593750
vt 0.00195312 0.32031250
vt 0.00195312 0.32031250
vt 0.00195312 0.33593750
vt 0.00195312 0.33593750
vt 0.00195312 0.33593750
vt 0.00195312 0.33593750
vt 0.00195312 0.32031250
vt 0.00195312 0.33593750
vt 0.00195312 0.32031250
vt 0.00195312 0.32031250
vt 0.00195312 0.33593750
vt 0.00195312 0.33593750
vt 0.00195312 0.33593750
vt 0.00195312 0.33593750
vt 0.00195312 0.32031250
vt 0.00195312 0.33593750
vt 0.00195312 0.32031250
vt 0.00195312 0.32031250
vt 0.00195312 0.33593750
vt 0.00195312 0.33593750
vt 0.00195312 0.33593750
vt 0.00195312 0.33593750
vt 0.00195312 0.32031250
vt 0.00195312 0.33593750
vt 0.00195312 0.32031250
vt 0.00195312 0.32031250
vt 0.00195312 0.33593750
vt 0.00195312 0.33593750
vt 0.00195312 0.33593750
vt 0.00195312 0.33593750
vt 0.00195312 0.32031250
vt 0.00195312 0.33593750
vt 0.00195312 0.32031250
vt 0.00195312 0.32031250
vt 0.00195312 0.33593750
vt 0.00195312 0.33593750
vt 0.00195312 0.33593750
vt 0.00195312 0.33593750
vt 0.00195312 0.32031250
vt 0.00195312 0.33593750
vt 0.00195312 0.32031250
vt 0.00195312 0.32031250
vt 0.00195312 0.33593750
vt 0.00195312 0.33593750
vt 0.00195312 0.33593750
vt 0.00195312 0.33593750
vt 0.00195312 0.32031250
vt 0.00195312 0.33593750
vt 0.00195312 0.32031250
vt 0.00195312 0.32031250
vt 0.00195312 0.33593750
vt 0.00195312 0.33593750
vt 0.00195312 0.33593750
vt 0.00195312 0.33593750
vt 0.00195312 0.32031250
vt 0.00195312 0.33593750
vt 0.00195312 0.32031250
vt 0.00195312 0.32031250
vt 0.00195312 0.33593750
vt 0.00195312 0.33593750
vt 0.00195312 0.33593750
vt 0.00195312 0.33593750
vt 0.00195312 0.32031250
vt 0.00195312 0.33593750
vt 0.00195312 0.32031250
vt 0.00195312 0.32031250
vt 0.00195312 0.33593750
vt 0.00195312 0.33593750
vt 0.00195312 0.33593750
vt 0.00195312 0.33593750
vt 0.00195312 0.32031250
vt 0.00195312 0.33593750
vt 0.00195312 0.32031250
vt 0.00195312 0.32031250
vt 0.00195312 0.33593750
vt 0.00195312 0.33593750
vt 0.00195312 0.33593750
vt 0.00195312 0.33593750
vt 0.00195312 0.32031250
vt 0.00195312 0.33593750
vt 0.00195312 0.32031250
vt 0.00195312 0.32031250
vt 0.00195312 0.33593750
vt 0.00195312 0.33593750
vt 0.00195312 0.33593750
vt 0.00195312 0.33593750
vt 0.00195312 0.32031250
vt 0.00195312 0.33593750
vt 0.00195312 0.32031250
vt 0.00195312 0.32031250
vt 0.00195312 0.33593750
vt 0.00195312 0.33593750
vt 0.00195312 0.33593750
vt 0.00195312 0.33593750
vt 0.00195312 0.32031250
vt 0.00195312 0.33593750
vt 0.00195312 0.32031250
vt 0.00195312 0.32031250
vt 0.00195312 0.33593750
vt 0.00195312 0.33593750
vt 0.00195312 0.33593750
vt 0.00195312 0.33593750
vt 0.00195312 0.30468750
vt 0.00195312 0.30468750
vt 0.00195312 0.30468750
vt 0.00195312 0.30468750
vt 0.00195312 0.30468750
vt 0.00195312 0.30468750
vt 0.00195312 0.30468750
vt 0.00195312 0.30468750
vt 0.00195312 0.30468750
vt 0.00195312 0.30468750
vt 0.00195312 0.30468750
vt 0.00195312 0.30468750
vt 0.00195312 0.30468750
vt 0.00195312 0.30468750
vt 0.00195312 0.30468750
vt 0.00195312 0.30468750
vt 0.00195312 0.30468750
vt 0.00195312 0.30468750
vt 0.00195312 0.30468750
vt 0.00195312 0.30468750
vt 0.00195312 0.30468750
vt 0.00195312 0.30468750
vt 0.00195312 0.30468750
vt 0.00195312 0.30468750
vt 0.00195312 0.30468750
vt 0.00195312 0.30468750
vt 0.00195312 0.30468750
vt 0.00195312 0.30468750
vt 0.00195312 0.30468750
vt 0.00195312 0.30468750
vt 0.00195312 0.30468750
vt 0.00195312 0.30468750
vt 0.00195312 0.30468750
vt 0.00195312 0.30468750
vt 0.00195312 0.30468750
vt 0.00195312 0.30468750
vt 0.00195312 0.30468750
vt 0.00195312 0.30468750
vt 0.00195312 0.30468750
vt 0.00195312 0.30468750
vt 0.00195312 0.30468750
vt 0.00195312 0.30468750
vt 0.00195312 0.30468750
vt 0.00195312 0.30468750
vt 0.00195312 0.30468750
vt 0.00195312 0.30468750
vt 0.00195312 0.30468750
vt 0.00195312 0.30468750
vt 0.00195312 0.30468750
vt 0.00195312 0.30468750
vt 0.00195312 0.30468750
vt 0.00195312 0.30468750
vt 0.00195312 0.30468750
vt 0.00195312 0.30468750
vt 0.00195312 0.30468750
vt 0.00195312 0.30468750
vt 0.00195312 0.30468750
vt 0.00195312 0.30468750
vt 0.00195312 0.30468750
vt 0.00195312 0.30468750
vt 0.00195312 0.30468750
vt 0.00195312 0.30468750
vt 0.00195312 0.30468750
vt 0.00195312 0.30468750
vt 0.00195312 0.30468750
vt 0.00195312 0.30468750
vt 0.00195312 0.30468750
vt 0.00195312 0.30468750
vt 0.00195312 0.30468750
vt 0.00195312 0.30468750
vt 0.00195312 0.30468750
vt 0.00195312 0.30468750
vt 0.00195312 0.30468750
vt 0.00195312 0.30468750
vt 0.00195312 0.30468750
vt 0.00195312 0.30468750
vt 0.00195312 0.30468750
vt 0.00195312 0.30468750
vt 0.00195312 0.30468750
vt 0.00195312 0.30468750
vt 0.00195312 0.30468750
vt 0.00195312 0.30468750
vt 0.00195312 0.30468750
vt 0.00195312 0.30468750
vt 0.00195312 0.30468750
vt 0.00195312 0.30468750
vt 0.00195312 0.30468750
vt 0.00195312 0.30468750
vt 0.00195312 0.30468750
vt 0.00195312 0.30468750
vt 0.00195312 0.30468750
vt 0.00195312 0.30468750
vt 0.00195312 0.30468750
vt 0.00195312 0.30468750
vt 0.00195312 0.30468750
vt 0.00195312 0.30468750
vt 0.00195312 0.30468750
vt 0.00195312 0.30468750
vt 0.00195312 0.30468750
vt 0.00195312 0.30468750
vt 0.00195312 0.30468750
vt 0.00195312 0.30468750
vt 0.00195312 0.30468750
vt 0.00195312 0.30468750
vt 0.00195312 0.30468750
vt 0.00195312 0.30468750
vt 0.00195312 0.30468750
vt 0.00195312 0.30468750
vt 0.00195312 0.30468750
vt 0.00195312 0.30468750
vt 0.00195312 0.30468750
vt 0.00195312 0.30468750
vt 0.00195312 0.30468750
vt 0.00195312 0.30468750
vt 0.00195312 0.30468750
vt 0.00195312 0.30468750
vt 0.00195312 0.30468750
vt 0.00195312 0.30468750
vt 0.00195312 0.30468750
vt 0.00195312 0.30468750
vt 0.00195312 0.30468750
vt 0.00195312 0.30468750
vt 0.00195312 0.30468750
vt 0.00195312 0.30468750
vt 0.00195312 0.30468750
vt 0.00195312 0.30468750
vt 0.00195312 0.30468750
vt 0.00195312 0.30468750
vt 0.00195312 0.30468750
vt 0.00195312 0.30468750
vt 0.00195312 0.30468750
vt 0.00195312 0.30468750
vt 0.00195312 0.30468750
vt 0.00195312 0.30468750
vt 0.00195312 0.30468750
vt 0.00195312 0.30468750
vt 0.00195312 0.30468750
vt 0.00195312 0.30468750
vt 0.00195312 0.30468750
vt 0.00195312 0.30468750
vt 0.00195312 0.30468750
vt 0.00195312 0.30468750
vt 0.00195312 0.30468750
vt 0.00195312 0.30468750
vt 0.00195312 0.30468750
vt 0.00195312 0.30468750
vt 0.00195312 0.30468750
vt 0.00195312 0.30468750
vt 0.00195312 0.30468750
vt 0.00195312 0.30468750
vt 0.00195312 0.30468750
vt 0.00195312 0.30468750
vt 0.00195312 0.30468750
vt 0.00195312 0.30468750
vt 0.00195312 0.30468750
vt 0.00195312 0.30468750
vt 0.00195312 0.30468750
vt 0.00195312 0.30468750
vt 0.00195312 0.30468750
vt 0.00195312 0.30468750
vt 0.00195312 0.30468750
vt 0.00195312 0.30468750
vt 0.00195312 0.30468750
vt 0.00195312 0.30468750
vt 0.00195312 0.30468750
vt 0.00195312 0.30468750
vt 0.00195312 0.30468750
vt 0.00195312 0.30468750
vt 0.00195312 0.30468750
vt 0.00195312 0.30468750
vt 0.00195312 0.30468750
vt 0.00195312 0.30468750
vt 0.00195312 0.30468750
vt 0.00195312 0.30468750
vt 0.00195312 0.30468750
vt 0.00195312 0.30468750
vt 0.00195312 0.30468750
vt 0.00195312 0.30468750
vt 0.00195312 0.30468750
vt 0.00195312 0.30468750
vt 0.00195312 0.30468750
vt 0.00195312 0.30468750
vt 0.00195312 0.30468750
vt 0.00195312 0.30468750
vt 0.00195312 0.30468750
vt 0.00195312 0.30468750
vt 0.00195312 0.30468750
vt 0.00195312 0.30468750
vt 0.00195312 0.30468750
vt 0.00195312 0.30468750
vt 0.00195312 0.30468750
vt 0.00195312 0.30468750
vt 0.00195312 0.27343750
vt 0.00195312 0.28906250
vt 0.00195312 0.27343750
vt 0.00195312 0.28906250
vt 0.00195312 0.28906250
vt 0.00195312 0.28906250
vt 0.00195312 0.28906250
vt 0.00195312 0.28906250
vt 0.00195312 0.27343750
vt 0.00195312 0.28906250
vt 0.00195312 0.27343750
vt 0.00195312 0.28906250
vt 0.00195312 0.28906250
vt 0.00195312 0.28906250
vt 0.00195312 0.28906250
vt 0.00195312 0.28906250
vt 0.00195312 0.27343750
vt 0.00195312 0.28906250
vt 0.00195312 0.27343750
vt 0.00195312 0.28906250
vt 0.00195312 0.28906250
vt 0.00195312 0.28906250
vt 0.00195312 0.28906250
vt 0.00195312 0.28906250
vt 0.00195312 0.27343750
vt 0.00195312 0.28906250
vt 0.00195312 0.27343750
vt 0.00195312 0.28906250
vt 0.00195312 0.28906250
vt 0.00195312 0.28906250
vt 0.00195312 0.28906250
vt 0.00195312 0.28906250
vt 0.00195312 0.27343750
vt 0.00195312 0.28906250
vt 0.00195312 0.27343750
vt 0.00195312 0.28906250
vt 0.00195312 0.28906250
vt 0.00195312 0.28906250
vt 0.00195312 0.28906250
vt 0.00195312 0.28906250
vt 0.00195312 0.27343750
vt 0.00195312 0.28906250
vt 0.00195312 0.27343750
vt 0.00195312 0.28906250
vt 0.00195312 0.28906250
vt 0.00195312 0.28906250
vt 0.00195312 0.28906250
vt 0.00195312 0.28906250
vt 0.00195312 0.27343750
vt 0.00195312 0.28906250
vt 0.00195312 0.27343750
vt 0.00195312 0.28906250
vt 0.00195312 0.28906250
vt 0.00195312 0.28906250
vt 0.00195312 0.28906250
vt 0.00195312 0.28906250
vt 0.00195312 0.27343750
vt 0.00195312 0.28906250
vt 0.00195312 0.27343750
vt 0.00195312 0.28906250
vt 0.00195312 0.28906250
vt 0.00195312 0.28906250
vt 0.00195312 0.28906250
vt 0.00195312 0.28906250
vt 0.00195312 0.27343750
vt 0.00195312 0.28906250
vt 0.00195312 0.27343750
vt 0.00195312 0.28906250
vt 0.00195312 0.28906250
vt 0.00195312 0.28906250
vt 0.00195312 0.28906250
vt 0.00195312 0.28906250
vt 0.00195312 0.27343750
vt 0.00195312 0.28906250
vt 0.00195312 0.27343750
vt 0.00195312 0.28906250
vt 0.00195312 0.28906250
vt 0.00195312 0.28906250
vt 0.00195312 0.28906250
vt 0.00195312 0.28906250
vt 0.00195312 0.27343750
vt 0.00195312 0.28906250
vt 0.00195312 0.27343750
vt 0.00195312 0.28906250
vt 0.00195312 0.28906250
vt 0.00195312 0.28906250
vt 0.00195312 0.28906250
vt 0.00195312 0.28906250
vt 0.00195312 0.27343750
vt 0.00195312 0.28906250
vt 0.00195312 0.27343750
vt 0.00195312 0.28906250
vt 0.00195312 0.28906250
vt 0.00195312 0.28906250
vt 0.00195312 0.28906250
vt 0.00195312 0.28906250
vt 0.00195312 0.27343750
vt 0.00195312 0.28906250
vt 0.00195312 0.27343750
vt 0.00195312 0.28906250
vt 0.00195312 0.28906250
vt 0.00195312 0.28906250
vt 0.00195312 0.28906250
vt 0.00195312 0.28906250
vt 0.00195312 0.27343750
vt 0.00195312 0.28906250
vt 0.00195312 0.27343750
vt 0.00195312 0.28906250
vt 0.00195312 0.28906250
vt 0.00195312 0.28906250
vt 0.00195312 0.28906250
vt 0.00195312 0.28906250
vt 0.00195312 0.27343750
vt 0.00195312 0.28906250
vt 0.00195312 0.27343750
vt 0.00195312 0.28906250
vt 0.00195312 0.28906250
vt 0.00195312 0.28906250
vt 0.00195312 0.28906250
vt 0.00195312 0.28906250
vt 0.00195312 0.27343750
vt 0.00195312 0.28906250
vt 0.00195312 0.27343750
vt 0.00195312 0.28906250
vt 0.00195312 0.28906250
vt 0.00195312 0.28906250
vt 0.00195312 0.28906250
vt 0.00195312 0.28906250
vt 0.00195312 0.27343750
vt 0.00195312 0.28906250
vt 0.00195312 0.27343750
vt 0.00195312 0.28906250
vt 0.00195312 0.28906250
vt 0.00195312 0.28906250
vt 0.00195312 0.28906250
vt 0.00195312 0.28906250
vt 0.00195312 0.27343750
vt 0.00195312 0.28906250
vt 0.00195312 0.27343750
vt 0.00195312 0.28906250
vt 0.00195312 0.28906250
vt 0.00195312 0.28906250
vt 0.00195312 0.28906250
vt 0.00195312 0.28906250
vt 0.00195312 0.27343750
vt 0.00195312 0.28906250
vt 0.00195312 0.27343750
vt 0.00195312 0.28906250
vt 0.00195312 0.28906250
vt 0.00195312 0.28906250
vt 0.00195312 0.28906250
vt 0.00195312 0.28906250
vt 0.00195312 0.27343750
vt 0.00195312 0.28906250
vt 0.00195312 0.27343750
vt 0.00195312 0.28906250
vt 0.00195312 0.28906250
vt 0.00195312 0.28906250
vt 0.00195312 0.28906250
vt 0.00195312 0.28906250
vt 0.00195312 0.27343750
vt 0.00195312 0.28906250
vt 0.00195312 0.27343750
vt 0.00195312 0.28906250
vt 0.00195312 0.28906250
vt 0.00195312 0.28906250
vt 0.00195312 0.28906250
vt 0.00195312 0.28906250
vt 0.00195312 0.27343750
vt 0.00195312 0.28906250
vt 0.00195312 0.27343750
vt 0.00195312 0.28906250
vt 0.00195312 0.28906250
vt 0.00195312 0.28906250
vt 0.00195312 0.28906250
vt 0.00195312 0.28906250
vt 0.00195312 0.27343750
vt 0.00195312 0.28906250
vt 0.00195312 0.27343750
vt 0.00195312 0.28906250
vt 0.00195312 0.28906250
vt 0.00195312 0.28906250
vt 0.00195312 0.28906250
vt 0.00195312 0.28906250
vt 0.00195312 0.27343750
vt 0.00195312 0.28906250
vt 0.00195312 0.27343750
vt 0.00195312 0.28906250
vt 0.00195312 0.28906250
vt 0.00195312 0.28906250
vt 0.00195312 0.28906250
vt 0.00195312 0.28906250
vt 0.00195312 0.25781250
vt 0.00195312 0.25781250
vt 0.00195312 0.25781250
vt 0.00195312 0.25781250
vt 0.00195312 0.27343750
vt 0.00195312 0.25781250
vt 0.00195312 0.27343750
vt 0.00195312 0.25781250
vt 0.00195312 0.25781250
vt 0.00195312 0.25781250
vt 0.00195312 0.25781250
vt 0.00195312 0.25781250
vt 0.00195312 0.27343750
vt 0.00195312 0.25781250
vt 0.00195312 0.27343750
vt 0.00195312 0.25781250
vt 0.00195312 0.25781250
vt 0.00195312 0.25781250
vt 0.00195312 0.25781250
vt 0.00195312 0.25781250
vt 0.00195312 0.27343750
vt 0.00195312 0.25781250
vt 0.00195312 0.27343750
vt 0.00195312 0.25781250
vt 0.00195312 0.25781250
vt 0.00195312 0.25781250
vt 0.00195312 0.25781250
vt 0.00195312 0.25781250
vt 0.00195312 0.27343750
vt 0.00195312 0.25781250
vt 0.00195312 0.27343750
vt 0.00195312 0.25781250
vt 0.00195312 0.25781250
vt 0.00195312 0.25781250
vt 0.00195312 0.25781250
vt 0.00195312 0.25781250
vt 0.00195312 0.27343750
vt 0.00195312 0.25781250
vt 0.00195312 0.27343750
vt 0.00195312 0.25781250
vt 0.00195312 0.25781250
vt 0.00195312 0.25781250
vt 0.00195312 0.25781250
vt 0.00195312 0.25781250
vt 0.00195312 0.27343750
vt 0.00195312 0.25781250
vt 0.00195312 0.27343750
vt 0.00195312 0.25781250
vt 0.00195312 0.25781250
vt 0.00195312 0.25781250
vt 0.00195312 0.25781250
vt 0.00195312 0.25781250
vt 0.00195312 0.27343750
vt 0.00195312 0.25781250
vt 0.00195312 0.27343750
vt 0.00195312 0.25781250
vt 0.00195312 0.25781250
vt 0.00195312 0.25781250
vt 0.00195312 0.25781250
vt 0.00195312 0.25781250
vt 0.00195312 0.27343750
vt 0.00195312 0.25781250
vt 0.00195312 0.27343750
vt 0.00195312 0.25781250
vt 0.00195312 0.25781250
vt 0.00195312 0.25781250
vt 0.00195312 0.25781250
vt 0.00195312 0.25781250
vt 0.00195312 0.27343750
vt 0.00195312 0.25781250
vt 0.00195312 0.27343750
vt 0.00195312 0.25781250
vt 0.00195312 0.25781250
vt 0.00195312 0.25781250
vt 0.00195312 0.25781250
vt 0.00195312 0.25781250
vt 0.00195312 0.27343750
vt 0.00195312 0.25781250
vt 0.00195312 0.27343750
vt 0.00195312 0.25781250
vt 0.00195312 0.25781250
vt 0.00195312 0.25781250
vt 0.00195312 0.25781250
vt 0.00195312 0.25781250
vt 0.00195312 0.27343750
vt 0.00195312 0.25781250
vt 0.00195312 0.27343750
vt 0.00195312 0.25781250
vt 0.00195312 0.25781250
vt 0.00195312 0.25781250
vt 0.00195312 0.25781250
vt 0.00195312 0.25781250
vt 0.00195312 0.27343750
vt 0.00195312 0.25781250
vt 0.00195312 0.27343750
vt 0.00195312 0.25781250
vt 0.00195312 0.25781250
vt 0.00195312 0.25781250
vt 0.00195312 0.25781250
vt 0.00195312 0.25781250
vt 0.00195312 0.27343750
vt 0.00195312 0.25781250
vt 0.00195312 0.27343750
vt 0.00195312 0.25781250
vt 0.00195312 0.25781250
vt 0.00195312 0.25781250
vt 0.00195312 0.25781250
vt 0.00195312 0.25781250
vt 0.00195312 0.27343750
vt 0.00195312 0.25781250
vt 0.00195312 0.27343750
vt 0.00195312 0.25781250
vt 0.00195312 0.25781250
vt 0.00195312 0.25781250
vt 0.00195312 0.25781250
vt 0.00195312 0.25781250
vt 0.00195312 0.27343750
vt 0.00195312 0.25781250
vt 0.00195312 0.27343750
vt 0.00195312 0.25781250
vt 0.00195312 0.25781250
vt 0.00195312 0.25781250
vt 0.00195312 0.25781250
vt 0.00195312 0.25781250
vt 0.00195312 0.27343750
vt 0.00195312 0.25781250
vt 0.00195312 0.27343750
vt 0.00195312 0.25781250
vt 0.00195312 0.25781250
vt 0.00195312 0.25781250
vt 0.00195312 0.25781250
vt 0.00195312 0.25781250
vt 0.00195312 0.27343750
vt 0.00195312 0.25781250
vt 0.00195312 0.27343750
vt 0.00195312 0.25781250
vt 0.00195312 0.25781250
vt 0.00195312 0.25781250
vt 0.00195312 0.25781250
vt 0.00195312 0.25781250
vt 0.00195312 0.27343750
vt 0.00195312 0.25781250
vt 0.00195312 0.27343750
vt 0.00195312 0.25781250
vt 0.00195312 0.25781250
vt 0.00195312 0.25781250
vt 0.00195312 0.25781250
vt 0.00195312 0.25781250
vt 0.00195312 0.27343750
vt 0.00195312 0.25781250
vt 0.00195312 0.27343750
vt 0.00195312 0.25781250
vt 0.00195312 0.25781250
vt 0.00195312 0.25781250
vt 0.00195312 0.25781250
vt 0.00195312 0.25781250
vt 0.00195312 0.27343750
vt 0.00195312 0.25781250
vt 0.00195312 0.27343750
vt 0.00195312 0.25781250
vt 0.00195312 0.25781250
vt 0.00195312 0.25781250
vt 0.00195312 0.25781250
vt 0.00195312 0.25781250
vt 0.00195312 0.27343750
vt 0.00195312 0.25781250
vt 0.00195312 0.27343750
vt 0.00195312 0.25781250
vt 0.00195312 0.25781250
vt 0.00195312 0.25781250
vt 0.00195312 0.25781250
vt 0.00195312 0.25781250
vt 0.00195312 0.27343750
vt 0.00195312 0.25781250
vt 0.00195312 0.27343750
vt 0.00195312 0.25781250
vt 0.00195312 0.25781250
vt 0.00195312 0.25781250
vt 0.00195312 0.25781250
vt 0.00195312 0.25781250
vt 0.00195312 0.27343750
vt 0.00195312 0.25781250
vt 0.00195312 0.27343750
vt 0.00195312 0.25781250
vt 0.00195312 0.25781250
vt 0.00195312 0.25781250
vt 0.00195312 0.25781250
vt 0.00195312 0.25781250
vt 0.00195312 0.27343750
vt 0.00195312 0.25781250
vt 0.00195312 0.27343750
vt 0.00195312 0.25781250
vt 0.00195312 0.22656250
vt 0.00195312 0.24218750
vt 0.00195312 0.24218750
vt 0.00195312 0.24218750
vt 0.00195312 0.24218750
vt 0.00195312 0.24218750
vt 0.00195312 0.24218750
vt 0.00195312 0.24218750
vt 0.00195312 0.22656250
vt 0.00195312 0.24218750
vt 0.00195312 0.24218750
vt 0.00195312 0.24218750
vt 0.00195312 0.24218750
vt 0.00195312 0.24218750
vt 0.00195312 0.24218750
vt 0.00195312 0.24218750
vt 0.00195312 0.22656250
vt 0.00195312 0.24218750
vt 0.00195312 0.24218750
vt 0.00195312 0.24218750
vt 0.00195312 0.24218750
vt 0.00195312 0.24218750
vt 0.00195312 0.24218750
vt 0.00195312 0.24218750
vt 0.00195312 0.22656250
vt 0.00195312 0.24218750
vt 0.00195312 0.24218750
vt 0.00195312 0.24218750
vt 0.00195312 0.24218750
vt 0.00195312 0.24218750
vt 0.00195312 0.24218750
vt 0.00195312 0.24218750
vt 0.00195312 0.22656250
vt 0.00195312 0.24218750
vt 0.00195312 0.24218750
vt 0.00195312 0.24218750
vt 0.00195312 0.24218750
vt 0.00195312 0.24218750
vt 0.00195312 0.24218750
vt 0.00195312 0.24218750
vt 0.00195312 0.22656250
vt 0.00195312 0.24218750
vt 0.00195312 0.24218750
vt 0.00195312 0.24218750
vt 0.00195312 0.24218750
vt 0.00195312 0.24218750
vt 0.00195312 0.24218750
vt 0.00195312 0.24218750
vt 0.00195312 0.22656250
vt 0.00195312 0.24218750
vt 0.00195312 0.24218750
vt 0.00195312 0.24218750
vt 0.00195312 0.24218750
vt 0.00195312 0.24218750
vt 0.00195312 0.24218750
vt 0.00195312 0.24218750
vt 0.00195312 0.22656250
vt 0.00195312 0.24218750
vt 0.00195312 0.24218750
vt 0.00195312 0.24218750
vt 0.00195312 0.24218750
vt 0.00195312 0.24218750
vt 0.00195312 0.24218750
vt 0.00195312 0.24218750
vt 0.00195312 0.22656250
vt 0.00195312 0.24218750
vt 0.00195312 0.24218750
vt 0.00195312 0.24218750
vt 0.00195312 0.24218750
vt 0.00195312 0.24218750
vt 0.00195312 0.24218750
vt 0.00195312 0.24218750
vt 0.00195312 0.22656250
vt 0.00195312 0.24218750
vt 0.00195312 0.24218750
vt 0.00195312 0.24218750
vt 0.00195312 0.24218750
vt 0.00195312 0.24218750
vt 0.00195312 0.24218750
vt 0.00195312 0.24218750
vt 0.00195312 0.22656250
vt 0.00195312 0.24218750
vt 0.00195312 0.24218750
vt 0.00195312 0.24218750
vt 0.00195312 0.24218750
vt 0.00195312 0.24218750
vt 0.00195312 0.24218750
vt 0.00195312 0.24218750
vt 0.00195312 0.22656250
vt 0.00195312 0.24218750
vt 0.00195312 0.24218750
vt 0.00195312 0.24218750
vt 0.00195312 0.24218750
vt 0.00195312 0.24218750
vt 0.00195312 0.24218750
vt 0.00195312 0.24218750
vt 0.00195312 0.22656250
vt 0.00195312 0.24218750
vt 0.00195312 0.24218750
vt 0.00195312 0.24218750
vt 0.00195312 0.24218750
vt 0.00195312 0.24218750
vt 0.00195312 0.24218750
vt 0.00195312 0.24218750
vt 0.00195312 0.22656250
vt 0.00195312 0.24218750
vt 0.00195312 0.24218750
vt 0.00195312 0.24218750
vt 0.00195312 0.24218750
vt 0.00195312 0.24218750
vt 0.00195312 0.24218750
vt 0.00195312 0.24218750
vt 0.00195312 0.22656250
vt 0.00195312 0.24218750
vt 0.00195312 0.24218750
vt 0.00195312 0.24218750
vt 0.00195312 0.24218750
vt 0.00195312 0.24218750
vt 0.00195312 0.24218750
vt 0.00195312 0.24218750
vt 0.00195312 0.22656250
vt 0.00195312 0.24218750
vt 0.00195312 0.24218750
vt 0.00195312 0.24218750
vt 0.00195312 0.24218750
vt 0.00195312 0.24218750
vt 0.00195312 0.24218750
vt 0.00195312 0.24218750
vt 0.00195312 0.22656250
vt 0.00195312 0.24218750
vt 0.00195312 0.24218750
vt 0.00195312 0.24218750
vt 0.00195312 0.24218750
vt 0.00195312 0.24218750
vt 0.00195312 0.24218750
vt 0.00195312 0.24218750
vt 0.00195312 0.22656250
vt 0.00195312 0.24218750
vt 0.00195312 0.24218750
vt 0.00195312 0.24218750
vt 0.00195312 0.24218750
vt 0.00195312 0.24218750
vt 0.00195312 0.24218750
vt 0.00195312 0.24218750
vt 0.00195312 0.22656250
vt 0.00195312 0.24218750
vt 0.00195312 0.24218750
vt 0.00195312 0.24218750
vt 0.00195312 0.24218750
vt 0.00195312 0.24218750
vt 0.00195312 0.24218750
vt 0.00195312 0.24218750
vt 0.00195312 0.22656250
vt 0.00195312 0.24218750
vt 0.00195312 0.24218750
vt 0.00195312 0.24218750
vt 0.00195312 0.24218750
vt 0.00195312 0.24218750
vt 0.00195312 0.24218750
vt 0.00195312 0.24218750
vt 0.00195312 0.22656250
vt 0.00195312 0.24218750
vt 0.00195312 0.24218750
vt 0.00195312 0.24218750
vt 0.00195312 0.24218750
vt 0.00195312 0.24218750
vt 0.00195312 0.24218750
vt 0.00195312 0.24218750
vt 0.00195312 0.22656250
vt 0.00195312 0.24218750
vt 0.00195312 0.24218750
vt 0.00195312 0.24218750
vt 0.00195312 0.24218750
vt 0.00195312 0.24218750
vt 0.00195312 0.24218750
vt 0.00195312 0.24218750
vt 0.00195312 0.22656250
vt 0.00195312 0.24218750
vt 0.00195312 0.24218750
vt 0.00195312 0.24218750
vt 0.00195312 0.24218750
vt 0.00195312 0.24218750
vt 0.00195312 0.24218750
vt 0.00195312 0.24218750
vt 0.00195312 0.22656250
vt 0.00195312 0.24218750
vt 0.00195312 0.24218750
vt 0.00195312 0.24218750
vt 0.00195312 0.24218750
vt 0.00195312 0.24218750
vt 0.00195312 0.24218750
vt 0.00195312 0.24218750
vt 0.00195312 0.21093750
vt 0.00195312 0.21093750
vt 0.00195312 0.21093750
vt 0.00195312 0.21093750
vt 0.00195312 0.22656250
vt 0.00195312 0.21093750
vt 0.00195312 0.22656250
vt 0.00195312 0.22656250
vt 0.00195312 0.21093750
vt 0.00195312 0.21093750
vt 0.00195312 0.21093750
vt 0.00195312 0.21093750
vt 0.00195312 0.22656250
vt 0.00195312 0.21093750
vt 0.00195312 0.22656250
vt 0.00195312 0.22656250
vt 0.00195312 0.21093750
vt 0.00195312 0.21093750
vt 0.00195312 0.21093750
vt 0.00195312 0.21093750
vt 0.00195312 0.22656250
vt 0.00195312 0.21093750
vt 0.00195312 0.22656250
vt 0.00195312 0.22656250
vt 0.00195312 0.21093750
vt 0.00195312 0.21093750
vt 0.00195312 0.21093750
vt 0.00195312 0.21093750
vt 0.00195312 0.22656250
vt 0.00195312 0.21093750
vt 0.00195312 0.22656250
vt 0.00195312 0.22656250
vt 0.00195312 0.21093750
vt 0.00195312 0.21093750
vt 0.00195312 0.21093750
vt 0.00195312 0.21093750
vt 0.00195312 0.22656250
vt 0.00195312 0.21093750
vt 0.00195312 0.22656250
vt 0.00195312 0.22656250
vt 0.00195312 0.21093750
vt 0.00195312 0.21093750
vt 0.00195312 0.21093750
vt 0.00195312 0.21093750
vt 0.00195312 0.22656250
vt 0.00195312 0.21093750
vt 0.00195312 0.22656250
vt 0.00195312 0.22656250
vt 0.00195312 0.21093750
vt 0.00195312 0.21093750
vt 0.00195312 0.21093750
vt 0.00195312 0.21093750
vt 0.00195312 0.22656250
vt 0.00195312 0.21093750
vt 0.00195312 0.22656250
vt 0.00195312 0.22656250
vt 0.00195312 0.21093750
vt 0.00195312 0.21093750
vt 0.00195312 0.21093750
vt 0.00195312 0.21093750
vt 0.00195312 0.22656250
vt 0.00195312 0.21093750
vt 0.00195312 0.22656250
vt 0.00195312 0.22656250
vt 0.00195312 0.21093750
vt 0.00195312 0.21093750
vt 0.00195312 0.21093750
vt 0.00195312 0.21093750
vt 0.00195312 0.22656250
vt 0.00195312 0.21093750
vt 0.00195312 0.22656250
vt 0.00195312 0.22656250
vt 0.00195312 0.21093750
vt 0.00195312 0.21093750
vt 0.00195312 0.21093750
vt 0.00195312 0.21093750
vt 0.00195312 0.22656250
vt 0.00195312 0.21093750
vt 0.00195312 0.22656250
vt 0.00195312 0.22656250
vt 0.00195312 0.21093750
vt 0.00195312 0.21093750
vt 0.00195312 0.21093750
vt 0.00195312 0.21093750
vt 0.00195312 0.22656250
vt 0.00195312 0.21093750
vt 0.00195312 0.22656250
vt 0.00195312 0.22656250
vt 0.00195312 0.21093750
vt 0.00195312 0.21093750
vt 0.00195312 0.21093750
vt 0.00195312 0.21093750
vt 0.00195312 0.22656250
vt 0.00195312 0.21093750
vt 0.00195312 0.22656250
vt 0.00195312 0.22656250
vt 0.00195312 0.21093750
vt 0.00195312 0.21093750
vt 0.00195312 0.21093750
vt 0.00195312 0.21093750
vt 0.00195312 0.22656250
vt 0.00195312 0.21093750
vt 0.00195312 0.22656250
vt 0.00195312 0.22656250
vt 0.00195312 0.21093750
vt 0.00195312 0.21093750
vt 0.00195312 0.21093750
vt 0.00195312 0.21093750
vt 0.00195312 0.22656250
vt 0.00195312 0.21093750
vt 0.00195312 0.22656250
vt 0.00195312 0.22656250
vt 0.00195312 0.21093750
vt 0.00195312 0.21093750
vt 0.00195312 0.21093750
vt 0.00195312 0.21093750
vt 0.00195312 0.22656250
vt 0.00195312 0.21093750
vt 0.00195312 0.22656250
vt 0.00195312 0.22656250
vt 0.00195312 0.21093750
vt 0.00195312 0.21093750
vt 0.00195312 0.21093750
vt 0.00195312 0.21093750
vt 0.00195312 0.22656250
vt 0.00195312 0.21093750
vt 0.00195312 0.22656250
vt 0.00195312 0.22656250
vt 0.00195312 0.21093750
vt 0.00195312 0.21093750
vt 0.00195312 0.21093750
vt 0.00195312 0.21093750
vt 0.00195312 0.22656250
vt 0.00195312 0.21093750
vt 0.00195312 0.22656250
vt 0.00195312 0.22656250
vt 0.00195312 0.21093750
vt 0.00195312 0.21093750
vt 0.00195312 0.21093750
vt 0.00195312 0.21093750
vt 0.00195312 0.22656250
vt 0.00195312 0.21093750
vt 0.00195312 0.22656250
vt 0.00195312 0.22656250
vt 0.00195312 0.21093750
vt 0.00195312 0.21093750
vt 0.00195312 0.21093750
vt 0.00195312 0.21093750
vt 0.00195312 0.22656250
vt 0.00195312 0.21093750
vt 0.00195312 0.22656250
vt 0.00195312 0.22656250
vt 0.00195312 0.21093750
vt 0.00195312 0.21093750
vt 0.00195312 0.21093750
vt 0.00195312 0.21093750
vt 0.00195312 0.22656250
vt 0.00195312 0.21093750
vt 0.00195312 0.22656250
vt 0.00195312 0.22656250
vt 0.00195312 0.21093750
vt 0.00195312 0.21093750
vt 0.00195312 0.21093750
vt 0.00195312 0.21093750
vt 0.00195312 0.22656250
vt 0.00195312 0.21093750
vt 0.00195312 0.22656250
vt 0.00195312 0.22656250
vt 0.00195312 0.21093750
vt 0.00195312 0.21093750
vt 0.00195312 0.21093750
vt 0.00195312 0.21093750
vt 0.00195312 0.22656250
vt 0.00195312 0.21093750
vt 0.00195312 0.22656250
vt 0.00195312 0.22656250
vt 0.00195312 0.21093750
vt 0.00195312 0.21093750
vt 0.00195312 0.21093750
vt 0.00195312 0.21093750
vt 0.00195312 0.22656250
vt 0.00195312 0.21093750
vt 0.00195312 0.22656250
vt 0.00195312 0.22656250
vt 0.00195312 0.21093750
vt 0.00195312 0.21093750
vt 0.00195312 0.21093750
vt 0.00195312 0.21093750
vt 0.00195312 0.22656250
vt 0.00195312 0.21093750
vt 0.00195312 0.22656250
vt 0.00195312 0.22656250
vt 0.00195312 0.19531250
vt 0.00195312 0.19531250
vt 0.00195312 0.19531250
vt 0.00195312 0.19531250
vt 0.00195312 0.19531250
vt 0.00195312 0.19531250
vt 0.00195312 0.19531250
vt 0.00195312 0.19531250
vt 0.00195312 0.19531250
vt 0.00195312 0.19531250
vt 0.00195312 0.19531250
vt 0.00195312 0.19531250
vt 0.00195312 0.19531250
vt 0.00195312 0.19531250
vt 0.00195312 0.19531250
vt 0.00195312 0.19531250
vt 0.00195312 0.19531250
vt 0.00195312 0.19531250
vt 0.00195312 0.19531250
vt 0.00195312 0.19531250
vt 0.00195312 0.19531250
vt 0.00195312 0.19531250
vt 0.00195312 0.19531250
vt 0.00195312 0.19531250
vt 0.00195312 0.19531250
vt 0.00195312 0.19531250
vt 0.00195312 0.19531250
vt 0.00195312 0.19531250
vt 0.00195312 0.19531250
vt 0.00195312 0.19531250
vt 0.00195312 0.19531250
vt 0.00195312 0.19531250
vt 0.00195312 0.19531250
vt 0.00195312 0.19531250
vt 0.00195312 0.19531250
vt 0.00195312 0.19531250
vt 0.00195312 0.19531250
vt 0.00195312 0.19531250
vt 0.00195312 0.19531250
vt 0.00195312 0.19531250
vt 0.00195312 0.19531250
vt 0.00195312 0.19531250
vt 0.00195312 0.19531250
vt 0.00195312 0.19531250
vt 0.00195312 0.19531250
vt 0.00195312 0.19531250
vt 0.00195312 0.19531250
vt 0.00195312 0.19531250
vt 0.00195312 0.19531250
vt 0.00195312 0.19531250
vt 0.00195312 0.19531250
vt 0.00195312 0.19531250
vt 0.00195312 0.19531250
vt 0.00195312 0.19531250
vt 0.00195312 0.19531250
vt 0.00195312 0.19531250
vt 0.00195312 0.19531250
vt 0.00195312 0.19531250
vt 0.00195312 0.19531250
vt 0.00195312 0.19531250
vt 0.00195312 0.19531250
vt 0.00195312 0.19531250
vt 0.00195312 0.19531250
vt 0.00195312 0.19531250
vt 0.00195312 0.19531250
vt 0.00195312 0.19531250
vt 0.00195312 0.19531250
vt 0.00195312 0.19531250
vt 0.00195312 0.19531250
vt 0.00195312 0.19531250
vt 0.00195312 0.19531250
vt 0.00195312 0.19531250
vt 0.00195312 0.19531250
vt 0.00195312 0.19531250
vt 0.00195312 0.19531250
vt 0.00195312 0.19531250
vt 0.00195312 0.19531250
vt 0.00195312 0.19531250
vt 0.00195312 0.19531250
vt 0.00195312 0.19531250
vt 0.00195312 0.19531250
vt 0.00195312 0.19531250
vt 0.00195312 0.19531250
vt 0.00195312 0.19531250
vt 0.00195312 0.19531250
vt 0.00195312 0.19531250
vt 0.00195312 0.19531250
vt 0.00195312 0.19531250
vt 0.00195312 0.19531250
vt 0.00195312 0.19531250
vt 0.00195312 0.19531250
vt 0.00195312 0.19531250
vt 0.00195312 0.19531250
vt 0.00195312 0.19531250
vt 0.00195312 0.19531250
vt 0.00195312 0.19531250
vt 0.00195312 0.19531250
vt 0.00195312 0.19531250
vt 0.00195312 0.19531250
vt 0.00195312 0.19531250
vt 0.00195312 0.19531250
vt 0.00195312 0.19531250
vt 0.00195312 0.19531250
vt 0.00195312 0.19531250
vt 0.00195312 0.19531250
vt 0.00195312 0.19531250
vt 0.00195312 0.19531250
vt 0.00195312 0.19531250
vt 0.00195312 0.19531250
vt 0.00195312 0.19531250
vt 0.00195312 0.19531250
vt 0.00195312 0.19531250
vt 0.00195312 0.19531250
vt 0.00195312 0.19531250
vt 0.00195312 0.19531250
vt 0.00195312 0.19531250
vt 0.00195312 0.19531250
vt 0.00195312 0.19531250
vt 0.00195312 0.19531250
vt 0.00195312 0.19531250
vt 0.00195312 0.19531250
vt 0.00195312 0.19531250
vt 0.00195312 0.19531250
vt 0.00195312 0.19531250
vt 0.00195312 0.19531250
vt 0.00195312 0.19531250
vt 0.00195312 0.19531250
vt 0.00195312 0.19531250
vt 0.00195312 0.19531250
vt 0.00195312 0.19531250
vt 0.00195312 0.19531250
vt 0.00195312 0.19531250
vt 0.00195312 0.19531250
vt 0.00195312 0.19531250
vt 0.00195312 0.19531250
vt 0.00195312 0.19531250
vt 0.00195312 0.19531250
vt 0.00195312 0.19531250
vt 0.00195312 0.19531250
vt 0.00195312 0.19531250
vt 0.00195312 0.19531250
vt 0.00195312 0.19531250
vt 0.00195312 0.19531250
vt 0.00195312 0.19531250
vt 0.00195312 0.19531250
vt 0.00195312 0.19531250
vt 0.00195312 0.19531250
vt 0.00195312 0.19531250
vt 0.00195312 0.19531250
vt 0.00195312 0.19531250
vt 0.00195312 0.19531250
vt 0.00195312 0.19531250
vt 0.00195312 0.19531250
vt 0.00195312 0.19531250
vt 0.00195312 0.19531250
vt 0.00195312 0.19531250
vt 0.00195312 0.19531250
vt 0.00195312 0.19531250
vt 0.00195312 0.19531250
vt 0.00195312 0.19531250
vt 0.00195312 0.19531250
vt 0.00195312 0.19531250
vt 0.00195312 0.19531250
vt 0.00195312 0.19531250
vt 0.00195312 0.19531250
vt 0.00195312 0.19531250
vt 0.00195312 0.19531250
vt 0.00195312 0.19531250
vt 0.00195312 0.19531250
vt 0.00195312 0.19531250
vt 0.00195312 0.19531250
vt 0.00195312 0.19531250
vt 0.00195312 0.19531250
vt 0.00195312 0.19531250
vt 0.00195312 0.19531250
vt 0.00195312 0.19531250
vt 0.00195312 0.19531250
vt 0.00195312 0.19531250
vt 0.00195312 0.19531250
vt 0.00195312 0.19531250
vt 0.00195312 0.19531250
vt 0.00195312 0.19531250
vt 0.00195312 0.19531250
vt 0.00195312 0.19531250
vt 0.00195312 0.19531250
vt 0.00195312 0.19531250
vt 0.00195312 0.19531250
vt 0.00195312 0.19531250
vt 0.00195312 0.19531250
vt 0.00195312 0.19531250
vt 0.00195312 0.19531250
vt 0.00195312 0.19531250
vt 0.00195312 0.16406250
vt 0.00195312 0.16406250
vt 0.00195312 0.16406250
vt 0.00195312 0.16406250
vt 0.00195312 0.17968750
vt 0.00195312 0.16406250
vt 0.00195312 0.17968750
vt 0.00195312 0.17968750
vt 0.00195312 0.16406250
vt 0.00195312 0.16406250
vt 0.00195312 0.16406250
vt 0.00195312 0.16406250
vt 0.00195312 0.17968750
vt 0.00195312 0.16406250
vt 0.00195312 0.17968750
vt 0.00195312 0.17968750
vt 0.00195312 0.16406250
vt 0.00195312 0.16406250
vt 0.00195312 0.16406250
vt 0.00195312 0.16406250
vt 0.00195312 0.17968750
vt 0.00195312 0.16406250
vt 0.00195312 0.17968750
vt 0.00195312 0.17968750
vt 0.00195312 0.16406250
vt 0.00195312 0.16406250
vt 0.00195312 0.16406250
vt 0.00195312 0.16406250
vt 0.00195312 0.17968750
vt 0.00195312 0.16406250
vt 0.00195312 0.17968750
vt 0.00195312 0.17968750
vt 0.00195312 0.16406250
vt 0.00195312 0.16406250
vt 0.00195312 0.16406250
vt 0.00195312 0.16406250
vt 0.00195312 0.17968750
vt 0.00195312 0.16406250
vt 0.00195312 0.17968750
vt 0.00195312 0.17968750
vt 0.00195312 0.16406250
vt 0.00195312 0.16406250
vt 0.00195312 0.16406250
vt 0.00195312 0.16406250
vt 0.00195312 0.17968750
vt 0.00195312 0.16406250
vt 0.00195312 0.17968750
vt 0.00195312 0.17968750
vt 0.00195312 0.16406250
vt 0.00195312 0.16406250
vt 0.00195312 0.16406250
vt 0.00195312 0.16406250
vt 0.00195312 0.17968750
vt 0.00195312 0.16406250
vt 0.00195312 0.17968750
vt 0.00195312 0.17968750
vt 0.00195312 0.16406250
vt 0.00195312 0.16406250
vt 0.00195312 0.16406250
vt 0.00195312 0.16406250
vt 0.00195312 0.17968750
vt 0.00195312 0.16406250
vt 0.00195312 0.17968750
vt 0.00195312 0.17968750
vt 0.00195312 0.16406250
vt 0.00195312 0.16406250
vt 0.00195312 0.16406250
vt 0.00195312 0.16406250
vt 0.00195312 0.17968750
vt 0.00195312 0.16406250
vt 0.00195312 0.17968750
vt 0.00195312 0.17968750
vt 0.00195312 0.16406250
vt 0.00195312 0.16406250
vt 0.00195312 0.16406250
vt 0.00195312 0.16406250
vt 0.00195312 0.17968750
vt 0.00195312 0.16406250
vt 0.00195312 0.17968750
vt 0.00195312 0.17968750
vt 0.00195312 0.16406250
vt 0.00195312 0.16406250
vt 0.00195312 0.16406250
vt 0.00195312 0.16406250
vt 0.00195312 0.17968750
vt 0.00195312 0.16406250
vt 0.00195312 0.17968750
vt 0.00195312 0.17968750
vt 0.00195312 0.16406250
vt 0.00195312 0.16406250
vt 0.00195312 0.16406250
vt 0.00195312 0.16406250
vt 0.00195312 0.17968750
vt 0.00195312 0.16406250
vt 0.00195312 0.17968750
vt 0.00195312 0.17968750
vt 0.00195312 0.16406250
vt 0.00195312 0.16406250
vt 0.00195312 0.16406250
vt 0.00195312 0.16406250
vt 0.00195312 0.17968750
vt 0.00195312 0.16406250
vt 0.00195312 0.17968750
vt 0.00195312 0.17968750
vt 0.00195312 0.16406250
vt 0.00195312 0.16406250
vt 0.00195312 0.16406250
vt 0.00195312 0.16406250
vt 0.00195312 0.17968750
vt 0.00195312 0.16406250
vt 0.00195312 0.17968750
vt 0.00195312 0.17968750
vt 0.00195312 0.16406250
vt 0.00195312 0.16406250
vt 0.00195312 0.16406250
vt 0.00195312 0.16406250
vt 0.00195312 0.17968750
vt 0.00195312 0.16406250
vt 0.00195312 0.17968750
vt 0.00195312 0.17968750
vt 0.00195312 0.16406250
vt 0.00195312 0.16406250
vt 0.00195312 0.16406250
vt 0.00195312 0.16406250
vt 0.00195312 0.17968750
vt 0.00195312 0.16406250
vt 0.00195312 0.17968750
vt 0.00195312 0.17968750
vt 0.00195312 0.16406250
vt 0.00195312 0.16406250
vt 0.00195312 0.16406250
vt 0.00195312 0.16406250
vt 0.00195312 0.17968750
vt 0.00195312 0.16406250
vt 0.00195312 0.17968750
vt 0.00195312 0.17968750
vt 0.00195312 0.16406250
vt 0.00195312 0.16406250
vt 0.00195312 0.16406250
vt 0.00195312 0.16406250
vt 0.00195312 0.17968750
vt 0.00195312 0.16406250
vt 0.00195312 0.17968750
vt 0.00195312 0.17968750
vt 0.00195312 0.16406250
vt 0.00195312 0.16406250
vt 0.00195312 0.16406250
vt 0.00195312 0.16406250
vt 0.00195312 0.17968750
vt 0.00195312 0.16406250
vt 0.00195312 0.17968750
vt 0.00195312 0.17968750
vt 0.00195312 0.16406250
vt 0.00195312 0.16406250
vt 0.00195312 0.16406250
vt 0.00195312 0.16406250
vt 0.00195312 0.17968750
vt 0.00195312 0.16406250
vt 0.00195312 0.17968750
vt 0.00195312 0.17968750
vt 0.00195312 0.16406250
vt 0.00195312 0.16406250
vt 0.00195312 0.16406250
vt 0.00195312 0.16406250
vt 0.00195312 0.17968750
vt 0.00195312 0.16406250
vt 0.00195312 0.17968750
vt 0.00195312 0.17968750
vt 0.00195312 0.16406250
vt 0.00195312 0.16406250
vt 0.00195312 0.16406250
vt 0.00195312 0.16406250
vt 0.00195312 0.17968750
vt 0.00195312 0.16406250
vt 0.00195312 0.17968750
vt 0.00195312 0.17968750
vt 0.00195312 0.16406250
vt 0.00195312 0.16406250
vt 0.00195312 0.16406250
vt 0.00195312 0.16406250
vt 0.00195312 0.17968750
vt 0.00195312 0.16406250
vt 0.00195312 0.17968750
vt 0.00195312 0.17968750
vt 0.00195312 0.16406250
vt 0.00195312 0.16406250
vt 0.00195312 0.16406250
vt 0.00195312 0.16406250
vt 0.00195312 0.17968750
vt 0.00195312 0.16406250
vt 0.00195312 0.17968750
vt 0.00195312 0.17968750
vt 0.00195312 0.14843750
vt 0.00195312 0.14843750
vt 0.00195312 0.14843750
vt 0.00195312 0.14843750
vt 0.00195312 0.14843750
vt 0.00195312 0.14843750
vt 0.00195312 0.14843750
vt 0.00195312 0.14843750
vt 0.00195312 0.14843750
vt 0.00195312 0.14843750
vt 0.00195312 0.14843750
vt 0.00195312 0.14843750
vt 0.00195312 0.14843750
vt 0.00195312 0.14843750
vt 0.00195312 0.14843750
vt 0.00195312 0.14843750
vt 0.00195312 0.14843750
vt 0.00195312 0.14843750
vt 0.00195312 0.14843750
vt 0.00195312 0.14843750
vt 0.00195312 0.14843750
vt 0.00195312 0.14843750
vt 0.00195312 0.14843750
vt 0.00195312 0.14843750
vt 0.00195312 0.14843750
vt 0.00195312 0.14843750
vt 0.00195312 0.14843750
vt 0.00195312 0.14843750
vt 0.00195312 0.14843750
vt 0.00195312 0.14843750
vt 0.00195312 0.14843750
vt 0.00195312 0.14843750
vt 0.00195312 0.14843750
vt 0.00195312 0.14843750
vt 0.00195312 0.14843750
vt 0.00195312 0.14843750
vt 0.00195312 0.14843750
vt 0.00195312 0.14843750
vt 0.00195312 0.14843750
vt 0.00195312 0.14843750
vt 0.00195312 0.14843750
vt 0.00195312 0.14843750
vt 0.00195312 0.14843750
vt 0.00195312 0.14843750
vt 0.00195312 0.14843750
vt 0.00195312 0.14843750
vt 0.00195312 0.14843750
vt 0.00195312 0.14843750
vt 0.00195312 0.14843750
vt 0.00195312 0.14843750
vt 0.00195312 0.14843750
vt 0.00195312 0.14843750
vt 0.00195312 0.14843750
vt 0.00195312 0.14843750
vt 0.00195312 0.14843750
vt 0.00195312 0.14843750
vt 0.00195312 0.14843750
vt 0.00195312 0.14843750
vt 0.00195312 0.14843750
vt 0.00195312 0.14843750
vt 0.00195312 0.14843750
vt 0.00195312 0.14843750
vt 0.00195312 0.14843750
vt 0.00195312 0.14843750
vt 0.00195312 0.14843750
vt 0.00195312 0.14843750
vt 0.00195312 0.14843750
vt 0.00195312 0.14843750
vt 0.00195312 0.14843750
vt 0.00195312 0.14843750
vt 0.00195312 0.14843750
vt 0.00195312 0.14843750
vt 0.00195312 0.14843750
vt 0.00195312 0.14843750
vt 0.00195312 0.14843750
vt 0.00195312 0.14843750
vt 0.00195312 0.14843750
vt 0.00195312 0.14843750
vt 0.00195312 0.14843750
vt 0.00195312 0.14843750
vt 0.00195312 0.14843750
vt 0.00195312 0.14843750
vt 0.00195312 0.14843750
vt 0.00195312 0.14843750
vt 0.00195312 0.14843750
vt 0.00195312 0.14843750
vt 0.00195312 0.14843750
vt 0.00195312 0.14843750
vt 0.00195312 0.14843750
vt 0.00195312 0.14843750
vt 0.00195312 0.14843750
vt 0.00195312 0.14843750
vt 0.00195312 0.14843750
vt 0.00195312 0.14843750
vt 0.00195312 0.14843750
vt 0.00195312 0.14843750
vt 0.00195312 0.14843750
vt 0.00195312 0.14843750
vt 0.00195312 0.14843750
vt 0.00195312 0.14843750
vt 0.00195312 0.14843750
vt 0.00195312 0.14843750
vt 0.00195312 0.14843750
vt 0.00195312 0.14843750
vt 0.00195312 0.14843750
vt 0.00195312 0.14843750
vt 0.00195312 0.14843750
vt 0.00195312 0.14843750
vt 0.00195312 0.14843750
vt 0.00195312 0.14843750
vt 0.00195312 0.14843750
vt 0.00195312 0.14843750
vt 0.00195312 0.14843750
vt 0.00195312 0.14843750
vt 0.00195312 0.14843750
vt 0.00195312 0.14843750
vt 0.00195312 0.14843750
vt 0.00195312 0.14843750
vt 0.00195312 0.14843750
vt 0.00195312 0.14843750
vt 0.00195312 0.14843750
vt 0.00195312 0.14843750
vt 0.00195312 0.14843750
vt 0.00195312 0.14843750
vt 0.00195312 0.14843750
vt 0.00195312 0.14843750
vt 0.00195312 0.14843750
vt 0.00195312 0.14843750
vt 0.00195312 0.14843750
vt 0.00195312 0.14843750
vt 0.00195312 0.14843750
vt 0.00195312 0.14843750
vt 0.00195312 0.14843750
vt 0.00195312 0.14843750
vt 0.00195312 0.14843750
vt 0.00195312 0.14843750
vt 0.00195312 0.14843750
vt 0.00195312 0.14843750
vt 0.00195312 0.14843750
vt 0.00195312 0.14843750
vt 0.00195312 0.14843750
vt 0.00195312 0.14843750
vt 0.00195312 0.14843750
vt 0.00195312 0.14843750
vt 0.00195312 0.14843750
vt 0.00195312 0.14843750
vt 0.00195312 0.14843750
vt 0.00195312 0.14843750
vt 0.00195312 0.14843750
vt 0.00195312 0.14843750
vt 0.00195312 0.14843750
vt 0.00195312 0.14843750
vt 0.00195312 0.14843750
vt 0.00195312 0.14843750
vt 0.00195312 0.14843750
vt 0.00195312 0.14843750
vt 0.00195312 0.14843750
vt 0.00195312 0.14843750
vt 0.00195312 0.14843750
vt 0.00195312 0.14843750
vt 0.00195312 0.14843750
vt 0.00195312 0.14843750
vt 0.00195312 0.14843750
vt 0.00195312 0.14843750
vt 0.00195312 0.14843750
vt 0.00195312 0.14843750
vt 0.00195312 0.14843750
vt 0.00195312 0.14843750
vt 0.00195312 0.14843750
vt 0.00195312 0.14843750
vt 0.00195312 0.14843750
vt 0.00195312 0.14843750
vt 0.00195312 0.14843750
vt 0.00195312 0.14843750
vt 0.00195312 0.14843750
vt 0.00195312 0.14843750
vt 0.00195312 0.14843750
vt 0.00195312 0.14843750
vt 0.00195312 0.14843750
vt 0.00195312 0.14843750
vt 0.00195312 0.14843750
vt 0.00195312 0.14843750
vt 0.00195312 0.14843750
vt 0.00195312 0.14843750
vt 0.00195312 0.14843750
vt 0.00195312 0.14843750
vt 0.00195312 0.14843750
vt 0.00195312 0.14843750
vt 0.00195312 0.14843750
vt 0.00195312 0.14843750
vt 0.00195312 0.14843750
vt 0.00195312 0.14843750
vt 0.00195312 0.11718750
vt 0.00195312 0.11718750
vt 0.00195312 0.11718750
vt 0.00195312 0.11718750
vt 0.00195312 0.13281250
vt 0.00195312 0.13281250
vt 0.00195312 0.13281250
vt 0.00195312 0.13281250
vt 0.00195312 0.11718750
vt 0.00195312 0.11718750
vt 0.00195312 0.11718750
vt 0.00195312 0.11718750
vt 0.00195312 0.13281250
vt 0.00195312 0.13281250
vt 0.00195312 0.13281250
vt 0.00195312 0.13281250
vt 0.00195312 0.11718750
vt 0.00195312 0.11718750
vt 0.00195312 0.11718750
vt 0.00195312 0.11718750
vt 0.00195312 0.13281250
vt 0.00195312 0.13281250
vt 0.00195312 0.13281250
vt 0.00195312 0.13281250
vt 0.00195312 0.11718750
vt 0.00195312 0.11718750
vt 0.00195312 0.11718750
vt 0.00195312 0.11718750
vt 0.00195312 0.13281250
vt 0.00195312 0.13281250
vt 0.00195312 0.13281250
vt 0.00195312 0.13281250
vt 0.00195312 0.11718750
vt 0.00195312 0.11718750
vt 0.00195312 0.11718750
vt 0.00195312 0.11718750
vt 0.00195312 0.13281250
vt 0.00195312 0.13281250
vt 0.00195312 0.13281250
vt 0.00195312 0.13281250
vt 0.00195312 0.11718750
vt 0.00195312 0.11718750
vt 0.00195312 0.11718750
vt 0.00195312 0.11718750
vt 0.00195312 0.13281250
vt 0.00195312 0.13281250
vt 0.00195312 0.13281250
vt 0.00195312 0.13281250
vt 0.00195312 0.11718750
vt 0.00195312 0.11718750
vt 0.00195312 0.11718750
vt 0.00195312 0.11718750
vt 0.00195312 0.13281250
vt 0.00195312 0.13281250
vt 0.00195312 0.13281250
vt 0.00195312 0.13281250
vt 0.00195312 0.11718750
vt 0.00195312 0.11718750
vt 0.00195312 0.11718750
vt 0.00195312 0.11718750
vt 0.00195312 0.13281250
vt 0.00195312 0.13281250
vt 0.00195312 0.13281250
vt 0.00195312 0.13281250
vt 0.00195312 0.11718750
vt 0.00195312 0.11718750
vt 0.00195312 0.11718750
vt 0.00195312 0.11718750
vt 0.00195312 0.13281250
vt 0.00195312 0.13281250
vt 0.00195312 0.13281250
vt 0.00195312 0.13281250
vt 0.00195312 0.11718750
vt 0.00195312 0.11718750
vt 0.00195312 0.11718750
vt 0.00195312 0.11718750
vt 0.00195312 0.13281250
vt 0.00195312 0.13281250
vt 0.00195312 0.13281250
vt 0.00195312 0.13281250
vt 0.00195312 0.11718750
vt 0.00195312 0.11718750
vt 0.00195312 0.11718750
vt 0.00195312 0.11718750
vt 0.00195312 0.13281250
vt 0.00195312 0.13281250
vt 0.00195312 0.13281250
vt 0.00195312 0.13281250
vt 0.00195312 0.11718750
vt 0.00195312 0.11718750
vt 0.00195312 0.11718750
vt 0.00195312 0.11718750
vt 0.00195312 0.13281250
vt 0.00195312 0.13281250
vt 0.00195312 0.13281250
vt 0.00195312 0.13281250
vt 0.00195312 0.11718750
vt 0.00195312 0.11718750
vt 0.00195312 0.11718750
vt 0.00195312 0.11718750
vt 0.00195312 0.13281250
vt 0.00195312 0.13281250
vt 0.00195312 0.13281250
vt 0.00195312 0.13281250
vt 0.00195312 0.11718750
vt 0.00195312 0.11718750
vt 0.00195312 0.11718750
vt 0.00195312 0.11718750
vt 0.00195312 0.13281250
vt 0.00195312 0.13281250
vt 0.00195312 0.13281250
vt 0.00195312 0.13281250
vt 0.00195312 0.11718750
vt 0.00195312 0.11718750
vt 0.00195312 0.11718750
vt 0.00195312 0.11718750
vt 0.00195312 0.13281250
vt 0.00195312 0.13281250
vt 0.00195312 0.13281250
vt 0.00195312 0.13281250
vt 0.00195312 0.11718750
vt 0.00195312 0.11718750
vt 0.00195312 0.11718750
vt 0.00195312 0.11718750
vt 0.00195312 0.13281250
vt 0.00195312 0.13281250
vt 0.00195312 0.13281250
vt 0.00195312 0.13281250
vt 0.00195312 0.11718750
vt 0.00195312 0.11718750
vt 0.00195312 0.11718750
vt 0.00195312 0.11718750
vt 0.00195312 0.13281250
vt 0.00195312 0.13281250
vt 0.00195312 0.13281250
vt 0.00195312 0.13281250
vt 0.00195312 0.11718750
vt 0.00195312 0.11718750
vt 0.00195312 0.11718750
vt 0.00195312 0.11718750
vt 0.00195312 0.13281250
vt 0.00195312 0.13281250
vt 0.00195312 0.13281250
vt 0.00195312 0.13281250
vt 0.00195312 0.11718750
vt 0.00195312 0.11718750
vt 0.00195312 0.11718750
vt 0.00195312 0.11718750
vt 0.00195312 0.13281250
vt 0.00195312 0.13281250
vt 0.00195312 0.13281250
vt 0.00195312 0.13281250
vt 0.00195312 0.11718750
vt 0.00195312 0.11718750
vt 0.00195312 0.11718750
vt 0.00195312 0.11718750
vt 0.00195312 0.13281250
vt 0.00195312 0.13281250
vt 0.00195312 0.13281250
vt 0.00195312 0.13281250
vt 0.00195312 0.11718750
vt 0.00195312 0.11718750
vt 0.00195312 0.11718750
vt 0.00195312 0.11718750
vt 0.00195312 0.13281250
vt 0.00195312 0.13281250
vt 0.00195312 0.13281250
vt 0.00195312 0.13281250
vt 0.00195312 0.11718750
vt 0.00195312 0.11718750
vt 0.00195312 0.11718750
vt 0.00195312 0.11718750
vt 0.00195312 0.13281250
vt 0.00195312 0.13281250
vt 0.00195312 0.13281250
vt 0.00195312 0.13281250
vt 0.00195312 0.11718750
vt 0.00195312 0.11718750
vt 0.00195312 0.11718750
vt 0.00195312 0.11718750
vt 0.00195312 0.13281250
vt 0.00195312 0.13281250
vt 0.00195312 0.13281250
vt 0.00195312 0.13281250
vt 0.00195312 0.11718750
vt 0.00195312 0.11718750
vt 0.00195312 0.11718750
vt 0.00195312 0.11718750
vt 0.00195312 0.13281250
vt 0.00195312 0.13281250
vt 0.00195312 0.13281250
vt 0.00195312 0.13281250
vt 0.00195312 0.16406250
vt 0.00195312 0.16406250
vt 0.00195312 0.16406250
vt 0.00195312 0.16406250
vt 0.00195312 0.16406250
vt 0.00195312 0.16406250
vt 0.00195312 0.16406250
vt 0.00195312 0.16406250
vt 0.00195312 0.16406250
vt 0.00195312 0.16406250
vt 0.00195312 0.16406250
vt 0.00195312 0.16406250
vt 0.00195312 0.41406250
vt 0.00195312 0.41406250
vt 0.00195312 0.41406250
vt 0.00195312 0.41406250
vt 0.00195312 0.41406250
vt 0.00195312 0.41406250
vt 0.00195312 0.41406250
vt 0.00195312 0.41406250
vt 0.00195312 0.41406250
vt 0.00195312 0.41406250
vt 0.00195312 0.41406250
vt 0.00195312 0.41406250
vt 0.00195312 0.16406250
vt 0.00195312 0.16406250
vt 0.00195312 0.16406250
vt 0.00195312 0.16406250
vt 0.00195312 0.16406250
vt 0.00195312 0.16406250
vt 0.00195312 0.16406250
vt 0.00195312 0.16406250
vt 0.00195312 0.16406250
vt 0.00195312 0.16406250
vt 0.00195312 0.16406250
vt 0.00195312 0.16406250
vt 0.00195312 0.41406250
vt 0.00195312 0.41406250
vt 0.00195312 0.41406250
vt 0.00195312 0.41406250
vt 0.00195312 0.41406250
vt 0.00195312 0.41406250
vt 0.00195312 0.41406250
vt 0.00195312 0.41406250
vt 0.00195312 0.41406250
vt 0.00195312 0.41406250
vt 0.00195312 0.41406250
vt 0.00195312 0.41406250
vt 0.00195312 0.16406250
vt 0.00195312 0.16406250
vt 0.00195312 0.16406250
vt 0.00195312 0.16406250
vt 0.00195312 0.16406250
vt 0.00195312 0.16406250
vt 0.00195312 0.16406250
vt 0.00195312 0.16406250
vt 0.00195312 0.16406250
vt 0.00195312 0.16406250
vt 0.00195312 0.16406250
vt 0.00195312 0.16406250
vt 0.00195312 0.41406250
vt 0.00195312 0.41406250
vt 0.00195312 0.41406250
vt 0.00195312 0.41406250
vt 0.00195312 0.41406250
vt 0.00195312 0.41406250
vt 0.00195312 0.41406250
vt 0.00195312 0.41406250
vt 0.00195312 0.41406250
vt 0.00195312 0.41406250
vt 0.00195312 0.41406250
vt 0.00195312 0.41406250
vt 0.00195312 0.16406250
vt 0.00195312 0.16406250
vt 0.00195312 0.16406250
vt 0.00195312 0.16406250
vt 0.00195312 0.16406250
vt 0.00195312 0.16406250
vt 0.00195312 0.16406250
vt 0.00195312 0.16406250
vt 0.00195312 0.16406250
vt 0.00195312 0.16406250
vt 0.00195312 0.16406250
vt 0.00195312 0.16406250
vt 0.00195312 0.41406250
vt 0.00195312 0.41406250
vt 0.00195312 0.41406250
vt 0.00195312 0.41406250
vt 0.00195312 0.41406250
vt 0.00195312 0.41406250
vt 0.00195312 0.41406250
vt 0.00195312 0.41406250
vt 0.00195312 0.41406250
vt 0.00195312 0.41406250
vt 0.00195312 0.41406250
vt 0.00195312 0.41406250
vt 0.00195312 0.16406250
vt 0.00195312 0.16406250
vt 0.00195312 0.16406250
vt 0.00195312 0.16406250
vt 0.00195312 0.16406250
vt 0.00195312 0.16406250
vt 0.00195312 0.16406250
vt 0.00195312 0.16406250
vt 0.00195312 0.16406250
vt 0.00195312 0.16406250
vt 0.00195312 0.16406250
vt 0.00195312 0.16406250
vt 0.00195312 0.41406250
vt 0.00195312 0.41406250
vt 0.00195312 0.41406250
vt 0.00195312 0.41406250
vt 0.00195312 0.41406250
vt 0.00195312 0.41406250
vt 0.00195312 0.41406250
vt 0.00195312 0.41406250
vt 0.00195312 0.41406250
vt 0.00195312 0.41406250
vt 0.00195312 0.41406250
vt 0.00195312 0.41406250
vt 0.00195312 0.16406250
vt 0.00195312 0.16406250
vt 0.00195312 0.16406250
vt 0.00195312 0.16406250
vt 0.00195312 0.16406250
vt 0.00195312 0.16406250
vt 0.00195312 0.16406250
vt 0.00195312 0.16406250
vt 0.00195312 0.16406250
vt 0.00195312 0.16406250
vt 0.00195312 0.16406250
vt 0.00195312 0.16406250
vt 0.00195312 0.41406250
vt 0.00195312 0.41406250
vt 0.00195312 0.41406250
vt 0.00195312 0.41406250
vt 0.00195312 0.41406250
vt 0.00195312 0.41406250
vt 0.00195312 0.41406250
vt 0.00195312 0.41406250
vt 0.00195312 0.41406250
vt 0.00195312 0.41406250
vt 0.00195312 0.41406250
vt 0.00195312 0.41406250
vt 0.00195312 0.16406250
vt 0.00195312 0.16406250
vt 0.00195312 0.16406250
vt 0.00195312 0.16406250
vt 0.00195312 0.16406250
vt 0.00195312 0.16406250
vt 0.00195312 0.16406250
vt 0.00195312 0.16406250
vt 0.00195312 0.16406250
vt 0.00195312 0.16406250
vt 0.00195312 0.16406250
vt 0.00195312 0.16406250
vt 0.00195312 0.41406250
vt 0.00195312 0.41406250
vt 0.00195312 0.41406250
vt 0.00195312 0.41406250
vt 0.00195312 0.41406250
vt 0.00195312 0.41406250
vt 0.00195312 0.41406250
vt 0.00195312 0.41406250
vt 0.00195312 0.41406250
vt 0.00195312 0.41406250
vt 0.00195312 0.41406250
vt 0.00195312 0.41406250
vt 0.00195312 0.16406250
vt 0.00195312 0.16406250
vt 0.00195312 0.16406250
vt 0.00195312 0.16406250
vt 0.00195312 0.16406250
vt 0.00195312 0.16406250
vt 0.00195312 0.16406250
vt 0.00195312 0.16406250
vt 0.00195312 0.16406250
vt 0.00195312 0.16406250
vt 0.00195312 0.16406250
vt 0.00195312 0.16406250
vt 0.00195312 0.41406250
vt 0.00195312 0.41406250
vt 0.00195312 0.41406250
vt 0.00195312 0.41406250
vt 0.00195312 0.41406250
vt 0.00195312 0.41406250
vt 0.00195312 0.41406250
vt 0.00195312 0.41406250
vt 0.00195312 0.41406250
vt 0.00195312 0.41406250
vt 0.00195312 0.41406250
vt 0.00195312 0.41406250
f 167/167 168/168 176/176
f 167/167 176/176 175/175
f 168/168 169/169 177/177
f 168/168 177/177 176/176
f 169/169 170/170 178/178
f 169/169 178/178 177/177
f 170/170 171/171 179/179
f 170/170 179/179 178/178
f 171/171 172/172 180/180
f 171/171 180/180 179/179
f 172/172 173/173 181/181
f 172/172 181/181 180/180
f 173/173 174/174 182/182
f 173/173 182/182 181/181
f 174/174 167/167 175/175
f 174/174 175/175 182/182
f 175/175 176/176 184/184
f 175/175 184/184 183/183
f 176/176 177/177 185/185
f 176/176 185/185 184/184
f 177/177 178/178 186/186
f 177/177 186/186 185/185
f 178/178 179/179 187/187
f 178/178 187/187 186/186
f 179/179 180/180 188/188
f 179/179 188/188 187/187
f 180/180 181/181 189/189
f 180/180 189/189 188/188
f 181/181 182/182 190/190
f 181/181 190/190 189/189
f 182/182 175/175 183/183
f 182/182 183/183 190/190
f 183/183 184/184 192/192
f 183/183 192/192 191/191
f 184/184 185/185 193/193
f 184/184 193/193 192/192
f 185/185 186/186 194/194
f 185/185 194/194 193/193
f 186/186 187/187 195/195
f 186/186 195/195 194/194
f 187/187 188/188 196/196
f 187/187 196/196 195/195
f 188/188 189/189 197/197
f 188/188 197/197 196/196
f 189/189 190/190 198/198
f 189/189 198/198 197/197
f 190/190 183/183 191/191
f 190/190 191/191 198/198
f 191/191 192/192 200/200
f 191/191 200/200 199/199
f 192/192 193/193 201/201
f 192/192 201/201 200/200
f 193/193 194/194 202/202
f 193/193 202/202 201/201
f 194/194 195/195 203/203
f 194/194 203/203 202/202
f 195/195 196/196 204/204
f 195/195 204/204 203/203
f 196/196 197/197 205/205
f 196/196 205/205 204/204
f 197/197 198/198 206/206
f 197/197 206/206 205/205
f 198/198 191/191 199/199
f 198/198 199/199 206/206
f 199/199 200/200 208/208
f 199/199 208/208 207/207
f 200/200 201/201 209/209
f 200/200 209/209 208/208
f 201/201 202/202 210/210
f 201/201 210/210 209/209
f 202/202 203/203 211/211
f 202/202 211/211 210/210
f 203/203 204/204 212/212
f 203/203 212/212 211/211
f 204/204 205/205 213/213
f 204/204 213/213 212/212
f 205/205 206/206 214/214
f 205/205 214/214 213/213
f 206/206 199/199 207/207
f 206/206 207/207 214/214
f 207/207 208/208 216/216
f 207/207 216/216 215/215
f 208/208 209/209 217/217
f 208/208 217/217 216/216
f 209/209 210/210 218/218
f 209/209 218/218 217/217
f 210/210 211/211 219/219
f 210/210 219/219 218/218
f 211/211 212/212 220/220
f 211/211 220/220 219/219
f 212/212 213/213 221/221
f 212/212 221/221 220/220
f 213/213 214/214 222/222
f 213/213 222/222 221/221
f 214/214 207/207 215/215
f 214/214 215/215 222/222
f 215/215 216/216 224/224
f 215/215 224/224 223/223
f 216/216 217/217 225/225
f 216/216 225/225 224/224
f 217/217 218/218 226/226
f 217/217 226/226 225/225
f 218/218 219/219 227/227
f 218/218 227/227 226/226
f 219/219 220/220 228/228
f 219/219 228/228 227/227
f 220/220 221/221 229/229
f 220/220 229/229 228/228
f 221/221 222/222 230/230
f 221/221 230/230 229/229
f 222/222 215/215 223/223
f 222/222 223/223 230/230
f 223/223 224/224 232/232
f 223/223 232/232 231/231
f 224/224 225/225 233/233
f 224/224 233/233 232/232
f 225/225 226/226 234/234
f 225/225 234/234 233/233
f 226/226 227/227 235/235
f 226/226 235/235 234/234
f 227/227 228/228 236/236
f 227/227 236/236 235/235
f 228/228 229/229 237/237
f 228/228 237/237 236/236
f 229/229 230/230 238/238
f 229/229 238/238 237/237
f 230/230 223/223 231/231
f 230/230 231/231 238/238
f 231/231 232/232 240/240
f 231/231 240/240 239/239
f 232/232 233/233 241/241
f 232/232 241/241 240/240
f 233/233 234/234 242/242
f 233/233 242/242 241/241
f 234/234 235/235 243/243
f 234/234 243/243 242/242
f 235/235 236/236 244/244
f 235/235 244/244 243/243
f 236/236 237/237 245/245
f 236/236 245/245 244/244
f 237/237 238/238 246/246
f 237/237 246/246 245/245
f 238/238 231/231 239/239
f 238/238 239/239 246/246
f 239/239 240/240 248/248
f 239/239 248/248 247/247
f 240/240 241/241 249/249
f 240/240 249/249 248/248
f 241/241 242/242 250/250
f 241/241 250/250 249/249
f 242/242 243/243 251/251
f 242/242 251/251 250/250
f 243/243 244/244 252/252
f 243/243 252/252 251/251
f 244/244 245/245 253/253
f 244/244 253/253 252/252
f 245/245 246/246 254/254
f 245/245 254/254 253/253
f 246/246 239/239 247/247
f 246/246 247/247 254/254
f 247/247 248/248 256/256
f 247/247 256/256 255/255
f 248/248 249/249 257/257
f 248/248 257/257 256/256
f 249/249 250/250 258/258
f 249/249 258/258 257/257
f 250/250 251/251 259/259
f 250/250 259/259 258/258
f 251/251 252/252 260/260
f 251/251 260/260 259/259
f 252/252 253/253 261/261
f 252/252 261/261 260/260
f 253/253 254/254 262/262
f 253/253 262/262 261/261
f 254/254 247/247 255/255
f 254/254 255/255 262/262
f 255/255 256/256 264/264
f 255/255 264/264 263/263
f 256/256 257/257 265/265
f 256/256 265/265 264/264
f 257/257 258/258 266/266
f 257/257 266/266 265/265
f 258/258 259/259 267/267
f 258/258 267/267 266/266
f 259/259 260/260 268/268
f 259/259 268/268 267/267
f 260/260 261/261 269/269
f 260/260 269/269 268/268
f 261/261 262/262 270/270
f 261/261 270/270 269/269
f 262/262 255/255 263/263
f 262/262 263/263 270/270
f 263/263 264/264 272/272
f 263/263 272/272 271/271
f 264/264 265/265 273/273
f 264/264 273/273 272/272
f 265/265 266/266 274/274
f 265/265 274/274 273/273
f 266/266 267/267 275/275
f 266/266 275/275 274/274
f 267/267 268/268 276/276
f 267/267 276/276 275/275
f 268/268 269/269 277/277
f 268/268 277/277 276/276
f 269/269 270/270 278/278
f 269/269 278/278 277/277
f 270/270 263/263 271/271
f 270/270 271/271 278/278
f 271/271 272/272 280/280
f 271/271 280/280 279/279
f 272/272 273/273 281/281
f 272/272 281/281 280/280
f 273/273 274/274 282/282
f 273/273 282/282 281/281
f 274/274 275/275 283/283
f 274/274 283/283 282/282
f 275/275 276/276 284/284
f 275/275 284/284 283/283
f 276/276 277/277 285/285
f 276/276 285/285 284/284
f 277/277 278/278 286/286
f 277/277 286/286 285/285
f 278/278 271/271 279/279
f 278/278 279/279 286/286
f 279/279 280/280 288/288
f 279/279 288/288 287/287
f 280/280 281/281 289/289
f 280/280 289/289 288/288
f 281/281 282/282 290/290
f 281/281 290/290 289/289
f 282/282 283/283 291/291
f 282/282 291/291 290/290
f 283/283 284/284 292/292
f 283/283 292/292 291/291
f 284/284 285/285 293/293
f 284/284 293/293 292/292
f 285/285 286/286 294/294
f 285/285 294/294 293/293
f 286/286 279/279 287/287
f 286/286 287/287 294/294
f 295/295 168/168 167/167
f 295/295 169/169 168/168
f 295/295 170/170 169/169
f 295/295 171/171 170/170
f 295/295 172/172 171/171
f 295/295 173/173 172/172
f 295/295 174/174 173/173
f 295/295 167/167 174/174
f 296/296 287/287 288/288
f 296/296 288/288 289/289
f 296/296 289/289 290/290
f 296/296 290/290 291/291
f 296/296 291/291 292/292
f 296/296 292/292 293/293
f 296/296 293/293 294/294
f 296/296 294/294 287/287
f 4/4 56/56 117/117
f 118/118 60/60 16/16
f 70/70 54/54 66/66
f 43/43 22/22 72/72
f 77/77 59/59 67/67
f 31/31 39/39 10/10
f 1/1 4/4 10/10
f 16/16 22/22 31/31
f 36/36 121/121 122/122
f 123/123 43/43 124/124
f 53/53 54/54 56/56
f 59/59 60/60 64/64
f 65/65 125/125 66/66
f 67/67 127/127 128/128
f 1/1 146/146 145/145
f 39/39 147/147 148/148
f 16/16 10/10 4/4
f 43/43 31/31 22/22
f 39/39 129/129 130/130
f 132/132 131/131 36/36
f 133/133 66/66 134/134
f 150/150 65/65 151/151
f 54/54 149/149 152/152
f 59/59 70/70 67/67
f 56/56 64/64 60/60
f 82/82 16/16 60/60
f 153/153 145/145 154/154
f 36/36 65/65 156/156
f 84/84 83/83 86/86
f 69/69 91/91 90/90
f 93/93 23/23 96/96
f 45/45 92/92 94/94
f 57/57 98/98 97/97
f 99/99 68/68 95/95
f 103/103 72/72 100/100
f 47/47 144/144 135/135
f 81/81 144/144 80/80
f 30/30 19/19 23/23
f 49/49 45/45 47/47
f 57/57 62/62 63/63
f 71/71 68/68 69/69
f 30/30 72/72 76/76
f 49/49 102/102 104/104
f 105/105 30/30 93/93
f 75/75 135/135 81/81
f 71/71 47/47 108/108
f 69/69 78/78 74/74
f 63/63 88/88 109/109
f 110/110 69/69 99/99
f 62/62 83/83 79/79
f 19/19 85/85 111/111
f 112/112 62/62 97/97
f 7/7 106/106 108/108
f 99/99 95/95 15/15
f 25/25 90/90 91/91
f 88/88 26/26 109/109
f 97/97 98/98 37/37
f 44/44 86/86 87/87
f 85/85 46/46 111/111
f 93/93 96/96 51/51
f 52/52 100/100 101/101
f 42/42 15/15 55/55
f 94/94 92/92 61/61
f 107/107 7/7 108/108
f 90/90 25/25 89/89
f 44/44 84/84 86/86
f 52/52 103/103 100/100
f 40/40 6/6 34/34
f 32/32 116/116 41/41
f 13/13 118/118 114/114
f 18/18 119/119 9/9
f 3/3 6/6 9/9
f 11/11 13/13 18/18
f 28/28 32/32 34/34
f 38/38 40/40 41/41
f 9/9 120/120 3/3
f 11/11 9/9 6/6
f 18/18 114/114 113/113
f 28/28 115/115 32/32
f 38/38 116/116 118/118
f 34/34 41/41 40/40
f 28/28 6/6 3/3
f 13/13 40/40 38/38
f 3/3 117/117 28/28
f 119/119 113/113 16/16
f 56/56 60/60 115/115
f 60/60 116/116 115/115
f 119/119 16/16 4/4
f 120/120 119/119 4/4
f 56/56 115/115 117/117
f 117/117 120/120 4/4
f 118/118 116/116 60/60
f 16/16 113/113 114/114
f 114/114 118/118 16/16
f 70/70 64/64 54/54
f 73/73 75/75 43/43
f 22/22 76/76 72/72
f 72/72 73/73 43/43
f 77/77 79/79 59/59
f 67/67 74/74 78/78
f 78/78 77/77 67/67
f 31/31 50/50 39/39
f 160/160 159/159 10/10
f 16/16 31/31 10/10
f 43/43 50/50 31/31
f 39/39 136/136 129/129
f 50/50 123/123 136/136
f 130/130 121/121 39/39
f 137/137 65/65 138/138
f 65/65 137/137 126/126
f 65/65 131/131 138/138
f 122/122 139/139 36/36
f 139/139 132/132 36/36
f 80/80 74/74 140/140
f 140/140 67/67 128/128
f 43/43 141/141 124/124
f 75/75 81/81 141/141
f 127/127 70/70 142/142
f 142/142 66/66 133/133
f 134/134 66/66 125/125
f 66/66 54/54 162/162
f 59/59 64/64 70/70
f 56/56 54/54 64/64
f 82/82 76/76 22/22
f 60/60 59/59 83/83
f 59/59 79/79 83/83
f 82/82 22/22 16/16
f 60/60 83/83 82/82
f 53/53 1/1 163/163
f 157/157 150/150 166/166
f 84/84 85/85 19/19
f 19/19 82/82 84/84
f 82/82 83/83 84/84
f 83/83 62/62 86/86
f 62/62 87/87 86/86
f 89/89 88/88 63/63
f 63/63 77/77 89/89
f 77/77 78/78 90/90
f 89/89 77/77 90/90
f 78/78 69/69 90/90
f 103/103 102/102 49/49
f 49/49 73/73 103/103
f 73/73 72/72 103/103
f 72/72 30/30 100/100
f 30/30 101/101 100/100
f 144/144 71/71 143/143
f 144/144 143/143 80/80
f 76/76 82/82 19/19
f 19/19 30/30 76/76
f 104/104 92/92 49/49
f 92/92 45/45 49/49
f 105/105 101/101 30/30
f 30/30 23/23 93/93
f 75/75 73/73 49/49
f 49/49 47/47 75/75
f 106/106 95/95 68/68
f 47/47 45/45 107/107
f 45/45 94/94 107/107
f 106/106 68/68 71/71
f 47/47 107/107 108/108
f 108/108 106/106 71/71
f 74/74 143/143 71/71
f 71/71 69/69 74/74
f 109/109 98/98 63/63
f 98/98 57/57 63/63
f 110/110 91/91 69/69
f 69/69 68/68 99/99
f 79/79 77/77 63/63
f 63/63 62/62 79/79
f 111/111 96/96 19/19
f 96/96 23/23 19/19
f 112/112 87/87 62/62
f 62/62 57/57 97/97
f 7/7 15/15 106/106
f 95/95 106/106 15/15
f 15/15 21/21 99/99
f 21/21 110/110 99/99
f 91/91 110/110 26/26
f 110/110 21/21 26/26
f 26/26 25/25 91/91
f 88/88 89/89 25/25
f 56/56 1/1 53/53
f 98/98 109/109 37/37
f 37/37 42/42 97/97
f 42/42 112/112 97/97
f 87/87 112/112 46/46
f 112/112 42/42 46/46
f 46/46 44/44 87/87
f 85/85 84/84 44/44
f 44/44 46/46 85/85
f 46/46 48/48 111/111
f 96/96 111/111 48/48
f 48/48 51/51 96/96
f 51/51 105/105 93/93
f 101/101 105/105 55/55
f 105/105 51/51 55/55
f 55/55 52/52 101/101
f 102/102 103/103 52/52
f 55/55 51/51 48/48
f 48/48 46/46 42/42
f 42/42 37/37 26/26
f 26/26 21/21 15/15
f 15/15 7/7 61/61
f 61/61 58/58 55/55
f 55/55 48/48 42/42
f 42/42 26/26 15/15
f 15/15 61/61 55/55
f 92/92 104/104 58/58
f 58/58 61/61 92/92
f 61/61 107/107 94/94
f 107/107 61/61 7/7
f 40/40 11/11 6/6
f 32/32 115/115 116/116
f 13/13 38/38 118/118
f 18/18 113/113 119/119
f 9/9 119/119 120/120
f 11/11 18/18 9/9
f 18/18 13/13 114/114
f 28/28 117/117 115/115
f 38/38 41/41 116/116
f 34/34 32/32 41/41
f 28/28 34/34 6/6
f 13/13 11/11 40/40
f 3/3 120/120 117/117
f 132/132 139/139 129/129
f 36/36 39/39 121/121
f 123/123 50/50 43/43
f 65/65 126/126 125/125
f 67/67 70/70 127/127
f 81/81 135/135 144/144
f 75/75 47/47 135/135
f 25/25 26/26 88/88
f 26/26 37/37 109/109
f 39/39 50/50 136/136
f 65/65 36/36 131/131
f 140/140 74/74 67/67
f 43/43 75/75 141/141
f 142/142 70/70 66/66
f 144/144 47/47 71/71
f 74/74 80/80 143/143
f 56/56 4/4 1/1
f 52/52 55/55 102/102
f 55/55 58/58 104/104
f 102/102 55/55 104/104
f 128/128 127/127 140/140
f 127/127 142/142 80/80
f 140/140 127/127 80/80
f 133/133 134/134 137/137
f 134/134 125/125 126/126
f 142/142 133/133 138/138
f 80/80 142/142 136/136
f 134/134 126/126 137/137
f 136/136 142/142 131/131
f 81/81 80/80 136/136
f 133/133 137/137 138/138
f 138/138 131/131 142/142
f 141/141 81/81 123/123
f 123/123 124/124 141/141
f 129/129 136/136 131/131
f 136/136 123/123 81/81
f 121/121 130/130 122/122
f 130/130 129/129 139/139
f 139/139 122/122 130/130
f 131/131 132/132 129/129
f 5/5 156/156 158/158
f 5/5 158/158 157/157
f 8/8 166/166 151/151
f 14/14 162/162 161/161
f 17/17 161/161 152/152
f 20/20 165/165 163/163
f 24/24 163/163 164/164
f 24/24 164/164 153/153
f 159/159 29/29 27/27
f 33/33 159/159 160/160
f 8/8 20/20 33/33
f 160/160 148/148 35/35
f 2/2 155/155 156/156
f 39/39 36/36 147/147
f 54/54 53/53 149/149
f 153/153 1/1 145/145
f 155/155 147/147 36/36
f 65/65 157/157 158/158
f 156/156 155/155 36/36
f 65/65 158/158 156/156
f 159/159 146/146 10/10
f 146/146 1/1 10/10
f 39/39 148/148 160/160
f 39/39 160/160 10/10
f 162/162 151/151 66/66
f 151/151 65/65 66/66
f 54/54 152/152 161/161
f 54/54 161/161 162/162
f 165/165 149/149 53/53
f 1/1 153/153 164/164
f 163/163 165/165 53/53
f 1/1 164/164 163/163
f 157/157 65/65 150/150
f 5/5 2/2 156/156
f 157/157 166/166 8/8
f 8/8 5/5 157/157
f 166/166 150/150 151/151
f 151/151 162/162 8/8
f 162/162 12/12 8/8
f 14/14 12/12 162/162
f 149/149 165/165 152/152
f 165/165 17/17 152/152
f 17/17 14/14 161/161
f 20/20 17/17 165/165
f 24/24 20/20 163/163
f 153/153 154/154 27/27
f 27/27 24/24 153/153
f 27/27 154/154 146/146
f 154/154 145/145 146/146
f 146/146 159/159 27/27
f 33/33 29/29 159/159
f 33/33 35/35 8/8
f 35/35 2/2 8/8
f 2/2 5/5 8/8
f 8/8 12/12 14/14
f 14/14 17/17 20/20
f 20/20 24/24 27/27
f 27/27 29/29 33/33
f 8/8 14/14 20/20
f 20/20 27/27 33/33
f 147/147 155/155 148/148
f 155/155 35/35 148/148
f 35/35 33/33 160/160
f 2/2 35/35 155/155
f 482/482 486/486 302/302
f 482/482 302/302 298/298
f 314/314 318/318 326/326
f 314/314 326/326 322/322
f 322/322 326/326 334/334
f 322/322 334/334 330/330
f 330/330 334/334 342/342
f 330/330 342/342 338/338
f 338/338 342/342 350/350
f 338/338 350/350 346/346
f 346/346 350/350 358/358
f 346/346 358/358 354/354
f 354/354 358/358 366/366
f 354/354 366/366 362/362
f 362/362 366/366 374/374
f 362/362 374/374 370/370
f 370/370 374/374 382/382
f 370/370 382/382 378/378
f 378/378 382/382 390/390
f 378/378 390/390 386/386
f 386/386 390/390 398/398
f 386/386 398/398 394/394
f 394/394 398/398 406/406
f 394/394 406/406 402/402
f 402/402 406/406 414/414
f 402/402 414/414 410/410
f 410/410 414/414 422/422
f 410/410 422/422 418/418
f 418/418 422/422 430/430
f 418/418 430/430 426/426
f 426/426 430/430 438/438
f 426/426 438/438 434/434
f 434/434 438/438 446/446
f 434/434 446/446 442/442
f 442/442 446/446 454/454
f 442/442 454/454 450/450
f 450/450 454/454 462/462
f 450/450 462/462 458/458
f 458/458 462/462 470/470
f 458/458 470/470 466/466
f 466/466 470/470 478/478
f 466/466 478/478 474/474
f 474/474 478/478 486/486
f 474/474 486/486 482/482
f 306/306 310/310 318/318
f 306/306 318/318 314/314
f 317/317 309/309 301/301
f 301/301 485/485 477/477
f 477/477 469/469 461/461
f 461/461 453/453 445/445
f 445/445 437/437 429/429
f 429/429 421/421 413/413
f 413/413 405/405 397/397
f 397/397 389/389 381/381
f 381/381 373/373 365/365
f 365/365 357/357 349/349
f 349/349 341/341 333/333
f 333/333 325/325 317/317
f 317/317 301/301 477/477
f 477/477 461/461 445/445
f 445/445 429/429 413/413
f 413/413 397/397 381/381
f 381/381 365/365 349/349
f 349/349 333/333 317/317
f 317/317 477/477 445/445
f 445/445 413/413 381/381
f 381/381 349/349 317/317
f 445/445 381/381 317/317
f 298/298 302/302 310/310
f 298/298 310/310 306/306
f 298/298 306/306 308/308
f 298/298 308/308 300/300
f 300/300 308/308 307/307
f 300/300 307/307 299/299
f 299/299 307/307 305/305
f 299/299 305/305 297/297
f 310/310 302/302 304/304
f 310/310 304/304 312/312
f 312/312 304/304 303/303
f 312/312 303/303 311/311
f 311/311 303/303 301/301
f 311/311 301/301 309/309
f 306/306 314/314 316/316
f 306/306 316/316 308/308
f 308/308 316/316 315/315
f 308/308 315/315 307/307
f 307/307 315/315 313/313
f 307/307 313/313 305/305
f 318/318 310/310 312/312
f 318/318 312/312 320/320
f 320/320 312/312 311/311
f 320/320 311/311 319/319
f 319/319 311/311 309/309
f 319/319 309/309 317/317
f 314/314 322/322 324/324
f 314/314 324/324 316/316
f 316/316 324/324 323/323
f 316/316 323/323 315/315
f 315/315 323/323 321/321
f 315/315 321/321 313/313
f 326/326 318/318 320/320
f 326/326 320/320 328/328
f 328/328 320/320 319/319
f 328/328 319/319 327/327
f 327/327 319/319 317/317
f 327/327 317/317 325/325
f 322/322 330/330 332/332
f 322/322 332/332 324/324
f 324/324 332/332 331/331
f 324/324 331/331 323/323
f 323/323 331/331 329/329
f 323/323 329/329 321/321
f 334/334 326/326 328/328
f 334/334 328/328 336/336
f 336/336 328/328 327/327
f 336/336 327/327 335/335
f 335/335 327/327 325/325
f 335/335 325/325 333/333
f 330/330 338/338 340/340
f 330/330 340/340 332/332
f 332/332 340/340 339/339
f 332/332 339/339 331/331
f 331/331 339/339 337/337
f 331/331 337/337 329/329
f 342/342 334/334 336/336
f 342/342 336/336 344/344
f 344/344 336/336 335/335
f 344/344 335/335 343/343
f 343/343 335/335 333/333
f 343/343 333/333 341/341
f 338/338 346/346 348/348
f 338/338 348/348 340/340
f 340/340 348/348 347/347
f 340/340 347/347 339/339
f 339/339 347/347 345/345
f 339/339 345/345 337/337
f 350/350 342/342 344/344
f 350/350 344/344 352/352
f 352/352 344/344 343/343
f 352/352 343/343 351/351
f 351/351 343/343 341/341
f 351/351 341/341 349/349
f 346/346 354/354 356/356
f 346/346 356/356 348/348
f 348/348 356/356 355/355
f 348/348 355/355 347/347
f 347/347 355/355 353/353
f 347/347 353/353 345/345
f 358/358 350/350 352/352
f 358/358 352/352 360/360
f 360/360 352/352 351/351
f 360/360 351/351 359/359
f 359/359 351/351 349/349
f 359/359 349/349 357/357
f 354/354 362/362 364/364
f 354/354 364/364 356/356
f 356/356 364/364 363/363
f 356/356 363/363 355/355
f 355/355 363/363 361/361
f 355/355 361/361 353/353
f 366/366 358/358 360/360
f 366/366 360/360 368/368
f 368/368 360/360 359/359
f 368/368 359/359 367/367
f 367/367 359/359 357/357
f 367/367 357/357 365/365
f 362/362 370/370 372/372
f 362/362 372/372 364/364
f 364/364 372/372 371/371
f 364/364 371/371 363/363
f 363/363 371/371 369/369
f 363/363 369/369 361/361
f 374/374 366/366 368/368
f 374/374 368/368 376/376
f 376/376 368/368 367/367
f 376/376 367/367 375/375
f 375/375 367/367 365/365
f 375/375 365/365 373/373
f 370/370 378/378 380/380
f 370/370 380/380 372/372
f 372/372 380/380 379/379
f 372/372 379/379 371/371
f 371/371 379/379 377/377
f 371/371 377/377 369/369
f 382/382 374/374 376/376
f 382/382 376/376 384/384
f 384/384 376/376 375/375
f 384/384 375/375 383/383
f 383/383 375/375 373/373
f 383/383 373/373 381/381
f 378/378 386/386 388/388
f 378/378 388/388 380/380
f 380/380 388/388 387/387
f 380/380 387/387 379/379
f 379/379 387/387 385/385
f 379/379 385/385 377/377
f 390/390 382/382 384/384
f 390/390 384/384 392/392
f 392/392 384/384 383/383
f 392/392 383/383 391/391
f 391/391 383/383 381/381
f 391/391 381/381 389/389
f 386/386 394/394 396/396
f 386/386 396/396 388/388
f 388/388 396/396 395/395
f 388/388 395/395 387/387
f 387/387 395/395 393/393
f 387/387 393/393 385/385
f 398/398 390/390 392/392
f 398/398 392/392 400/400
f 400/400 392/392 391/391
f 400/400 391/391 399/399
f 399/399 391/391 389/389
f 399/399 389/389 397/397
f 394/394 402/402 404/404
f 394/394 404/404 396/396
f 396/396 404/404 403/403
f 396/396 403/403 395/395
f 395/395 403/403 401/401
f 395/395 401/401 393/393
f 406/406 398/398 400/400
f 406/406 400/400 408/408
f 408/408 400/400 399/399
f 408/408 399/399 407/407
f 407/407 399/399 397/397
f 407/407 397/397 405/405
f 402/402 410/410 412/412
f 402/402 412/412 404/404
f 404/404 412/412 411/411
f 404/404 411/411 403/403
f 403/403 411/411 409/409
f 403/403 409/409 401/401
f 414/414 406/406 408/408
f 414/414 408/408 416/416
f 416/416 408/408 407/407
f 416/416 407/407 415/415
f 415/415 407/407 405/405
f 415/415 405/405 413/413
f 410/410 418/418 420/420
f 410/410 420/420 412/412
f 412/412 420/420 419/419
f 412/412 419/419 411/411
f 411/411 419/419 417/417
f 411/411 417/417 409/409
f 422/422 414/414 416/416
f 422/422 416/416 424/424
f 424/424 416/416 415/415
f 424/424 415/415 423/423
f 423/423 415/415 413/413
f 423/423 413/413 421/421
f 418/418 426/426 428/428
f 418/418 428/428 420/420
f 420/420 428/428 427/427
f 420/420 427/427 419/419
f 419/419 427/427 425/425
f 419/419 425/425 417/417
f 430/430 422/422 424/424
f 430/430 424/424 432/432
f 432/432 424/424 423/423
f 432/432 423/423 431/431
f 431/431 423/423 421/421
f 431/431 421/421 429/429
f 426/426 434/434 436/436
f 426/426 436/436 428/428
f 428/428 436/436 435/435
f 428/428 435/435 427/427
f 427/427 435/435 433/433
f 427/427 433/433 425/425
f 438/438 430/430 432/432
f 438/438 432/432 440/440
f 440/440 432/432 431/431
f 440/440 431/431 439/439
f 439/439 431/431 429/429
f 439/439 429/429 437/437
f 434/434 442/442 444/444
f 434/434 444/444 436/436
f 436/436 444/444 443/443
f 436/436 443/443 435/435
f 435/435 443/443 441/441
f 435/435 441/441 433/433
f 446/446 438/438 440/440
f 446/446 440/440 448/448
f 448/448 440/440 439/439
f 448/448 439/439 447/447
f 447/447 439/439 437/437
f 447/447 437/437 445/445
f 442/442 450/450 452/452
f 442/442 452/452 444/444
f 444/444 452/452 451/451
f 444/444 451/451 443/443
f 443/443 451/451 449/449
f 443/443 449/449 441/441
f 454/454 446/446 448/448
f 454/454 448/448 456/456
f 456/456 448/448 447/447
f 456/456 447/447 455/455
f 455/455 447/447 445/445
f 455/455 445/445 453/453
f 450/450 458/458 460/460
f 450/450 460/460 452/452
f 452/452 460/460 459/459
f 452/452 459/459 451/451
f 451/451 459/459 457/457
f 451/451 457/457 449/449
f 462/462 454/454 456/456
f 462/462 456/456 464/464
f 464/464 456/456 455/455
f 464/464 455/455 463/463
f 463/463 455/455 453/453
f 463/463 453/453 461/461
f 458/458 466/466 468/468
f 458/458 468/468 460/460
f 460/460 468/468 467/467
f 460/460 467/467 459/459
f 459/459 467/467 465/465
f 459/459 465/465 457/457
f 470/470 462/462 464/464
f 470/470 464/464 472/472
f 472/472 464/464 463/463
f 472/472 463/463 471/471
f 471/471 463/463 461/461
f 471/471 461/461 469/469
f 466/466 474/474 476/476
f 466/466 476/476 468/468
f 468/468 476/476 475/475
f 468/468 475/475 467/467
f 467/467 475/475 473/473
f 467/467 473/473 465/465
f 478/478 470/470 472/472
f 478/478 472/472 480/480
f 480/480 472/472 471/471
f 480/480 471/471 479/479
f 479/479 471/471 469/469
f 479/479 469/469 477/477
f 474/474 482/482 484/484
f 474/474 484/484 476/476
f 476/476 484/484 483/483
f 476/476 483/483 475/475
f 475/475 483/483 481/481
f 475/475 481/481 473/473
f 486/486 478/478 480/480
f 486/486 480/480 488/488
f 488/488 480/480 479/479
f 488/488 479/479 487/487
f 487/487 479/479 477/477
f 487/487 477/477 485/485
f 482/482 298/298 300/300
f 482/482 300/300 484/484
f 484/484 300/300 299/299
f 484/484 299/299 483/483
f 483/483 299/299 297/297
f 483/483 297/297 481/481
f 302/302 486/486 488/488
f 302/302 488/488 304/304
f 304/304 488/488 487/487
f 304/304 487/487 303/303
f 303/303 487/487 485/485
f 303/303 485/485 301/301
f 481/481 297/297 305/305
f 305/305 313/313 321/321
f 321/321 329/329 337/337
f 337/337 345/345 353/353
f 353/353 361/361 369/369
f 369/369 377/377 385/385
f 385/385 393/393 401/401
f 401/401 409/409 417/417
f 417/417 425/425 433/433
f 433/433 441/441 449/449
f 449/449 457/457 465/465
f 465/465 473/473 481/481
f 481/481 305/305 321/321
f 321/321 337/337 353/353
f 353/353 369/369 385/385
f 385/385 401/401 417/417
f 417/417 433/433 449/449
f 449/449 465/465 481/481
f 481/481 321/321 353/353
f 353/353 385/385 417/417
f 417/417 449/449 481/481
f 353/353 417/417 481/481
f 674/674 678/678 494/494
f 674/674 494/494 490/490
f 506/506 510/510 518/518
f 506/506 518/518 514/514
f 514/514 518/518 526/526
f 514/514 526/526 522/522
f 522/522 526/526 534/534
f 522/522 534/534 530/530
f 530/530 534/534 542/542
f 530/530 542/542 538/538
f 538/538 542/542 550/550
f 538/538 550/550 546/546
f 546/546 550/550 558/558
f 546/546 558/558 554/554
f 554/554 558/558 566/566
f 554/554 566/566 562/562
f 562/562 566/566 574/574
f 562/562 574/574 570/570
f 570/570 574/574 582/582
f 570/570 582/582 578/578
f 578/578 582/582 590/590
f 578/578 590/590 586/586
f 586/586 590/590 598/598
f 586/586 598/598 594/594
f 594/594 598/598 606/606
f 594/594 606/606 602/602
f 602/602 606/606 614/614
f 602/602 614/614 610/610
f 610/610 614/614 622/622
f 610/610 622/622 618/618
f 618/618 622/622 630/630
f 618/618 630/630 626/626
f 626/626 630/630 638/638
f 626/626 638/638 634/634
f 634/634 638/638 646/646
f 634/634 646/646 642/642
f 642/642 646/646 654/654
f 642/642 654/654 650/650
f 650/650 654/654 662/662
f 650/650 662/662 658/658
f 658/658 662/662 670/670
f 658/658 670/670 666/666
f 666/666 670/670 678/678
f 666/666 678/678 674/674
f 498/498 502/502 510/510
f 498/498 510/510 506/506
f 509/509 501/501 493/493
f 493/493 677/677 669/669
f 669/669 661/661 653/653
f 653/653 645/645 637/637
f 637/637 629/629 621/621
f 621/621 613/613 605/605
f 605/605 597/597 589/589
f 589/589 581/581 573/573
f 573/573 565/565 557/557
f 557/557 549/549 541/541
f 541/541 533/533 525/525
f 525/525 517/517 509/509
f 509/509 493/493 669/669
f 669/669 653/653 637/637
f 637/637 621/621 605/605
f 605/605 589/589 573/573
f 573/573 557/557 541/541
f 541/541 525/525 509/509
f 509/509 669/669 637/637
f 637/637 605/605 573/573
f 573/573 541/541 509/509
f 637/637 573/573 509/509
f 490/490 494/494 502/502
f 490/490 502/502 498/498
f 490/490 498/498 500/500
f 490/490 500/500 492/492
f 492/492 500/500 499/499
f 492/492 499/499 491/491
f 491/491 499/499 497/497
f 491/491 497/497 489/489
f 502/502 494/494 496/496
f 502/502 496/496 504/504
f 504/504 496/496 495/495
f 504/504 495/495 503/503
f 503/503 495/495 493/493
f 503/503 493/493 501/501
f 498/498 506/506 508/508
f 498/498 508/508 500/500
f 500/500 508/508 507/507
f 500/500 507/507 499/499
f 499/499 507/507 505/505
f 499/499 505/505 497/497
f 510/510 502/502 504/504
f 510/510 504/504 512/512
f 512/512 504/504 503/503
f 512/512 503/503 511/511
f 511/511 503/503 501/501
f 511/511 501/501 509/509
f 506/506 514/514 516/516
f 506/506 516/516 508/508
f 508/508 516/516 515/515
f 508/508 515/515 507/507
f 507/507 515/515 513/513
f 507/507 513/513 505/505
f 518/518 510/510 512/512
f 518/518 512/512 520/520
f 520/520 512/512 511/511
f 520/520 511/511 519/519
f 519/519 511/511 509/509
f 519/519 509/509 517/517
f 514/514 522/522 524/524
f 514/514 524/524 516/516
f 516/516 524/524 523/523
f 516/516 523/523 515/515
f 515/515 523/523 521/521
f 515/515 521/521 513/513
f 526/526 518/518 520/520
f 526/526 520/520 528/528
f 528/528 520/520 519/519
f 528/528 519/519 527/527
f 527/527 519/519 517/517
f 527/527 517/517 525/525
f 522/522 530/530 532/532
f 522/522 532/532 524/524
f 524/524 532/532 531/531
f 524/524 531/531 523/523
f 523/523 531/531 529/529
f 523/523 529/529 521/521
f 534/534 526/526 528/528
f 534/534 528/528 536/536
f 536/536 528/528 527/527
f 536/536 527/527 535/535
f 535/535 527/527 525/525
f 535/535 525/525 533/533
f 530/530 538/538 540/540
f 530/530 540/540 532/532
f 532/532 540/540 539/539
f 532/532 539/539 531/531
f 531/531 539/539 537/537
f 531/531 537/537 529/529
f 542/542 534/534 536/536
f 542/542 536/536 544/544
f 544/544 536/536 535/535
f 544/544 535/535 543/543
f 543/543 535/535 533/533
f 543/543 533/533 541/541
f 538/538 546/546 548/548
f 538/538 548/548 540/540
f 540/540 548/548 547/547
f 540/540 547/547 539/539
f 539/539 547/547 545/545
f 539/539 545/545 537/537
f 550/550 542/542 544/544
f 550/550 544/544 552/552
f 552/552 544/544 543/543
f 552/552 543/543 551/551
f 551/551 543/543 541/541
f 551/551 541/541 549/549
f 546/546 554/554 556/556
f 546/546 556/556 548/548
f 548/548 556/556 555/555
f 548/548 555/555 547/547
f 547/547 555/555 553/553
f 547/547 553/553 545/545
f 558/558 550/550 552/552
f 558/558 552/552 560/560
f 560/560 552/552 551/551
f 560/560 551/551 559/559
f 559/559 551/551 549/549
f 559/559 549/549 557/557
f 554/554 562/562 564/564
f 554/554 564/564 556/556
f 556/556 564/564 563/563
f 556/556 563/563 555/555
f 555/555 563/563 561/561
f 555/555 561/561 553/553
f 566/566 558/558 560/560
f 566/566 560/560 568/568
f 568/568 560/560 559/559
f 568/568 559/559 567/567
f 567/567 559/559 557/557
f 567/567 557/557 565/565
f 562/562 570/570 572/572
f 562/562 572/572 564/564
f 564/564 572/572 571/571
f 564/564 571/571 563/563
f 563/563 571/571 569/569
f 563/563 569/569 561/561
f 574/574 566/566 568/568
f 574/574 568/568 576/576
f 576/576 568/568 567/567
f 576/576 567/567 575/575
f 575/575 567/567 565/565
f 575/575 565/565 573/573
f 570/570 578/578 580/580
f 570/570 580/580 572/572
f 572/572 580/580 579/579
f 572/572 579/579 571/571
f 571/571 579/579 577/577
f 571/571 577/577 569/569
f 582/582 574/574 576/576
f 582/582 576/576 584/584
f 584/584 576/576 575/575
f 584/584 575/575 583/583
f 583/583 575/575 573/573
f 583/583 573/573 581/581
f 578/578 586/586 588/588
f 578/578 588/588 580/580
f 580/580 588/588 587/587
f 580/580 587/587 579/579
f 579/579 587/587 585/585
f 579/579 585/585 577/577
f 590/590 582/582 584/584
f 590/590 584/584 592/592
f 592/592 584/584 583/583
f 592/592 583/583 591/591
f 591/591 583/583 581/581
f 591/591 581/581 589/589
f 586/586 594/594 596/596
f 586/586 596/596 588/588
f 588/588 596/596 595/595
f 588/588 595/595 587/587
f 587/587 595/595 593/593
f 587/587 593/593 585/585
f 598/598 590/590 592/592
f 598/598 592/592 600/600
f 600/600 592/592 591/591
f 600/600 591/591 599/599
f 599/599 591/591 589/589
f 599/599 589/589 597/597
f 594/594 602/602 604/604
f 594/594 604/604 596/596
f 596/596 604/604 603/603
f 596/596 603/603 595/595
f 595/595 603/603 601/601
f 595/595 601/601 593/593
f 606/606 598/598 600/600
f 606/606 600/600 608/608
f 608/608 600/600 599/599
f 608/608 599/599 607/607
f 607/607 599/599 597/597
f 607/607 597/597 605/605
f 602/602 610/610 612/612
f 602/602 612/612 604/604
f 604/604 612/612 611/611
f 604/604 611/611 603/603
f 603/603 611/611 609/609
f 603/603 609/609 601/601
f 614/614 606/606 608/608
f 614/614 608/608 616/616
f 616/616 608/608 607/607
f 616/616 607/607 615/615
f 615/615 607/607 605/605
f 615/615 605/605 613/613
f 610/610 618/618 620/620
f 610/610 620/620 612/612
f 612/612 620/620 619/619
f 612/612 619/619 611/611
f 611/611 619/619 617/617
f 611/611 617/617 609/609
f 622/622 614/614 616/616
f 622/622 616/616 624/624
f 624/624 616/616 615/615
f 624/624 615/615 623/623
f 623/623 615/615 613/613
f 623/623 613/613 621/621
f 618/618 626/626 628/628
f 618/618 628/628 620/620
f 620/620 628/628 627/627
f 620/620 627/627 619/619
f 619/619 627/627 625/625
f 619/619 625/625 617/617
f 630/630 622/622 624/624
f 630/630 624/624 632/632
f 632/632 624/624 623/623
f 632/632 623/623 631/631
f 631/631 623/623 621/621
f 631/631 621/621 629/629
f 626/626 634/634 636/636
f 626/626 636/636 628/628
f 628/628 636/636 635/635
f 628/628 635/635 627/627
f 627/627 635/635 633/633
f 627/627 633/633 625/625
f 638/638 630/630 632/632
f 638/638 632/632 640/640
f 640/640 632/632 631/631
f 640/640 631/631 639/639
f 639/639 631/631 629/629
f 639/639 629/629 637/637
f 634/634 642/642 644/644
f 634/634 644/644 636/636
f 636/636 644/644 643/643
f 636/636 643/643 635/635
f 635/635 643/643 641/641
f 635/635 641/641 633/633
f 646/646 638/638 640/640
f 646/646 640/640 648/648
f 648/648 640/640 639/639
f 648/648 639/639 647/647
f 647/647 639/639 637/637
f 647/647 637/637 645/645
f 642/642 650/650 652/652
f 642/642 652/652 644/644
f 644/644 652/652 651/651
f 644/644 651/651 643/643
f 643/643 651/651 649/649
f 643/643 649/649 641/641
f 654/654 646/646 648/648
f 654/654 648/648 656/656
f 656/656 648/648 647/647
f 656/656 647/647 655/655
f 655/655 647/647 645/645
f 655/655 645/645 653/653
f 650/650 658/658 660/660
f 650/650 660/660 652/652
f 652/652 660/660 659/659
f 652/652 659/659 651/651
f 651/651 659/659 657/657
f 651/651 657/657 649/649
f 662/662 654/654 656/656
f 662/662 656/656 664/664
f 664/664 656/656 655/655
f 664/664 655/655 663/663
f 663/663 655/655 653/653
f 663/663 653/653 661/661
f 658/658 666/666 668/668
f 658/658 668/668 660/660
f 660/660 668/668 667/667
f 660/660 667/667 659/659
f 659/659 667/667 665/665
f 659/659 665/665 657/657
f 670/670 662/662 664/664
f 670/670 664/664 672/672
f 672/672 664/664 663/663
f 672/672 663/663 671/671
f 671/671 663/663 661/661
f 671/671 661/661 669/669
f 666/666 674/674 676/676
f 666/666 676/676 668/668
f 668/668 676/676 675/675
f 668/668 675/675 667/667
f 667/667 675/675 673/673
f 667/667 673/673 665/665
f 678/678 670/670 672/672
f 678/678 672/672 680/680
f 680/680 672/672 671/671
f 680/680 671/671 679/679
f 679/679 671/671 669/669
f 679/679 669/669 677/677
f 674/674 490/490 492/492
f 674/674 492/492 676/676
f 676/676 492/492 491/491
f 676/676 491/491 675/675
f 675/675 491/491 489/489
f 675/675 489/489 673/673
f 494/494 678/678 680/680
f 494/494 680/680 496/496
f 496/496 680/680 679/679
f 496/496 679/679 495/495
f 495/495 679/679 677/677
f 495/495 677/677 493/493
f 673/673 489/489 497/497
f 497/497 505/505 513/513
f 513/513 521/521 529/529
f 529/529 537/537 545/545
f 545/545 553/553 561/561
f 561/561 569/569 577/577
f 577/577 585/585 593/593
f 593/593 601/601 609/609
f 609/609 617/617 625/625
f 625/625 633/633 641/641
f 641/641 649/649 657/657
f 657/657 665/665 673/673
f 673/673 497/497 513/513
f 513/513 529/529 545/545
f 545/545 561/561 577/577
f 577/577 593/593 609/609
f 609/609 625/625 641/641
f 641/641 657/657 673/673
f 673/673 513/513 545/545
f 545/545 577/577 609/609
f 609/609 641/641 673/673
f 545/545 609/609 673/673
f 866/866 870/870 686/686
f 866/866 686/686 682/682
f 698/698 702/702 710/710
f 698/698 710/710 706/706
f 706/706 710/710 718/718
f 706/706 718/718 714/714
f 714/714 718/718 726/726
f 714/714 726/726 722/722
f 722/722 726/726 734/734
f 722/722 734/734 730/730
f 730/730 734/734 742/742
f 730/730 742/742 738/738
f 738/738 742/742 750/750
f 738/738 750/750 746/746
f 746/746 750/750 758/758
f 746/746 758/758 754/754
f 754/754 758/758 766/766
f 754/754 766/766 762/762
f 762/762 766/766 774/774
f 762/762 774/774 770/770
f 770/770 774/774 782/782
f 770/770 782/782 778/778
f 778/778 782/782 790/790
f 778/778 790/790 786/786
f 786/786 790/790 798/798
f 786/786 798/798 794/794
f 794/794 798/798 806/806
f 794/794 806/806 802/802
f 802/802 806/806 814/814
f 802/802 814/814 810/810
f 810/810 814/814 822/822
f 810/810 822/822 818/818
f 818/818 822/822 830/830
f 818/818 830/830 826/826
f 826/826 830/830 838/838
f 826/826 838/838 834/834
f 834/834 838/838 846/846
f 834/834 846/846 842/842
f 842/842 846/846 854/854
f 842/842 854/854 850/850
f 850/850 854/854 862/862
f 850/850 862/862 858/858
f 858/858 862/862 870/870
f 858/858 870/870 866/866
f 690/690 694/694 702/702
f 690/690 702/702 698/698
f 701/701 693/693 685/685
f 685/685 869/869 861/861
f 861/861 853/853 845/845
f 845/845 837/837 829/829
f 829/829 821/821 813/813
f 813/813 805/805 797/797
f 797/797 789/789 781/781
f 781/781 773/773 765/765
f 765/765 757/757 749/749
f 749/749 741/741 733/733
f 733/733 725/725 717/717
f 717/717 709/709 701/701
f 701/701 685/685 861/861
f 861/861 845/845 829/829
f 829/829 813/813 797/797
f 797/797 781/781 765/765
f 765/765 749/749 733/733
f 733/733 717/717 701/701
f 701/701 861/861 829/829
f 829/829 797/797 765/765
f 765/765 733/733 701/701
f 829/829 765/765 701/701
f 682/682 686/686 694/694
f 682/682 694/694 690/690
f 682/682 690/690 692/692
f 682/682 692/692 684/684
f 684/684 692/692 691/691
f 684/684 691/691 683/683
f 683/683 691/691 689/689
f 683/683 689/689 681/681
f 694/694 686/686 688/688
f 694/694 688/688 696/696
f 696/696 688/688 687/687
f 696/696 687/687 695/695
f 695/695 687/687 685/685
f 695/695 685/685 693/693
f 690/690 698/698 700/700
f 690/690 700/700 692/692
f 692/692 700/700 699/699
f 692/692 699/699 691/691
f 691/691 699/699 697/697
f 691/691 697/697 689/689
f 702/702 694/694 696/696
f 702/702 696/696 704/704
f 704/704 696/696 695/695
f 704/704 695/695 703/703
f 703/703 695/695 693/693
f 703/703 693/693 701/701
f 698/698 706/706 708/708
f 698/698 708/708 700/700
f 700/700 708/708 707/707
f 700/700 707/707 699/699
f 699/699 707/707 705/705
f 699/699 705/705 697/697
f 710/710 702/702 704/704
f 710/710 704/704 712/712
f 712/712 704/704 703/703
f 712/712 703/703 711/711
f 711/711 703/703 701/701
f 711/711 701/701 709/709
f 706/706 714/714 716/716
f 706/706 716/716 708/708
f 708/708 716/716 715/715
f 708/708 715/715 707/707
f 707/707 715/715 713/713
f 707/707 713/713 705/705
f 718/718 710/710 712/712
f 718/718 712/712 720/720
f 720/720 712/712 711/711
f 720/720 711/711 719/719
f 719/719 711/711 709/709
f 719/719 709/709 717/717
f 714/714 722/722 724/724
f 714/714 724/724 716/716
f 716/716 724/724 723/723
f 716/716 723/723 715/715
f 715/715 723/723 721/721
f 715/715 721/721 713/713
f 726/726 718/718 720/720
f 726/726 720/720 728/728
f 728/728 720/720 719/719
f 728/728 719/719 727/727
f 727/727 719/719 717/717
f 727/727 717/717 725/725
f 722/722 730/730 732/732
f 722/722 732/732 724/724
f 724/724 732/732 731/731
f 724/724 731/731 723/723
f 723/723 731/731 729/729
f 723/723 729/729 721/721
f 734/734 726/726 728/728
f 734/734 728/728 736/736
f 736/736 728/728 727/727
f 736/736 727/727 735/735
f 735/735 727/727 725/725
f 735/735 725/725 733/733
f 730/730 738/738 740/740
f 730/730 740/740 732/732
f 732/732 740/740 739/739
f 732/732 739/739 731/731
f 731/731 739/739 737/737
f 731/731 737/737 729/729
f 742/742 734/734 736/736
f 742/742 736/736 744/744
f 744/744 736/736 735/735
f 744/744 735/735 743/743
f 743/743 735/735 733/733
f 743/743 733/733 741/741
f 738/738 746/746 748/748
f 738/738 748/748 740/740
f 740/740 748/748 747/747
f 740/740 747/747 739/739
f 739/739 747/747 745/745
f 739/739 745/745 737/737
f 750/750 742/742 744/744
f 750/750 744/744 752/752
f 752/752 744/744 743/743
f 752/752 743/743 751/751
f 751/751 743/743 741/741
f 751/751 741/741 749/749
f 746/746 754/754 756/756
f 746/746 756/756 748/748
f 748/748 756/756 755/755
f 748/748 755/755 747/747
f 747/747 755/755 753/753
f 747/747 753/753 745/745
f 758/758 750/750 752/752
f 758/758 752/752 760/760
f 760/760 752/752 751/751
f 760/760 751/751 759/759
f 759/759 751/751 749/749
f 759/759 749/749 757/757
f 754/754 762/762 764/764
f 754/754 764/764 756/756
f 756/756 764/764 763/763
f 756/756 763/763 755/755
f 755/755 763/763 761/761
f 755/755 761/761 753/753
f 766/766 758/758 760/760
f 766/766 760/760 768/768
f 768/768 760/760 759/759
f 768/768 759/759 767/767
f 767/767 759/759 757/757
f 767/767 757/757 765/765
f 762/762 770/770 772/772
f 762/762 772/772 764/764
f 764/764 772/772 771/771
f 764/764 771/771 763/763
f 763/763 771/771 769/769
f 763/763 769/769 761/761
f 774/774 766/766 768/768
f 774/774 768/768 776/776
f 776/776 768/768 767/767
f 776/776 767/767 775/775
f 775/775 767/767 765/765
f 775/775 765/765 773/773
f 770/770 778/778 780/780
f 770/770 780/780 772/772
f 772/772 780/780 779/779
f 772/772 779/779 771/771
f 771/771 779/779 777/777
f 771/771 777/777 769/769
f 782/782 774/774 776/776
f 782/782 776/776 784/784
f 784/784 776/776 775/775
f 784/784 775/775 783/783
f 783/783 775/775 773/773
f 783/783 773/773 781/781
f 778/778 786/786 788/788
f 778/778 788/788 780/780
f 780/780 788/788 787/787
f 780/780 787/787 779/779
f 779/779 787/787 785/785
f 779/779 785/785 777/777
f 790/790 782/782 784/784
f 790/790 784/784 792/792
f 792/792 784/784 783/783
f 792/792 783/783 791/791
f 791/791 783/783 781/781
f 791/791 781/781 789/789
f 786/786 794/794 796/796
f 786/786 796/796 788/788
f 788/788 796/796 795/795
f 788/788 795/795 787/787
f 787/787 795/795 793/793
f 787/787 793/793 785/785
f 798/798 790/790 792/792
f 798/798 792/792 800/800
f 800/800 792/792 791/791
f 800/800 791/791 799/799
f 799/799 791/791 789/789
f 799/799 789/789 797/797
f 794/794 802/802 804/804
f 794/794 804/804 796/796
f 796/796 804/804 803/803
f 796/796 803/803 795/795
f 795/795 803/803 801/801
f 795/795 801/801 793/793
f 806/806 798/798 800/800
f 806/806 800/800 808/808
f 808/808 800/800 799/799
f 808/808 799/799 807/807
f 807/807 799/799 797/797
f 807/807 797/797 805/805
f 802/802 810/810 812/812
f 802/802 812/812 804/804
f 804/804 812/812 811/811
f 804/804 811/811 803/803
f 803/803 811/811 809/809
f 803/803 809/809 801/801
f 814/814 806/806 808/808
f 814/814 808/808 816/816
f 816/816 808/808 807/807
f 816/816 807/807 815/815
f 815/815 807/807 805/805
f 815/815 805/805 813/813
f 810/810 818/818 820/820
f 810/810 820/820 812/812
f 812/812 820/820 819/819
f 812/812 819/819 811/811
f 811/811 819/819 817/817
f 811/811 817/817 809/809
f 822/822 814/814 816/816
f 822/822 816/816 824/824
f 824/824 816/816 815/815
f 824/824 815/815 823/823
f 823/823 815/815 813/813
f 823/823 813/813 821/821
f 818/818 826/826 828/828
f 818/818 828/828 820/820
f 820/820 828/828 827/827
f 820/820 827/827 819/819
f 819/819 827/827 825/825
f 819/819 825/825 817/817
f 830/830 822/822 824/824
f 830/830 824/824 832/832
f 832/832 824/824 823/823
f 832/832 823/823 831/831
f 831/831 823/823 821/821
f 831/831 821/821 829/829
f 826/826 834/834 836/836
f 826/826 836/836 828/828
f 828/828 836/836 835/835
f 828/828 835/835 827/827
f 827/827 835/835 833/833
f 827/827 833/833 825/825
f 838/838 830/830 832/832
f 838/838 832/832 840/840
f 840/840 832/832 831/831
f 840/840 831/831 839/839
f 839/839 831/831 829/829
f 839/839 829/829 837/837
f 834/834 842/842 844/844
f 834/834 844/844 836/836
f 836/836 844/844 843/843
f 836/836 843/843 835/835
f 835/835 843/843 841/841
f 835/835 841/841 833/833
f 846/846 838/838 840/840
f 846/846 840/840 848/848
f 848/848 840/840 839/839
f 848/848 839/839 847/847
f 847/847 839/839 837/837
f 847/847 837/837 845/845
f 842/842 850/850 852/852
f 842/842 852/852 844/844
f 844/844 852/852 851/851
f 844/844 851/851 843/843
f 843/843 851/851 849/849
f 843/843 849/849 841/841
f 854/854 846/846 848/848
f 854/854 848/848 856/856
f 856/856 848/848 847/847
f 856/856 847/847 855/855
f 855/855 847/847 845/845
f 855/855 845/845 853/853
f 850/850 858/858 860/860
f 850/850 860/860 852/852
f 852/852 860/860 859/859
f 852/852 859/859 851/851
f 851/851 859/859 857/857
f 851/851 857/857 849/849
f 862/862 854/854 856/856
f 862/862 856/856 864/864
f 864/864 856/856 855/855
f 864/864 855/855 863/863
f 863/863 855/855 853/853
f 863/863 853/853 861/861
f 858/858 866/866 868/868
f 858/858 868/868 860/860
f 860/860 868/868 867/867
f 860/860 867/867 859/859
f 859/859 867/867 865/865
f 859/859 865/865 857/857
f 870/870 862/862 864/864
f 870/870 864/864 872/872
f 872/872 864/864 863/863
f 872/872 863/863 871/871
f 871/871 863/863 861/861
f 871/871 861/861 869/869
f 866/866 682/682 684/684
f 866/866 684/684 868/868
f 868/868 684/684 683/683
f 868/868 683/683 867/867
f 867/867 683/683 681/681
f 867/867 681/681 865/865
f 686/686 870/870 872/872
f 686/686 872/872 688/688
f 688/688 872/872 871/871
f 688/688 871/871 687/687
f 687/687 871/871 869/869
f 687/687 869/869 685/685
f 865/865 681/681 689/689
f 689/689 697/697 705/705
f 705/705 713/713 721/721
f 721/721 729/729 737/737
f 737/737 745/745 753/753
f 753/753 761/761 769/769
f 769/769 777/777 785/785
f 785/785 793/793 801/801
f 801/801 809/809 817/817
f 817/817 825/825 833/833
f 833/833 841/841 849/849
f 849/849 857/857 865/865
f 865/865 689/689 705/705
f 705/705 721/721 737/737
f 737/737 753/753 769/769
f 769/769 785/785 801/801
f 801/801 817/817 833/833
f 833/833 849/849 865/865
f 865/865 705/705 737/737
f 737/737 769/769 801/801
f 801/801 833/833 865/865
f 737/737 801/801 865/865
f 1058/1058 1062/1062 878/878
f 1058/1058 878/878 874/874
f 890/890 894/894 902/902
f 890/890 902/902 898/898
f 898/898 902/902 910/910
f 898/898 910/910 906/906
f 906/906 910/910 918/918
f 906/906 918/918 914/914
f 914/914 918/918 926/926
f 914/914 926/926 922/922
f 922/922 926/926 934/934
f 922/922 934/934 930/930
f 930/930 934/934 942/942
f 930/930 942/942 938/938
f 938/938 942/942 950/950
f 938/938 950/950 946/946
f 946/946 950/950 958/958
f 946/946 958/958 954/954
f 954/954 958/958 966/966
f 954/954 966/966 962/962
f 962/962 966/966 974/974
f 962/962 974/974 970/970
f 970/970 974/974 982/982
f 970/970 982/982 978/978
f 978/978 982/982 990/990
f 978/978 990/990 986/986
f 986/986 990/990 998/998
f 986/986 998/998 994/994
f 994/994 998/998 1006/1006
f 994/994 1006/1006 1002/1002
f 1002/1002 1006/1006 1014/1014
f 1002/1002 1014/1014 1010/1010
f 1010/1010 1014/1014 1022/1022
f 1010/1010 1022/1022 1018/1018
f 1018/1018 1022/1022 1030/1030
f 1018/1018 1030/1030 1026/1026
f 1026/1026 1030/1030 1038/1038
f 1026/1026 1038/1038 1034/1034
f 1034/1034 1038/1038 1046/1046
f 1034/1034 1046/1046 1042/1042
f 1042/1042 1046/1046 1054/1054
f 1042/1042 1054/1054 1050/1050
f 1050/1050 1054/1054 1062/1062
f 1050/1050 1062/1062 1058/1058
f 882/882 886/886 894/894
f 882/882 894/894 890/890
f 893/893 885/885 877/877
f 877/877 1061/1061 1053/1053
f 1053/1053 1045/1045 1037/1037
f 1037/1037 1029/1029 1021/1021
f 1021/1021 1013/1013 1005/1005
f 1005/1005 997/997 989/989
f 989/989 981/981 973/973
f 973/973 965/965 957/957
f 957/957 949/949 941/941
f 941/941 933/933 925/925
f 925/925 917/917 909/909
f 909/909 901/901 893/893
f 893/893 877/877 1053/1053
f 1053/1053 1037/1037 1021/1021
f 1021/1021 1005/1005 989/989
f 989/989 973/973 957/957
f 957/957 941/941 925/925
f 925/925 909/909 893/893
f 893/893 1053/1053 1021/1021
f 1021/1021 989/989 957/957
f 957/957 925/925 893/893
f 1021/1021 957/957 893/893
f 874/874 878/878 886/886
f 874/874 886/886 882/882
f 874/874 882/882 884/884
f 874/874 884/884 876/876
f 876/876 884/884 883/883
f 876/876 883/883 875/875
f 875/875 883/883 881/881
f 875/875 881/881 873/873
f 886/886 878/878 880/880
f 886/886 880/880 888/888
f 888/888 880/880 879/879
f 888/888 879/879 887/887
f 887/887 879/879 877/877
f 887/887 877/877 885/885
f 882/882 890/890 892/892
f 882/882 892/892 884/884
f 884/884 892/892 891/891
f 884/884 891/891 883/883
f 883/883 891/891 889/889
f 883/883 889/889 881/881
f 894/894 886/886 888/888
f 894/894 888/888 896/896
f 896/896 888/888 887/887
f 896/896 887/887 895/895
f 895/895 887/887 885/885
f 895/895 885/885 893/893
f 890/890 898/898 900/900
f 890/890 900/900 892/892
f 892/892 900/900 899/899
f 892/892 899/899 891/891
f 891/891 899/899 897/897
f 891/891 897/897 889/889
f 902/902 894/894 896/896
f 902/902 896/896 904/904
f 904/904 896/896 895/895
f 904/904 895/895 903/903
f 903/903 895/895 893/893
f 903/903 893/893 901/901
f 898/898 906/906 908/908
f 898/898 908/908 900/900
f 900/900 908/908 907/907
f 900/900 907/907 899/899
f 899/899 907/907 905/905
f 899/899 905/905 897/897
f 910/910 902/902 904/904
f 910/910 904/904 912/912
f 912/912 904/904 903/903
f 912/912 903/903 911/911
f 911/911 903/903 901/901
f 911/911 901/901 909/909
f 906/906 914/914 916/916
f 906/906 916/916 908/908
f 908/908 916/916 915/915
f 908/908 915/915 907/907
f 907/907 915/915 913/913
f 907/907 913/913 905/905
f 918/918 910/910 912/912
f 918/918 912/912 920/920
f 920/920 912/912 911/911
f 920/920 911/911 919/919
f 919/919 911/911 909/909
f 919/919 909/909 917/917
f 914/914 922/922 924/924
f 914/914 924/924 916/916
f 916/916 924/924 923/923
f 916/916 923/923 915/915
f 915/915 923/923 921/921
f 915/915 921/921 913/913
f 926/926 918/918 920/920
f 926/926 920/920 928/928
f 928/928 920/920 919/919
f 928/928 919/919 927/927
f 927/927 919/919 917/917
f 927/927 917/917 925/925
f 922/922 930/930 932/932
f 922/922 932/932 924/924
f 924/924 932/932 931/931
f 924/924 931/931 923/923
f 923/923 931/931 929/929
f 923/923 929/929 921/921
f 934/934 926/926 928/928
f 934/934 928/928 936/936
f 936/936 928/928 927/927
f 936/936 927/927 935/935
f 935/935 927/927 925/925
f 935/935 925/925 933/933
f 930/930 938/938 940/940
f 930/930 940/940 932/932
f 932/932 940/940 939/939
f 932/932 939/939 931/931
f 931/931 939/939 937/937
f 931/931 937/937 929/929
f 942/942 934/934 936/936
f 942/942 936/936 944/944
f 944/944 936/936 935/935
f 944/944 935/935 943/943
f 943/943 935/935 933/933
f 943/943 933/933 941/941
f 938/938 946/946 948/948
f 938/938 948/948 940/940
f 940/940 948/948 947/947
f 940/940 947/947 939/939
f 939/939 947/947 945/945
f 939/939 945/945 937/937
f 950/950 942/942 944/944
f 950/950 944/944 952/952
f 952/952 944/944 943/943
f 952/952 943/943 951/951
f 951/951 943/943 941/941
f 951/951 941/941 949/949
f 946/946 954/954 956/956
f 946/946 956/956 948/948
f 948/948 956/956 955/955
f 948/948 955/955 947/947
f 947/947 955/955 953/953
f 947/947 953/953 945/945
f 958/958 950/950 952/952
f 958/958 952/952 960/960
f 960/960 952/952 951/951
f 960/960 951/951 959/959
f 959/959 951/951 949/949
f 959/959 949/949 957/957
f 954/954 962/962 964/964
f 954/954 964/964 956/956
f 956/956 964/964 963/963
f 956/956 963/963 955/955
f 955/955 963/963 961/961
f 955/955 961/961 953/953
f 966/966 958/958 960/960
f 966/966 960/960 968/968
f 968/968 960/960 959/959
f 968/968 959/959 967/967
f 967/967 959/959 957/957
f 967/967 957/957 965/965
f 962/962 970/970 972/972
f 962/962 972/972 964/964
f 964/964 972/972 971/971
f 964/964 971/971 963/963
f 963/963 971/971 969/969
f 963/963 969/969 961/961
f 974/974 966/966 968/968
f 974/974 968/968 976/976
f 976/976 968/968 967/967
f 976/976 967/967 975/975
f 975/975 967/967 965/965
f 975/975 965/965 973/973
f 970/970 978/978 980/980
f 970/970 980/980 972/972
f 972/972 980/980 979/979
f 972/972 979/979 971/971
f 971/971 979/979 977/977
f 971/971 977/977 969/969
f 982/982 974/974 976/976
f 982/982 976/976 984/984
f 984/984 976/976 975/975
f 984/984 975/975 983/983
f 983/983 975/975 973/973
f 983/983 973/973 981/981
f 978/978 986/986 988/988
f 978/978 988/988 980/980
f 980/980 988/988 987/987
f 980/980 987/987 979/979
f 979/979 987/987 985/985
f 979/979 985/985 977/977
f 990/990 982/982 984/984
f 990/990 984/984 992/992
f 992/992 984/984 983/983
f 992/992 983/983 991/991
f 991/991 983/983 981/981
f 991/991 981/981 989/989
f 986/986 994/994 996/996
f 986/986 996/996 988/988
f 988/988 996/996 995/995
f 988/988 995/995 987/987
f 987/987 995/995 993/993
f 987/987 993/993 985/985
f 998/998 990/990 992/992
f 998/998 992/992 1000/1000
f 1000/1000 992/992 991/991
f 1000/1000 991/991 999/999
f 999/999 991/991 989/989
f 999/999 989/989 997/997
f 994/994 1002/1002 1004/1004
f 994/994 1004/1004 996/996
f 996/996 1004/1004 1003/1003
f 996/996 1003/1003 995/995
f 995/995 1003/1003 1001/1001
f 995/995 1001/1001 993/993
f 1006/1006 998/998 1000/1000
f 1006/1006 1000/1000 1008/1008
f 1008/1008 1000/1000 999/999
f 1008/1008 999/999 1007/1007
f 1007/1007 999/999 997/997
f 1007/1007 997/997 1005/1005
f 1002/1002 1010/1010 1012/1012
f 1002/1002 1012/1012 1004/1004
f 1004/1004 1012/1012 1011/1011
f 1004/1004 1011/1011 1003/1003
f 1003/1003 1011/1011 1009/1009
f 1003/1003 1009/1009 1001/1001
f 1014/1014 1006/1006 1008/1008
f 1014/1014 1008/1008 1016/1016
f 1016/1016 1008/1008 1007/1007
f 1016/1016 1007/1007 1015/1015
f 1015/1015 1007/1007 1005/1005
f 1015/1015 1005/1005 1013/1013
f 1010/1010 1018/1018 1020/1020
f 1010/1010 1020/1020 1012/1012
f 1012/1012 1020/1020 1019/1019
f 1012/1012 1019/1019 1011/1011
f 1011/1011 1019/1019 1017/1017
f 1011/1011 1017/1017 1009/1009
f 1022/1022 1014/1014 1016/1016
f 1022/1022 1016/1016 1024/1024
f 1024/1024 1016/1016 1015/1015
f 1024/1024 1015/1015 1023/1023
f 1023/1023 1015/1015 1013/1013
f 1023/1023 1013/1013 1021/1021
f 1018/1018 1026/1026 1028/1028
f 1018/1018 1028/1028 1020/1020
f 1020/1020 1028/1028 1027/1027
f 1020/1020 1027/1027 1019/1019
f 1019/1019 1027/1027 1025/1025
f 1019/1019 1025/1025 1017/1017
f 1030/1030 1022/1022 1024/1024
f 1030/1030 1024/1024 1032/1032
f 1032/1032 1024/1024 1023/1023
f 1032/1032 1023/1023 1031/1031
f 1031/1031 1023/1023 1021/1021
f 1031/1031 1021/1021 1029/1029
f 1026/1026 1034/1034 1036/1036
f 1026/1026 1036/1036 1028/1028
f 1028/1028 1036/1036 1035/1035
f 1028/1028 1035/1035 1027/1027
f 1027/1027 1035/1035 1033/1033
f 1027/1027 1033/1033 1025/1025
f 1038/1038 1030/1030 1032/1032
f 1038/1038 1032/1032 1040/1040
f 1040/1040 1032/1032 1031/1031
f 1040/1040 1031/1031 1039/1039
f 1039/1039 1031/1031 1029/1029
f 1039/1039 1029/1029 1037/1037
f 1034/1034 1042/1042 1044/1044
f 1034/1034 1044/1044 1036/1036
f 1036/1036 1044/1044 1043/1043
f 1036/1036 1043/1043 1035/1035
f 1035/1035 1043/1043 1041/1041
f 1035/1035 1041/1041 1033/1033
f 1046/1046 1038/1038 1040/1040
f 1046/1046 1040/1040 1048/1048
f 1048/1048 1040/1040 1039/1039
f 1048/1048 1039/1039 1047/1047
f 1047/1047 1039/1039 1037/1037
f 1047/1047 1037/1037 1045/1045
f 1042/1042 1050/1050 1052/1052
f 1042/1042 1052/1052 1044/1044
f 1044/1044 1052/1052 1051/1051
f 1044/1044 1051/1051 1043/1043
f 1043/1043 1051/1051 1049/1049
f 1043/1043 1049/1049 1041/1041
f 1054/1054 1046/1046 1048/1048
f 1054/1054 1048/1048 1056/1056
f 1056/1056 1048/1048 1047/1047
f 1056/1056 1047/1047 1055/1055
f 1055/1055 1047/1047 1045/1045
f 1055/1055 1045/1045 1053/1053
f 1050/1050 1058/1058 1060/1060
f 1050/1050 1060/1060 1052/1052
f 1052/1052 1060/1060 1059/1059
f 1052/1052 1059/1059 1051/1051
f 1051/1051 1059/1059 1057/1057
f 1051/1051 1057/1057 1049/1049
f 1062/1062 1054/1054 1056/1056
f 1062/1062 1056/1056 1064/1064
f 1064/1064 1056/1056 1055/1055
f 1064/1064 1055/1055 1063/1063
f 1063/1063 1055/1055 1053/1053
f 1063/1063 1053/1053 1061/1061
f 1058/1058 874/874 876/876
f 1058/1058 876/876 1060/1060
f 1060/1060 876/876 875/875
f 1060/1060 875/875 1059/1059
f 1059/1059 875/875 873/873
f 1059/1059 873/873 1057/1057
f 878/878 1062/1062 1064/1064
f 878/878 1064/1064 880/880
f 880/880 1064/1064 1063/1063
f 880/880 1063/1063 879/879
f 879/879 1063/1063 1061/1061
f 879/879 1061/1061 877/877
f 1057/1057 873/873 881/881
f 881/881 889/889 897/897
f 897/897 905/905 913/913
f 913/913 921/921 929/929
f 929/929 937/937 945/945
f 945/945 953/953 961/961
f 961/961 969/969 977/977
f 977/977 985/985 993/993
f 993/993 1001/1001 1009/1009
f 1009/1009 1017/1017 1025/1025
f 1025/1025 1033/1033 1041/1041
f 1041/1041 1049/1049 1057/1057
f 1057/1057 881/881 897/897
f 897/897 913/913 929/929
f 929/929 945/945 961/961
f 961/961 977/977 993/993
f 993/993 1009/1009 1025/1025
f 1025/1025 1041/1041 1057/1057
f 1057/1057 897/897 929/929
f 929/929 961/961 993/993
f 993/993 1025/1025 1057/1057
f 929/929 993/993 1057/1057
f 1250/1250 1254/1254 1070/1070
f 1250/1250 1070/1070 1066/1066
f 1082/1082 1086/1086 1094/1094
f 1082/1082 1094/1094 1090/1090
f 1090/1090 1094/1094 1102/1102
f 1090/1090 1102/1102 1098/1098
f 1098/1098 1102/1102 1110/1110
f 1098/1098 1110/1110 1106/1106
f 1106/1106 1110/1110 1118/1118
f 1106/1106 1118/1118 1114/1114
f 1114/1114 1118/1118 1126/1126
f 1114/1114 1126/1126 1122/1122
f 1122/1122 1126/1126 1134/1134
f 1122/1122 1134/1134 1130/1130
f 1130/1130 1134/1134 1142/1142
f 1130/1130 1142/1142 1138/1138
f 1138/1138 1142/1142 1150/1150
f 1138/1138 1150/1150 1146/1146
f 1146/1146 1150/1150 1158/1158
f 1146/1146 1158/1158 1154/1154
f 1154/1154 1158/1158 1166/1166
f 1154/1154 1166/1166 1162/1162
f 1162/1162 1166/1166 1174/1174
f 1162/1162 1174/1174 1170/1170
f 1170/1170 1174/1174 1182/1182
f 1170/1170 1182/1182 1178/1178
f 1178/1178 1182/1182 1190/1190
f 1178/1178 1190/1190 1186/1186
f 1186/1186 1190/1190 1198/1198
f 1186/1186 1198/1198 1194/1194
f 1194/1194 1198/1198 1206/1206
f 1194/1194 1206/1206 1202/1202
f 1202/1202 1206/1206 1214/1214
f 1202/1202 1214/1214 1210/1210
f 1210/1210 1214/1214 1222/1222
f 1210/1210 1222/1222 1218/1218
f 1218/1218 1222/1222 1230/1230
f 1218/1218 1230/1230 1226/1226
f 1226/1226 1230/1230 1238/1238
f 1226/1226 1238/1238 1234/1234
f 1234/1234 1238/1238 1246/1246
f 1234/1234 1246/1246 1242/1242
f 1242/1242 1246/1246 1254/1254
f 1242/1242 1254/1254 1250/1250
f 1074/1074 1078/1078 1086/1086
f 1074/1074 1086/1086 1082/1082
f 1085/1085 1077/1077 1069/1069
f 1069/1069 1253/1253 1245/1245
f 1245/1245 1237/1237 1229/1229
f 1229/1229 1221/1221 1213/1213
f 1213/1213 1205/1205 1197/1197
f 1197/1197 1189/1189 1181/1181
f 1181/1181 1173/1173 1165/1165
f 1165/1165 1157/1157 1149/1149
f 1149/1149 1141/1141 1133/1133
f 1133/1133 1125/1125 1117/1117
f 1117/1117 1109/1109 1101/1101
f 1101/1101 1093/1093 1085/1085
f 1085/1085 1069/1069 1245/1245
f 1245/1245 1229/1229 1213/1213
f 1213/1213 1197/1197 1181/1181
f 1181/1181 1165/1165 1149/1149
f 1149/1149 1133/1133 1117/1117
f 1117/1117 1101/1101 1085/1085
f 1085/1085 1245/1245 1213/1213
f 1213/1213 1181/1181 1149/1149
f 1149/1149 1117/1117 1085/1085
f 1213/1213 1149/1149 1085/1085
f 1066/1066 1070/1070 1078/1078
f 1066/1066 1078/1078 1074/1074
f 1066/1066 1074/1074 1076/1076
f 1066/1066 1076/1076 1068/1068
f 1068/1068 1076/1076 1075/1075
f 1068/1068 1075/1075 1067/1067
f 1067/1067 1075/1075 1073/1073
f 1067/1067 1073/1073 1065/1065
f 1078/1078 1070/1070 1072/1072
f 1078/1078 1072/1072 1080/1080
f 1080/1080 1072/1072 1071/1071
f 1080/1080 1071/1071 1079/1079
f 1079/1079 1071/1071 1069/1069
f 1079/1079 1069/1069 1077/1077
f 1074/1074 1082/1082 1084/1084
f 1074/1074 1084/1084 1076/1076
f 1076/1076 1084/1084 1083/1083
f 1076/1076 1083/1083 1075/1075
f 1075/1075 1083/1083 1081/1081
f 1075/1075 1081/1081 1073/1073
f 1086/1086 1078/1078 1080/1080
f 1086/1086 1080/1080 1088/1088
f 1088/1088 1080/1080 1079/1079
f 1088/1088 1079/1079 1087/1087
f 1087/1087 1079/1079 1077/1077
f 1087/1087 1077/1077 1085/1085
f 1082/1082 1090/1090 1092/1092
f 1082/1082 1092/1092 1084/1084
f 1084/1084 1092/1092 1091/1091
f 1084/1084 1091/1091 1083/1083
f 1083/1083 1091/1091 1089/1089
f 1083/1083 1089/1089 1081/1081
f 1094/1094 1086/1086 1088/1088
f 1094/1094 1088/1088 1096/1096
f 1096/1096 1088/1088 1087/1087
f 1096/1096 1087/1087 1095/1095
f 1095/1095 1087/1087 1085/1085
f 1095/1095 1085/1085 1093/1093
f 1090/1090 1098/1098 1100/1100
f 1090/1090 1100/1100 1092/1092
f 1092/1092 1100/1100 1099/1099
f 1092/1092 1099/1099 1091/1091
f 1091/1091 1099/1099 1097/1097
f 1091/1091 1097/1097 1089/1089
f 1102/1102 1094/1094 1096/1096
f 1102/1102 1096/1096 1104/1104
f 1104/1104 1096/1096 1095/1095
f 1104/1104 1095/1095 1103/1103
f 1103/1103 1095/1095 1093/1093
f 1103/1103 1093/1093 1101/1101
f 1098/1098 1106/1106 1108/1108
f 1098/1098 1108/1108 1100/1100
f 1100/1100 1108/1108 1107/1107
f 1100/1100 1107/1107 1099/1099
f 1099/1099 1107/1107 1105/1105
f 1099/1099 1105/1105 1097/1097
f 1110/1110 1102/1102 1104/1104
f 1110/1110 1104/1104 1112/1112
f 1112/1112 1104/1104 1103/1103
f 1112/1112 1103/1103 1111/1111
f 1111/1111 1103/1103 1101/1101
f 1111/1111 1101/1101 1109/1109
f 1106/1106 1114/1114 1116/1116
f 1106/1106 1116/1116 1108/1108
f 1108/1108 1116/1116 1115/1115
f 1108/1108 1115/1115 1107/1107
f 1107/1107 1115/1115 1113/1113
f 1107/1107 1113/1113 1105/1105
f 1118/1118 1110/1110 1112/1112
f 1118/1118 1112/1112 1120/1120
f 1120/1120 1112/1112 1111/1111
f 1120/1120 1111/1111 1119/1119
f 1119/1119 1111/1111 1109/1109
f 1119/1119 1109/1109 1117/1117
f 1114/1114 1122/1122 1124/1124
f 1114/1114 1124/1124 1116/1116
f 1116/1116 1124/1124 1123/1123
f 1116/1116 1123/1123 1115/1115
f 1115/1115 1123/1123 1121/1121
f 1115/1115 1121/1121 1113/1113
f 1126/1126 1118/1118 1120/1120
f 1126/1126 1120/1120 1128/1128
f 1128/1128 1120/1120 1119/1119
f 1128/1128 1119/1119 1127/1127
f 1127/1127 1119/1119 1117/1117
f 1127/1127 1117/1117 1125/1125
f 1122/1122 1130/1130 1132/1132
f 1122/1122 1132/1132 1124/1124
f 1124/1124 1132/1132 1131/1131
f 1124/1124 1131/1131 1123/1123
f 1123/1123 1131/1131 1129/1129
f 1123/1123 1129/1129 1121/1121
f 1134/1134 1126/1126 1128/1128
f 1134/1134 1128/1128 1136/1136
f 1136/1136 1128/1128 1127/1127
f 1136/1136 1127/1127 1135/1135
f 1135/1135 1127/1127 1125/1125
f 1135/1135 1125/1125 1133/1133
f 1130/1130 1138/1138 1140/1140
f 1130/1130 1140/1140 1132/1132
f 1132/1132 1140/1140 1139/1139
f 1132/1132 1139/1139 1131/1131
f 1131/1131 1139/1139 1137/1137
f 1131/1131 1137/1137 1129/1129
f 1142/1142 1134/1134 1136/1136
f 1142/1142 1136/1136 1144/1144
f 1144/1144 1136/1136 1135/1135
f 1144/1144 1135/1135 1143/1143
f 1143/1143 1135/1135 1133/1133
f 1143/1143 1133/1133 1141/1141
f 1138/1138 1146/1146 1148/1148
f 1138/1138 1148/1148 1140/1140
f 1140/1140 1148/1148 1147/1147
f 1140/1140 1147/1147 1139/1139
f 1139/1139 1147/1147 1145/1145
f 1139/1139 1145/1145 1137/1137
f 1150/1150 1142/1142 1144/1144
f 1150/1150 1144/1144 1152/1152
f 1152/1152 1144/1144 1143/1143
f 1152/1152 1143/1143 1151/1151
f 1151/1151 1143/1143 1141/1141
f 1151/1151 1141/1141 1149/1149
f 1146/1146 1154/1154 1156/1156
f 1146/1146 1156/1156 1148/1148
f 1148/1148 1156/1156 1155/1155
f 1148/1148 1155/1155 1147/1147
f 1147/1147 1155/1155 1153/1153
f 1147/1147 1153/1153 1145/1145
f 1158/1158 1150/1150 1152/1152
f 1158/1158 1152/1152 1160/1160
f 1160/1160 1152/1152 1151/1151
f 1160/1160 1151/1151 1159/1159
f 1159/1159 1151/1151 1149/1149
f 1159/1159 1149/1149 1157/1157
f 1154/1154 1162/1162 1164/1164
f 1154/1154 1164/1164 1156/1156
f 1156/1156 1164/1164 1163/1163
f 1156/1156 1163/1163 1155/1155
f 1155/1155 1163/1163 1161/1161
f 1155/1155 1161/1161 1153/1153
f 1166/1166 1158/1158 1160/1160
f 1166/1166 1160/1160 1168/1168
f 1168/1168 1160/1160 1159/1159
f 1168/1168 1159/1159 1167/1167
f 1167/1167 1159/1159 1157/1157
f 1167/1167 1157/1157 1165/1165
f 1162/1162 1170/1170 1172/1172
f 1162/1162 1172/1172 1164/1164
f 1164/1164 1172/1172 1171/1171
f 1164/1164 1171/1171 1163/1163
f 1163/1163 1171/1171 1169/1169
f 1163/1163 1169/1169 1161/1161
f 1174/1174 1166/1166 1168/1168
f 1174/1174 1168/1168 1176/1176
f 1176/1176 1168/1168 1167/1167
f 1176/1176 1167/1167 1175/1175
f 1175/1175 1167/1167 1165/1165
f 1175/1175 1165/1165 1173/1173
f 1170/1170 1178/1178 1180/1180
f 1170/1170 1180/1180 1172/1172
f 1172/1172 1180/1180 1179/1179
f 1172/1172 1179/1179 1171/1171
f 1171/1171 1179/1179 1177/1177
f 1171/1171 1177/1177 1169/1169
f 1182/1182 1174/1174 1176/1176
f 1182/1182 1176/1176 1184/1184
f 1184/1184 1176/1176 1175/1175
f 1184/1184 1175/1175 1183/1183
f 1183/1183 1175/1175 1173/1173
f 1183/1183 1173/1173 1181/1181
f 1178/1178 1186/1186 1188/1188
f 1178/1178 1188/1188 1180/1180
f 1180/1180 1188/1188 1187/1187
f 1180/1180 1187/1187 1179/1179
f 1179/1179 1187/1187 1185/1185
f 1179/1179 1185/1185 1177/1177
f 1190/1190 1182/1182 1184/1184
f 1190/1190 1184/1184 1192/1192
f 1192/1192 1184/1184 1183/1183
f 1192/1192 1183/1183 1191/1191
f 1191/1191 1183/1183 1181/1181
f 1191/1191 1181/1181 1189/1189
f 1186/1186 1194/1194 1196/1196
f 1186/1186 1196/1196 1188/1188
f 1188/1188 1196/1196 1195/1195
f 1188/1188 1195/1195 1187/1187
f 1187/1187 1195/1195 1193/1193
f 1187/1187 1193/1193 1185/1185
f 1198/1198 1190/1190 1192/1192
f 1198/1198 1192/1192 1200/1200
f 1200/1200 1192/1192 1191/1191
f 1200/1200 1191/1191 1199/1199
f 1199/1199 1191/1191 1189/1189
f 1199/1199 1189/1189 1197/1197
f 1194/1194 1202/1202 1204/1204
f 1194/1194 1204/1204 1196/1196
f 1196/1196 1204/1204 1203/1203
f 1196/1196 1203/1203 1195/1195
f 1195/1195 1203/1203 1201/1201
f 1195/1195 1201/1201 1193/1193
f 1206/1206 1198/1198 1200/1200
f 1206/1206 1200/1200 1208/1208
f 1208/1208 1200/1200 1199/1199
f 1208/1208 1199/1199 1207/1207
f 1207/1207 1199/1199 1197/1197
f 1207/1207 1197/1197 1205/1205
f 1202/1202 1210/1210 1212/1212
f 1202/1202 1212/1212 1204/1204
f 1204/1204 1212/1212 1211/1211
f 1204/1204 1211/1211 1203/1203
f 1203/1203 1211/1211 1209/1209
f 1203/1203 1209/1209 1201/1201
f 1214/1214 1206/1206 1208/1208
f 1214/1214 1208/1208 1216/1216
f 1216/1216 1208/1208 1207/1207
f 1216/1216 1207/1207 1215/1215
f 1215/1215 1207/1207 1205/1205
f 1215/1215 1205/1205 1213/1213
f 1210/1210 1218/1218 1220/1220
f 1210/1210 1220/1220 1212/1212
f 1212/1212 1220/1220 1219/1219
f 1212/1212 1219/1219 1211/1211
f 1211/1211 1219/1219 1217/1217
f 1211/1211 1217/1217 1209/1209
f 1222/1222 1214/1214 1216/1216
f 1222/1222 1216/1216 1224/1224
f 1224/1224 1216/1216 1215/1215
f 1224/1224 1215/1215 1223/1223
f 1223/1223 1215/1215 1213/1213
f 1223/1223 1213/1213 1221/1221
f 1218/1218 1226/1226 1228/1228
f 1218/1218 1228/1228 1220/1220
f 1220/1220 1228/1228 1227/1227
f 1220/1220 1227/1227 1219/1219
f 1219/1219 1227/1227 1225/1225
f 1219/1219 1225/1225 1217/1217
f 1230/1230 1222/1222 1224/1224
f 1230/1230 1224/1224 1232/1232
f 1232/1232 1224/1224 1223/1223
f 1232/1232 1223/1223 1231/1231
f 1231/1231 1223/1223 1221/1221
f 1231/1231 1221/1221 1229/1229
f 1226/1226 1234/1234 1236/1236
f 1226/1226 1236/1236 1228/1228
f 1228/1228 1236/1236 1235/1235
f 1228/1228 1235/1235 1227/1227
f 1227/1227 1235/1235 1233/1233
f 1227/1227 1233/1233 1225/1225
f 1238/1238 1230/1230 1232/1232
f 1238/1238 1232/1232 1240/1240
f 1240/1240 1232/1232 1231/1231
f 1240/1240 1231/1231 1239/1239
f 1239/1239 1231/1231 1229/1229
f 1239/1239 1229/1229 1237/1237
f 1234/1234 1242/1242 1244/1244
f 1234/1234 1244/1244 1236/1236
f 1236/1236 1244/1244 1243/1243
f 1236/1236 1243/1243 1235/1235
f 1235/1235 1243/1243 1241/1241
f 1235/1235 1241/1241 1233/1233
f 1246/1246 1238/1238 1240/1240
f 1246/1246 1240/1240 1248/1248
f 1248/1248 1240/1240 1239/1239
f 1248/1248 1239/1239 1247/1247
f 1247/1247 1239/1239 1237/1237
f 1247/1247 1237/1237 1245/1245
f 1242/1242 1250/1250 1252/1252
f 1242/1242 1252/1252 1244/1244
f 1244/1244 1252/1252 1251/1251
f 1244/1244 1251/1251 1243/1243
f 1243/1243 1251/1251 1249/1249
f 1243/1243 1249/1249 1241/1241
f 1254/1254 1246/1246 1248/1248
f 1254/1254 1248/1248 1256/1256
f 1256/1256 1248/1248 1247/1247
f 1256/1256 1247/1247 1255/1255
f 1255/1255 1247/1247 1245/1245
f 1255/1255 1245/1245 1253/1253
f 1250/1250 1066/1066 1068/1068
f 1250/1250 1068/1068 1252/1252
f 1252/1252 1068/1068 1067/1067
f 1252/1252 1067/1067 1251/1251
f 1251/1251 1067/1067 1065/1065
f 1251/1251 1065/1065 1249/1249
f 1070/1070 1254/1254 1256/1256
f 1070/1070 1256/1256 1072/1072
f 1072/1072 1256/1256 1255/1255
f 1072/1072 1255/1255 1071/1071
f 1071/1071 1255/1255 1253/1253
f 1071/1071 1253/1253 1069/1069
f 1249/1249 1065/1065 1073/1073
f 1073/1073 1081/1081 1089/1089
f 1089/1089 1097/1097 1105/1105
f 1105/1105 1113/1113 1121/1121
f 1121/1121 1129/1129 1137/1137
f 1137/1137 1145/1145 1153/1153
f 1153/1153 1161/1161 1169/1169
f 1169/1169 1177/1177 1185/1185
f 1185/1185 1193/1193 1201/1201
f 1201/1201 1209/1209 1217/1217
f 1217/1217 1225/1225 1233/1233
f 1233/1233 1241/1241 1249/1249
f 1249/1249 1073/1073 1089/1089
f 1089/1089 1105/1105 1121/1121
f 1121/1121 1137/1137 1153/1153
f 1153/1153 1169/1169 1185/1185
f 1185/1185 1201/1201 1217/1217
f 1217/1217 1233/1233 1249/1249
f 1249/1249 1089/1089 1121/1121
f 1121/1121 1153/1153 1185/1185
f 1185/1185 1217/1217 1249/1249
f 1121/1121 1185/1185 1249/1249
f 1442/1442 1446/1446 1262/1262
f 1442/1442 1262/1262 1258/1258
f 1274/1274 1278/1278 1286/1286
f 1274/1274 1286/1286 1282/1282
f 1282/1282 1286/1286 1294/1294
f 1282/1282 1294/1294 1290/1290
f 1290/1290 1294/1294 1302/1302
f 1290/1290 1302/1302 1298/1298
f 1298/1298 1302/1302 1310/1310
f 1298/1298 1310/1310 1306/1306
f 1306/1306 1310/1310 1318/1318
f 1306/1306 1318/1318 1314/1314
f 1314/1314 1318/1318 1326/1326
f 1314/1314 1326/1326 1322/1322
f 1322/1322 1326/1326 1334/1334
f 1322/1322 1334/1334 1330/1330
f 1330/1330 1334/1334 1342/1342
f 1330/1330 1342/1342 1338/1338
f 1338/1338 1342/1342 1350/1350
f 1338/1338 1350/1350 1346/1346
f 1346/1346 1350/1350 1358/1358
f 1346/1346 1358/1358 1354/1354
f 1354/1354 1358/1358 1366/1366
f 1354/1354 1366/1366 1362/1362
f 1362/1362 1366/1366 1374/1374
f 1362/1362 1374/1374 1370/1370
f 1370/1370 1374/1374 1382/1382
f 1370/1370 1382/1382 1378/1378
f 1378/1378 1382/1382 1390/1390
f 1378/1378 1390/1390 1386/1386
f 1386/1386 1390/1390 1398/1398
f 1386/1386 1398/1398 1394/1394
f 1394/1394 1398/1398 1406/1406
f 1394/1394 1406/1406 1402/1402
f 1402/1402 1406/1406 1414/1414
f 1402/1402 1414/1414 1410/1410
f 1410/1410 1414/1414 1422/1422
f 1410/1410 1422/1422 1418/1418
f 1418/1418 1422/1422 1430/1430
f 1418/1418 1430/1430 1426/1426
f 1426/1426 1430/1430 1438/1438
f 1426/1426 1438/1438 1434/1434
f 1434/1434 1438/1438 1446/1446
f 1434/1434 1446/1446 1442/1442
f 1266/1266 1270/1270 1278/1278
f 1266/1266 1278/1278 1274/1274
f 1277/1277 1269/1269 1261/1261
f 1261/1261 1445/1445 1437/1437
f 1437/1437 1429/1429 1421/1421
f 1421/1421 1413/1413 1405/1405
f 1405/1405 1397/1397 1389/1389
f 1389/1389 1381/1381 1373/1373
f 1373/1373 1365/1365 1357/1357
f 1357/1357 1349/1349 1341/1341
f 1341/1341 1333/1333 1325/1325
f 1325/1325 1317/1317 1309/1309
f 1309/1309 1301/1301 1293/1293
f 1293/1293 1285/1285 1277/1277
f 1277/1277 1261/1261 1437/1437
f 1437/1437 1421/1421 1405/1405
f 1405/1405 1389/1389 1373/1373
f 1373/1373 1357/1357 1341/1341
f 1341/1341 1325/1325 1309/1309
f 1309/1309 1293/1293 1277/1277
f 1277/1277 1437/1437 1405/1405
f 1405/1405 1373/1373 1341/1341
f 1341/1341 1309/1309 1277/1277
f 1405/1405 1341/1341 1277/1277
f 1258/1258 1262/1262 1270/1270
f 1258/1258 1270/1270 1266/1266
f 1258/1258 1266/1266 1268/1268
f 1258/1258 1268/1268 1260/1260
f 1260/1260 1268/1268 1267/1267
f 1260/1260 1267/1267 1259/1259
f 1259/1259 1267/1267 1265/1265
f 1259/1259 1265/1265 1257/1257
f 1270/1270 1262/1262 1264/1264
f 1270/1270 1264/1264 1272/1272
f 1272/1272 1264/1264 1263/1263
f 1272/1272 1263/1263 1271/1271
f 1271/1271 1263/1263 1261/1261
f 1271/1271 1261/1261 1269/1269
f 1266/1266 1274/1274 1276/1276
f 1266/1266 1276/1276 1268/1268
f 1268/1268 1276/1276 1275/1275
f 1268/1268 1275/1275 1267/1267
f 1267/1267 1275/1275 1273/1273
f 1267/1267 1273/1273 1265/1265
f 1278/1278 1270/1270 1272/1272
f 1278/1278 1272/1272 1280/1280
f 1280/1280 1272/1272 1271/1271
f 1280/1280 1271/1271 1279/1279
f 1279/1279 1271/1271 1269/1269
f 1279/1279 1269/1269 1277/1277
f 1274/1274 1282/1282 1284/1284
f 1274/1274 1284/1284 1276/1276
f 1276/1276 1284/1284 1283/1283
f 1276/1276 1283/1283 1275/1275
f 1275/1275 1283/1283 1281/1281
f 1275/1275 1281/1281 1273/1273
f 1286/1286 1278/1278 1280/1280
f 1286/1286 1280/1280 1288/1288
f 1288/1288 1280/1280 1279/1279
f 1288/1288 1279/1279 1287/1287
f 1287/1287 1279/1279 1277/1277
f 1287/1287 1277/1277 1285/1285
f 1282/1282 1290/1290 1292/1292
f 1282/1282 1292/1292 1284/1284
f 1284/1284 1292/1292 1291/1291
f 1284/1284 1291/1291 1283/1283
f 1283/1283 1291/1291 1289/1289
f 1283/1283 1289/1289 1281/1281
f 1294/1294 1286/1286 1288/1288
f 1294/1294 1288/1288 1296/1296
f 1296/1296 1288/1288 1287/1287
f 1296/1296 1287/1287 1295/1295
f 1295/1295 1287/1287 1285/1285
f 1295/1295 1285/1285 1293/1293
f 1290/1290 1298/1298 1300/1300
f 1290/1290 1300/1300 1292/1292
f 1292/1292 1300/1300 1299/1299
f 1292/1292 1299/1299 1291/1291
f 1291/1291 1299/1299 1297/1297
f 1291/1291 1297/1297 1289/1289
f 1302/1302 1294/1294 1296/1296
f 1302/1302 1296/1296 1304/1304
f 1304/1304 1296/1296 1295/1295
f 1304/1304 1295/1295 1303/1303
f 1303/1303 1295/1295 1293/1293
f 1303/1303 1293/1293 1301/1301
f 1298/1298 1306/1306 1308/1308
f 1298/1298 1308/1308 1300/1300
f 1300/1300 1308/1308 1307/1307
f 1300/1300 1307/1307 1299/1299
f 1299/1299 1307/1307 1305/1305
f 1299/1299 1305/1305 1297/1297
f 1310/1310 1302/1302 1304/1304
f 1310/1310 1304/1304 1312/1312
f 1312/1312 1304/1304 1303/1303
f 1312/1312 1303/1303 1311/1311
f 1311/1311 1303/1303 1301/1301
f 1311/1311 1301/1301 1309/1309
f 1306/1306 1314/1314 1316/1316
f 1306/1306 1316/1316 1308/1308
f 1308/1308 1316/1316 1315/1315
f 1308/1308 1315/1315 1307/1307
f 1307/1307 1315/1315 1313/1313
f 1307/1307 1313/1313 1305/1305
f 1318/1318 1310/1310 1312/1312
f 1318/1318 1312/1312 1320/1320
f 1320/1320 1312/1312 1311/1311
f 1320/1320 1311/1311 1319/1319
f 1319/1319 1311/1311 1309/1309
f 1319/1319 1309/1309 1317/1317
f 1314/1314 1322/1322 1324/1324
f 1314/1314 1324/1324 1316/1316
f 1316/1316 1324/1324 1323/1323
f 1316/1316 1323/1323 1315/1315
f 1315/1315 1323/1323 1321/1321
f 1315/1315 1321/1321 1313/1313
f 1326/1326 1318/1318 1320/1320
f 1326/1326 1320/1320 1328/1328
f 1328/1328 1320/1320 1319/1319
f 1328/1328 1319/1319 1327/1327
f 1327/1327 1319/1319 1317/1317
f 1327/1327 1317/1317 1325/1325
f 1322/1322 1330/1330 1332/1332
f 1322/1322 1332/1332 1324/1324
f 1324/1324 1332/1332 1331/1331
f 1324/1324 1331/1331 1323/1323
f 1323/1323 1331/1331 1329/1329
f 1323/1323 1329/1329 1321/1321
f 1334/1334 1326/1326 1328/1328
f 1334/1334 1328/1328 1336/1336
f 1336/1336 1328/1328 1327/1327
f 1336/1336 1327/1327 1335/1335
f 1335/1335 1327/1327 1325/1325
f 1335/1335 1325/1325 1333/1333
f 1330/1330 1338/1338 1340/1340
f 1330/1330 1340/1340 1332/1332
f 1332/1332 1340/1340 1339/1339
f 1332/1332 1339/1339 1331/1331
f 1331/1331 1339/1339 1337/1337
f 1331/1331 1337/1337 1329/1329
f 1342/1342 1334/1334 1336/1336
f 1342/1342 1336/1336 1344/1344
f 1344/1344 1336/1336 1335/1335
f 1344/1344 1335/1335 1343/1343
f 1343/1343 1335/1335 1333/1333
f 1343/1343 1333/1333 1341/1341
f 1338/1338 1346/1346 1348/1348
f 1338/1338 1348/1348 1340/1340
f 1340/1340 1348/1348 1347/1347
f 1340/1340 1347/1347 1339/1339
f 1339/1339 1347/1347 1345/1345
f 1339/1339 1345/1345 1337/1337
f 1350/1350 1342/1342 1344/1344
f 1350/1350 1344/1344 1352/1352
f 1352/1352 1344/1344 1343/1343
f 1352/1352 1343/1343 1351/1351
f 1351/1351 1343/1343 1341/1341
f 1351/1351 1341/1341 1349/1349
f 1346/1346 1354/1354 1356/1356
f 1346/1346 1356/1356 1348/1348
f 1348/1348 1356/1356 1355/1355
f 1348/1348 1355/1355 1347/1347
f 1347/1347 1355/1355 1353/1353
f 1347/1347 1353/1353 1345/1345
f 1358/1358 1350/1350 1352/1352
f 1358/1358 1352/1352 1360/1360
f 1360/1360 1352/1352 1351/1351
f 1360/1360 1351/1351 1359/1359
f 1359/1359 1351/1351 1349/1349
f 1359/1359 1349/1349 1357/1357
f 1354/1354 1362/1362 1364/1364
f 1354/1354 1364/1364 1356/1356
f 1356/1356 1364/1364 1363/1363
f 1356/1356 1363/1363 1355/1355
f 1355/1355 1363/1363 1361/1361
f 1355/1355 1361/1361 1353/1353
f 1366/1366 1358/1358 1360/1360
f 1366/1366 1360/1360 1368/1368
f 1368/1368 1360/1360 1359/1359
f 1368/1368 1359/1359 1367/1367
f 1367/1367 1359/1359 1357/1357
f 1367/1367 1357/1357 1365/1365
f 1362/1362 1370/1370 1372/1372
f 1362/1362 1372/1372 1364/1364
f 1364/1364 1372/1372 1371/1371
f 1364/1364 1371/1371 1363/1363
f 1363/1363 1371/1371 1369/1369
f 1363/1363 1369/1369 1361/1361
f 1374/1374 1366/1366 1368/1368
f 1374/1374 1368/1368 1376/1376
f 1376/1376 1368/1368 1367/1367
f 1376/1376 1367/1367 1375/1375
f 1375/1375 1367/1367 1365/1365
f 1375/1375 1365/1365 1373/1373
f 1370/1370 1378/1378 1380/1380
f 1370/1370 1380/1380 1372/1372
f 1372/1372 1380/1380 1379/1379
f 1372/1372 1379/1379 1371/1371
f 1371/1371 1379/1379 1377/1377
f 1371/1371 1377/1377 1369/1369
f 1382/1382 1374/1374 1376/1376
f 1382/1382 1376/1376 1384/1384
f 1384/1384 1376/1376 1375/1375
f 1384/1384 1375/1375 1383/1383
f 1383/1383 1375/1375 1373/1373
f 1383/1383 1373/1373 1381/1381
f 1378/1378 1386/1386 1388/1388
f 1378/1378 1388/1388 1380/1380
f 1380/1380 1388/1388 1387/1387
f 1380/1380 1387/1387 1379/1379
f 1379/1379 1387/1387 1385/1385
f 1379/1379 1385/1385 1377/1377
f 1390/1390 1382/1382 1384/1384
f 1390/1390 1384/1384 1392/1392
f 1392/1392 1384/1384 1383/1383
f 1392/1392 1383/1383 1391/1391
f 1391/1391 1383/1383 1381/1381
f 1391/1391 1381/1381 1389/1389
f 1386/1386 1394/1394 1396/1396
f 1386/1386 1396/1396 1388/1388
f 1388/1388 1396/1396 1395/1395
f 1388/1388 1395/1395 1387/1387
f 1387/1387 1395/1395 1393/1393
f 1387/1387 1393/1393 1385/1385
f 1398/1398 1390/1390 1392/1392
f 1398/1398 1392/1392 1400/1400
f 1400/1400 1392/1392 1391/1391
f 1400/1400 1391/1391 1399/1399
f 1399/1399 1391/1391 1389/1389
f 1399/1399 1389/1389 1397/1397
f 1394/1394 1402/1402 1404/1404
f 1394/1394 1404/1404 1396/1396
f 1396/1396 1404/1404 1403/1403
f 1396/1396 1403/1403 1395/1395
f 1395/1395 1403/1403 1401/1401
f 1395/1395 1401/1401 1393/1393
f 1406/1406 1398/1398 1400/1400
f 1406/1406 1400/1400 1408/1408
f 1408/1408 1400/1400 1399/1399
f 1408/1408 1399/1399 1407/1407
f 1407/1407 1399/1399 1397/1397
f 1407/1407 1397/1397 1405/1405
f 1402/1402 1410/1410 1412/1412
f 1402/1402 1412/1412 1404/1404
f 1404/1404 1412/1412 1411/1411
f 1404/1404 1411/1411 1403/1403
f 1403/1403 1411/1411 1409/1409
f 1403/1403 1409/1409 1401/1401
f 1414/1414 1406/1406 1408/1408
f 1414/1414 1408/1408 1416/1416
f 1416/1416 1408/1408 1407/1407
f 1416/1416 1407/1407 1415/1415
f 1415/1415 1407/1407 1405/1405
f 1415/1415 1405/1405 1413/1413
f 1410/1410 1418/1418 1420/1420
f 1410/1410 1420/1420 1412/1412
f 1412/1412 1420/1420 1419/1419
f 1412/1412 1419/1419 1411/1411
f 1411/1411 1419/1419 1417/1417
f 1411/1411 1417/1417 1409/1409
f 1422/1422 1414/1414 1416/1416
f 1422/1422 1416/1416 1424/1424
f 1424/1424 1416/1416 1415/1415
f 1424/1424 1415/1415 1423/1423
f 1423/1423 1415/1415 1413/1413
f 1423/1423 1413/1413 1421/1421
f 1418/1418 1426/1426 1428/1428
f 1418/1418 1428/1428 1420/1420
f 1420/1420 1428/1428 1427/1427
f 1420/1420 1427/1427 1419/1419
f 1419/1419 1427/1427 1425/1425
f 1419/1419 1425/1425 1417/1417
f 1430/1430 1422/1422 1424/1424
f 1430/1430 1424/1424 1432/1432
f 1432/1432 1424/1424 1423/1423
f 1432/1432 1423/1423 1431/1431
f 1431/1431 1423/1423 1421/1421
f 1431/1431 1421/1421 1429/1429
f 1426/1426 1434/1434 1436/1436
f 1426/1426 1436/1436 1428/1428
f 1428/1428 1436/1436 1435/1435
f 1428/1428 1435/1435 1427/1427
f 1427/1427 1435/1435 1433/1433
f 1427/1427 1433/1433 1425/1425
f 1438/1438 1430/1430 1432/1432
f 1438/1438 1432/1432 1440/1440
f 1440/1440 1432/1432 1431/1431
f 1440/1440 1431/1431 1439/1439
f 1439/1439 1431/1431 1429/1429
f 1439/1439 1429/1429 1437/1437
f 1434/1434 1442/1442 1444/1444
f 1434/1434 1444/1444 1436/1436
f 1436/1436 1444/1444 1443/1443
f 1436/1436 1443/1443 1435/1435
f 1435/1435 1443/1443 1441/1441
f 1435/1435 1441/1441 1433/1433
f 1446/1446 1438/1438 1440/1440
f 1446/1446 1440/1440 1448/1448
f 1448/1448 1440/1440 1439/1439
f 1448/1448 1439/1439 1447/1447
f 1447/1447 1439/1439 1437/1437
f 1447/1447 1437/1437 1445/1445
f 1442/1442 1258/1258 1260/1260
f 1442/1442 1260/1260 1444/1444
f 1444/1444 1260/1260 1259/1259
f 1444/1444 1259/1259 1443/1443
f 1443/1443 1259/1259 1257/1257
f 1443/1443 1257/1257 1441/1441
f 1262/1262 1446/1446 1448/1448
f 1262/1262 1448/1448 1264/1264
f 1264/1264 1448/1448 1447/1447
f 1264/1264 1447/1447 1263/1263
f 1263/1263 1447/1447 1445/1445
f 1263/1263 1445/1445 1261/1261
f 1441/1441 1257/1257 1265/1265
f 1265/1265 1273/1273 1281/1281
f 1281/1281 1289/1289 1297/1297
f 1297/1297 1305/1305 1313/1313
f 1313/1313 1321/1321 1329/1329
f 1329/1329 1337/1337 1345/1345
f 1345/1345 1353/1353 1361/1361
f 1361/1361 1369/1369 1377/1377
f 1377/1377 1385/1385 1393/1393
f 1393/1393 1401/1401 1409/1409
f 1409/1409 1417/1417 1425/1425
f 1425/1425 1433/1433 1441/1441
f 1441/1441 1265/1265 1281/1281
f 1281/1281 1297/1297 1313/1313
f 1313/1313 1329/1329 1345/1345
f 1345/1345 1361/1361 1377/1377
f 1377/1377 1393/1393 1409/1409
f 1409/1409 1425/1425 1441/1441
f 1441/1441 1281/1281 1313/1313
f 1313/1313 1345/1345 1377/1377
f 1377/1377 1409/1409 1441/1441
f 1313/1313 1377/1377 1441/1441
f 1634/1634 1638/1638 1454/1454
f 1634/1634 1454/1454 1450/1450
f 1466/1466 1470/1470 1478/1478
f 1466/1466 1478/1478 1474/1474
f 1474/1474 1478/1478 1486/1486
f 1474/1474 1486/1486 1482/1482
f 1482/1482 1486/1486 1494/1494
f 1482/1482 1494/1494 1490/1490
f 1490/1490 1494/1494 1502/1502
f 1490/1490 1502/1502 1498/1498
f 1498/1498 1502/1502 1510/1510
f 1498/1498 1510/1510 1506/1506
f 1506/1506 1510/1510 1518/1518
f 1506/1506 1518/1518 1514/1514
f 1514/1514 1518/1518 1526/1526
f 1514/1514 1526/1526 1522/1522
f 1522/1522 1526/1526 1534/1534
f 1522/1522 1534/1534 1530/1530
f 1530/1530 1534/1534 1542/1542
f 1530/1530 1542/1542 1538/1538
f 1538/1538 1542/1542 1550/1550
f 1538/1538 1550/1550 1546/1546
f 1546/1546 1550/1550 1558/1558
f 1546/1546 1558/1558 1554/1554
f 1554/1554 1558/1558 1566/1566
f 1554/1554 1566/1566 1562/1562
f 1562/1562 1566/1566 1574/1574
f 1562/1562 1574/1574 1570/1570
f 1570/1570 1574/1574 1582/1582
f 1570/1570 1582/1582 1578/1578
f 1578/1578 1582/1582 1590/1590
f 1578/1578 1590/1590 1586/1586
f 1586/1586 1590/1590 1598/1598
f 1586/1586 1598/1598 1594/1594
f 1594/1594 1598/1598 1606/1606
f 1594/1594 1606/1606 1602/1602
f 1602/1602 1606/1606 1614/1614
f 1602/1602 1614/1614 1610/1610
f 1610/1610 1614/1614 1622/1622
f 1610/1610 1622/1622 1618/1618
f 1618/1618 1622/1622 1630/1630
f 1618/1618 1630/1630 1626/1626
f 1626/1626 1630/1630 1638/1638
f 1626/1626 1638/1638 1634/1634
f 1458/1458 1462/1462 1470/1470
f 1458/1458 1470/1470 1466/1466
f 1469/1469 1461/1461 1453/1453
f 1453/1453 1637/1637 1629/1629
f 1629/1629 1621/1621 1613/1613
f 1613/1613 1605/1605 1597/1597
f 1597/1597 1589/1589 1581/1581
f 1581/1581 1573/1573 1565/1565
f 1565/1565 1557/1557 1549/1549
f 1549/1549 1541/1541 1533/1533
f 1533/1533 1525/1525 1517/1517
f 1517/1517 1509/1509 1501/1501
f 1501/1501 1493/1493 1485/1485
f 1485/1485 1477/1477 1469/1469
f 1469/1469 1453/1453 1629/1629
f 1629/1629 1613/1613 1597/1597
f 1597/1597 1581/1581 1565/1565
f 1565/1565 1549/1549 1533/1533
f 1533/1533 1517/1517 1501/1501
f 1501/1501 1485/1485 1469/1469
f 1469/1469 1629/1629 1597/1597
f 1597/1597 1565/1565 1533/1533
f 1533/1533 1501/1501 1469/1469
f 1597/1597 1533/1533 1469/1469
f 1450/1450 1454/1454 1462/1462
f 1450/1450 1462/1462 1458/1458
f 1450/1450 1458/1458 1460/1460
f 1450/1450 1460/1460 1452/1452
f 1452/1452 1460/1460 1459/1459
f 1452/1452 1459/1459 1451/1451
f 1451/1451 1459/1459 1457/1457
f 1451/1451 1457/1457 1449/1449
f 1462/1462 1454/1454 1456/1456
f 1462/1462 1456/1456 1464/1464
f 1464/1464 1456/1456 1455/1455
f 1464/1464 1455/1455 1463/1463
f 1463/1463 1455/1455 1453/1453
f 1463/1463 1453/1453 1461/1461
f 1458/1458 1466/1466 1468/1468
f 1458/1458 1468/1468 1460/1460
f 1460/1460 1468/1468 1467/1467
f 1460/1460 1467/1467 1459/1459
f 1459/1459 1467/1467 1465/1465
f 1459/1459 1465/1465 1457/1457
f 1470/1470 1462/1462 1464/1464
f 1470/1470 1464/1464 1472/1472
f 1472/1472 1464/1464 1463/1463
f 1472/1472 1463/1463 1471/1471
f 1471/1471 1463/1463 1461/1461
f 1471/1471 1461/1461 1469/1469
f 1466/1466 1474/1474 1476/1476
f 1466/1466 1476/1476 1468/1468
f 1468/1468 1476/1476 1475/1475
f 1468/1468 1475/1475 1467/1467
f 1467/1467 1475/1475 1473/1473
f 1467/1467 1473/1473 1465/1465
f 1478/1478 1470/1470 1472/1472
f 1478/1478 1472/1472 1480/1480
f 1480/1480 1472/1472 1471/1471
f 1480/1480 1471/1471 1479/1479
f 1479/1479 1471/1471 1469/1469
f 1479/1479 1469/1469 1477/1477
f 1474/1474 1482/1482 1484/1484
f 1474/1474 1484/1484 1476/1476
f 1476/1476 1484/1484 1483/1483
f 1476/1476 1483/1483 1475/1475
f 1475/1475 1483/1483 1481/1481
f 1475/1475 1481/1481 1473/1473
f 1486/1486 1478/1478 1480/1480
f 1486/1486 1480/1480 1488/1488
f 1488/1488 1480/1480 1479/1479
f 1488/1488 1479/1479 1487/1487
f 1487/1487 1479/1479 1477/1477
f 1487/1487 1477/1477 1485/1485
f 1482/1482 1490/1490 1492/1492
f 1482/1482 1492/1492 1484/1484
f 1484/1484 1492/1492 1491/1491
f 1484/1484 1491/1491 1483/1483
f 1483/1483 1491/1491 1489/1489
f 1483/1483 1489/1489 1481/1481
f 1494/1494 1486/1486 1488/1488
f 1494/1494 1488/1488 1496/1496
f 1496/1496 1488/1488 1487/1487
f 1496/1496 1487/1487 1495/1495
f 1495/1495 1487/1487 1485/1485
f 1495/1495 1485/1485 1493/1493
f 1490/1490 1498/1498 1500/1500
f 1490/1490 1500/1500 1492/1492
f 1492/1492 1500/1500 1499/1499
f 1492/1492 1499/1499 1491/1491
f 1491/1491 1499/1499 1497/1497
f 1491/1491 1497/1497 1489/1489
f 1502/1502 1494/1494 1496/1496
f 1502/1502 1496/1496 1504/1504
f 1504/1504 1496/1496 1495/1495
f 1504/1504 1495/1495 1503/1503
f 1503/1503 1495/1495 1493/1493
f 1503/1503 1493/1493 1501/1501
f 1498/1498 1506/1506 1508/1508
f 1498/1498 1508/1508 1500/1500
f 1500/1500 1508/1508 1507/1507
f 1500/1500 1507/1507 1499/1499
f 1499/1499 1507/1507 1505/1505
f 1499/1499 1505/1505 1497/1497
f 1510/1510 1502/1502 1504/1504
f 1510/1510 1504/1504 1512/1512
f 1512/1512 1504/1504 1503/1503
f 1512/1512 1503/1503 1511/1511
f 1511/1511 1503/1503 1501/1501
f 1511/1511 1501/1501 1509/1509
f 1506/1506 1514/1514 1516/1516
f 1506/1506 1516/1516 1508/1508
f 1508/1508 1516/1516 1515/1515
f 1508/1508 1515/1515 1507/1507
f 1507/1507 1515/1515 1513/1513
f 1507/1507 1513/1513 1505/1505
f 1518/1518 1510/1510 1512/1512
f 1518/1518 1512/1512 1520/1520
f 1520/1520 1512/1512 1511/1511
f 1520/1520 1511/1511 1519/1519
f 1519/1519 1511/1511 1509/1509
f 1519/1519 1509/1509 1517/1517
f 1514/1514 1522/1522 1524/1524
f 1514/1514 1524/1524 1516/1516
f 1516/1516 1524/1524 1523/1523
f 1516/1516 1523/1523 1515/1515
f 1515/1515 1523/1523 1521/1521
f 1515/1515 1521/1521 1513/1513
f 1526/1526 1518/1518 1520/1520
f 1526/1526 1520/1520 1528/1528
f 1528/1528 1520/1520 1519/1519
f 1528/1528 1519/1519 1527/1527
f 1527/1527 1519/1519 1517/1517
f 1527/1527 1517/1517 1525/1525
f 1522/1522 1530/1530 1532/1532
f 1522/1522 1532/1532 1524/1524
f 1524/1524 1532/1532 1531/1531
f 1524/1524 1531/1531 1523/1523
f 1523/1523 1531/1531 1529/1529
f 1523/1523 1529/1529 1521/1521
f 1534/1534 1526/1526 1528/1528
f 1534/1534 1528/1528 1536/1536
f 1536/1536 1528/1528 1527/1527
f 1536/1536 1527/1527 1535/1535
f 1535/1535 1527/1527 1525/1525
f 1535/1535 1525/1525 1533/1533
f 1530/1530 1538/1538 1540/1540
f 1530/1530 1540/1540 1532/1532
f 1532/1532 1540/1540 1539/1539
f 1532/1532 1539/1539 1531/1531
f 1531/1531 1539/1539 1537/1537
f 1531/1531 1537/1537 1529/1529
f 1542/1542 1534/1534 1536/1536
f 1542/1542 1536/1536 1544/1544
f 1544/1544 1536/1536 1535/1535
f 1544/1544 1535/1535 1543/1543
f 1543/1543 1535/1535 1533/1533
f 1543/1543 1533/1533 1541/1541
f 1538/1538 1546/1546 1548/1548
f 1538/1538 1548/1548 1540/1540
f 1540/1540 1548/1548 1547/1547
f 1540/1540 1547/1547 1539/1539
f 1539/1539 1547/1547 1545/1545
f 1539/1539 1545/1545 1537/1537
f 1550/1550 1542/1542 1544/1544
f 1550/1550 1544/1544 1552/1552
f 1552/1552 1544/1544 1543/1543
f 1552/1552 1543/1543 1551/1551
f 1551/1551 1543/1543 1541/1541
f 1551/1551 1541/1541 1549/1549
f 1546/1546 1554/1554 1556/1556
f 1546/1546 1556/1556 1548/1548
f 1548/1548 1556/1556 1555/1555
f 1548/1548 1555/1555 1547/1547
f 1547/1547 1555/1555 1553/1553
f 1547/1547 1553/1553 1545/1545
f 1558/1558 1550/1550 1552/1552
f 1558/1558 1552/1552 1560/1560
f 1560/1560 1552/1552 1551/1551
f 1560/1560 1551/1551 1559/1559
f 1559/1559 1551/1551 1549/1549
f 1559/1559 1549/1549 1557/1557
f 1554/1554 1562/1562 1564/1564
f 1554/1554 1564/1564 1556/1556
f 1556/1556 1564/1564 1563/1563
f 1556/1556 1563/1563 1555/1555
f 1555/1555 1563/1563 1561/1561
f 1555/1555 1561/1561 1553/1553
f 1566/1566 1558/1558 1560/1560
f 1566/1566 1560/1560 1568/1568
f 1568/1568 1560/1560 1559/1559
f 1568/1568 1559/1559 1567/1567
f 1567/1567 1559/1559 1557/1557
f 1567/1567 1557/1557 1565/1565
f 1562/1562 1570/1570 1572/1572
f 1562/1562 1572/1572 1564/1564
f 1564/1564 1572/1572 1571/1571
f 1564/1564 1571/1571 1563/1563
f 1563/1563 1571/1571 1569/1569
f 1563/1563 1569/1569 1561/1561
f 1574/1574 1566/1566 1568/1568
f 1574/1574 1568/1568 1576/1576
f 1576/1576 1568/1568 1567/1567
f 1576/1576 1567/1567 1575/1575
f 1575/1575 1567/1567 1565/1565
f 1575/1575 1565/1565 1573/1573
f 1570/1570 1578/1578 1580/1580
f 1570/1570 1580/1580 1572/1572
f 1572/1572 1580/1580 1579/1579
f 1572/1572 1579/1579 1571/1571
f 1571/1571 1579/1579 1577/1577
f 1571/1571 1577/1577 1569/1569
f 1582/1582 1574/1574 1576/1576
f 1582/1582 1576/1576 1584/1584
f 1584/1584 1576/1576 1575/1575
f 1584/1584 1575/1575 1583/1583
f 1583/1583 1575/1575 1573/1573
f 1583/1583 1573/1573 1581/1581
f 1578/1578 1586/1586 1588/1588
f 1578/1578 1588/1588 1580/1580
f 1580/1580 1588/1588 1587/1587
f 1580/1580 1587/1587 1579/1579
f 1579/1579 1587/1587 1585/1585
f 1579/1579 1585/1585 1577/1577
f 1590/1590 1582/1582 1584/1584
f 1590/1590 1584/1584 1592/1592
f 1592/1592 1584/1584 1583/1583
f 1592/1592 1583/1583 1591/1591
f 1591/1591 1583/1583 1581/1581
f 1591/1591 1581/1581 1589/1589
f 1586/1586 1594/1594 1596/1596
f 1586/1586 1596/1596 1588/1588
f 1588/1588 1596/1596 1595/1595
f 1588/1588 1595/1595 1587/1587
f 1587/1587 1595/1595 1593/1593
f 1587/1587 1593/1593 1585/1585
f 1598/1598 1590/1590 1592/1592
f 1598/1598 1592/1592 1600/1600
f 1600/1600 1592/1592 1591/1591
f 1600/1600 1591/1591 1599/1599
f 1599/1599 1591/1591 1589/1589
f 1599/1599 1589/1589 1597/1597
f 1594/1594 1602/1602 1604/1604
f 1594/1594 1604/1604 1596/1596
f 1596/1596 1604/1604 1603/1603
f 1596/1596 1603/1603 1595/1595
f 1595/1595 1603/1603 1601/1601
f 1595/1595 1601/1601 1593/1593
f 1606/1606 1598/1598 1600/1600
f 1606/1606 1600/1600 1608/1608
f 1608/1608 1600/1600 1599/1599
f 1608/1608 1599/1599 1607/1607
f 1607/1607 1599/1599 1597/1597
f 1607/1607 1597/1597 1605/1605
f 1602/1602 1610/1610 1612/1612
f 1602/1602 1612/1612 1604/1604
f 1604/1604 1612/1612 1611/1611
f 1604/1604 1611/1611 1603/1603
f 1603/1603 1611/1611 1609/1609
f 1603/1603 1609/1609 1601/1601
f 1614/1614 1606/1606 1608/1608
f 1614/1614 1608/1608 1616/1616
f 1616/1616 1608/1608 1607/1607
f 1616/1616 1607/1607 1615/1615
f 1615/1615 1607/1607 1605/1605
f 1615/1615 1605/1605 1613/1613
f 1610/1610 1618/1618 1620/1620
f 1610/1610 1620/1620 1612/1612
f 1612/1612 1620/1620 1619/1619
f 1612/1612 1619/1619 1611/1611
f 1611/1611 1619/1619 1617/1617
f 1611/1611 1617/1617 1609/1609
f 1622/1622 1614/1614 1616/1616
f 1622/1622 1616/1616 1624/1624
f 1624/1624 1616/1616 1615/1615
f 1624/1624 1615/1615 1623/1623
f 1623/1623 1615/1615 1613/1613
f 1623/1623 1613/1613 1621/1621
f 1618/1618 1626/1626 1628/1628
f 1618/1618 1628/1628 1620/1620
f 1620/1620 1628/1628 1627/1627
f 1620/1620 1627/1627 1619/1619
f 1619/1619 1627/1627 1625/1625
f 1619/1619 1625/1625 1617/1617
f 1630/1630 1622/1622 1624/1624
f 1630/1630 1624/1624 1632/1632
f 1632/1632 1624/1624 1623/1623
f 1632/1632 1623/1623 1631/1631
f 1631/1631 1623/1623 1621/1621
f 1631/1631 1621/1621 1629/1629
f 1626/1626 1634/1634 1636/1636
f 1626/1626 1636/1636 1628/1628
f 1628/1628 1636/1636 1635/1635
f 1628/1628 1635/1635 1627/1627
f 1627/1627 1635/1635 1633/1633
f 1627/1627 1633/1633 1625/1625
f 1638/1638 1630/1630 1632/1632
f 1638/1638 1632/1632 1640/1640
f 1640/1640 1632/1632 1631/1631
f 1640/1640 1631/1631 1639/1639
f 1639/1639 1631/1631 1629/1629
f 1639/1639 1629/1629 1637/1637
f 1634/1634 1450/1450 1452/1452
f 1634/1634 1452/1452 1636/1636
f 1636/1636 1452/1452 1451/1451
f 1636/1636 1451/1451 1635/1635
f 1635/1635 1451/1451 1449/1449
f 1635/1635 1449/1449 1633/1633
f 1454/1454 1638/1638 1640/1640
f 1454/1454 1640/1640 1456/1456
f 1456/1456 1640/1640 1639/1639
f 1456/1456 1639/1639 1455/1455
f 1455/1455 1639/1639 1637/1637
f 1455/1455 1637/1637 1453/1453
f 1633/1633 1449/1449 1457/1457
f 1457/1457 1465/1465 1473/1473
f 1473/1473 1481/1481 1489/1489
f 1489/1489 1497/1497 1505/1505
f 1505/1505 1513/1513 1521/1521
f 1521/1521 1529/1529 1537/1537
f 1537/1537 1545/1545 1553/1553
f 1553/1553 1561/1561 1569/1569
f 1569/1569 1577/1577 1585/1585
f 1585/1585 1593/1593 1601/1601
f 1601/1601 1609/1609 1617/1617
f 1617/1617 1625/1625 1633/1633
f 1633/1633 1457/1457 1473/1473
f 1473/1473 1489/1489 1505/1505
f 1505/1505 1521/1521 1537/1537
f 1537/1537 1553/1553 1569/1569
f 1569/1569 1585/1585 1601/1601
f 1601/1601 1617/1617 1633/1633
f 1633/1633 1473/1473 1505/1505
f 1505/1505 1537/1537 1569/1569
f 1569/1569 1601/1601 1633/1633
f 1505/1505 1569/1569 1633/1633
f 1826/1826 1830/1830 1646/1646
f 1826/1826 1646/1646 1642/1642
f 1658/1658 1662/1662 1670/1670
f 1658/1658 1670/1670 1666/1666
f 1666/1666 1670/1670 1678/1678
f 1666/1666 1678/1678 1674/1674
f 1674/1674 1678/1678 1686/1686
f 1674/1674 1686/1686 1682/1682
f 1682/1682 1686/1686 1694/1694
f 1682/1682 1694/1694 1690/1690
f 1690/1690 1694/1694 1702/1702
f 1690/1690 1702/1702 1698/1698
f 1698/1698 1702/1702 1710/1710
f 1698/1698 1710/1710 1706/1706
f 1706/1706 1710/1710 1718/1718
f 1706/1706 1718/1718 1714/1714
f 1714/1714 1718/1718 1726/1726
f 1714/1714 1726/1726 1722/1722
f 1722/1722 1726/1726 1734/1734
f 1722/1722 1734/1734 1730/1730
f 1730/1730 1734/1734 1742/1742
f 1730/1730 1742/1742 1738/1738
f 1738/1738 1742/1742 1750/1750
f 1738/1738 1750/1750 1746/1746
f 1746/1746 1750/1750 1758/1758
f 1746/1746 1758/1758 1754/1754
f 1754/1754 1758/1758 1766/1766
f 1754/1754 1766/1766 1762/1762
f 1762/1762 1766/1766 1774/1774
f 1762/1762 1774/1774 1770/1770
f 1770/1770 1774/1774 1782/1782
f 1770/1770 1782/1782 1778/1778
f 1778/1778 1782/1782 1790/1790
f 1778/1778 1790/1790 1786/1786
f 1786/1786 1790/1790 1798/1798
f 1786/1786 1798/1798 1794/1794
f 1794/1794 1798/1798 1806/1806
f 1794/1794 1806/1806 1802/1802
f 1802/1802 1806/1806 1814/1814
f 1802/1802 1814/1814 1810/1810
f 1810/1810 1814/1814 1822/1822
f 1810/1810 1822/1822 1818/1818
f 1818/1818 1822/1822 1830/1830
f 1818/1818 1830/1830 1826/1826
f 1650/1650 1654/1654 1662/1662
f 1650/1650 1662/1662 1658/1658
f 1661/1661 1653/1653 1645/1645
f 1645/1645 1829/1829 1821/1821
f 1821/1821 1813/1813 1805/1805
f 1805/1805 1797/1797 1789/1789
f 1789/1789 1781/1781 1773/1773
f 1773/1773 1765/1765 1757/1757
f 1757/1757 1749/1749 1741/1741
f 1741/1741 1733/1733 1725/1725
f 1725/1725 1717/1717 1709/1709
f 1709/1709 1701/1701 1693/1693
f 1693/1693 1685/1685 1677/1677
f 1677/1677 1669/1669 1661/1661
f 1661/1661 1645/1645 1821/1821
f 1821/1821 1805/1805 1789/1789
f 1789/1789 1773/1773 1757/1757
f 1757/1757 1741/1741 1725/1725
f 1725/1725 1709/1709 1693/1693
f 1693/1693 1677/1677 1661/1661
f 1661/1661 1821/1821 1789/1789
f 1789/1789 1757/1757 1725/1725
f 1725/1725 1693/1693 1661/1661
f 1789/1789 1725/1725 1661/1661
f 1642/1642 1646/1646 1654/1654
f 1642/1642 1654/1654 1650/1650
f 1642/1642 1650/1650 1652/1652
f 1642/1642 1652/1652 1644/1644
f 1644/1644 1652/1652 1651/1651
f 1644/1644 1651/1651 1643/1643
f 1643/1643 1651/1651 1649/1649
f 1643/1643 1649/1649 1641/1641
f 1654/1654 1646/1646 1648/1648
f 1654/1654 1648/1648 1656/1656
f 1656/1656 1648/1648 1647/1647
f 1656/1656 1647/1647 1655/1655
f 1655/1655 1647/1647 1645/1645
f 1655/1655 1645/1645 1653/1653
f 1650/1650 1658/1658 1660/1660
f 1650/1650 1660/1660 1652/1652
f 1652/1652 1660/1660 1659/1659
f 1652/1652 1659/1659 1651/1651
f 1651/1651 1659/1659 1657/1657
f 1651/1651 1657/1657 1649/1649
f 1662/1662 1654/1654 1656/1656
f 1662/1662 1656/1656 1664/1664
f 1664/1664 1656/1656 1655/1655
f 1664/1664 1655/1655 1663/1663
f 1663/1663 1655/1655 1653/1653
f 1663/1663 1653/1653 1661/1661
f 1658/1658 1666/1666 1668/1668
f 1658/1658 1668/1668 1660/1660
f 1660/1660 1668/1668 1667/1667
f 1660/1660 1667/1667 1659/1659
f 1659/1659 1667/1667 1665/1665
f 1659/1659 1665/1665 1657/1657
f 1670/1670 1662/1662 1664/1664
f 1670/1670 1664/1664 1672/1672
f 1672/1672 1664/1664 1663/1663
f 1672/1672 1663/1663 1671/1671
f 1671/1671 1663/1663 1661/1661
f 1671/1671 1661/1661 1669/1669
f 1666/1666 1674/1674 1676/1676
f 1666/1666 1676/1676 1668/1668
f 1668/1668 1676/1676 1675/1675
f 1668/1668 1675/1675 1667/1667
f 1667/1667 1675/1675 1673/1673
f 1667/1667 1673/1673 1665/1665
f 1678/1678 1670/1670 1672/1672
f 1678/1678 1672/1672 1680/1680
f 1680/1680 1672/1672 1671/1671
f 1680/1680 1671/1671 1679/1679
f 1679/1679 1671/1671 1669/1669
f 1679/1679 1669/1669 1677/1677
f 1674/1674 1682/1682 1684/1684
f 1674/1674 1684/1684 1676/1676
f 1676/1676 1684/1684 1683/1683
f 1676/1676 1683/1683 1675/1675
f 1675/1675 1683/1683 1681/1681
f 1675/1675 1681/1681 1673/1673
f 1686/1686 1678/1678 1680/1680
f 1686/1686 1680/1680 1688/1688
f 1688/1688 1680/1680 1679/1679
f 1688/1688 1679/1679 1687/1687
f 1687/1687 1679/1679 1677/1677
f 1687/1687 1677/1677 1685/1685
f 1682/1682 1690/1690 1692/1692
f 1682/1682 1692/1692 1684/1684
f 1684/1684 1692/1692 1691/1691
f 1684/1684 1691/1691 1683/1683
f 1683/1683 1691/1691 1689/1689
f 1683/1683 1689/1689 1681/1681
f 1694/1694 1686/1686 1688/1688
f 1694/1694 1688/1688 1696/1696
f 1696/1696 1688/1688 1687/1687
f 1696/1696 1687/1687 1695/1695
f 1695/1695 1687/1687 1685/1685
f 1695/1695 1685/1685 1693/1693
f 1690/1690 1698/1698 1700/1700
f 1690/1690 1700/1700 1692/1692
f 1692/1692 1700/1700 1699/1699
f 1692/1692 1699/1699 1691/1691
f 1691/1691 1699/1699 1697/1697
f 1691/1691 1697/1697 1689/1689
f 1702/1702 1694/1694 1696/1696
f 1702/1702 1696/1696 1704/1704
f 1704/1704 1696/1696 1695/1695
f 1704/1704 1695/1695 1703/1703
f 1703/1703 1695/1695 1693/1693
f 1703/1703 1693/1693 1701/1701
f 1698/1698 1706/1706 1708/1708
f 1698/1698 1708/1708 1700/1700
f 1700/1700 1708/1708 1707/1707
f 1700/1700 1707/1707 1699/1699
f 1699/1699 1707/1707 1705/1705
f 1699/1699 1705/1705 1697/1697
f 1710/1710 1702/1702 1704/1704
f 1710/1710 1704/1704 1712/1712
f 1712/1712 1704/1704 1703/1703
f 1712/1712 1703/1703 1711/1711
f 1711/1711 1703/1703 1701/1701
f 1711/1711 1701/1701 1709/1709
f 1706/1706 1714/1714 1716/1716
f 1706/1706 1716/1716 1708/1708
f 1708/1708 1716/1716 1715/1715
f 1708/1708 1715/1715 1707/1707
f 1707/1707 1715/1715 1713/1713
f 1707/1707 1713/1713 1705/1705
f 1718/1718 1710/1710 1712/1712
f 1718/1718 1712/1712 1720/1720
f 1720/1720 1712/1712 1711/1711
f 1720/1720 1711/1711 1719/1719
f 1719/1719 1711/1711 1709/1709
f 1719/1719 1709/1709 1717/1717
f 1714/1714 1722/1722 1724/1724
f 1714/1714 1724/1724 1716/1716
f 1716/1716 1724/1724 1723/1723
f 1716/1716 1723/1723 1715/1715
f 1715/1715 1723/1723 1721/1721
f 1715/1715 1721/1721 1713/1713
f 1726/1726 1718/1718 1720/1720
f 1726/1726 1720/1720 1728/1728
f 1728/1728 1720/1720 1719/1719
f 1728/1728 1719/1719 1727/1727
f 1727/1727 1719/1719 1717/1717
f 1727/1727 1717/1717 1725/1725
f 1722/1722 1730/1730 1732/1732
f 1722/1722 1732/1732 1724/1724
f 1724/1724 1732/1732 1731/1731
f 1724/1724 1731/1731 1723/1723
f 1723/1723 1731/1731 1729/1729
f 1723/1723 1729/1729 1721/1721
f 1734/1734 1726/1726 1728/1728
f 1734/1734 1728/1728 1736/1736
f 1736/1736 1728/1728 1727/1727
f 1736/1736 1727/1727 1735/1735
f 1735/1735 1727/1727 1725/1725
f 1735/1735 1725/1725 1733/1733
f 1730/1730 1738/1738 1740/1740
f 1730/1730 1740/1740 1732/1732
f 1732/1732 1740/1740 1739/1739
f 1732/1732 1739/1739 1731/1731
f 1731/1731 1739/1739 1737/1737
f 1731/1731 1737/1737 1729/1729
f 1742/1742 1734/1734 1736/1736
f 1742/1742 1736/1736 1744/1744
f 1744/1744 1736/1736 1735/1735
f 1744/1744 1735/1735 1743/1743
f 1743/1743 1735/1735 1733/1733
f 1743/1743 1733/1733 1741/1741
f 1738/1738 1746/1746 1748/1748
f 1738/1738 1748/1748 1740/1740
f 1740/1740 1748/1748 1747/1747
f 1740/1740 1747/1747 1739/1739
f 1739/1739 1747/1747 1745/1745
f 1739/1739 1745/1745 1737/1737
f 1750/1750 1742/1742 1744/1744
f 1750/1750 1744/1744 1752/1752
f 1752/1752 1744/1744 1743/1743
f 1752/1752 1743/1743 1751/1751
f 1751/1751 1743/1743 1741/1741
f 1751/1751 1741/1741 1749/1749
f 1746/1746 1754/1754 1756/1756
f 1746/1746 1756/1756 1748/1748
f 1748/1748 1756/1756 1755/1755
f 1748/1748 1755/1755 1747/1747
f 1747/1747 1755/1755 1753/1753
f 1747/1747 1753/1753 1745/1745
f 1758/1758 1750/1750 1752/1752
f 1758/1758 1752/1752 1760/1760
f 1760/1760 1752/1752 1751/1751
f 1760/1760 1751/1751 1759/1759
f 1759/1759 1751/1751 1749/1749
f 1759/1759 1749/1749 1757/1757
f 1754/1754 1762/1762 1764/1764
f 1754/1754 1764/1764 1756/1756
f 1756/1756 1764/1764 1763/1763
f 1756/1756 1763/1763 1755/1755
f 1755/1755 1763/1763 1761/1761
f 1755/1755 1761/1761 1753/1753
f 1766/1766 1758/1758 1760/1760
f 1766/1766 1760/1760 1768/1768
f 1768/1768 1760/1760 1759/1759
f 1768/1768 1759/1759 1767/1767
f 1767/1767 1759/1759 1757/1757
f 1767/1767 1757/1757 1765/1765
f 1762/1762 1770/1770 1772/1772
f 1762/1762 1772/1772 1764/1764
f 1764/1764 1772/1772 1771/1771
f 1764/1764 1771/1771 1763/1763
f 1763/1763 1771/1771 1769/1769
f 1763/1763 1769/1769 1761/1761
f 1774/1774 1766/1766 1768/1768
f 1774/1774 1768/1768 1776/1776
f 1776/1776 1768/1768 1767/1767
f 1776/1776 1767/1767 1775/1775
f 1775/1775 1767/1767 1765/1765
f 1775/1775 1765/1765 1773/1773
f 1770/1770 1778/1778 1780/1780
f 1770/1770 1780/1780 1772/1772
f 1772/1772 1780/1780 1779/1779
f 1772/1772 1779/1779 1771/1771
f 1771/1771 1779/1779 1777/1777
f 1771/1771 1777/1777 1769/1769
f 1782/1782 1774/1774 1776/1776
f 1782/1782 1776/1776 1784/1784
f 1784/1784 1776/1776 1775/1775
f 1784/1784 1775/1775 1783/1783
f 1783/1783 1775/1775 1773/1773
f 1783/1783 1773/1773 1781/1781
f 1778/1778 1786/1786 1788/1788
f 1778/1778 1788/1788 1780/1780
f 1780/1780 1788/1788 1787/1787
f 1780/1780 1787/1787 1779/1779
f 1779/1779 1787/1787 1785/1785
f 1779/1779 1785/1785 1777/1777
f 1790/1790 1782/1782 1784/1784
f 1790/1790 1784/1784 1792/1792
f 1792/1792 1784/1784 1783/1783
f 1792/1792 1783/1783 1791/1791
f 1791/1791 1783/1783 1781/1781
f 1791/1791 1781/1781 1789/1789
f 1786/1786 1794/1794 1796/1796
f 1786/1786 1796/1796 1788/1788
f 1788/1788 1796/1796 1795/1795
f 1788/1788 1795/1795 1787/1787
f 1787/1787 1795/1795 1793/1793
f 1787/1787 1793/1793 1785/1785
f 1798/1798 1790/1790 1792/1792
f 1798/1798 1792/1792 1800/1800
f 1800/1800 1792/1792 1791/1791
f 1800/1800 1791/1791 1799/1799
f 1799/1799 1791/1791 1789/1789
f 1799/1799 1789/1789 1797/1797
f 1794/1794 1802/1802 1804/1804
f 1794/1794 1804/1804 1796/1796
f 1796/1796 1804/1804 1803/1803
f 1796/1796 1803/1803 1795/1795
f 1795/1795 1803/1803 1801/1801
f 1795/1795 1801/1801 1793/1793
f 1806/1806 1798/1798 1800/1800
f 1806/1806 1800/1800 1808/1808
f 1808/1808 1800/1800 1799/1799
f 1808/1808 1799/1799 1807/1807
f 1807/1807 1799/1799 1797/1797
f 1807/1807 1797/1797 1805/1805
f 1802/1802 1810/1810 1812/1812
f 1802/1802 1812/1812 1804/1804
f 1804/1804 1812/1812 1811/1811
f 1804/1804 1811/1811 1803/1803
f 1803/1803 1811/1811 1809/1809
f 1803/1803 1809/1809 1801/1801
f 1814/1814 1806/1806 1808/1808
f 1814/1814 1808/1808 1816/1816
f 1816/1816 1808/1808 1807/1807
f 1816/1816 1807/1807 1815/1815
f 1815/1815 1807/1807 1805/1805
f 1815/1815 1805/1805 1813/1813
f 1810/1810 1818/1818 1820/1820
f 1810/1810 1820/1820 1812/1812
f 1812/1812 1820/1820 1819/1819
f 1812/1812 1819/1819 1811/1811
f 1811/1811 1819/1819 1817/1817
f 1811/1811 1817/1817 1809/1809
f 1822/1822 1814/1814 1816/1816
f 1822/1822 1816/1816 1824/1824
f 1824/1824 1816/1816 1815/1815
f 1824/1824 1815/1815 1823/1823
f 1823/1823 1815/1815 1813/1813
f 1823/1823 1813/1813 1821/1821
f 1818/1818 1826/1826 1828/1828
f 1818/1818 1828/1828 1820/1820
f 1820/1820 1828/1828 1827/1827
f 1820/1820 1827/1827 1819/1819
f 1819/1819 1827/1827 1825/1825
f 1819/1819 1825/1825 1817/1817
f 1830/1830 1822/1822 1824/1824
f 1830/1830 1824/1824 1832/1832
f 1832/1832 1824/1824 1823/1823
f 1832/1832 1823/1823 1831/1831
f 1831/1831 1823/1823 1821/1821
f 1831/1831 1821/1821 1829/1829
f 1826/1826 1642/1642 1644/1644
f 1826/1826 1644/1644 1828/1828
f 1828/1828 1644/1644 1643/1643
f 1828/1828 1643/1643 1827/1827
f 1827/1827 1643/1643 1641/1641
f 1827/1827 1641/1641 1825/1825
f 1646/1646 1830/1830 1832/1832
f 1646/1646 1832/1832 1648/1648
f 1648/1648 1832/1832 1831/1831
f 1648/1648 1831/1831 1647/1647
f 1647/1647 1831/1831 1829/1829
f 1647/1647 1829/1829 1645/1645
f 1825/1825 1641/1641 1649/1649
f 1649/1649 1657/1657 1665/1665
f 1665/1665 1673/1673 1681/1681
f 1681/1681 1689/1689 1697/1697
f 1697/1697 1705/1705 1713/1713
f 1713/1713 1721/1721 1729/1729
f 1729/1729 1737/1737 1745/1745
f 1745/1745 1753/1753 1761/1761
f 1761/1761 1769/1769 1777/1777
f 1777/1777 1785/1785 1793/1793
f 1793/1793 1801/1801 1809/1809
f 1809/1809 1817/1817 1825/1825
f 1825/1825 1649/1649 1665/1665
f 1665/1665 1681/1681 1697/1697
f 1697/1697 1713/1713 1729/1729
f 1729/1729 1745/1745 1761/1761
f 1761/1761 1777/1777 1793/1793
f 1793/1793 1809/1809 1825/1825
f 1825/1825 1665/1665 1697/1697
f 1697/1697 1729/1729 1761/1761
f 1761/1761 1793/1793 1825/1825
f 1697/1697 1761/1761 1825/1825
f 2018/2018 2022/2022 1838/1838
f 2018/2018 1838/1838 1834/1834
f 1850/1850 1854/1854 1862/1862
f 1850/1850 1862/1862 1858/1858
f 1858/1858 1862/1862 1870/1870
f 1858/1858 1870/1870 1866/1866
f 1866/1866 1870/1870 1878/1878
f 1866/1866 1878/1878 1874/1874
f 1874/1874 1878/1878 1886/1886
f 1874/1874 1886/1886 1882/1882
f 1882/1882 1886/1886 1894/1894
f 1882/1882 1894/1894 1890/1890
f 1890/1890 1894/1894 1902/1902
f 1890/1890 1902/1902 1898/1898
f 1898/1898 1902/1902 1910/1910
f 1898/1898 1910/1910 1906/1906
f 1906/1906 1910/1910 1918/1918
f 1906/1906 1918/1918 1914/1914
f 1914/1914 1918/1918 1926/1926
f 1914/1914 1926/1926 1922/1922
f 1922/1922 1926/1926 1934/1934
f 1922/1922 1934/1934 1930/1930
f 1930/1930 1934/1934 1942/1942
f 1930/1930 1942/1942 1938/1938
f 1938/1938 1942/1942 1950/1950
f 1938/1938 1950/1950 1946/1946
f 1946/1946 1950/1950 1958/1958
f 1946/1946 1958/1958 1954/1954
f 1954/1954 1958/1958 1966/1966
f 1954/1954 1966/1966 1962/1962
f 1962/1962 1966/1966 1974/1974
f 1962/1962 1974/1974 1970/1970
f 1970/1970 1974/1974 1982/1982
f 1970/1970 1982/1982 1978/1978
f 1978/1978 1982/1982 1990/1990
f 1978/1978 1990/1990 1986/1986
f 1986/1986 1990/1990 1998/1998
f 1986/1986 1998/1998 1994/1994
f 1994/1994 1998/1998 2006/2006
f 1994/1994 2006/2006 2002/2002
f 2002/2002 2006/2006 2014/2014
f 2002/2002 2014/2014 2010/2010
f 2010/2010 2014/2014 2022/2022
f 2010/2010 2022/2022 2018/2018
f 1842/1842 1846/1846 1854/1854
f 1842/1842 1854/1854 1850/1850
f 1853/1853 1845/1845 1837/1837
f 1837/1837 2021/2021 2013/2013
f 2013/2013 2005/2005 1997/1997
f 1997/1997 1989/1989 1981/1981
f 1981/1981 1973/1973 1965/1965
f 1965/1965 1957/1957 1949/1949
f 1949/1949 1941/1941 1933/1933
f 1933/1933 1925/1925 1917/1917
f 1917/1917 1909/1909 1901/1901
f 1901/1901 1893/1893 1885/1885
f 1885/1885 1877/1877 1869/1869
f 1869/1869 1861/1861 1853/1853
f 1853/1853 1837/1837 2013/2013
f 2013/2013 1997/1997 1981/1981
f 1981/1981 1965/1965 1949/1949
f 1949/1949 1933/1933 1917/1917
f 1917/1917 1901/1901 1885/1885
f 1885/1885 1869/1869 1853/1853
f 1853/1853 2013/2013 1981/1981
f 1981/1981 1949/1949 1917/1917
f 1917/1917 1885/1885 1853/1853
f 1981/1981 1917/1917 1853/1853
f 1834/1834 1838/1838 1846/1846
f 1834/1834 1846/1846 1842/1842
f 1834/1834 1842/1842 1844/1844
f 1834/1834 1844/1844 1836/1836
f 1836/1836 1844/1844 1843/1843
f 1836/1836 1843/1843 1835/1835
f 1835/1835 1843/1843 1841/1841
f 1835/1835 1841/1841 1833/1833
f 1846/1846 1838/1838 1840/1840
f 1846/1846 1840/1840 1848/1848
f 1848/1848 1840/1840 1839/1839
f 1848/1848 1839/1839 1847/1847
f 1847/1847 1839/1839 1837/1837
f 1847/1847 1837/1837 1845/1845
f 1842/1842 1850/1850 1852/1852
f 1842/1842 1852/1852 1844/1844
f 1844/1844 1852/1852 1851/1851
f 1844/1844 1851/1851 1843/1843
f 1843/1843 1851/1851 1849/1849
f 1843/1843 1849/1849 1841/1841
f 1854/1854 1846/1846 1848/1848
f 1854/1854 1848/1848 1856/1856
f 1856/1856 1848/1848 1847/1847
f 1856/1856 1847/1847 1855/1855
f 1855/1855 1847/1847 1845/1845
f 1855/1855 1845/1845 1853/1853
f 1850/1850 1858/1858 1860/1860
f 1850/1850 1860/1860 1852/1852
f 1852/1852 1860/1860 1859/1859
f 1852/1852 1859/1859 1851/1851
f 1851/1851 1859/1859 1857/1857
f 1851/1851 1857/1857 1849/1849
f 1862/1862 1854/1854 1856/1856
f 1862/1862 1856/1856 1864/1864
f 1864/1864 1856/1856 1855/1855
f 1864/1864 1855/1855 1863/1863
f 1863/1863 1855/1855 1853/1853
f 1863/1863 1853/1853 1861/1861
f 1858/1858 1866/1866 1868/1868
f 1858/1858 1868/1868 1860/1860
f 1860/1860 1868/1868 1867/1867
f 1860/1860 1867/1867 1859/1859
f 1859/1859 1867/1867 1865/1865
f 1859/1859 1865/1865 1857/1857
f 1870/1870 1862/1862 1864/1864
f 1870/1870 1864/1864 1872/1872
f 1872/1872 1864/1864 1863/1863
f 1872/1872 1863/1863 1871/1871
f 1871/1871 1863/1863 1861/1861
f 1871/1871 1861/1861 1869/1869
f 1866/1866 1874/1874 1876/1876
f 1866/1866 1876/1876 1868/1868
f 1868/1868 1876/1876 1875/1875
f 1868/1868 1875/1875 1867/1867
f 1867/1867 1875/1875 1873/1873
f 1867/1867 1873/1873 1865/1865
f 1878/1878 1870/1870 1872/1872
f 1878/1878 1872/1872 1880/1880
f 1880/1880 1872/1872 1871/1871
f 1880/1880 1871/1871 1879/1879
f 1879/1879 1871/1871 1869/1869
f 1879/1879 1869/1869 1877/1877
f 1874/1874 1882/1882 1884/1884
f 1874/1874 1884/1884 1876/1876
f 1876/1876 1884/1884 1883/1883
f 1876/1876 1883/1883 1875/1875
f 1875/1875 1883/1883 1881/1881
f 1875/1875 1881/1881 1873/1873
f 1886/1886 1878/1878 1880/1880
f 1886/1886 1880/1880 1888/1888
f 1888/1888 1880/1880 1879/1879
f 1888/1888 1879/1879 1887/1887
f 1887/1887 1879/1879 1877/1877
f 1887/1887 1877/1877 1885/1885
f 1882/1882 1890/1890 1892/1892
f 1882/1882 1892/1892 1884/1884
f 1884/1884 1892/1892 1891/1891
f 1884/1884 1891/1891 1883/1883
f 1883/1883 1891/1891 1889/1889
f 1883/1883 1889/1889 1881/1881
f 1894/1894 1886/1886 1888/1888
f 1894/1894 1888/1888 1896/1896
f 1896/1896 1888/1888 1887/1887
f 1896/1896 1887/1887 1895/1895
f 1895/1895 1887/1887 1885/1885
f 1895/1895 1885/1885 1893/1893
f 1890/1890 1898/1898 1900/1900
f 1890/1890 1900/1900 1892/1892
f 1892/1892 1900/1900 1899/1899
f 1892/1892 1899/1899 1891/1891
f 1891/1891 1899/1899 1897/1897
f 1891/1891 1897/1897 1889/1889
f 1902/1902 1894/1894 1896/1896
f 1902/1902 1896/1896 1904/1904
f 1904/1904 1896/1896 1895/1895
f 1904/1904 1895/1895 1903/1903
f 1903/1903 1895/1895 1893/1893
f 1903/1903 1893/1893 1901/1901
f 1898/1898 1906/1906 1908/1908
f 1898/1898 1908/1908 1900/1900
f 1900/1900 1908/1908 1907/1907
f 1900/1900 1907/1907 1899/1899
f 1899/1899 1907/1907 1905/1905
f 1899/1899 1905/1905 1897/1897
f 1910/1910 1902/1902 1904/1904
f 1910/1910 1904/1904 1912/1912
f 1912/1912 1904/1904 1903/1903
f 1912/1912 1903/1903 1911/1911
f 1911/1911 1903/1903 1901/1901
f 1911/1911 1901/1901 1909/1909
f 1906/1906 1914/1914 1916/1916
f 1906/1906 1916/1916 1908/1908
f 1908/1908 1916/1916 1915/1915
f 1908/1908 1915/1915 1907/1907
f 1907/1907 1915/1915 1913/1913
f 1907/1907 1913/1913 1905/1905
f 1918/1918 1910/1910 1912/1912
f 1918/1918 1912/1912 1920/1920
f 1920/1920 1912/1912 1911/1911
f 1920/1920 1911/1911 1919/1919
f 1919/1919 1911/1911 1909/1909
f 1919/1919 1909/1909 1917/1917
f 1914/1914 1922/1922 1924/1924
f 1914/1914 1924/1924 1916/1916
f 1916/1916 1924/1924 1923/1923
f 1916/1916 1923/1923 1915/1915
f 1915/1915 1923/1923 1921/1921
f 1915/1915 1921/1921 1913/1913
f 1926/1926 1918/1918 1920/1920
f 1926/1926 1920/1920 1928/1928
f 1928/1928 1920/1920 1919/1919
f 1928/1928 1919/1919 1927/1927
f 1927/1927 1919/1919 1917/1917
f 1927/1927 1917/1917 1925/1925
f 1922/1922 1930/1930 1932/1932
f 1922/1922 1932/1932 1924/1924
f 1924/1924 1932/1932 1931/1931
f 1924/1924 1931/1931 1923/1923
f 1923/1923 1931/1931 1929/1929
f 1923/1923 1929/1929 1921/1921
f 1934/1934 1926/1926 1928/1928
f 1934/1934 1928/1928 1936/1936
f 1936/1936 1928/1928 1927/1927
f 1936/1936 1927/1927 1935/1935
f 1935/1935 1927/1927 1925/1925
f 1935/1935 1925/1925 1933/1933
f 1930/1930 1938/1938 1940/1940
f 1930/1930 1940/1940 1932/1932
f 1932/1932 1940/1940 1939/1939
f 1932/1932 1939/1939 1931/1931
f 1931/1931 1939/1939 1937/1937
f 1931/1931 1937/1937 1929/1929
f 1942/1942 1934/1934 1936/1936
f 1942/1942 1936/1936 1944/1944
f 1944/1944 1936/1936 1935/1935
f 1944/1944 1935/1935 1943/1943
f 1943/1943 1935/1935 1933/1933
f 1943/1943 1933/1933 1941/1941
f 1938/1938 1946/1946 1948/1948
f 1938/1938 1948/1948 1940/1940
f 1940/1940 1948/1948 1947/1947
f 1940/1940 1947/1947 1939/1939
f 1939/1939 1947/1947 1945/1945
f 1939/1939 1945/1945 1937/1937
f 1950/1950 1942/1942 1944/1944
f 1950/1950 1944/1944 1952/1952
f 1952/1952 1944/1944 1943/1943
f 1952/1952 1943/1943 1951/1951
f 1951/1951 1943/1943 1941/1941
f 1951/1951 1941/1941 1949/1949
f 1946/1946 1954/1954 1956/1956
f 1946/1946 1956/1956 1948/1948
f 1948/1948 1956/1956 1955/1955
f 1948/1948 1955/1955 1947/1947
f 1947/1947 1955/1955 1953/1953
f 1947/1947 1953/1953 1945/1945
f 1958/1958 1950/1950 1952/1952
f 1958/1958 1952/1952 1960/1960
f 1960/1960 1952/1952 1951/1951
f 1960/1960 1951/1951 1959/1959
f 1959/1959 1951/1951 1949/1949
f 1959/1959 1949/1949 1957/1957
f 1954/1954 1962/1962 1964/1964
f 1954/1954 1964/1964 1956/1956
f 1956/1956 1964/1964 1963/1963
f 1956/1956 1963/1963 1955/1955
f 1955/1955 1963/1963 1961/1961
f 1955/1955 1961/1961 1953/1953
f 1966/1966 1958/1958 1960/1960
f 1966/1966 1960/1960 1968/1968
f 1968/1968 1960/1960 1959/1959
f 1968/1968 1959/1959 1967/1967
f 1967/1967 1959/1959 1957/1957
f 1967/1967 1957/1957 1965/1965
f 1962/1962 1970/1970 1972/1972
f 1962/1962 1972/1972 1964/1964
f 1964/1964 1972/1972 1971/1971
f 1964/1964 1971/1971 1963/1963
f 1963/1963 1971/1971 1969/1969
f 1963/1963 1969/1969 1961/1961
f 1974/1974 1966/1966 1968/1968
f 1974/1974 1968/1968 1976/1976
f 1976/1976 1968/1968 1967/1967
f 1976/1976 1967/1967 1975/1975
f 1975/1975 1967/1967 1965/1965
f 1975/1975 1965/1965 1973/1973
f 1970/1970 1978/1978 1980/1980
f 1970/1970 1980/1980 1972/1972
f 1972/1972 1980/1980 1979/1979
f 1972/1972 1979/1979 1971/1971
f 1971/1971 1979/1979 1977/1977
f 1971/1971 1977/1977 1969/1969
f 1982/1982 1974/1974 1976/1976
f 1982/1982 1976/1976 1984/1984
f 1984/1984 1976/1976 1975/1975
f 1984/1984 1975/1975 1983/1983
f 1983/1983 1975/1975 1973/1973
f 1983/1983 1973/1973 1981/1981
f 1978/1978 1986/1986 1988/1988
f 1978/1978 1988/1988 1980/1980
f 1980/1980 1988/1988 1987/1987
f 1980/1980 1987/1987 1979/1979
f 1979/1979 1987/1987 1985/1985
f 1979/1979 1985/1985 1977/1977
f 1990/1990 1982/1982 1984/1984
f 1990/1990 1984/1984 1992/1992
f 1992/1992 1984/1984 1983/1983
f 1992/1992 1983/1983 1991/1991
f 1991/1991 1983/1983 1981/1981
f 1991/1991 1981/1981 1989/1989
f 1986/1986 1994/1994 1996/1996
f 1986/1986 1996/1996 1988/1988
f 1988/1988 1996/1996 1995/1995
f 1988/1988 1995/1995 1987/1987
f 1987/1987 1995/1995 1993/1993
f 1987/1987 1993/1993 1985/1985
f 1998/1998 1990/1990 1992/1992
f 1998/1998 1992/1992 2000/2000
f 2000/2000 1992/1992 1991/1991
f 2000/2000 1991/1991 1999/1999
f 1999/1999 1991/1991 1989/1989
f 1999/1999 1989/1989 1997/1997
f 1994/1994 2002/2002 2004/2004
f 1994/1994 2004/2004 1996/1996
f 1996/1996 2004/2004 2003/2003
f 1996/1996 2003/2003 1995/1995
f 1995/1995 2003/2003 2001/2001
f 1995/1995 2001/2001 1993/1993
f 2006/2006 1998/1998 2000/2000
f 2006/2006 2000/2000 2008/2008
f 2008/2008 2000/2000 1999/1999
f 2008/2008 1999/1999 2007/2007
f 2007/2007 1999/1999 1997/1997
f 2007/2007 1997/1997 2005/2005
f 2002/2002 2010/2010 2012/2012
f 2002/2002 2012/2012 2004/2004
f 2004/2004 2012/2012 2011/2011
f 2004/2004 2011/2011 2003/2003
f 2003/2003 2011/2011 2009/2009
f 2003/2003 2009/2009 2001/2001
f 2014/2014 2006/2006 2008/2008
f 2014/2014 2008/2008 2016/2016
f 2016/2016 2008/2008 2007/2007
f 2016/2016 2007/2007 2015/2015
f 2015/2015 2007/2007 2005/2005
f 2015/2015 2005/2005 2013/2013
f 2010/2010 2018/2018 2020/2020
f 2010/2010 2020/2020 2012/2012
f 2012/2012 2020/2020 2019/2019
f 2012/2012 2019/2019 2011/2011
f 2011/2011 2019/2019 2017/2017
f 2011/2011 2017/2017 2009/2009
f 2022/2022 2014/2014 2016/2016
f 2022/2022 2016/2016 2024/2024
f 2024/2024 2016/2016 2015/2015
f 2024/2024 2015/2015 2023/2023
f 2023/2023 2015/2015 2013/2013
f 2023/2023 2013/2013 2021/2021
f 2018/2018 1834/1834 1836/1836
f 2018/2018 1836/1836 2020/2020
f 2020/2020 1836/1836 1835/1835
f 2020/2020 1835/1835 2019/2019
f 2019/2019 1835/1835 1833/1833
f 2019/2019 1833/1833 2017/2017
f 1838/1838 2022/2022 2024/2024
f 1838/1838 2024/2024 1840/1840
f 1840/1840 2024/2024 2023/2023
f 1840/1840 2023/2023 1839/1839
f 1839/1839 2023/2023 2021/2021
f 1839/1839 2021/2021 1837/1837
f 2017/2017 1833/1833 1841/1841
f 1841/1841 1849/1849 1857/1857
f 1857/1857 1865/1865 1873/1873
f 1873/1873 1881/1881 1889/1889
f 1889/1889 1897/1897 1905/1905
f 1905/1905 1913/1913 1921/1921
f 1921/1921 1929/1929 1937/1937
f 1937/1937 1945/1945 1953/1953
f 1953/1953 1961/1961 1969/1969
f 1969/1969 1977/1977 1985/1985
f 1985/1985 1993/1993 2001/2001
f 2001/2001 2009/2009 2017/2017
f 2017/2017 1841/1841 1857/1857
f 1857/1857 1873/1873 1889/1889
f 1889/1889 1905/1905 1921/1921
f 1921/1921 1937/1937 1953/1953
f 1953/1953 1969/1969 1985/1985
f 1985/1985 2001/2001 2017/2017
f 2017/2017 1857/1857 1889/1889
f 1889/1889 1921/1921 1953/1953
f 1953/1953 1985/1985 2017/2017
f 1889/1889 1953/1953 2017/2017
f 2210/2210 2214/2214 2030/2030
f 2210/2210 2030/2030 2026/2026
f 2042/2042 2046/2046 2054/2054
f 2042/2042 2054/2054 2050/2050
f 2050/2050 2054/2054 2062/2062
f 2050/2050 2062/2062 2058/2058
f 2058/2058 2062/2062 2070/2070
f 2058/2058 2070/2070 2066/2066
f 2066/2066 2070/2070 2078/2078
f 2066/2066 2078/2078 2074/2074
f 2074/2074 2078/2078 2086/2086
f 2074/2074 2086/2086 2082/2082
f 2082/2082 2086/2086 2094/2094
f 2082/2082 2094/2094 2090/2090
f 2090/2090 2094/2094 2102/2102
f 2090/2090 2102/2102 2098/2098
f 2098/2098 2102/2102 2110/2110
f 2098/2098 2110/2110 2106/2106
f 2106/2106 2110/2110 2118/2118
f 2106/2106 2118/2118 2114/2114
f 2114/2114 2118/2118 2126/2126
f 2114/2114 2126/2126 2122/2122
f 2122/2122 2126/2126 2134/2134
f 2122/2122 2134/2134 2130/2130
f 2130/2130 2134/2134 2142/2142
f 2130/2130 2142/2142 2138/2138
f 2138/2138 2142/2142 2150/2150
f 2138/2138 2150/2150 2146/2146
f 2146/2146 2150/2150 2158/2158
f 2146/2146 2158/2158 2154/2154
f 2154/2154 2158/2158 2166/2166
f 2154/2154 2166/2166 2162/2162
f 2162/2162 2166/2166 2174/2174
f 2162/2162 2174/2174 2170/2170
f 2170/2170 2174/2174 2182/2182
f 2170/2170 2182/2182 2178/2178
f 2178/2178 2182/2182 2190/2190
f 2178/2178 2190/2190 2186/2186
f 2186/2186 2190/2190 2198/2198
f 2186/2186 2198/2198 2194/2194
f 2194/2194 2198/2198 2206/2206
f 2194/2194 2206/2206 2202/2202
f 2202/2202 2206/2206 2214/2214
f 2202/2202 2214/2214 2210/2210
f 2034/2034 2038/2038 2046/2046
f 2034/2034 2046/2046 2042/2042
f 2045/2045 2037/2037 2029/2029
f 2029/2029 2213/2213 2205/2205
f 2205/2205 2197/2197 2189/2189
f 2189/2189 2181/2181 2173/2173
f 2173/2173 2165/2165 2157/2157
f 2157/2157 2149/2149 2141/2141
f 2141/2141 2133/2133 2125/2125
f 2125/2125 2117/2117 2109/2109
f 2109/2109 2101/2101 2093/2093
f 2093/2093 2085/2085 2077/2077
f 2077/2077 2069/2069 2061/2061
f 2061/2061 2053/2053 2045/2045
f 2045/2045 2029/2029 2205/2205
f 2205/2205 2189/2189 2173/2173
f 2173/2173 2157/2157 2141/2141
f 2141/2141 2125/2125 2109/2109
f 2109/2109 2093/2093 2077/2077
f 2077/2077 2061/2061 2045/2045
f 2045/2045 2205/2205 2173/2173
f 2173/2173 2141/2141 2109/2109
f 2109/2109 2077/2077 2045/2045
f 2173/2173 2109/2109 2045/2045
f 2026/2026 2030/2030 2038/2038
f 2026/2026 2038/2038 2034/2034
f 2026/2026 2034/2034 2036/2036
f 2026/2026 2036/2036 2028/2028
f 2028/2028 2036/2036 2035/2035
f 2028/2028 2035/2035 2027/2027
f 2027/2027 2035/2035 2033/2033
f 2027/2027 2033/2033 2025/2025
f 2038/2038 2030/2030 2032/2032
f 2038/2038 2032/2032 2040/2040
f 2040/2040 2032/2032 2031/2031
f 2040/2040 2031/2031 2039/2039
f 2039/2039 2031/2031 2029/2029
f 2039/2039 2029/2029 2037/2037
f 2034/2034 2042/2042 2044/2044
f 2034/2034 2044/2044 2036/2036
f 2036/2036 2044/2044 2043/2043
f 2036/2036 2043/2043 2035/2035
f 2035/2035 2043/2043 2041/2041
f 2035/2035 2041/2041 2033/2033
f 2046/2046 2038/2038 2040/2040
f 2046/2046 2040/2040 2048/2048
f 2048/2048 2040/2040 2039/2039
f 2048/2048 2039/2039 2047/2047
f 2047/2047 2039/2039 2037/2037
f 2047/2047 2037/2037 2045/2045
f 2042/2042 2050/2050 2052/2052
f 2042/2042 2052/2052 2044/2044
f 2044/2044 2052/2052 2051/2051
f 2044/2044 2051/2051 2043/2043
f 2043/2043 2051/2051 2049/2049
f 2043/2043 2049/2049 2041/2041
f 2054/2054 2046/2046 2048/2048
f 2054/2054 2048/2048 2056/2056
f 2056/2056 2048/2048 2047/2047
f 2056/2056 2047/2047 2055/2055
f 2055/2055 2047/2047 2045/2045
f 2055/2055 2045/2045 2053/2053
f 2050/2050 2058/2058 2060/2060
f 2050/2050 2060/2060 2052/2052
f 2052/2052 2060/2060 2059/2059
f 2052/2052 2059/2059 2051/2051
f 2051/2051 2059/2059 2057/2057
f 2051/2051 2057/2057 2049/2049
f 2062/2062 2054/2054 2056/2056
f 2062/2062 2056/2056 2064/2064
f 2064/2064 2056/2056 2055/2055
f 2064/2064 2055/2055 2063/2063
f 2063/2063 2055/2055 2053/2053
f 2063/2063 2053/2053 2061/2061
f 2058/2058 2066/2066 2068/2068
f 2058/2058 2068/2068 2060/2060
f 2060/2060 2068/2068 2067/2067
f 2060/2060 2067/2067 2059/2059
f 2059/2059 2067/2067 2065/2065
f 2059/2059 2065/2065 2057/2057
f 2070/2070 2062/2062 2064/2064
f 2070/2070 2064/2064 2072/2072
f 2072/2072 2064/2064 2063/2063
f 2072/2072 2063/2063 2071/2071
f 2071/2071 2063/2063 2061/2061
f 2071/2071 2061/2061 2069/2069
f 2066/2066 2074/2074 2076/2076
f 2066/2066 2076/2076 2068/2068
f 2068/2068 2076/2076 2075/2075
f 2068/2068 2075/2075 2067/2067
f 2067/2067 2075/2075 2073/2073
f 2067/2067 2073/2073 2065/2065
f 2078/2078 2070/2070 2072/2072
f 2078/2078 2072/2072 2080/2080
f 2080/2080 2072/2072 2071/2071
f 2080/2080 2071/2071 2079/2079
f 2079/2079 2071/2071 2069/2069
f 2079/2079 2069/2069 2077/2077
f 2074/2074 2082/2082 2084/2084
f 2074/2074 2084/2084 2076/2076
f 2076/2076 2084/2084 2083/2083
f 2076/2076 2083/2083 2075/2075
f 2075/2075 2083/2083 2081/2081
f 2075/2075 2081/2081 2073/2073
f 2086/2086 2078/2078 2080/2080
f 2086/2086 2080/2080 2088/2088
f 2088/2088 2080/2080 2079/2079
f 2088/2088 2079/2079 2087/2087
f 2087/2087 2079/2079 2077/2077
f 2087/2087 2077/2077 2085/2085
f 2082/2082 2090/2090 2092/2092
f 2082/2082 2092/2092 2084/2084
f 2084/2084 2092/2092 2091/2091
f 2084/2084 2091/2091 2083/2083
f 2083/2083 2091/2091 2089/2089
f 2083/2083 2089/2089 2081/2081
f 2094/2094 2086/2086 2088/2088
f 2094/2094 2088/2088 2096/2096
f 2096/2096 2088/2088 2087/2087
f 2096/2096 2087/2087 2095/2095
f 2095/2095 2087/2087 2085/2085
f 2095/2095 2085/2085 2093/2093
f 2090/2090 2098/2098 2100/2100
f 2090/2090 2100/2100 2092/2092
f 2092/2092 2100/2100 2099/2099
f 2092/2092 2099/2099 2091/2091
f 2091/2091 2099/2099 2097/2097
f 2091/2091 2097/2097 2089/2089
f 2102/2102 2094/2094 2096/2096
f 2102/2102 2096/2096 2104/2104
f 2104/2104 2096/2096 2095/2095
f 2104/2104 2095/2095 2103/2103
f 2103/2103 2095/2095 2093/2093
f 2103/2103 2093/2093 2101/2101
f 2098/2098 2106/2106 2108/2108
f 2098/2098 2108/2108 2100/2100
f 2100/2100 2108/2108 2107/2107
f 2100/2100 2107/2107 2099/2099
f 2099/2099 2107/2107 2105/2105
f 2099/2099 2105/2105 2097/2097
f 2110/2110 2102/2102 2104/2104
f 2110/2110 2104/2104 2112/2112
f 2112/2112 2104/2104 2103/2103
f 2112/2112 2103/2103 2111/2111
f 2111/2111 2103/2103 2101/2101
f 2111/2111 2101/2101 2109/2109
f 2106/2106 2114/2114 2116/2116
f 2106/2106 2116/2116 2108/2108
f 2108/2108 2116/2116 2115/2115
f 2108/2108 2115/2115 2107/2107
f 2107/2107 2115/2115 2113/2113
f 2107/2107 2113/2113 2105/2105
f 2118/2118 2110/2110 2112/2112
f 2118/2118 2112/2112 2120/2120
f 2120/2120 2112/2112 2111/2111
f 2120/2120 2111/2111 2119/2119
f 2119/2119 2111/2111 2109/2109
f 2119/2119 2109/2109 2117/2117
f 2114/2114 2122/2122 2124/2124
f 2114/2114 2124/2124 2116/2116
f 2116/2116 2124/2124 2123/2123
f 2116/2116 2123/2123 2115/2115
f 2115/2115 2123/2123 2121/2121
f 2115/2115 2121/2121 2113/2113
f 2126/2126 2118/2118 2120/2120
f 2126/2126 2120/2120 2128/2128
f 2128/2128 2120/2120 2119/2119
f 2128/2128 2119/2119 2127/2127
f 2127/2127 2119/2119 2117/2117
f 2127/2127 2117/2117 2125/2125
f 2122/2122 2130/2130 2132/2132
f 2122/2122 2132/2132 2124/2124
f 2124/2124 2132/2132 2131/2131
f 2124/2124 2131/2131 2123/2123
f 2123/2123 2131/2131 2129/2129
f 2123/2123 2129/2129 2121/2121
f 2134/2134 2126/2126 2128/2128
f 2134/2134 2128/2128 2136/2136
f 2136/2136 2128/2128 2127/2127
f 2136/2136 2127/2127 2135/2135
f 2135/2135 2127/2127 2125/2125
f 2135/2135 2125/2125 2133/2133
f 2130/2130 2138/2138 2140/2140
f 2130/2130 2140/2140 2132/2132
f 2132/2132 2140/2140 2139/2139
f 2132/2132 2139/2139 2131/2131
f 2131/2131 2139/2139 2137/2137
f 2131/2131 2137/2137 2129/2129
f 2142/2142 2134/2134 2136/2136
f 2142/2142 2136/2136 2144/2144
f 2144/2144 2136/2136 2135/2135
f 2144/2144 2135/2135 2143/2143
f 2143/2143 2135/2135 2133/2133
f 2143/2143 2133/2133 2141/2141
f 2138/2138 2146/2146 2148/2148
f 2138/2138 2148/2148 2140/2140
f 2140/2140 2148/2148 2147/2147
f 2140/2140 2147/2147 2139/2139
f 2139/2139 2147/2147 2145/2145
f 2139/2139 2145/2145 2137/2137
f 2150/2150 2142/2142 2144/2144
f 2150/2150 2144/2144 2152/2152
f 2152/2152 2144/2144 2143/2143
f 2152/2152 2143/2143 2151/2151
f 2151/2151 2143/2143 2141/2141
f 2151/2151 2141/2141 2149/2149
f 2146/2146 2154/2154 2156/2156
f 2146/2146 2156/2156 2148/2148
f 2148/2148 2156/2156 2155/2155
f 2148/2148 2155/2155 2147/2147
f 2147/2147 2155/2155 2153/2153
f 2147/2147 2153/2153 2145/2145
f 2158/2158 2150/2150 2152/2152
f 2158/2158 2152/2152 2160/2160
f 2160/2160 2152/2152 2151/2151
f 2160/2160 2151/2151 2159/2159
f 2159/2159 2151/2151 2149/2149
f 2159/2159 2149/2149 2157/2157
f 2154/2154 2162/2162 2164/2164
f 2154/2154 2164/2164 2156/2156
f 2156/2156 2164/2164 2163/2163
f 2156/2156 2163/2163 2155/2155
f 2155/2155 2163/2163 2161/2161
f 2155/2155 2161/2161 2153/2153
f 2166/2166 2158/2158 2160/2160
f 2166/2166 2160/2160 2168/2168
f 2168/2168 2160/2160 2159/2159
f 2168/2168 2159/2159 2167/2167
f 2167/2167 2159/2159 2157/2157
f 2167/2167 2157/2157 2165/2165
f 2162/2162 2170/2170 2172/2172
f 2162/2162 2172/2172 2164/2164
f 2164/2164 2172/2172 2171/2171
f 2164/2164 2171/2171 2163/2163
f 2163/2163 2171/2171 2169/2169
f 2163/2163 2169/2169 2161/2161
f 2174/2174 2166/2166 2168/2168
f 2174/2174 2168/2168 2176/2176
f 2176/2176 2168/2168 2167/2167
f 2176/2176 2167/2167 2175/2175
f 2175/2175 2167/2167 2165/2165
f 2175/2175 2165/2165 2173/2173
f 2170/2170 2178/2178 2180/2180
f 2170/2170 2180/2180 2172/2172
f 2172/2172 2180/2180 2179/2179
f 2172/2172 2179/2179 2171/2171
f 2171/2171 2179/2179 2177/2177
f 2171/2171 2177/2177 2169/2169
f 2182/2182 2174/2174 2176/2176
f 2182/2182 2176/2176 2184/2184
f 2184/2184 2176/2176 2175/2175
f 2184/2184 2175/2175 2183/2183
f 2183/2183 2175/2175 2173/2173
f 2183/2183 2173/2173 2181/2181
f 2178/2178 2186/2186 2188/2188
f 2178/2178 2188/2188 2180/2180
f 2180/2180 2188/2188 2187/2187
f 2180/2180 2187/2187 2179/2179
f 2179/2179 2187/2187 2185/2185
f 2179/2179 2185/2185 2177/2177
f 2190/2190 2182/2182 2184/2184
f 2190/2190 2184/2184 2192/2192
f 2192/2192 2184/2184 2183/2183
f 2192/2192 2183/2183 2191/2191
f 2191/2191 2183/2183 2181/2181
f 2191/2191 2181/2181 2189/2189
f 2186/2186 2194/2194 2196/2196
f 2186/2186 2196/2196 2188/2188
f 2188/2188 2196/2196 2195/2195
f 2188/2188 2195/2195 2187/2187
f 2187/2187 2195/2195 2193/2193
f 2187/2187 2193/2193 2185/2185
f 2198/2198 2190/2190 2192/2192
f 2198/2198 2192/2192 2200/2200
f 2200/2200 2192/2192 2191/2191
f 2200/2200 2191/2191 2199/2199
f 2199/2199 2191/2191 2189/2189
f 2199/2199 2189/2189 2197/2197
f 2194/2194 2202/2202 2204/2204
f 2194/2194 2204/2204 2196/2196
f 2196/2196 2204/2204 2203/2203
f 2196/2196 2203/2203 2195/2195
f 2195/2195 2203/2203 2201/2201
f 2195/2195 2201/2201 2193/2193
f 2206/2206 2198/2198 2200/2200
f 2206/2206 2200/2200 2208/2208
f 2208/2208 2200/2200 2199/2199
f 2208/2208 2199/2199 2207/2207
f 2207/2207 2199/2199 2197/2197
f 2207/2207 2197/2197 2205/2205
f 2202/2202 2210/2210 2212/2212
f 2202/2202 2212/2212 2204/2204
f 2204/2204 2212/2212 2211/2211
f 2204/2204 2211/2211 2203/2203
f 2203/2203 2211/2211 2209/2209
f 2203/2203 2209/2209 2201/2201
f 2214/2214 2206/2206 2208/2208
f 2214/2214 2208/2208 2216/2216
f 2216/2216 2208/2208 2207/2207
f 2216/2216 2207/2207 2215/2215
f 2215/2215 2207/2207 2205/2205
f 2215/2215 2205/2205 2213/2213
f 2210/2210 2026/2026 2028/2028
f 2210/2210 2028/2028 2212/2212
f 2212/2212 2028/2028 2027/2027
f 2212/2212 2027/2027 2211/2211
f 2211/2211 2027/2027 2025/2025
f 2211/2211 2025/2025 2209/2209
f 2030/2030 2214/2214 2216/2216
f 2030/2030 2216/2216 2032/2032
f 2032/2032 2216/2216 2215/2215
f 2032/2032 2215/2215 2031/2031
f 2031/2031 2215/2215 2213/2213
f 2031/2031 2213/2213 2029/2029
f 2209/2209 2025/2025 2033/2033
f 2033/2033 2041/2041 2049/2049
f 2049/2049 2057/2057 2065/2065
f 2065/2065 2073/2073 2081/2081
f 2081/2081 2089/2089 2097/2097
f 2097/2097 2105/2105 2113/2113
f 2113/2113 2121/2121 2129/2129
f 2129/2129 2137/2137 2145/2145
f 2145/2145 2153/2153 2161/2161
f 2161/2161 2169/2169 2177/2177
f 2177/2177 2185/2185 2193/2193
f 2193/2193 2201/2201 2209/2209
f 2209/2209 2033/2033 2049/2049
f 2049/2049 2065/2065 2081/2081
f 2081/2081 2097/2097 2113/2113
f 2113/2113 2129/2129 2145/2145
f 2145/2145 2161/2161 2177/2177
f 2177/2177 2193/2193 2209/2209
f 2209/2209 2049/2049 2081/2081
f 2081/2081 2113/2113 2145/2145
f 2145/2145 2177/2177 2209/2209
f 2081/2081 2145/2145 2209/2209
f 2402/2402 2406/2406 2222/2222
f 2402/2402 2222/2222 2218/2218
f 2234/2234 2238/2238 2246/2246
f 2234/2234 2246/2246 2242/2242
f 2242/2242 2246/2246 2254/2254
f 2242/2242 2254/2254 2250/2250
f 2250/2250 2254/2254 2262/2262
f 2250/2250 2262/2262 2258/2258
f 2258/2258 2262/2262 2270/2270
f 2258/2258 2270/2270 2266/2266
f 2266/2266 2270/2270 2278/2278
f 2266/2266 2278/2278 2274/2274
f 2274/2274 2278/2278 2286/2286
f 2274/2274 2286/2286 2282/2282
f 2282/2282 2286/2286 2294/2294
f 2282/2282 2294/2294 2290/2290
f 2290/2290 2294/2294 2302/2302
f 2290/2290 2302/2302 2298/2298
f 2298/2298 2302/2302 2310/2310
f 2298/2298 2310/2310 2306/2306
f 2306/2306 2310/2310 2318/2318
f 2306/2306 2318/2318 2314/2314
f 2314/2314 2318/2318 2326/2326
f 2314/2314 2326/2326 2322/2322
f 2322/2322 2326/2326 2334/2334
f 2322/2322 2334/2334 2330/2330
f 2330/2330 2334/2334 2342/2342
f 2330/2330 2342/2342 2338/2338
f 2338/2338 2342/2342 2350/2350
f 2338/2338 2350/2350 2346/2346
f 2346/2346 2350/2350 2358/2358
f 2346/2346 2358/2358 2354/2354
f 2354/2354 2358/2358 2366/2366
f 2354/2354 2366/2366 2362/2362
f 2362/2362 2366/2366 2374/2374
f 2362/2362 2374/2374 2370/2370
f 2370/2370 2374/2374 2382/2382
f 2370/2370 2382/2382 2378/2378
f 2378/2378 2382/2382 2390/2390
f 2378/2378 2390/2390 2386/2386
f 2386/2386 2390/2390 2398/2398
f 2386/2386 2398/2398 2394/2394
f 2394/2394 2398/2398 2406/2406
f 2394/2394 2406/2406 2402/2402
f 2226/2226 2230/2230 2238/2238
f 2226/2226 2238/2238 2234/2234
f 2237/2237 2229/2229 2221/2221
f 2221/2221 2405/2405 2397/2397
f 2397/2397 2389/2389 2381/2381
f 2381/2381 2373/2373 2365/2365
f 2365/2365 2357/2357 2349/2349
f 2349/2349 2341/2341 2333/2333
f 2333/2333 2325/2325 2317/2317
f 2317/2317 2309/2309 2301/2301
f 2301/2301 2293/2293 2285/2285
f 2285/2285 2277/2277 2269/2269
f 2269/2269 2261/2261 2253/2253
f 2253/2253 2245/2245 2237/2237
f 2237/2237 2221/2221 2397/2397
f 2397/2397 2381/2381 2365/2365
f 2365/2365 2349/2349 2333/2333
f 2333/2333 2317/2317 2301/2301
f 2301/2301 2285/2285 2269/2269
f 2269/2269 2253/2253 2237/2237
f 2237/2237 2397/2397 2365/2365
f 2365/2365 2333/2333 2301/2301
f 2301/2301 2269/2269 2237/2237
f 2365/2365 2301/2301 2237/2237
f 2218/2218 2222/2222 2230/2230
f 2218/2218 2230/2230 2226/2226
f 2218/2218 2226/2226 2228/2228
f 2218/2218 2228/2228 2220/2220
f 2220/2220 2228/2228 2227/2227
f 2220/2220 2227/2227 2219/2219
f 2219/2219 2227/2227 2225/2225
f 2219/2219 2225/2225 2217/2217
f 2230/2230 2222/2222 2224/2224
f 2230/2230 2224/2224 2232/2232
f 2232/2232 2224/2224 2223/2223
f 2232/2232 2223/2223 2231/2231
f 2231/2231 2223/2223 2221/2221
f 2231/2231 2221/2221 2229/2229
f 2226/2226 2234/2234 2236/2236
f 2226/2226 2236/2236 2228/2228
f 2228/2228 2236/2236 2235/2235
f 2228/2228 2235/2235 2227/2227
f 2227/2227 2235/2235 2233/2233
f 2227/2227 2233/2233 2225/2225
f 2238/2238 2230/2230 2232/2232
f 2238/2238 2232/2232 2240/2240
f 2240/2240 2232/2232 2231/2231
f 2240/2240 2231/2231 2239/2239
f 2239/2239 2231/2231 2229/2229
f 2239/2239 2229/2229 2237/2237
f 2234/2234 2242/2242 2244/2244
f 2234/2234 2244/2244 2236/2236
f 2236/2236 2244/2244 2243/2243
f 2236/2236 2243/2243 2235/2235
f 2235/2235 2243/2243 2241/2241
f 2235/2235 2241/2241 2233/2233
f 2246/2246 2238/2238 2240/2240
f 2246/2246 2240/2240 2248/2248
f 2248/2248 2240/2240 2239/2239
f 2248/2248 2239/2239 2247/2247
f 2247/2247 2239/2239 2237/2237
f 2247/2247 2237/2237 2245/2245
f 2242/2242 2250/2250 2252/2252
f 2242/2242 2252/2252 2244/2244
f 2244/2244 2252/2252 2251/2251
f 2244/2244 2251/2251 2243/2243
f 2243/2243 2251/2251 2249/2249
f 2243/2243 2249/2249 2241/2241
f 2254/2254 2246/2246 2248/2248
f 2254/2254 2248/2248 2256/2256
f 2256/2256 2248/2248 2247/2247
f 2256/2256 2247/2247 2255/2255
f 2255/2255 2247/2247 2245/2245
f 2255/2255 2245/2245 2253/2253
f 2250/2250 2258/2258 2260/2260
f 2250/2250 2260/2260 2252/2252
f 2252/2252 2260/2260 2259/2259
f 2252/2252 2259/2259 2251/2251
f 2251/2251 2259/2259 2257/2257
f 2251/2251 2257/2257 2249/2249
f 2262/2262 2254/2254 2256/2256
f 2262/2262 2256/2256 2264/2264
f 2264/2264 2256/2256 2255/2255
f 2264/2264 2255/2255 2263/2263
f 2263/2263 2255/2255 2253/2253
f 2263/2263 2253/2253 2261/2261
f 2258/2258 2266/2266 2268/2268
f 2258/2258 2268/2268 2260/2260
f 2260/2260 2268/2268 2267/2267
f 2260/2260 2267/2267 2259/2259
f 2259/2259 2267/2267 2265/2265
f 2259/2259 2265/2265 2257/2257
f 2270/2270 2262/2262 2264/2264
f 2270/2270 2264/2264 2272/2272
f 2272/2272 2264/2264 2263/2263
f 2272/2272 2263/2263 2271/2271
f 2271/2271 2263/2263 2261/2261
f 2271/2271 2261/2261 2269/2269
f 2266/2266 2274/2274 2276/2276
f 2266/2266 2276/2276 2268/2268
f 2268/2268 2276/2276 2275/2275
f 2268/2268 2275/2275 2267/2267
f 2267/2267 2275/2275 2273/2273
f 2267/2267 2273/2273 2265/2265
f 2278/2278 2270/2270 2272/2272
f 2278/2278 2272/2272 2280/2280
f 2280/2280 2272/2272 2271/2271
f 2280/2280 2271/2271 2279/2279
f 2279/2279 2271/2271 2269/2269
f 2279/2279 2269/2269 2277/2277
f 2274/2274 2282/2282 2284/2284
f 2274/2274 2284/2284 2276/2276
f 2276/2276 2284/2284 2283/2283
f 2276/2276 2283/2283 2275/2275
f 2275/2275 2283/2283 2281/2281
f 2275/2275 2281/2281 2273/2273
f 2286/2286 2278/2278 2280/2280
f 2286/2286 2280/2280 2288/2288
f 2288/2288 2280/2280 2279/2279
f 2288/2288 2279/2279 2287/2287
f 2287/2287 2279/2279 2277/2277
f 2287/2287 2277/2277 2285/2285
f 2282/2282 2290/2290 2292/2292
f 2282/2282 2292/2292 2284/2284
f 2284/2284 2292/2292 2291/2291
f 2284/2284 2291/2291 2283/2283
f 2283/2283 2291/2291 2289/2289
f 2283/2283 2289/2289 2281/2281
f 2294/2294 2286/2286 2288/2288
f 2294/2294 2288/2288 2296/2296
f 2296/2296 2288/2288 2287/2287
f 2296/2296 2287/2287 2295/2295
f 2295/2295 2287/2287 2285/2285
f 2295/2295 2285/2285 2293/2293
f 2290/2290 2298/2298 2300/2300
f 2290/2290 2300/2300 2292/2292
f 2292/2292 2300/2300 2299/2299
f 2292/2292 2299/2299 2291/2291
f 2291/2291 2299/2299 2297/2297
f 2291/2291 2297/2297 2289/2289
f 2302/2302 2294/2294 2296/2296
f 2302/2302 2296/2296 2304/2304
f 2304/2304 2296/2296 2295/2295
f 2304/2304 2295/2295 2303/2303
f 2303/2303 2295/2295 2293/2293
f 2303/2303 2293/2293 2301/2301
f 2298/2298 2306/2306 2308/2308
f 2298/2298 2308/2308 2300/2300
f 2300/2300 2308/2308 2307/2307
f 2300/2300 2307/2307 2299/2299
f 2299/2299 2307/2307 2305/2305
f 2299/2299 2305/2305 2297/2297
f 2310/2310 2302/2302 2304/2304
f 2310/2310 2304/2304 2312/2312
f 2312/2312 2304/2304 2303/2303
f 2312/2312 2303/2303 2311/2311
f 2311/2311 2303/2303 2301/2301
f 2311/2311 2301/2301 2309/2309
f 2306/2306 2314/2314 2316/2316
f 2306/2306 2316/2316 2308/2308
f 2308/2308 2316/2316 2315/2315
f 2308/2308 2315/2315 2307/2307
f 2307/2307 2315/2315 2313/2313
f 2307/2307 2313/2313 2305/2305
f 2318/2318 2310/2310 2312/2312
f 2318/2318 2312/2312 2320/2320
f 2320/2320 2312/2312 2311/2311
f 2320/2320 2311/2311 2319/2319
f 2319/2319 2311/2311 2309/2309
f 2319/2319 2309/2309 2317/2317
f 2314/2314 2322/2322 2324/2324
f 2314/2314 2324/2324 2316/2316
f 2316/2316 2324/2324 2323/2323
f 2316/2316 2323/2323 2315/2315
f 2315/2315 2323/2323 2321/2321
f 2315/2315 2321/2321 2313/2313
f 2326/2326 2318/2318 2320/2320
f 2326/2326 2320/2320 2328/2328
f 2328/2328 2320/2320 2319/2319
f 2328/2328 2319/2319 2327/2327
f 2327/2327 2319/2319 2317/2317
f 2327/2327 2317/2317 2325/2325
f 2322/2322 2330/2330 2332/2332
f 2322/2322 2332/2332 2324/2324
f 2324/2324 2332/2332 2331/2331
f 2324/2324 2331/2331 2323/2323
f 2323/2323 2331/2331 2329/2329
f 2323/2323 2329/2329 2321/2321
f 2334/2334 2326/2326 2328/2328
f 2334/2334 2328/2328 2336/2336
f 2336/2336 2328/2328 2327/2327
f 2336/2336 2327/2327 2335/2335
f 2335/2335 2327/2327 2325/2325
f 2335/2335 2325/2325 2333/2333
f 2330/2330 2338/2338 2340/2340
f 2330/2330 2340/2340 2332/2332
f 2332/2332 2340/2340 2339/2339
f 2332/2332 2339/2339 2331/2331
f 2331/2331 2339/2339 2337/2337
f 2331/2331 2337/2337 2329/2329
f 2342/2342 2334/2334 2336/2336
f 2342/2342 2336/2336 2344/2344
f 2344/2344 2336/2336 2335/2335
f 2344/2344 2335/2335 2343/2343
f 2343/2343 2335/2335 2333/2333
f 2343/2343 2333/2333 2341/2341
f 2338/2338 2346/2346 2348/2348
f 2338/2338 2348/2348 2340/2340
f 2340/2340 2348/2348 2347/2347
f 2340/2340 2347/2347 2339/2339
f 2339/2339 2347/2347 2345/2345
f 2339/2339 2345/2345 2337/2337
f 2350/2350 2342/2342 2344/2344
f 2350/2350 2344/2344 2352/2352
f 2352/2352 2344/2344 2343/2343
f 2352/2352 2343/2343 2351/2351
f 2351/2351 2343/2343 2341/2341
f 2351/2351 2341/2341 2349/2349
f 2346/2346 2354/2354 2356/2356
f 2346/2346 2356/2356 2348/2348
f 2348/2348 2356/2356 2355/2355
f 2348/2348 2355/2355 2347/2347
f 2347/2347 2355/2355 2353/2353
f 2347/2347 2353/2353 2345/2345
f 2358/2358 2350/2350 2352/2352
f 2358/2358 2352/2352 2360/2360
f 2360/2360 2352/2352 2351/2351
f 2360/2360 2351/2351 2359/2359
f 2359/2359 2351/2351 2349/2349
f 2359/2359 2349/2349 2357/2357
f 2354/2354 2362/2362 2364/2364
f 2354/2354 2364/2364 2356/2356
f 2356/2356 2364/2364 2363/2363
f 2356/2356 2363/2363 2355/2355
f 2355/2355 2363/2363 2361/2361
f 2355/2355 2361/2361 2353/2353
f 2366/2366 2358/2358 2360/2360
f 2366/2366 2360/2360 2368/2368
f 2368/2368 2360/2360 2359/2359
f 2368/2368 2359/2359 2367/2367
f 2367/2367 2359/2359 2357/2357
f 2367/2367 2357/2357 2365/2365
f 2362/2362 2370/2370 2372/2372
f 2362/2362 2372/2372 2364/2364
f 2364/2364 2372/2372 2371/2371
f 2364/2364 2371/2371 2363/2363
f 2363/2363 2371/2371 2369/2369
f 2363/2363 2369/2369 2361/2361
f 2374/2374 2366/2366 2368/2368
f 2374/2374 2368/2368 2376/2376
f 2376/2376 2368/2368 2367/2367
f 2376/2376 2367/2367 2375/2375
f 2375/2375 2367/2367 2365/2365
f 2375/2375 2365/2365 2373/2373
f 2370/2370 2378/2378 2380/2380
f 2370/2370 2380/2380 2372/2372
f 2372/2372 2380/2380 2379/2379
f 2372/2372 2379/2379 2371/2371
f 2371/2371 2379/2379 2377/2377
f 2371/2371 2377/2377 2369/2369
f 2382/2382 2374/2374 2376/2376
f 2382/2382 2376/2376 2384/2384
f 2384/2384 2376/2376 2375/2375
f 2384/2384 2375/2375 2383/2383
f 2383/2383 2375/2375 2373/2373
f 2383/2383 2373/2373 2381/2381
f 2378/2378 2386/2386 2388/2388
f 2378/2378 2388/2388 2380/2380
f 2380/2380 2388/2388 2387/2387
f 2380/2380 2387/2387 2379/2379
f 2379/2379 2387/2387 2385/2385
f 2379/2379 2385/2385 2377/2377
f 2390/2390 2382/2382 2384/2384
f 2390/2390 2384/2384 2392/2392
f 2392/2392 2384/2384 2383/2383
f 2392/2392 2383/2383 2391/2391
f 2391/2391 2383/2383 2381/2381
f 2391/2391 2381/2381 2389/2389
f 2386/2386 2394/2394 2396/2396
f 2386/2386 2396/2396 2388/2388
f 2388/2388 2396/2396 2395/2395
f 2388/2388 2395/2395 2387/2387
f 2387/2387 2395/2395 2393/2393
f 2387/2387 2393/2393 2385/2385
f 2398/2398 2390/2390 2392/2392
f 2398/2398 2392/2392 2400/2400
f 2400/2400 2392/2392 2391/2391
f 2400/2400 2391/2391 2399/2399
f 2399/2399 2391/2391 2389/2389
f 2399/2399 2389/2389 2397/2397
f 2394/2394 2402/2402 2404/2404
f 2394/2394 2404/2404 2396/2396
f 2396/2396 2404/2404 2403/2403
f 2396/2396 2403/2403 2395/2395
f 2395/2395 2403/2403 2401/2401
f 2395/2395 2401/2401 2393/2393
f 2406/2406 2398/2398 2400/2400
f 2406/2406 2400/2400 2408/2408
f 2408/2408 2400/2400 2399/2399
f 2408/2408 2399/2399 2407/2407
f 2407/2407 2399/2399 2397/2397
f 2407/2407 2397/2397 2405/2405
f 2402/2402 2218/2218 2220/2220
f 2402/2402 2220/2220 2404/2404
f 2404/2404 2220/2220 2219/2219
f 2404/2404 2219/2219 2403/2403
f 2403/2403 2219/2219 2217/2217
f 2403/2403 2217/2217 2401/2401
f 2222/2222 2406/2406 2408/2408
f 2222/2222 2408/2408 2224/2224
f 2224/2224 2408/2408 2407/2407
f 2224/2224 2407/2407 2223/2223
f 2223/2223 2407/2407 2405/2405
f 2223/2223 2405/2405 2221/2221
f 2401/2401 2217/2217 2225/2225
f 2225/2225 2233/2233 2241/2241
f 2241/2241 2249/2249 2257/2257
f 2257/2257 2265/2265 2273/2273
f 2273/2273 2281/2281 2289/2289
f 2289/2289 2297/2297 2305/2305
f 2305/2305 2313/2313 2321/2321
f 2321/2321 2329/2329 2337/2337
f 2337/2337 2345/2345 2353/2353
f 2353/2353 2361/2361 2369/2369
f 2369/2369 2377/2377 2385/2385
f 2385/2385 2393/2393 2401/2401
f 2401/2401 2225/2225 2241/2241
f 2241/2241 2257/2257 2273/2273
f 2273/2273 2289/2289 2305/2305
f 2305/2305 2321/2321 2337/2337
f 2337/2337 2353/2353 2369/2369
f 2369/2369 2385/2385 2401/2401
f 2401/2401 2241/2241 2273/2273
f 2273/2273 2305/2305 2337/2337
f 2337/2337 2369/2369 2401/2401
f 2273/2273 2337/2337 2401/2401
f 2594/2594 2598/2598 2414/2414
f 2594/2594 2414/2414 2410/2410
f 2426/2426 2430/2430 2438/2438
f 2426/2426 2438/2438 2434/2434
f 2434/2434 2438/2438 2446/2446
f 2434/2434 2446/2446 2442/2442
f 2442/2442 2446/2446 2454/2454
f 2442/2442 2454/2454 2450/2450
f 2450/2450 2454/2454 2462/2462
f 2450/2450 2462/2462 2458/2458
f 2458/2458 2462/2462 2470/2470
f 2458/2458 2470/2470 2466/2466
f 2466/2466 2470/2470 2478/2478
f 2466/2466 2478/2478 2474/2474
f 2474/2474 2478/2478 2486/2486
f 2474/2474 2486/2486 2482/2482
f 2482/2482 2486/2486 2494/2494
f 2482/2482 2494/2494 2490/2490
f 2490/2490 2494/2494 2502/2502
f 2490/2490 2502/2502 2498/2498
f 2498/2498 2502/2502 2510/2510
f 2498/2498 2510/2510 2506/2506
f 2506/2506 2510/2510 2518/2518
f 2506/2506 2518/2518 2514/2514
f 2514/2514 2518/2518 2526/2526
f 2514/2514 2526/2526 2522/2522
f 2522/2522 2526/2526 2534/2534
f 2522/2522 2534/2534 2530/2530
f 2530/2530 2534/2534 2542/2542
f 2530/2530 2542/2542 2538/2538
f 2538/2538 2542/2542 2550/2550
f 2538/2538 2550/2550 2546/2546
f 2546/2546 2550/2550 2558/2558
f 2546/2546 2558/2558 2554/2554
f 2554/2554 2558/2558 2566/2566
f 2554/2554 2566/2566 2562/2562
f 2562/2562 2566/2566 2574/2574
f 2562/2562 2574/2574 2570/2570
f 2570/2570 2574/2574 2582/2582
f 2570/2570 2582/2582 2578/2578
f 2578/2578 2582/2582 2590/2590
f 2578/2578 2590/2590 2586/2586
f 2586/2586 2590/2590 2598/2598
f 2586/2586 2598/2598 2594/2594
f 2418/2418 2422/2422 2430/2430
f 2418/2418 2430/2430 2426/2426
f 2429/2429 2421/2421 2413/2413
f 2413/2413 2597/2597 2589/2589
f 2589/2589 2581/2581 2573/2573
f 2573/2573 2565/2565 2557/2557
f 2557/2557 2549/2549 2541/2541
f 2541/2541 2533/2533 2525/2525
f 2525/2525 2517/2517 2509/2509
f 2509/2509 2501/2501 2493/2493
f 2493/2493 2485/2485 2477/2477
f 2477/2477 2469/2469 2461/2461
f 2461/2461 2453/2453 2445/2445
f 2445/2445 2437/2437 2429/2429
f 2429/2429 2413/2413 2589/2589
f 2589/2589 2573/2573 2557/2557
f 2557/2557 2541/2541 2525/2525
f 2525/2525 2509/2509 2493/2493
f 2493/2493 2477/2477 2461/2461
f 2461/2461 2445/2445 2429/2429
f 2429/2429 2589/2589 2557/2557
f 2557/2557 2525/2525 2493/2493
f 2493/2493 2461/2461 2429/2429
f 2557/2557 2493/2493 2429/2429
f 2410/2410 2414/2414 2422/2422
f 2410/2410 2422/2422 2418/2418
f 2410/2410 2418/2418 2420/2420
f 2410/2410 2420/2420 2412/2412
f 2412/2412 2420/2420 2419/2419
f 2412/2412 2419/2419 2411/2411
f 2411/2411 2419/2419 2417/2417
f 2411/2411 2417/2417 2409/2409
f 2422/2422 2414/2414 2416/2416
f 2422/2422 2416/2416 2424/2424
f 2424/2424 2416/2416 2415/2415
f 2424/2424 2415/2415 2423/2423
f 2423/2423 2415/2415 2413/2413
f 2423/2423 2413/2413 2421/2421
f 2418/2418 2426/2426 2428/2428
f 2418/2418 2428/2428 2420/2420
f 2420/2420 2428/2428 2427/2427
f 2420/2420 2427/2427 2419/2419
f 2419/2419 2427/2427 2425/2425
f 2419/2419 2425/2425 2417/2417
f 2430/2430 2422/2422 2424/2424
f 2430/2430 2424/2424 2432/2432
f 2432/2432 2424/2424 2423/2423
f 2432/2432 2423/2423 2431/2431
f 2431/2431 2423/2423 2421/2421
f 2431/2431 2421/2421 2429/2429
f 2426/2426 2434/2434 2436/2436
f 2426/2426 2436/2436 2428/2428
f 2428/2428 2436/2436 2435/2435
f 2428/2428 2435/2435 2427/2427
f 2427/2427 2435/2435 2433/2433
f 2427/2427 2433/2433 2425/2425
f 2438/2438 2430/2430 2432/2432
f 2438/2438 2432/2432 2440/2440
f 2440/2440 2432/2432 2431/2431
f 2440/2440 2431/2431 2439/2439
f 2439/2439 2431/2431 2429/2429
f 2439/2439 2429/2429 2437/2437
f 2434/2434 2442/2442 2444/2444
f 2434/2434 2444/2444 2436/2436
f 2436/2436 2444/2444 2443/2443
f 2436/2436 2443/2443 2435/2435
f 2435/2435 2443/2443 2441/2441
f 2435/2435 2441/2441 2433/2433
f 2446/2446 2438/2438 2440/2440
f 2446/2446 2440/2440 2448/2448
f 2448/2448 2440/2440 2439/2439
f 2448/2448 2439/2439 2447/2447
f 2447/2447 2439/2439 2437/2437
f 2447/2447 2437/2437 2445/2445
f 2442/2442 2450/2450 2452/2452
f 2442/2442 2452/2452 2444/2444
f 2444/2444 2452/2452 2451/2451
f 2444/2444 2451/2451 2443/2443
f 2443/2443 2451/2451 2449/2449
f 2443/2443 2449/2449 2441/2441
f 2454/2454 2446/2446 2448/2448
f 2454/2454 2448/2448 2456/2456
f 2456/2456 2448/2448 2447/2447
f 2456/2456 2447/2447 2455/2455
f 2455/2455 2447/2447 2445/2445
f 2455/2455 2445/2445 2453/2453
f 2450/2450 2458/2458 2460/2460
f 2450/2450 2460/2460 2452/2452
f 2452/2452 2460/2460 2459/2459
f 2452/2452 2459/2459 2451/2451
f 2451/2451 2459/2459 2457/2457
f 2451/2451 2457/2457 2449/2449
f 2462/2462 2454/2454 2456/2456
f 2462/2462 2456/2456 2464/2464
f 2464/2464 2456/2456 2455/2455
f 2464/2464 2455/2455 2463/2463
f 2463/2463 2455/2455 2453/2453
f 2463/2463 2453/2453 2461/2461
f 2458/2458 2466/2466 2468/2468
f 2458/2458 2468/2468 2460/2460
f 2460/2460 2468/2468 2467/2467
f 2460/2460 2467/2467 2459/2459
f 2459/2459 2467/2467 2465/2465
f 2459/2459 2465/2465 2457/2457
f 2470/2470 2462/2462 2464/2464
f 2470/2470 2464/2464 2472/2472
f 2472/2472 2464/2464 2463/2463
f 2472/2472 2463/2463 2471/2471
f 2471/2471 2463/2463 2461/2461
f 2471/2471 2461/2461 2469/2469
f 2466/2466 2474/2474 2476/2476
f 2466/2466 2476/2476 2468/2468
f 2468/2468 2476/2476 2475/2475
f 2468/2468 2475/2475 2467/2467
f 2467/2467 2475/2475 2473/2473
f 2467/2467 2473/2473 2465/2465
f 2478/2478 2470/2470 2472/2472
f 2478/2478 2472/2472 2480/2480
f 2480/2480 2472/2472 2471/2471
f 2480/2480 2471/2471 2479/2479
f 2479/2479 2471/2471 2469/2469
f 2479/2479 2469/2469 2477/2477
f 2474/2474 2482/2482 2484/2484
f 2474/2474 2484/2484 2476/2476
f 2476/2476 2484/2484 2483/2483
f 2476/2476 2483/2483 2475/2475
f 2475/2475 2483/2483 2481/2481
f 2475/2475 2481/2481 2473/2473
f 2486/2486 2478/2478 2480/2480
f 2486/2486 2480/2480 2488/2488
f 2488/2488 2480/2480 2479/2479
f 2488/2488 2479/2479 2487/2487
f 2487/2487 2479/2479 2477/2477
f 2487/2487 2477/2477 2485/2485
f 2482/2482 2490/2490 2492/2492
f 2482/2482 2492/2492 2484/2484
f 2484/2484 2492/2492 2491/2491
f 2484/2484 2491/2491 2483/2483
f 2483/2483 2491/2491 2489/2489
f 2483/2483 2489/2489 2481/2481
f 2494/2494 2486/2486 2488/2488
f 2494/2494 2488/2488 2496/2496
f 2496/2496 2488/2488 2487/2487
f 2496/2496 2487/2487 2495/2495
f 2495/2495 2487/2487 2485/2485
f 2495/2495 2485/2485 2493/2493
f 2490/2490 2498/2498 2500/2500
f 2490/2490 2500/2500 2492/2492
f 2492/2492 2500/2500 2499/2499
f 2492/2492 2499/2499 2491/2491
f 2491/2491 2499/2499 2497/2497
f 2491/2491 2497/2497 2489/2489
f 2502/2502 2494/2494 2496/2496
f 2502/2502 2496/2496 2504/2504
f 2504/2504 2496/2496 2495/2495
f 2504/2504 2495/2495 2503/2503
f 2503/2503 2495/2495 2493/2493
f 2503/2503 2493/2493 2501/2501
f 2498/2498 2506/2506 2508/2508
f 2498/2498 2508/2508 2500/2500
f 2500/2500 2508/2508 2507/2507
f 2500/2500 2507/2507 2499/2499
f 2499/2499 2507/2507 2505/2505
f 2499/2499 2505/2505 2497/2497
f 2510/2510 2502/2502 2504/2504
f 2510/2510 2504/2504 2512/2512
f 2512/2512 2504/2504 2503/2503
f 2512/2512 2503/2503 2511/2511
f 2511/2511 2503/2503 2501/2501
f 2511/2511 2501/2501 2509/2509
f 2506/2506 2514/2514 2516/2516
f 2506/2506 2516/2516 2508/2508
f 2508/2508 2516/2516 2515/2515
f 2508/2508 2515/2515 2507/2507
f 2507/2507 2515/2515 2513/2513
f 2507/2507 2513/2513 2505/2505
f 2518/2518 2510/2510 2512/2512
f 2518/2518 2512/2512 2520/2520
f 2520/2520 2512/2512 2511/2511
f 2520/2520 2511/2511 2519/2519
f 2519/2519 2511/2511 2509/2509
f 2519/2519 2509/2509 2517/2517
f 2514/2514 2522/2522 2524/2524
f 2514/2514 2524/2524 2516/2516
f 2516/2516 2524/2524 2523/2523
f 2516/2516 2523/2523 2515/2515
f 2515/2515 2523/2523 2521/2521
f 2515/2515 2521/2521 2513/2513
f 2526/2526 2518/2518 2520/2520
f 2526/2526 2520/2520 2528/2528
f 2528/2528 2520/2520 2519/2519
f 2528/2528 2519/2519 2527/2527
f 2527/2527 2519/2519 2517/2517
f 2527/2527 2517/2517 2525/2525
f 2522/2522 2530/2530 2532/2532
f 2522/2522 2532/2532 2524/2524
f 2524/2524 2532/2532 2531/2531
f 2524/2524 2531/2531 2523/2523
f 2523/2523 2531/2531 2529/2529
f 2523/2523 2529/2529 2521/2521
f 2534/2534 2526/2526 2528/2528
f 2534/2534 2528/2528 2536/2536
f 2536/2536 2528/2528 2527/2527
f 2536/2536 2527/2527 2535/2535
f 2535/2535 2527/2527 2525/2525
f 2535/2535 2525/2525 2533/2533
f 2530/2530 2538/2538 2540/2540
f 2530/2530 2540/2540 2532/2532
f 2532/2532 2540/2540 2539/2539
f 2532/2532 2539/2539 2531/2531
f 2531/2531 2539/2539 2537/2537
f 2531/2531 2537/2537 2529/2529
f 2542/2542 2534/2534 2536/2536
f 2542/2542 2536/2536 2544/2544
f 2544/2544 2536/2536 2535/2535
f 2544/2544 2535/2535 2543/2543
f 2543/2543 2535/2535 2533/2533
f 2543/2543 2533/2533 2541/2541
f 2538/2538 2546/2546 2548/2548
f 2538/2538 2548/2548 2540/2540
f 2540/2540 2548/2548 2547/2547
f 2540/2540 2547/2547 2539/2539
f 2539/2539 2547/2547 2545/2545
f 2539/2539 2545/2545 2537/2537
f 2550/2550 2542/2542 2544/2544
f 2550/2550 2544/2544 2552/2552
f 2552/2552 2544/2544 2543/2543
f 2552/2552 2543/2543 2551/2551
f 2551/2551 2543/2543 2541/2541
f 2551/2551 2541/2541 2549/2549
f 2546/2546 2554/2554 2556/2556
f 2546/2546 2556/2556 2548/2548
f 2548/2548 2556/2556 2555/2555
f 2548/2548 2555/2555 2547/2547
f 2547/2547 2555/2555 2553/2553
f 2547/2547 2553/2553 2545/2545
f 2558/2558 2550/2550 2552/2552
f 2558/2558 2552/2552 2560/2560
f 2560/2560 2552/2552 2551/2551
f 2560/2560 2551/2551 2559/2559
f 2559/2559 2551/2551 2549/2549
f 2559/2559 2549/2549 2557/2557
f 2554/2554 2562/2562 2564/2564
f 2554/2554 2564/2564 2556/2556
f 2556/2556 2564/2564 2563/2563
f 2556/2556 2563/2563 2555/2555
f 2555/2555 2563/2563 2561/2561
f 2555/2555 2561/2561 2553/2553
f 2566/2566 2558/2558 2560/2560
f 2566/2566 2560/2560 2568/2568
f 2568/2568 2560/2560 2559/2559
f 2568/2568 2559/2559 2567/2567
f 2567/2567 2559/2559 2557/2557
f 2567/2567 2557/2557 2565/2565
f 2562/2562 2570/2570 2572/2572
f 2562/2562 2572/2572 2564/2564
f 2564/2564 2572/2572 2571/2571
f 2564/2564 2571/2571 2563/2563
f 2563/2563 2571/2571 2569/2569
f 2563/2563 2569/2569 2561/2561
f 2574/2574 2566/2566 2568/2568
f 2574/2574 2568/2568 2576/2576
f 2576/2576 2568/2568 2567/2567
f 2576/2576 2567/2567 2575/2575
f 2575/2575 2567/2567 2565/2565
f 2575/2575 2565/2565 2573/2573
f 2570/2570 2578/2578 2580/2580
f 2570/2570 2580/2580 2572/2572
f 2572/2572 2580/2580 2579/2579
f 2572/2572 2579/2579 2571/2571
f 2571/2571 2579/2579 2577/2577
f 2571/2571 2577/2577 2569/2569
f 2582/2582 2574/2574 2576/2576
f 2582/2582 2576/2576 2584/2584
f 2584/2584 2576/2576 2575/2575
f 2584/2584 2575/2575 2583/2583
f 2583/2583 2575/2575 2573/2573
f 2583/2583 2573/2573 2581/2581
f 2578/2578 2586/2586 2588/2588
f 2578/2578 2588/2588 2580/2580
f 2580/2580 2588/2588 2587/2587
f 2580/2580 2587/2587 2579/2579
f 2579/2579 2587/2587 2585/2585
f 2579/2579 2585/2585 2577/2577
f 2590/2590 2582/2582 2584/2584
f 2590/2590 2584/2584 2592/2592
f 2592/2592 2584/2584 2583/2583
f 2592/2592 2583/2583 2591/2591
f 2591/2591 2583/2583 2581/2581
f 2591/2591 2581/2581 2589/2589
f 2586/2586 2594/2594 2596/2596
f 2586/2586 2596/2596 2588/2588
f 2588/2588 2596/2596 2595/2595
f 2588/2588 2595/2595 2587/2587
f 2587/2587 2595/2595 2593/2593
f 2587/2587 2593/2593 2585/2585
f 2598/2598 2590/2590 2592/2592
f 2598/2598 2592/2592 2600/2600
f 2600/2600 2592/2592 2591/2591
f 2600/2600 2591/2591 2599/2599
f 2599/2599 2591/2591 2589/2589
f 2599/2599 2589/2589 2597/2597
f 2594/2594 2410/2410 2412/2412
f 2594/2594 2412/2412 2596/2596
f 2596/2596 2412/2412 2411/2411
f 2596/2596 2411/2411 2595/2595
f 2595/2595 2411/2411 2409/2409
f 2595/2595 2409/2409 2593/2593
f 2414/2414 2598/2598 2600/2600
f 2414/2414 2600/2600 2416/2416
f 2416/2416 2600/2600 2599/2599
f 2416/2416 2599/2599 2415/2415
f 2415/2415 2599/2599 2597/2597
f 2415/2415 2597/2597 2413/2413
f 2593/2593 2409/2409 2417/2417
f 2417/2417 2425/2425 2433/2433
f 2433/2433 2441/2441 2449/2449
f 2449/2449 2457/2457 2465/2465
f 2465/2465 2473/2473 2481/2481
f 2481/2481 2489/2489 2497/2497
f 2497/2497 2505/2505 2513/2513
f 2513/2513 2521/2521 2529/2529
f 2529/2529 2537/2537 2545/2545
f 2545/2545 2553/2553 2561/2561
f 2561/2561 2569/2569 2577/2577
f 2577/2577 2585/2585 2593/2593
f 2593/2593 2417/2417 2433/2433
f 2433/2433 2449/2449 2465/2465
f 2465/2465 2481/2481 2497/2497
f 2497/2497 2513/2513 2529/2529
f 2529/2529 2545/2545 2561/2561
f 2561/2561 2577/2577 2593/2593
f 2593/2593 2433/2433 2465/2465
f 2465/2465 2497/2497 2529/2529
f 2529/2529 2561/2561 2593/2593
f 2465/2465 2529/2529 2593/2593
f 2786/2786 2790/2790 2606/2606
f 2786/2786 2606/2606 2602/2602
f 2618/2618 2622/2622 2630/2630
f 2618/2618 2630/2630 2626/2626
f 2626/2626 2630/2630 2638/2638
f 2626/2626 2638/2638 2634/2634
f 2634/2634 2638/2638 2646/2646
f 2634/2634 2646/2646 2642/2642
f 2642/2642 2646/2646 2654/2654
f 2642/2642 2654/2654 2650/2650
f 2650/2650 2654/2654 2662/2662
f 2650/2650 2662/2662 2658/2658
f 2658/2658 2662/2662 2670/2670
f 2658/2658 2670/2670 2666/2666
f 2666/2666 2670/2670 2678/2678
f 2666/2666 2678/2678 2674/2674
f 2674/2674 2678/2678 2686/2686
f 2674/2674 2686/2686 2682/2682
f 2682/2682 2686/2686 2694/2694
f 2682/2682 2694/2694 2690/2690
f 2690/2690 2694/2694 2702/2702
f 2690/2690 2702/2702 2698/2698
f 2698/2698 2702/2702 2710/2710
f 2698/2698 2710/2710 2706/2706
f 2706/2706 2710/2710 2718/2718
f 2706/2706 2718/2718 2714/2714
f 2714/2714 2718/2718 2726/2726
f 2714/2714 2726/2726 2722/2722
f 2722/2722 2726/2726 2734/2734
f 2722/2722 2734/2734 2730/2730
f 2730/2730 2734/2734 2742/2742
f 2730/2730 2742/2742 2738/2738
f 2738/2738 2742/2742 2750/2750
f 2738/2738 2750/2750 2746/2746
f 2746/2746 2750/2750 2758/2758
f 2746/2746 2758/2758 2754/2754
f 2754/2754 2758/2758 2766/2766
f 2754/2754 2766/2766 2762/2762
f 2762/2762 2766/2766 2774/2774
f 2762/2762 2774/2774 2770/2770
f 2770/2770 2774/2774 2782/2782
f 2770/2770 2782/2782 2778/2778
f 2778/2778 2782/2782 2790/2790
f 2778/2778 2790/2790 2786/2786
f 2610/2610 2614/2614 2622/2622
f 2610/2610 2622/2622 2618/2618
f 2621/2621 2613/2613 2605/2605
f 2605/2605 2789/2789 2781/2781
f 2781/2781 2773/2773 2765/2765
f 2765/2765 2757/2757 2749/2749
f 2749/2749 2741/2741 2733/2733
f 2733/2733 2725/2725 2717/2717
f 2717/2717 2709/2709 2701/2701
f 2701/2701 2693/2693 2685/2685
f 2685/2685 2677/2677 2669/2669
f 2669/2669 2661/2661 2653/2653
f 2653/2653 2645/2645 2637/2637
f 2637/2637 2629/2629 2621/2621
f 2621/2621 2605/2605 2781/2781
f 2781/2781 2765/2765 2749/2749
f 2749/2749 2733/2733 2717/2717
f 2717/2717 2701/2701 2685/2685
f 2685/2685 2669/2669 2653/2653
f 2653/2653 2637/2637 2621/2621
f 2621/2621 2781/2781 2749/2749
f 2749/2749 2717/2717 2685/2685
f 2685/2685 2653/2653 2621/2621
f 2749/2749 2685/2685 2621/2621
f 2602/2602 2606/2606 2614/2614
f 2602/2602 2614/2614 2610/2610
f 2602/2602 2610/2610 2612/2612
f 2602/2602 2612/2612 2604/2604
f 2604/2604 2612/2612 2611/2611
f 2604/2604 2611/2611 2603/2603
f 2603/2603 2611/2611 2609/2609
f 2603/2603 2609/2609 2601/2601
f 2614/2614 2606/2606 2608/2608
f 2614/2614 2608/2608 2616/2616
f 2616/2616 2608/2608 2607/2607
f 2616/2616 2607/2607 2615/2615
f 2615/2615 2607/2607 2605/2605
f 2615/2615 2605/2605 2613/2613
f 2610/2610 2618/2618 2620/2620
f 2610/2610 2620/2620 2612/2612
f 2612/2612 2620/2620 2619/2619
f 2612/2612 2619/2619 2611/2611
f 2611/2611 2619/2619 2617/2617
f 2611/2611 2617/2617 2609/2609
f 2622/2622 2614/2614 2616/2616
f 2622/2622 2616/2616 2624/2624
f 2624/2624 2616/2616 2615/2615
f 2624/2624 2615/2615 2623/2623
f 2623/2623 2615/2615 2613/2613
f 2623/2623 2613/2613 2621/2621
f 2618/2618 2626/2626 2628/2628
f 2618/2618 2628/2628 2620/2620
f 2620/2620 2628/2628 2627/2627
f 2620/2620 2627/2627 2619/2619
f 2619/2619 2627/2627 2625/2625
f 2619/2619 2625/2625 2617/2617
f 2630/2630 2622/2622 2624/2624
f 2630/2630 2624/2624 2632/2632
f 2632/2632 2624/2624 2623/2623
f 2632/2632 2623/2623 2631/2631
f 2631/2631 2623/2623 2621/2621
f 2631/2631 2621/2621 2629/2629
f 2626/2626 2634/2634 2636/2636
f 2626/2626 2636/2636 2628/2628
f 2628/2628 2636/2636 2635/2635
f 2628/2628 2635/2635 2627/2627
f 2627/2627 2635/2635 2633/2633
f 2627/2627 2633/2633 2625/2625
f 2638/2638 2630/2630 2632/2632
f 2638/2638 2632/2632 2640/2640
f 2640/2640 2632/2632 2631/2631
f 2640/2640 2631/2631 2639/2639
f 2639/2639 2631/2631 2629/2629
f 2639/2639 2629/2629 2637/2637
f 2634/2634 2642/2642 2644/2644
f 2634/2634 2644/2644 2636/2636
f 2636/2636 2644/2644 2643/2643
f 2636/2636 2643/2643 2635/2635
f 2635/2635 2643/2643 2641/2641
f 2635/2635 2641/2641 2633/2633
f 2646/2646 2638/2638 2640/2640
f 2646/2646 2640/2640 2648/2648
f 2648/2648 2640/2640 2639/2639
f 2648/2648 2639/2639 2647/2647
f 2647/2647 2639/2639 2637/2637
f 2647/2647 2637/2637 2645/2645
f 2642/2642 2650/2650 2652/2652
f 2642/2642 2652/2652 2644/2644
f 2644/2644 2652/2652 2651/2651
f 2644/2644 2651/2651 2643/2643
f 2643/2643 2651/2651 2649/2649
f 2643/2643 2649/2649 2641/2641
f 2654/2654 2646/2646 2648/2648
f 2654/2654 2648/2648 2656/2656
f 2656/2656 2648/2648 2647/2647
f 2656/2656 2647/2647 2655/2655
f 2655/2655 2647/2647 2645/2645
f 2655/2655 2645/2645 2653/2653
f 2650/2650 2658/2658 2660/2660
f 2650/2650 2660/2660 2652/2652
f 2652/2652 2660/2660 2659/2659
f 2652/2652 2659/2659 2651/2651
f 2651/2651 2659/2659 2657/2657
f 2651/2651 2657/2657 2649/2649
f 2662/2662 2654/2654 2656/2656
f 2662/2662 2656/2656 2664/2664
f 2664/2664 2656/2656 2655/2655
f 2664/2664 2655/2655 2663/2663
f 2663/2663 2655/2655 2653/2653
f 2663/2663 2653/2653 2661/2661
f 2658/2658 2666/2666 2668/2668
f 2658/2658 2668/2668 2660/2660
f 2660/2660 2668/2668 2667/2667
f 2660/2660 2667/2667 2659/2659
f 2659/2659 2667/2667 2665/2665
f 2659/2659 2665/2665 2657/2657
f 2670/2670 2662/2662 2664/2664
f 2670/2670 2664/2664 2672/2672
f 2672/2672 2664/2664 2663/2663
f 2672/2672 2663/2663 2671/2671
f 2671/2671 2663/2663 2661/2661
f 2671/2671 2661/2661 2669/2669
f 2666/2666 2674/2674 2676/2676
f 2666/2666 2676/2676 2668/2668
f 2668/2668 2676/2676 2675/2675
f 2668/2668 2675/2675 2667/2667
f 2667/2667 2675/2675 2673/2673
f 2667/2667 2673/2673 2665/2665
f 2678/2678 2670/2670 2672/2672
f 2678/2678 2672/2672 2680/2680
f 2680/2680 2672/2672 2671/2671
f 2680/2680 2671/2671 2679/2679
f 2679/2679 2671/2671 2669/2669
f 2679/2679 2669/2669 2677/2677
f 2674/2674 2682/2682 2684/2684
f 2674/2674 2684/2684 2676/2676
f 2676/2676 2684/2684 2683/2683
f 2676/2676 2683/2683 2675/2675
f 2675/2675 2683/2683 2681/2681
f 2675/2675 2681/2681 2673/2673
f 2686/2686 2678/2678 2680/2680
f 2686/2686 2680/2680 2688/2688
f 2688/2688 2680/2680 2679/2679
f 2688/2688 2679/2679 2687/2687
f 2687/2687 2679/2679 2677/2677
f 2687/2687 2677/2677 2685/2685
f 2682/2682 2690/2690 2692/2692
f 2682/2682 2692/2692 2684/2684
f 2684/2684 2692/2692 2691/2691
f 2684/2684 2691/2691 2683/2683
f 2683/2683 2691/2691 2689/2689
f 2683/2683 2689/2689 2681/2681
f 2694/2694 2686/2686 2688/2688
f 2694/2694 2688/2688 2696/2696
f 2696/2696 2688/2688 2687/2687
f 2696/2696 2687/2687 2695/2695
f 2695/2695 2687/2687 2685/2685
f 2695/2695 2685/2685 2693/2693
f 2690/2690 2698/2698 2700/2700
f 2690/2690 2700/2700 2692/2692
f 2692/2692 2700/2700 2699/2699
f 2692/2692 2699/2699 2691/2691
f 2691/2691 2699/2699 2697/2697
f 2691/2691 2697/2697 2689/2689
f 2702/2702 2694/2694 2696/2696
f 2702/2702 2696/2696 2704/2704
f 2704/2704 2696/2696 2695/2695
f 2704/2704 2695/2695 2703/2703
f 2703/2703 2695/2695 2693/2693
f 2703/2703 2693/2693 2701/2701
f 2698/2698 2706/2706 2708/2708
f 2698/2698 2708/2708 2700/2700
f 2700/2700 2708/2708 2707/2707
f 2700/2700 2707/2707 2699/2699
f 2699/2699 2707/2707 2705/2705
f 2699/2699 2705/2705 2697/2697
f 2710/2710 2702/2702 2704/2704
f 2710/2710 2704/2704 2712/2712
f 2712/2712 2704/2704 2703/2703
f 2712/2712 2703/2703 2711/2711
f 2711/2711 2703/2703 2701/2701
f 2711/2711 2701/2701 2709/2709
f 2706/2706 2714/2714 2716/2716
f 2706/2706 2716/2716 2708/2708
f 2708/2708 2716/2716 2715/2715
f 2708/2708 2715/2715 2707/2707
f 2707/2707 2715/2715 2713/2713
f 2707/2707 2713/2713 2705/2705
f 2718/2718 2710/2710 2712/2712
f 2718/2718 2712/2712 2720/2720
f 2720/2720 2712/2712 2711/2711
f 2720/2720 2711/2711 2719/2719
f 2719/2719 2711/2711 2709/2709
f 2719/2719 2709/2709 2717/2717
f 2714/2714 2722/2722 2724/2724
f 2714/2714 2724/2724 2716/2716
f 2716/2716 2724/2724 2723/2723
f 2716/2716 2723/2723 2715/2715
f 2715/2715 2723/2723 2721/2721
f 2715/2715 2721/2721 2713/2713
f 2726/2726 2718/2718 2720/2720
f 2726/2726 2720/2720 2728/2728
f 2728/2728 2720/2720 2719/2719
f 2728/2728 2719/2719 2727/2727
f 2727/2727 2719/2719 2717/2717
f 2727/2727 2717/2717 2725/2725
f 2722/2722 2730/2730 2732/2732
f 2722/2722 2732/2732 2724/2724
f 2724/2724 2732/2732 2731/2731
f 2724/2724 2731/2731 2723/2723
f 2723/2723 2731/2731 2729/2729
f 2723/2723 2729/2729 2721/2721
f 2734/2734 2726/2726 2728/2728
f 2734/2734 2728/2728 2736/2736
f 2736/2736 2728/2728 2727/2727
f 2736/2736 2727/2727 2735/2735
f 2735/2735 2727/2727 2725/2725
f 2735/2735 2725/2725 2733/2733
f 2730/2730 2738/2738 2740/2740
f 2730/2730 2740/2740 2732/2732
f 2732/2732 2740/2740 2739/2739
f 2732/2732 2739/2739 2731/2731
f 2731/2731 2739/2739 2737/2737
f 2731/2731 2737/2737 2729/2729
f 2742/2742 2734/2734 2736/2736
f 2742/2742 2736/2736 2744/2744
f 2744/2744 2736/2736 2735/2735
f 2744/2744 2735/2735 2743/2743
f 2743/2743 2735/2735 2733/2733
f 2743/2743 2733/2733 2741/2741
f 2738/2738 2746/2746 2748/2748
f 2738/2738 2748/2748 2740/2740
f 2740/2740 2748/2748 2747/2747
f 2740/2740 2747/2747 2739/2739
f 2739/2739 2747/2747 2745/2745
f 2739/2739 2745/2745 2737/2737
f 2750/2750 2742/2742 2744/2744
f 2750/2750 2744/2744 2752/2752
f 2752/2752 2744/2744 2743/2743
f 2752/2752 2743/2743 2751/2751
f 2751/2751 2743/2743 2741/2741
f 2751/2751 2741/2741 2749/2749
f 2746/2746 2754/2754 2756/2756
f 2746/2746 2756/2756 2748/2748
f 2748/2748 2756/2756 2755/2755
f 2748/2748 2755/2755 2747/2747
f 2747/2747 2755/2755 2753/2753
f 2747/2747 2753/2753 2745/2745
f 2758/2758 2750/2750 2752/2752
f 2758/2758 2752/2752 2760/2760
f 2760/2760 2752/2752 2751/2751
f 2760/2760 2751/2751 2759/2759
f 2759/2759 2751/2751 2749/2749
f 2759/2759 2749/2749 2757/2757
f 2754/2754 2762/2762 2764/2764
f 2754/2754 2764/2764 2756/2756
f 2756/2756 2764/2764 2763/2763
f 2756/2756 2763/2763 2755/2755
f 2755/2755 2763/2763 2761/2761
f 2755/2755 2761/2761 2753/2753
f 2766/2766 2758/2758 2760/2760
f 2766/2766 2760/2760 2768/2768
f 2768/2768 2760/2760 2759/2759
f 2768/2768 2759/2759 2767/2767
f 2767/2767 2759/2759 2757/2757
f 2767/2767 2757/2757 2765/2765
f 2762/2762 2770/2770 2772/2772
f 2762/2762 2772/2772 2764/2764
f 2764/2764 2772/2772 2771/2771
f 2764/2764 2771/2771 2763/2763
f 2763/2763 2771/2771 2769/2769
f 2763/2763 2769/2769 2761/2761
f 2774/2774 2766/2766 2768/2768
f 2774/2774 2768/2768 2776/2776
f 2776/2776 2768/2768 2767/2767
f 2776/2776 2767/2767 2775/2775
f 2775/2775 2767/2767 2765/2765
f 2775/2775 2765/2765 2773/2773
f 2770/2770 2778/2778 2780/2780
f 2770/2770 2780/2780 2772/2772
f 2772/2772 2780/2780 2779/2779
f 2772/2772 2779/2779 2771/2771
f 2771/2771 2779/2779 2777/2777
f 2771/2771 2777/2777 2769/2769
f 2782/2782 2774/2774 2776/2776
f 2782/2782 2776/2776 2784/2784
f 2784/2784 2776/2776 2775/2775
f 2784/2784 2775/2775 2783/2783
f 2783/2783 2775/2775 2773/2773
f 2783/2783 2773/2773 2781/2781
f 2778/2778 2786/2786 2788/2788
f 2778/2778 2788/2788 2780/2780
f 2780/2780 2788/2788 2787/2787
f 2780/2780 2787/2787 2779/2779
f 2779/2779 2787/2787 2785/2785
f 2779/2779 2785/2785 2777/2777
f 2790/2790 2782/2782 2784/2784
f 2790/2790 2784/2784 2792/2792
f 2792/2792 2784/2784 2783/2783
f 2792/2792 2783/2783 2791/2791
f 2791/2791 2783/2783 2781/2781
f 2791/2791 2781/2781 2789/2789
f 2786/2786 2602/2602 2604/2604
f 2786/2786 2604/2604 2788/2788
f 2788/2788 2604/2604 2603/2603
f 2788/2788 2603/2603 2787/2787
f 2787/2787 2603/2603 2601/2601
f 2787/2787 2601/2601 2785/2785
f 2606/2606 2790/2790 2792/2792
f 2606/2606 2792/2792 2608/2608
f 2608/2608 2792/2792 2791/2791
f 2608/2608 2791/2791 2607/2607
f 2607/2607 2791/2791 2789/2789
f 2607/2607 2789/2789 2605/2605
f 2785/2785 2601/2601 2609/2609
f 2609/2609 2617/2617 2625/2625
f 2625/2625 2633/2633 2641/2641
f 2641/2641 2649/2649 2657/2657
f 2657/2657 2665/2665 2673/2673
f 2673/2673 2681/2681 2689/2689
f 2689/2689 2697/2697 2705/2705
f 2705/2705 2713/2713 2721/2721
f 2721/2721 2729/2729 2737/2737
f 2737/2737 2745/2745 2753/2753
f 2753/2753 2761/2761 2769/2769
f 2769/2769 2777/2777 2785/2785
f 2785/2785 2609/2609 2625/2625
f 2625/2625 2641/2641 2657/2657
f 2657/2657 2673/2673 2689/2689
f 2689/2689 2705/2705 2721/2721
f 2721/2721 2737/2737 2753/2753
f 2753/2753 2769/2769 2785/2785
f 2785/2785 2625/2625 2657/2657
f 2657/2657 2689/2689 2721/2721
f 2721/2721 2753/2753 2785/2785
f 2657/2657 2721/2721 2785/2785
f 2843/2843 2854/2854 2805/2805
f 2843/2843 2805/2805 2794/2794
f 2867/2867 2878/2878 2855/2855
f 2867/2867 2855/2855 2842/2842
f 2877/2877 2829/2829 2806/2806
f 2877/2877 2806/2806 2853/2853
f 2795/2795 2807/2807 2831/2831
f 2795/2795 2831/2831 2818/2818
f 2819/2819 2830/2830 2879/2879
f 2819/2819 2879/2879 2866/2866
f 2793/2793 2796/2796 2798/2798
f 2793/2793 2798/2798 2797/2797
f 2796/2796 2800/2800 2801/2801
f 2796/2796 2801/2801 2798/2798
f 2794/2794 2799/2799 2801/2801
f 2794/2794 2801/2801 2800/2800
f 2799/2799 2803/2803 2804/2804
f 2799/2799 2804/2804 2801/2801
f 2795/2795 2802/2802 2804/2804
f 2795/2795 2804/2804 2803/2803
f 2802/2802 2797/2797 2798/2798
f 2802/2802 2798/2798 2804/2804
f 2798/2798 2801/2801 2804/2804
f 2805/2805 2808/2808 2810/2810
f 2805/2805 2810/2810 2809/2809
f 2808/2808 2812/2812 2813/2813
f 2808/2808 2813/2813 2810/2810
f 2806/2806 2811/2811 2813/2813
f 2806/2806 2813/2813 2812/2812
f 2811/2811 2815/2815 2816/2816
f 2811/2811 2816/2816 2813/2813
f 2807/2807 2814/2814 2816/2816
f 2807/2807 2816/2816 2815/2815
f 2814/2814 2809/2809 2810/2810
f 2814/2814 2810/2810 2816/2816
f 2810/2810 2813/2813 2816/2816
f 2817/2817 2820/2820 2822/2822
f 2817/2817 2822/2822 2821/2821
f 2820/2820 2824/2824 2825/2825
f 2820/2820 2825/2825 2822/2822
f 2818/2818 2823/2823 2825/2825
f 2818/2818 2825/2825 2824/2824
f 2823/2823 2827/2827 2828/2828
f 2823/2823 2828/2828 2825/2825
f 2819/2819 2826/2826 2828/2828
f 2819/2819 2828/2828 2827/2827
f 2826/2826 2821/2821 2822/2822
f 2826/2826 2822/2822 2828/2828
f 2822/2822 2825/2825 2828/2828
f 2829/2829 2832/2832 2834/2834
f 2829/2829 2834/2834 2833/2833
f 2832/2832 2836/2836 2837/2837
f 2832/2832 2837/2837 2834/2834
f 2830/2830 2835/2835 2837/2837
f 2830/2830 2837/2837 2836/2836
f 2835/2835 2839/2839 2840/2840
f 2835/2835 2840/2840 2837/2837
f 2831/2831 2838/2838 2840/2840
f 2831/2831 2840/2840 2839/2839
f 2838/2838 2833/2833 2834/2834
f 2838/2838 2834/2834 2840/2840
f 2834/2834 2837/2837 2840/2840
f 2841/2841 2844/2844 2846/2846
f 2841/2841 2846/2846 2845/2845
f 2844/2844 2848/2848 2849/2849
f 2844/2844 2849/2849 2846/2846
f 2842/2842 2847/2847 2849/2849
f 2842/2842 2849/2849 2848/2848
f 2847/2847 2851/2851 2852/2852
f 2847/2847 2852/2852 2849/2849
f 2843/2843 2850/2850 2852/2852
f 2843/2843 2852/2852 2851/2851
f 2850/2850 2845/2845 2846/2846
f 2850/2850 2846/2846 2852/2852
f 2846/2846 2849/2849 2852/2852
f 2853/2853 2856/2856 2858/2858
f 2853/2853 2858/2858 2857/2857
f 2856/2856 2860/2860 2861/2861
f 2856/2856 2861/2861 2858/2858
f 2854/2854 2859/2859 2861/2861
f 2854/2854 2861/2861 2860/2860
f 2859/2859 2863/2863 2864/2864
f 2859/2859 2864/2864 2861/2861
f 2855/2855 2862/2862 2864/2864
f 2855/2855 2864/2864 2863/2863
f 2862/2862 2857/2857 2858/2858
f 2862/2862 2858/2858 2864/2864
f 2858/2858 2861/2861 2864/2864
f 2865/2865 2868/2868 2870/2870
f 2865/2865 2870/2870 2869/2869
f 2868/2868 2872/2872 2873/2873
f 2868/2868 2873/2873 2870/2870
f 2866/2866 2871/2871 2873/2873
f 2866/2866 2873/2873 2872/2872
f 2871/2871 2875/2875 2876/2876
f 2871/2871 2876/2876 2873/2873
f 2867/2867 2874/2874 2876/2876
f 2867/2867 2876/2876 2875/2875
f 2874/2874 2869/2869 2870/2870
f 2874/2874 2870/2870 2876/2876
f 2870/2870 2873/2873 2876/2876
f 2877/2877 2880/2880 2882/2882
f 2877/2877 2882/2882 2881/2881
f 2880/2880 2884/2884 2885/2885
f 2880/2880 2885/2885 2882/2882
f 2878/2878 2883/2883 2885/2885
f 2878/2878 2885/2885 2884/2884
f 2883/2883 2887/2887 2888/2888
f 2883/2883 2888/2888 2885/2885
f 2879/2879 2886/2886 2888/2888
f 2879/2879 2888/2888 2887/2887
f 2886/2886 2881/2881 2882/2882
f 2886/2886 2882/2882 2888/2888
f 2882/2882 2885/2885 2888/2888
f 2817/2817 2793/2793 2797/2797
f 2817/2817 2797/2797 2820/2820
f 2820/2820 2797/2797 2802/2802
f 2820/2820 2802/2802 2824/2824
f 2824/2824 2802/2802 2795/2795
f 2824/2824 2795/2795 2818/2818
f 2794/2794 2805/2805 2809/2809
f 2794/2794 2809/2809 2799/2799
f 2799/2799 2809/2809 2814/2814
f 2799/2799 2814/2814 2803/2803
f 2803/2803 2814/2814 2807/2807
f 2803/2803 2807/2807 2795/2795
f 2806/2806 2829/2829 2833/2833
f 2806/2806 2833/2833 2811/2811
f 2811/2811 2833/2833 2838/2838
f 2811/2811 2838/2838 2815/2815
f 2815/2815 2838/2838 2831/2831
f 2815/2815 2831/2831 2807/2807
f 2830/2830 2819/2819 2827/2827
f 2830/2830 2827/2827 2835/2835
f 2835/2835 2827/2827 2823/2823
f 2835/2835 2823/2823 2839/2839
f 2839/2839 2823/2823 2818/2818
f 2839/2839 2818/2818 2831/2831
f 2865/2865 2817/2817 2821/2821
f 2865/2865 2821/2821 2868/2868
f 2868/2868 2821/2821 2826/2826
f 2868/2868 2826/2826 2872/2872
f 2872/2872 2826/2826 2819/2819
f 2872/2872 2819/2819 2866/2866
f 2829/2829 2877/2877 2881/2881
f 2829/2829 2881/2881 2832/2832
f 2832/2832 2881/2881 2886/2886
f 2832/2832 2886/2886 2836/2836
f 2836/2836 2886/2886 2879/2879
f 2836/2836 2879/2879 2830/2830
f 2878/2878 2867/2867 2875/2875
f 2878/2878 2875/2875 2883/2883
f 2883/2883 2875/2875 2871/2871
f 2883/2883 2871/2871 2887/2887
f 2887/2887 2871/2871 2866/2866
f 2887/2887 2866/2866 2879/2879
f 2841/2841 2865/2865 2869/2869
f 2841/2841 2869/2869 2844/2844
f 2844/2844 2869/2869 2874/2874
f 2844/2844 2874/2874 2848/2848
f 2848/2848 2874/2874 2867/2867
f 2848/2848 2867/2867 2842/2842
f 2877/2877 2853/2853 2857/2857
f 2877/2877 2857/2857 2880/2880
f 2880/2880 2857/2857 2862/2862
f 2880/2880 2862/2862 2884/2884
f 2884/2884 2862/2862 2855/2855
f 2884/2884 2855/2855 2878/2878
f 2854/2854 2843/2843 2851/2851
f 2854/2854 2851/2851 2859/2859
f 2859/2859 2851/2851 2847/2847
f 2859/2859 2847/2847 2863/2863
f 2863/2863 2847/2847 2842/2842
f 2863/2863 2842/2842 2855/2855
f 2793/2793 2841/2841 2845/2845
f 2793/2793 2845/2845 2796/2796
f 2796/2796 2845/2845 2850/2850
f 2796/2796 2850/2850 2800/2800
f 2800/2800 2850/2850 2843/2843
f 2800/2800 2843/2843 2794/2794
f 2853/2853 2806/2806 2812/2812
f 2853/2853 2812/2812 2856/2856
f 2856/2856 2812/2812 2808/2808
f 2856/2856 2808/2808 2860/2860
f 2860/2860 2808/2808 2805/2805
f 2860/2860 2805/2805 2854/2854
f 2817/2817 2865/2865 2841/2841
f 2817/2817 2841/2841 2793/2793
f 2939/2939 2950/2950 2901/2901
f 2939/2939 2901/2901 2890/2890
f 2963/2963 2974/2974 2951/2951
f 2963/2963 2951/2951 2938/2938
f 2973/2973 2925/2925 2902/2902
f 2973/2973 2902/2902 2949/2949
f 2891/2891 2903/2903 2927/2927
f 2891/2891 2927/2927 2914/2914
f 2915/2915 2926/2926 2975/2975
f 2915/2915 2975/2975 2962/2962
f 2889/2889 2892/2892 2894/2894
f 2889/2889 2894/2894 2893/2893
f 2892/2892 2896/2896 2897/2897
f 2892/2892 2897/2897 2894/2894
f 2890/2890 2895/2895 2897/2897
f 2890/2890 2897/2897 2896/2896
f 2895/2895 2899/2899 2900/2900
f 2895/2895 2900/2900 2897/2897
f 2891/2891 2898/2898 2900/2900
f 2891/2891 2900/2900 2899/2899
f 2898/2898 2893/2893 2894/2894
f 2898/2898 2894/2894 2900/2900
f 2894/2894 2897/2897 2900/2900
f 2901/2901 2904/2904 2906/2906
f 2901/2901 2906/2906 2905/2905
f 2904/2904 2908/2908 2909/2909
f 2904/2904 2909/2909 2906/2906
f 2902/2902 2907/2907 2909/2909
f 2902/2902 2909/2909 2908/2908
f 2907/2907 2911/2911 2912/2912
f 2907/2907 2912/2912 2909/2909
f 2903/2903 2910/2910 2912/2912
f 2903/2903 2912/2912 2911/2911
f 2910/2910 2905/2905 2906/2906
f 2910/2910 2906/2906 2912/2912
f 2906/2906 2909/2909 2912/2912
f 2913/2913 2916/2916 2918/2918
f 2913/2913 2918/2918 2917/2917
f 2916/2916 2920/2920 2921/2921
f 2916/2916 2921/2921 2918/2918
f 2914/2914 2919/2919 2921/2921
f 2914/2914 2921/2921 2920/2920
f 2919/2919 2923/2923 2924/2924
f 2919/2919 2924/2924 2921/2921
f 2915/2915 2922/2922 2924/2924
f 2915/2915 2924/2924 2923/2923
f 2922/2922 2917/2917 2918/2918
f 2922/2922 2918/2918 2924/2924
f 2918/2918 2921/2921 2924/2924
f 2925/2925 2928/2928 2930/2930
f 2925/2925 2930/2930 2929/2929
f 2928/2928 2932/2932 2933/2933
f 2928/2928 2933/2933 2930/2930
f 2926/2926 2931/2931 2933/2933
f 2926/2926 2933/2933 2932/2932
f 2931/2931 2935/2935 2936/2936
f 2931/2931 2936/2936 2933/2933
f 2927/2927 2934/2934 2936/2936
f 2927/2927 2936/2936 2935/2935
f 2934/2934 2929/2929 2930/2930
f 2934/2934 2930/2930 2936/2936
f 2930/2930 2933/2933 2936/2936
f 2937/2937 2940/2940 2942/2942
f 2937/2937 2942/2942 2941/2941
f 2940/2940 2944/2944 2945/2945
f 2940/2940 2945/2945 2942/2942
f 2938/2938 2943/2943 2945/2945
f 2938/2938 2945/2945 2944/2944
f 2943/2943 2947/2947 2948/2948
f 2943/2943 2948/2948 2945/2945
f 2939/2939 2946/2946 2948/2948
f 2939/2939 2948/2948 2947/2947
f 2946/2946 2941/2941 2942/2942
f 2946/2946 2942/2942 2948/2948
f 2942/2942 2945/2945 2948/2948
f 2949/2949 2952/2952 2954/2954
f 2949/2949 2954/2954 2953/2953
f 2952/2952 2956/2956 2957/2957
f 2952/2952 2957/2957 2954/2954
f 2950/2950 2955/2955 2957/2957
f 2950/2950 2957/2957 2956/2956
f 2955/2955 2959/2959 2960/2960
f 2955/2955 2960/2960 2957/2957
f 2951/2951 2958/2958 2960/2960
f 2951/2951 2960/2960 2959/2959
f 2958/2958 2953/2953 2954/2954
f 2958/2958 2954/2954 2960/2960
f 2954/2954 2957/2957 2960/2960
f 2961/2961 2964/2964 2966/2966
f 2961/2961 2966/2966 2965/2965
f 2964/2964 2968/2968 2969/2969
f 2964/2964 2969/2969 2966/2966
f 2962/2962 2967/2967 2969/2969
f 2962/2962 2969/2969 2968/2968
f 2967/2967 2971/2971 2972/2972
f 2967/2967 2972/2972 2969/2969
f 2963/2963 2970/2970 2972/2972
f 2963/2963 2972/2972 2971/2971
f 2970/2970 2965/2965 2966/2966
f 2970/2970 2966/2966 2972/2972
f 2966/2966 2969/2969 2972/2972
f 2973/2973 2976/2976 2978/2978
f 2973/2973 2978/2978 2977/2977
f 2976/2976 2980/2980 2981/2981
f 2976/2976 2981/2981 2978/2978
f 2974/2974 2979/2979 2981/2981
f 2974/2974 2981/2981 2980/2980
f 2979/2979 2983/2983 2984/2984
f 2979/2979 2984/2984 2981/2981
f 2975/2975 2982/2982 2984/2984
f 2975/2975 2984/2984 2983/2983
f 2982/2982 2977/2977 2978/2978
f 2982/2982 2978/2978 2984/2984
f 2978/2978 2981/2981 2984/2984
f 2913/2913 2889/2889 2893/2893
f 2913/2913 2893/2893 2916/2916
f 2916/2916 2893/2893 2898/2898
f 2916/2916 2898/2898 2920/2920
f 2920/2920 2898/2898 2891/2891
f 2920/2920 2891/2891 2914/2914
f 2890/2890 2901/2901 2905/2905
f 2890/2890 2905/2905 2895/2895
f 2895/2895 2905/2905 2910/2910
f 2895/2895 2910/2910 2899/2899
f 2899/2899 2910/2910 2903/2903
f 2899/2899 2903/2903 2891/2891
f 2902/2902 2925/2925 2929/2929
f 2902/2902 2929/2929 2907/2907
f 2907/2907 2929/2929 2934/2934
f 2907/2907 2934/2934 2911/2911
f 2911/2911 2934/2934 2927/2927
f 2911/2911 2927/2927 2903/2903
f 2926/2926 2915/2915 2923/2923
f 2926/2926 2923/2923 2931/2931
f 2931/2931 2923/2923 2919/2919
f 2931/2931 2919/2919 2935/2935
f 2935/2935 2919/2919 2914/2914
f 2935/2935 2914/2914 2927/2927
f 2961/2961 2913/2913 2917/2917
f 2961/2961 2917/2917 2964/2964
f 2964/2964 2917/2917 2922/2922
f 2964/2964 2922/2922 2968/2968
f 2968/2968 2922/2922 2915/2915
f 2968/2968 2915/2915 2962/2962
f 2925/2925 2973/2973 2977/2977
f 2925/2925 2977/2977 2928/2928
f 2928/2928 2977/2977 2982/2982
f 2928/2928 2982/2982 2932/2932
f 2932/2932 2982/2982 2975/2975
f 2932/2932 2975/2975 2926/2926
f 2974/2974 2963/2963 2971/2971
f 2974/2974 2971/2971 2979/2979
f 2979/2979 2971/2971 2967/2967
f 2979/2979 2967/2967 2983/2983
f 2983/2983 2967/2967 2962/2962
f 2983/2983 2962/2962 2975/2975
f 2937/2937 2961/2961 2965/2965
f 2937/2937 2965/2965 2940/2940
f 2940/2940 2965/2965 2970/2970
f 2940/2940 2970/2970 2944/2944
f 2944/2944 2970/2970 2963/2963
f 2944/2944 2963/2963 2938/2938
f 2973/2973 2949/2949 2953/2953
f 2973/2973 2953/2953 2976/2976
f 2976/2976 2953/2953 2958/2958
f 2976/2976 2958/2958 2980/2980
f 2980/2980 2958/2958 2951/2951
f 2980/2980 2951/2951 2974/2974
f 2950/2950 2939/2939 2947/2947
f 2950/2950 2947/2947 2955/2955
f 2955/2955 2947/2947 2943/2943
f 2955/2955 2943/2943 2959/2959
f 2959/2959 2943/2943 2938/2938
f 2959/2959 2938/2938 2951/2951
f 2889/2889 2937/2937 2941/2941
f 2889/2889 2941/2941 2892/2892
f 2892/2892 2941/2941 2946/2946
f 2892/2892 2946/2946 2896/2896
f 2896/2896 2946/2946 2939/2939
f 2896/2896 2939/2939 2890/2890
f 2949/2949 2902/2902 2908/2908
f 2949/2949 2908/2908 2952/2952
f 2952/2952 2908/2908 2904/2904
f 2952/2952 2904/2904 2956/2956
f 2956/2956 2904/2904 2901/2901
f 2956/2956 2901/2901 2950/2950
f 2913/2913 2961/2961 2937/2937
f 2913/2913 2937/2937 2889/2889
