# di-06 | final single-asset pipeline | blocks +Y up -Z front
mtllib di-06.mtl
v 0.821006629835 3.060115620295 0.340072080876
v 0.340072080876 3.060115620295 0.821006629835
v -0.340072080876 3.060115620295 0.821006629835
v -0.821006629835 3.060115620295 0.340072080876
v -0.821006629835 3.060115620295 -0.340072080876
v -0.340072080876 3.060115620295 -0.821006629835
v 0.340072080876 3.060115620295 -0.821006629835
v 0.821006629835 3.060115620295 -0.340072080876
v 0.821006629835 3.806485283782 0.340072080876
v 0.340072080876 3.806485283782 0.821006629835
v -0.340072080876 3.806485283782 0.821006629835
v -0.821006629835 3.806485283782 0.340072080876
v -0.821006629835 3.806485283782 -0.340072080876
v -0.340072080876 3.806485283782 -0.821006629835
v 0.340072080876 3.806485283782 -0.821006629835
v 0.821006629835 3.806485283782 -0.340072080876
v 0.621974719572 3.592525980249 0.257630364300
v 0.257630364300 3.592525980249 0.621974719572
v -0.257630364300 3.592525980249 0.621974719572
v -0.621974719572 3.592525980249 0.257630364300
v -0.621974719572 3.592525980249 -0.257630364300
v -0.257630364300 3.592525980249 -0.621974719572
v 0.257630364300 3.592525980249 -0.621974719572
v 0.621974719572 3.592525980249 -0.257630364300
v 0.621974719572 4.766814250801 0.257630364300
v 0.257630364300 4.766814250801 0.621974719572
v -0.257630364300 4.766814250801 0.621974719572
v -0.621974719572 4.766814250801 0.257630364300
v -0.621974719572 4.766814250801 -0.257630364300
v -0.257630364300 4.766814250801 -0.621974719572
v 0.257630364300 4.766814250801 -0.621974719572
v 0.621974719572 4.766814250801 -0.257630364300
v 0.388112225013 4.687201486696 0.160761347323
v 0.160761347323 4.687201486696 0.388112225013
v -0.160761347323 4.687201486696 0.388112225013
v -0.388112225013 4.687201486696 0.160761347323
v -0.388112225013 4.687201486696 -0.160761347323
v -0.160761347323 4.687201486696 -0.388112225013
v 0.160761347323 4.687201486696 -0.388112225013
v 0.388112225013 4.687201486696 -0.160761347323
v 0.388112225013 4.945942970038 0.160761347323
v 0.160761347323 4.945942970038 0.388112225013
v -0.160761347323 4.945942970038 0.388112225013
v -0.388112225013 4.945942970038 0.160761347323
v -0.388112225013 4.945942970038 -0.160761347323
v -0.160761347323 4.945942970038 -0.388112225013
v 0.160761347323 4.945942970038 -0.388112225013
v 0.388112225013 4.945942970038 -0.160761347323
v 0.374514198755 3.781481337423 0.089108443454
v 0.777004454073 3.440616537576 0.089108443454
v 1.528383951939 4.066064116346 0.251036823069
v 0.867692400756 4.625596900999 0.251036823069
v 0.326284595180 3.724532231896 0.367888843964
v 0.728774850497 3.383667432049 0.367888843964
v 1.449214602673 3.972581622367 0.708657480509
v 0.788523051491 4.532114407021 0.708657480509
v 0.255570841963 3.719495053107 0.110885216401
v 0.553413630898 3.467255101220 0.110885216401
v 1.261624970260 4.109791569874 0.328315744718
v 0.772713222385 4.523845830518 0.328315744718
v 0.237276854400 3.697893668252 0.216629506249
v 0.535119643335 3.445653716365 0.216629506249
v 1.231595217090 4.074332692848 0.501895994092
v 0.742683469215 4.488386953492 0.501895994092
v 0.727586945818 4.341252480099 0.335639691869
v 1.590195968363 4.267117892147 0.335639691869
v 1.619085557855 5.126262489334 0.381024190792
v 0.845711951436 5.192727981981 0.381024190792
v 0.726711035067 4.331060631220 0.624054611709
v 1.589320057611 4.256926043267 0.624054611709
v 1.618300258561 5.117124969649 0.639603084442
v 0.844926652142 5.183590462296 0.639603084442
v 0.683155002401 4.328451996082 0.360406488056
v 1.321485679083 4.273592400997 0.360406488056
v 1.362003993469 5.132067221406 0.396531530575
v 0.789707524719 5.181251685965 0.396531530575
v 0.682822760391 4.324586122369 0.469805250754
v 1.321153437074 4.269726527284 0.469805250754
v 1.361706121323 5.128601265664 0.494613179890
v 0.789409652573 5.177785730223 0.494613179890
v 0.897314817533 4.956653823090 0.368458964699
v 1.590496772253 5.305971979602 0.368458964699
v 0.988331997823 5.981230235679 0.293986447784
v 0.712836605562 5.842398660655 0.293986447784
v 0.873515437743 5.003880972027 0.652168310535
v 1.566697392463 5.353199128539 0.652168310535
v 0.978873269958 6.000000000000 0.406742726257
v 0.703377877697 5.861168424976 0.406742726257
v 0.823743175252 5.016721884831 0.391765410333
v 1.336697821745 5.275217320650 0.391765410333
v 0.793282847583 5.969007230198 0.264238493202
v 0.589416257310 5.866271864680 0.264238493202
v 0.814715824297 5.034635630979 0.499379300132
v 1.327670470790 5.293131066798 0.499379300132
v 0.789695054255 5.976126795975 0.307008116071
v 0.585828463982 5.873391430457 0.307008116071
v 0.817188348464 4.916088183499 0.294769174314
v 0.966462281161 4.916088183499 0.294769174314
v 0.966462281161 5.154926475815 0.294769174314
v 0.817188348464 5.154926475815 0.294769174314
v 0.817188348464 4.916088183499 0.444043107012
v 0.966462281161 4.916088183499 0.444043107012
v 0.966462281161 5.154926475815 0.444043107012
v 0.817188348464 5.154926475815 0.444043107012
v 1.234382499484 4.667298295670 0.458832385283
v 1.413511218721 4.667298295670 0.458832385283
v 1.413511218721 5.045458925170 0.458832385283
v 1.234382499484 5.045458925170 0.458832385283
v 1.234382499484 4.667298295670 0.637961104520
v 1.413511218721 4.667298295670 0.637961104520
v 1.413511218721 5.045458925170 0.637961104520
v 1.234382499484 5.045458925170 0.637961104520
v 0.848276745800 3.610584783944 -0.026706537267
v 0.489149694214 3.146078598400 -0.026706537267
v 1.340517703339 2.538170226132 0.357035736939
v 1.650949561489 2.939692522110 0.357035736939
v 0.706080109142 3.720522305677 0.521786931970
v 0.346953057557 3.256016120133 0.521786931970
v 1.217601966567 2.633200965257 0.831157210348
v 1.528033824717 3.034723261235 0.831157210348
v 0.361192608850 3.274074923828 0.012166162531
v 0.931225284297 3.274074923828 0.248281427697
v 0.931225284297 3.592525980249 0.248281427697
v 0.361192608850 3.592525980249 0.012166162531
v 0.264004519060 3.274074923828 0.246798967006
v 0.834037194507 3.274074923828 0.482914232172
v 0.834037194507 3.592525980249 0.482914232172
v 0.264004519060 3.592525980249 0.246798967006
v 1.065780073734 2.965575462920 0.274501855907
v 1.378378637689 2.965575462920 0.403984420676
v 1.378378637689 3.254171732802 0.403984420676
v 1.065780073734 3.254171732802 0.274501855907
v 0.947722441151 2.965575462920 0.559518193631
v 1.260321005106 2.965575462920 0.689000758399
v 1.260321005106 3.254171732802 0.689000758399
v 0.947722441151 3.254171732802 0.559518193631
v 1.686070241274 2.827533096907 0.351704669934
v 1.196256394877 2.694602706851 0.351704669934
v 1.679715450161 1.122156922886 0.582975859286
v 2.063883172825 1.226416052342 0.582975859286
v 1.672295133179 2.878290780516 0.836488277353
v 1.182481286782 2.745360390460 0.836488277353
v 1.668911443812 1.161966870815 0.963198296478
v 2.053079166476 1.266226000271 0.963198296478
v 1.288533416204 2.627221215473 0.269825547147
v 1.766625337547 2.627221215473 0.467857705028
v 1.766625337547 2.945672271894 0.467857705028
v 1.288533416204 2.945672271894 0.269825547147
v 1.101926190509 2.627221215473 0.720335242259
v 1.580018111851 2.627221215473 0.918367400140
v 1.580018111851 2.945672271894 0.918367400140
v 1.101926190509 2.945672271894 0.720335242259
v 1.700171277054 1.846020967690 0.537275296173
v 2.012769841009 1.846020967690 0.666757860941
v 2.012769841009 2.134617237572 0.666757860941
v 1.700171277054 2.134617237572 0.537275296173
v 1.582113644471 1.846020967690 0.822291633896
v 1.894712208426 1.846020967690 0.951774198664
v 1.894712208426 2.134617237572 0.951774198664
v 1.582113644471 2.134617237572 0.822291633896
v 2.056064562287 1.266319896875 0.593276076901
v 1.718686924546 1.055059075226 0.593276076901
v 2.327531399308 0.204633504607 0.884021606657
v 2.555261304784 0.347234559220 0.884021606657
v 2.014107692091 1.333323847931 0.952898078864
v 1.676730054350 1.122063026282 0.952898078864
v 2.299210511926 0.249861171569 1.126766457982
v 2.526940417402 0.392462226183 1.126766457982
v 1.749487939269 1.034965933368 0.509231044375
v 2.135639106507 1.034965933368 0.669180094972
v 2.135639106507 1.353416989789 0.669180094972
v 1.749487939269 1.353416989789 0.509231044375
v 1.597155510130 1.034965933368 0.876994060793
v 1.983306677368 1.034965933368 1.036943111389
v 1.983306677368 1.353416989789 1.036943111389
v 1.597155510130 1.353416989789 0.876994060793
v 2.196651349218 0.602071528546 0.742924075511
v 2.509249913173 0.602071528546 0.872406640279
v 2.509249913173 0.890667798427 0.872406640279
v 2.196651349218 0.890667798427 0.742924075511
v 2.078593716635 0.602071528546 1.027940413234
v 2.391192280590 0.602071528546 1.157422978003
v 2.391192280590 0.890667798427 1.157422978003
v 2.078593716635 0.890667798427 1.027940413234
v 2.433725502825 0.427129532299 0.885507234704
v 2.357562452039 0.190284439505 0.885507234704
v 2.966304529568 0.062476903974 0.781382201844
v 3.002862793946 0.176162548516 0.781382201844
v 2.496909364671 0.406811291284 1.125280829935
v 2.420746313884 0.169966198490 1.125280829935
v 2.996632783254 0.052724148287 0.896473527555
v 3.033191047632 0.166409792828 0.896473527555
v 2.890280237955 0.000000000000 0.704581325272
v 3.109215339245 0.000000000000 0.704581325272
v 3.109215339245 0.228886696803 0.704581325272
v 2.890280237955 0.228886696803 0.704581325272
v 2.890280237955 0.000000000000 0.973274404127
v 3.109215339245 0.000000000000 0.973274404127
v 3.109215339245 0.228886696803 0.973274404127
v 2.890280237955 0.228886696803 0.973274404127
v 2.582071210445 0.347036424244 0.937400701542
v 2.447779447548 0.137603545488 0.937400701542
v 2.724214484036 0.037190074846 1.495293622340
v 2.788674530227 0.137717856649 1.495293622340
v 2.406692369162 0.459492185301 1.073387363098
v 2.272400606265 0.250059306546 1.073387363098
v 2.640032640220 0.091168840154 1.560567219887
v 2.704492686411 0.191696621956 1.560567219887
v 2.604886034579 0.000000000000 1.393583881686
v 2.823821135868 0.000000000000 1.393583881686
v 2.823821135868 0.228886696803 1.393583881686
v 2.604886034579 0.228886696803 1.393583881686
v 2.604886034579 0.000000000000 1.662276960541
v 2.823821135868 0.000000000000 1.662276960541
v 2.823821135868 0.228886696803 1.662276960541
v 2.604886034579 0.228886696803 1.662276960541
v 0.399994197443 4.980773554334 0.130705963345
v 0.519413343601 4.980773554334 0.130705963345
v 0.519413343601 5.130047487032 0.130705963345
v 0.399994197443 5.130047487032 0.130705963345
v 0.399994197443 4.980773554334 0.250125109503
v 0.519413343601 4.980773554334 0.250125109503
v 0.519413343601 5.130047487032 0.250125109503
v 0.399994197443 5.130047487032 0.250125109503
v 0.009467705696 3.754874444121 0.438919665671
v 0.507168016074 3.580284586311 0.438919665671
v 0.937285555482 4.295330535967 0.973414582298
v 0.120305800710 4.581921434635 0.973414582298
v -0.050170728656 3.584864183160 0.664369383581
v 0.447529581722 3.410274325351 0.664369383581
v 0.839388502867 4.016257088731 1.343492421132
v 0.022408748096 4.302847987399 1.343492421132
v -0.009081015966 3.679415957480 0.352587537528
v 0.359217213714 3.550219462701 0.352587537528
v 0.735955061063 4.245978351928 0.931967043407
v 0.131390042532 4.458055616942 0.931967043407
v -0.031702491064 3.614929306771 0.438102947770
v 0.336595738615 3.485732811992 0.438102947770
v 0.698821696278 4.140122906424 1.072341396068
v 0.094256677747 4.352200171439 1.072341396068
v 0.047666070847 4.326830064085 1.014684664229
v 0.912906815786 4.296028827053 1.014684664229
v 0.898574026028 5.152182637870 1.103109905873
v 0.122840944359 5.179797540037 1.103109905873
v 0.046787487791 4.302149696313 1.302222339201
v 0.912028232731 4.271348459281 1.302222339201
v 0.897786330875 5.130055411592 1.360902304123
v 0.122053249205 5.157670313759 1.360902304123
v 0.095133421598 4.315166478790 0.947621212415
v 0.735411572853 4.292373563386 0.947621212415
v 0.732742985910 5.148905504928 1.026815161284
v 0.158700505475 5.169340532531 1.026815161284
v 0.094800165956 4.305804959980 1.056687227060
v 0.735078317211 4.283012044576 1.056687227060
v 0.732444204990 5.140512419098 1.124598484758
v 0.158401724555 5.160947446701 1.124598484758
v 0.143434092801 5.013131710204 1.102597082929
v 0.903281419418 5.171739519125 1.102597082929
v 0.506544090044 5.927881437284 0.794423146938
v 0.204553485876 5.864845000405 0.794423146938
v 0.117345855816 5.138113432504 1.361415127067
v 0.877193182433 5.296721241425 1.361415127067
v 0.496175688165 5.977553660250 0.897286728582
v 0.194185083997 5.914517223371 0.897286728582
v 0.169376613468 5.072538156422 1.026620642236
v 0.731663635164 5.189907935024 1.026620642236
v 0.399326249225 5.935102217962 0.670047045471
v 0.175853202140 5.888455254672 0.670047045471
v 0.159481075301 5.119945016605 1.124793003806
v 0.721768096998 5.237314795207 1.124793003806
v 0.395393407133 5.953943405983 0.709064266095
v 0.171920360048 5.907296442693 0.709064266095
v 0.294769174314 4.916088183499 0.817188348464
v 0.444043107012 4.916088183499 0.817188348464
v 0.444043107012 5.154926475815 0.817188348464
v 0.294769174314 5.154926475815 0.817188348464
v 0.294769174314 4.916088183499 0.966462281161
v 0.444043107012 4.916088183499 0.966462281161
v 0.444043107012 5.154926475815 0.966462281161
v 0.294769174314 5.154926475815 0.966462281161
v 0.458832385283 4.667298295670 1.234382499484
v 0.637961104520 4.667298295670 1.234382499484
v 0.637961104520 5.045458925170 1.234382499484
v 0.458832385283 5.045458925170 1.234382499484
v 0.458832385283 4.667298295670 1.413511218721
v 0.637961104520 4.667298295670 1.413511218721
v 0.637961104520 5.045458925170 1.413511218721
v 0.458832385283 5.045458925170 1.413511218721
v 0.608775011713 3.380693735662 0.407314328447
v 0.091228377257 3.103414604186 0.407314328447
v 0.458979476612 2.501291180285 1.269778658354
v 0.906350296227 2.740973141392 1.269778658354
v 0.403852017446 3.763186299891 0.787915474909
v -0.113694617010 3.485907168415 0.787915474909
v 0.281842651060 2.831920345975 1.598772869702
v 0.729213470674 3.071602307082 1.598772869702
v 0.246798967006 3.274074923828 0.264004519060
v 0.482914232172 3.274074923828 0.834037194507
v 0.482914232172 3.592525980249 0.834037194507
v 0.246798967006 3.592525980249 0.264004519060
v 0.012166162531 3.274074923828 0.361192608850
v 0.248281427697 3.274074923828 0.931225284297
v 0.248281427697 3.592525980249 0.931225284297
v 0.012166162531 3.592525980249 0.361192608850
v 0.559518193631 2.965575462920 0.947722441151
v 0.689000758399 2.965575462920 1.260321005106
v 0.689000758399 3.254171732802 1.260321005106
v 0.559518193631 3.254171732802 0.947722441151
v 0.274501855907 2.965575462920 1.065780073734
v 0.403984420676 2.965575462920 1.378378637689
v 0.403984420676 3.254171732802 1.378378637689
v 0.274501855907 3.254171732802 1.065780073734
v 0.853365832562 2.751705989288 1.198872252567
v 0.349011156741 2.695009836862 1.198872252567
v 0.580863299920 1.122476240542 1.681767103251
v 0.976435594681 1.166943811072 1.681767103251
v 0.839181790546 2.877883650505 1.669679275489
v 0.334827114724 2.821187498079 1.669679275489
v 0.569738561083 1.221439112085 2.051027513386
v 0.965310855845 1.265906682615 2.051027513386
v 0.720335242259 2.627221215473 1.101926190509
v 0.918367400140 2.627221215473 1.580018111851
v 0.918367400140 2.945672271894 1.580018111851
v 0.720335242259 2.945672271894 1.101926190509
v 0.269825547147 2.627221215473 1.288533416204
v 0.467857705028 2.627221215473 1.766625337547
v 0.467857705028 2.945672271894 1.766625337547
v 0.269825547147 2.945672271894 1.288533416204
v 0.822291633896 1.846020967690 1.582113644471
v 0.951774198664 1.846020967690 1.894712208426
v 0.951774198664 2.134617237572 1.894712208426
v 0.822291633896 2.134617237572 1.582113644471
v 0.537275296173 1.846020967690 1.700171277054
v 0.666757860941 1.846020967690 2.012769841009
v 0.666757860941 2.134617237572 2.012769841009
v 0.537275296173 2.134617237572 1.700171277054
v 0.989703108679 1.151788862176 1.708956242373
v 0.604389338178 1.051848362508 1.708956242373
v 0.891523058019 0.202466273522 2.320963188842
v 1.151609853108 0.269926110798 2.320963188842
v 0.941784817586 1.336534560650 2.023838374264
v 0.556471047085 1.236594060981 2.023838374264
v 0.859178211531 0.327169619991 2.533508627868
v 1.119265006620 0.394629457268 2.533508627868
v 0.876994060793 1.034965933368 1.597155510130
v 1.036943111389 1.034965933368 1.983306677368
v 1.036943111389 1.353416989789 1.983306677368
v 0.876994060793 1.353416989789 1.597155510130
v 0.509231044375 1.034965933368 1.749487939269
v 0.669180094972 1.034965933368 2.135639106507
v 0.669180094972 1.353416989789 2.135639106507
v 0.509231044375 1.353416989789 1.749487939269
v 1.027940413234 0.602071528546 2.078593716635
v 1.157422978003 0.602071528546 2.391192280590
v 1.157422978003 0.890667798427 2.391192280590
v 1.027940413234 0.890667798427 2.078593716635
v 0.742924075511 0.602071528546 2.196651349218
v 0.872406640279 0.602071528546 2.509249913173
v 0.872406640279 0.890667798427 2.509249913173
v 0.742924075511 0.890667798427 2.196651349218
v 1.100715762906 0.396853348115 2.316791334527
v 1.018041314185 0.162201811120 2.316791334527
v 1.534001116408 0.048997242349 2.661340189786
v 1.573684851795 0.161629980107 2.661340189786
v 0.992746750454 0.434893919670 2.537680482183
v 0.910072301733 0.200242382674 2.537680482183
v 1.482175990432 0.067256716695 2.767366980661
v 1.521859725818 0.179889454453 2.767366980661
v 1.418462870468 0.000000000000 2.580007045796
v 1.637397971758 0.000000000000 2.580007045796
v 1.637397971758 0.228886696803 2.580007045796
v 1.418462870468 0.228886696803 2.580007045796
v 1.418462870468 0.000000000000 2.848700124651
v 1.637397971758 0.000000000000 2.848700124651
v 1.637397971758 0.228886696803 2.848700124651
v 1.418462870468 0.228886696803 2.848700124651
v 1.021117951381 0.130462441171 2.377756087461
v 0.836579202241 0.297321238817 2.377756087461
v 0.757896746262 0.113854567644 2.975997474571
v 0.846475345849 0.033762344774 2.975997474571
v 1.174208862398 0.299774491973 2.476715729249
v 0.989670113259 0.466633289619 2.476715729249
v 0.831380383550 0.195124352029 3.023498102629
v 0.919958983137 0.115032129159 3.023498102629
v 0.729460314055 0.000000000000 2.865401249172
v 0.948395415344 0.000000000000 2.865401249172
v 0.948395415344 0.228886696803 2.865401249172
v 0.729460314055 0.228886696803 2.865401249172
v 0.729460314055 0.000000000000 3.134094328028
v 0.948395415344 0.000000000000 3.134094328028
v 0.948395415344 0.228886696803 3.134094328028
v 0.729460314055 0.228886696803 3.134094328028
v 0.130705963345 4.980773554334 0.399994197443
v 0.250125109503 4.980773554334 0.399994197443
v 0.250125109503 5.130047487032 0.399994197443
v 0.130705963345 5.130047487032 0.399994197443
v 0.130705963345 4.980773554334 0.519413343601
v 0.250125109503 4.980773554334 0.519413343601
v 0.250125109503 5.130047487032 0.519413343601
v 0.130705963345 5.130047487032 0.519413343601
v -0.507168016074 3.580284586311 0.438919665671
v -0.009467705696 3.754874444121 0.438919665671
v -0.120305800710 4.581921434635 0.973414582298
v -0.937285555482 4.295330535967 0.973414582298
v -0.447529581722 3.410274325351 0.664369383581
v 0.050170728656 3.584864183160 0.664369383581
v -0.022408748096 4.302847987399 1.343492421132
v -0.839388502867 4.016257088731 1.343492421132
v -0.359217213714 3.550219462701 0.352587537528
v 0.009081015966 3.679415957480 0.352587537528
v -0.131390042532 4.458055616942 0.931967043407
v -0.735955061063 4.245978351928 0.931967043407
v -0.336595738615 3.485732811992 0.438102947770
v 0.031702491064 3.614929306771 0.438102947770
v -0.094256677747 4.352200171439 1.072341396068
v -0.698821696278 4.140122906424 1.072341396068
v -0.912906815786 4.296028827053 1.014684664229
v -0.047666070847 4.326830064085 1.014684664229
v -0.122840944359 5.179797540037 1.103109905873
v -0.898574026028 5.152182637870 1.103109905873
v -0.912028232731 4.271348459281 1.302222339201
v -0.046787487791 4.302149696313 1.302222339201
v -0.122053249205 5.157670313759 1.360902304123
v -0.897786330875 5.130055411592 1.360902304123
v -0.735411572853 4.292373563386 0.947621212415
v -0.095133421598 4.315166478790 0.947621212415
v -0.158700505475 5.169340532531 1.026815161284
v -0.732742985910 5.148905504928 1.026815161284
v -0.735078317211 4.283012044576 1.056687227060
v -0.094800165956 4.305804959980 1.056687227060
v -0.158401724555 5.160947446701 1.124598484758
v -0.732444204990 5.140512419098 1.124598484758
v -0.903281419418 5.171739519125 1.102597082929
v -0.143434092801 5.013131710204 1.102597082929
v -0.204553485876 5.864845000405 0.794423146938
v -0.506544090044 5.927881437284 0.794423146938
v -0.877193182433 5.296721241425 1.361415127067
v -0.117345855816 5.138113432504 1.361415127067
v -0.194185083997 5.914517223371 0.897286728582
v -0.496175688165 5.977553660250 0.897286728582
v -0.731663635164 5.189907935024 1.026620642236
v -0.169376613468 5.072538156422 1.026620642236
v -0.175853202140 5.888455254672 0.670047045471
v -0.399326249225 5.935102217962 0.670047045471
v -0.721768096998 5.237314795207 1.124793003806
v -0.159481075301 5.119945016605 1.124793003806
v -0.171920360048 5.907296442693 0.709064266095
v -0.395393407133 5.953943405983 0.709064266095
v -0.444043107012 4.916088183499 0.817188348464
v -0.294769174314 4.916088183499 0.817188348464
v -0.294769174314 5.154926475815 0.817188348464
v -0.444043107012 5.154926475815 0.817188348464
v -0.444043107012 4.916088183499 0.966462281161
v -0.294769174314 4.916088183499 0.966462281161
v -0.294769174314 5.154926475815 0.966462281161
v -0.444043107012 5.154926475815 0.966462281161
v -0.637961104520 4.667298295670 1.234382499484
v -0.458832385283 4.667298295670 1.234382499484
v -0.458832385283 5.045458925170 1.234382499484
v -0.637961104520 5.045458925170 1.234382499484
v -0.637961104520 4.667298295670 1.413511218721
v -0.458832385283 4.667298295670 1.413511218721
v -0.458832385283 5.045458925170 1.413511218721
v -0.637961104520 5.045458925170 1.413511218721
v -0.091228377257 3.103414604186 0.407314328447
v -0.608775011713 3.380693735662 0.407314328447
v -0.906350296227 2.740973141392 1.269778658354
v -0.458979476612 2.501291180285 1.269778658354
v 0.113694617010 3.485907168415 0.787915474909
v -0.403852017446 3.763186299891 0.787915474909
v -0.729213470674 3.071602307082 1.598772869702
v -0.281842651060 2.831920345975 1.598772869702
v -0.012166162531 3.274074923828 0.361192608850
v -0.248281427697 3.274074923828 0.931225284297
v -0.248281427697 3.592525980249 0.931225284297
v -0.012166162531 3.592525980249 0.361192608850
v -0.246798967006 3.274074923828 0.264004519060
v -0.482914232172 3.274074923828 0.834037194507
v -0.482914232172 3.592525980249 0.834037194507
v -0.246798967006 3.592525980249 0.264004519060
v -0.274501855907 2.965575462920 1.065780073734
v -0.403984420676 2.965575462920 1.378378637689
v -0.403984420676 3.254171732802 1.378378637689
v -0.274501855907 3.254171732802 1.065780073734
v -0.559518193631 2.965575462920 0.947722441151
v -0.689000758399 2.965575462920 1.260321005106
v -0.689000758399 3.254171732802 1.260321005106
v -0.559518193631 3.254171732802 0.947722441151
v -0.349011156741 2.695009836862 1.198872252567
v -0.853365832562 2.751705989288 1.198872252567
v -0.976435594681 1.166943811072 1.681767103251
v -0.580863299920 1.122476240542 1.681767103251
v -0.334827114724 2.821187498079 1.669679275489
v -0.839181790546 2.877883650505 1.669679275489
v -0.965310855845 1.265906682615 2.051027513386
v -0.569738561083 1.221439112085 2.051027513386
v -0.269825547147 2.627221215473 1.288533416204
v -0.467857705028 2.627221215473 1.766625337547
v -0.467857705028 2.945672271894 1.766625337547
v -0.269825547147 2.945672271894 1.288533416204
v -0.720335242259 2.627221215473 1.101926190509
v -0.918367400140 2.627221215473 1.580018111851
v -0.918367400140 2.945672271894 1.580018111851
v -0.720335242259 2.945672271894 1.101926190509
v -0.537275296173 1.846020967690 1.700171277054
v -0.666757860941 1.846020967690 2.012769841009
v -0.666757860941 2.134617237572 2.012769841009
v -0.537275296173 2.134617237572 1.700171277054
v -0.822291633896 1.846020967690 1.582113644471
v -0.951774198664 1.846020967690 1.894712208426
v -0.951774198664 2.134617237572 1.894712208426
v -0.822291633896 2.134617237572 1.582113644471
v -0.604389338178 1.051848362508 1.708956242373
v -0.989703108679 1.151788862176 1.708956242373
v -1.151609853108 0.269926110798 2.320963188842
v -0.891523058019 0.202466273522 2.320963188842
v -0.556471047085 1.236594060981 2.023838374264
v -0.941784817586 1.336534560650 2.023838374264
v -1.119265006620 0.394629457268 2.533508627868
v -0.859178211531 0.327169619991 2.533508627868
v -0.509231044375 1.034965933368 1.749487939269
v -0.669180094972 1.034965933368 2.135639106507
v -0.669180094972 1.353416989789 2.135639106507
v -0.509231044375 1.353416989789 1.749487939269
v -0.876994060793 1.034965933368 1.597155510130
v -1.036943111389 1.034965933368 1.983306677368
v -1.036943111389 1.353416989789 1.983306677368
v -0.876994060793 1.353416989789 1.597155510130
v -0.742924075511 0.602071528546 2.196651349218
v -0.872406640279 0.602071528546 2.509249913173
v -0.872406640279 0.890667798427 2.509249913173
v -0.742924075511 0.890667798427 2.196651349218
v -1.027940413234 0.602071528546 2.078593716635
v -1.157422978003 0.602071528546 2.391192280590
v -1.157422978003 0.890667798427 2.391192280590
v -1.027940413234 0.890667798427 2.078593716635
v -0.836579202241 0.297321238817 2.377756087461
v -1.021117951381 0.130462441171 2.377756087461
v -0.846475345849 0.033762344774 2.975997474571
v -0.757896746262 0.113854567644 2.975997474571
v -0.989670113259 0.466633289619 2.476715729249
v -1.174208862398 0.299774491973 2.476715729249
v -0.919958983137 0.115032129159 3.023498102629
v -0.831380383550 0.195124352029 3.023498102629
v -0.948395415344 0.000000000000 2.865401249172
v -0.729460314055 0.000000000000 2.865401249172
v -0.729460314055 0.228886696803 2.865401249172
v -0.948395415344 0.228886696803 2.865401249172
v -0.948395415344 0.000000000000 3.134094328028
v -0.729460314055 0.000000000000 3.134094328028
v -0.729460314055 0.228886696803 3.134094328028
v -0.948395415344 0.228886696803 3.134094328028
v -1.018041314185 0.162201811120 2.316791334527
v -1.100715762906 0.396853348115 2.316791334527
v -1.573684851795 0.161629980107 2.661340189786
v -1.534001116408 0.048997242349 2.661340189786
v -0.910072301733 0.200242382674 2.537680482183
v -0.992746750454 0.434893919670 2.537680482183
v -1.521859725818 0.179889454453 2.767366980661
v -1.482175990432 0.067256716695 2.767366980661
v -1.637397971758 0.000000000000 2.580007045796
v -1.418462870468 0.000000000000 2.580007045796
v -1.418462870468 0.228886696803 2.580007045796
v -1.637397971758 0.228886696803 2.580007045796
v -1.637397971758 0.000000000000 2.848700124651
v -1.418462870468 0.000000000000 2.848700124651
v -1.418462870468 0.228886696803 2.848700124651
v -1.637397971758 0.228886696803 2.848700124651
v -0.250125109503 4.980773554334 0.399994197443
v -0.130705963345 4.980773554334 0.399994197443
v -0.130705963345 5.130047487032 0.399994197443
v -0.250125109503 5.130047487032 0.399994197443
v -0.250125109503 4.980773554334 0.519413343601
v -0.130705963345 4.980773554334 0.519413343601
v -0.130705963345 5.130047487032 0.519413343601
v -0.250125109503 5.130047487032 0.519413343601
v -0.777004454073 3.440616537576 0.089108443454
v -0.374514198755 3.781481337423 0.089108443454
v -0.867692400756 4.625596900999 0.251036823069
v -1.528383951939 4.066064116346 0.251036823069
v -0.728774850497 3.383667432049 0.367888843964
v -0.326284595180 3.724532231896 0.367888843964
v -0.788523051491 4.532114407021 0.708657480509
v -1.449214602673 3.972581622367 0.708657480509
v -0.553413630898 3.467255101220 0.110885216401
v -0.255570841963 3.719495053107 0.110885216401
v -0.772713222385 4.523845830518 0.328315744718
v -1.261624970260 4.109791569874 0.328315744718
v -0.535119643335 3.445653716365 0.216629506249
v -0.237276854400 3.697893668252 0.216629506249
v -0.742683469215 4.488386953492 0.501895994092
v -1.231595217090 4.074332692848 0.501895994092
v -1.590195968363 4.267117892147 0.335639691869
v -0.727586945818 4.341252480099 0.335639691869
v -0.845711951436 5.192727981981 0.381024190792
v -1.619085557855 5.126262489334 0.381024190792
v -1.589320057611 4.256926043267 0.624054611709
v -0.726711035067 4.331060631220 0.624054611709
v -0.844926652142 5.183590462296 0.639603084442
v -1.618300258561 5.117124969649 0.639603084442
v -1.321485679083 4.273592400997 0.360406488056
v -0.683155002401 4.328451996082 0.360406488056
v -0.789707524719 5.181251685965 0.396531530575
v -1.362003993469 5.132067221406 0.396531530575
v -1.321153437074 4.269726527284 0.469805250754
v -0.682822760391 4.324586122369 0.469805250754
v -0.789409652573 5.177785730223 0.494613179890
v -1.361706121323 5.128601265664 0.494613179890
v -1.590496772253 5.305971979602 0.368458964699
v -0.897314817533 4.956653823090 0.368458964699
v -0.712836605562 5.842398660655 0.293986447784
v -0.988331997823 5.981230235679 0.293986447784
v -1.566697392463 5.353199128539 0.652168310535
v -0.873515437743 5.003880972027 0.652168310535
v -0.703377877697 5.861168424976 0.406742726257
v -0.978873269958 6.000000000000 0.406742726257
v -1.336697821745 5.275217320650 0.391765410333
v -0.823743175252 5.016721884831 0.391765410333
v -0.589416257310 5.866271864680 0.264238493202
v -0.793282847583 5.969007230198 0.264238493202
v -1.327670470790 5.293131066798 0.499379300132
v -0.814715824297 5.034635630979 0.499379300132
v -0.585828463982 5.873391430457 0.307008116071
v -0.789695054255 5.976126795975 0.307008116071
v -0.966462281161 4.916088183499 0.294769174314
v -0.817188348464 4.916088183499 0.294769174314
v -0.817188348464 5.154926475815 0.294769174314
v -0.966462281161 5.154926475815 0.294769174314
v -0.966462281161 4.916088183499 0.444043107012
v -0.817188348464 4.916088183499 0.444043107012
v -0.817188348464 5.154926475815 0.444043107012
v -0.966462281161 5.154926475815 0.444043107012
v -1.413511218721 4.667298295670 0.458832385283
v -1.234382499484 4.667298295670 0.458832385283
v -1.234382499484 5.045458925170 0.458832385283
v -1.413511218721 5.045458925170 0.458832385283
v -1.413511218721 4.667298295670 0.637961104520
v -1.234382499484 4.667298295670 0.637961104520
v -1.234382499484 5.045458925170 0.637961104520
v -1.413511218721 5.045458925170 0.637961104520
v -0.489149694214 3.146078598400 -0.026706537267
v -0.848276745800 3.610584783944 -0.026706537267
v -1.650949561489 2.939692522110 0.357035736939
v -1.340517703339 2.538170226132 0.357035736939
v -0.346953057557 3.256016120133 0.521786931970
v -0.706080109142 3.720522305677 0.521786931970
v -1.528033824717 3.034723261235 0.831157210348
v -1.217601966567 2.633200965257 0.831157210348
v -0.264004519060 3.274074923828 0.246798967006
v -0.834037194507 3.274074923828 0.482914232172
v -0.834037194507 3.592525980249 0.482914232172
v -0.264004519060 3.592525980249 0.246798967006
v -0.361192608850 3.274074923828 0.012166162531
v -0.931225284297 3.274074923828 0.248281427697
v -0.931225284297 3.592525980249 0.248281427697
v -0.361192608850 3.592525980249 0.012166162531
v -0.947722441151 2.965575462920 0.559518193631
v -1.260321005106 2.965575462920 0.689000758399
v -1.260321005106 3.254171732802 0.689000758399
v -0.947722441151 3.254171732802 0.559518193631
v -1.065780073734 2.965575462920 0.274501855907
v -1.378378637689 2.965575462920 0.403984420676
v -1.378378637689 3.254171732802 0.403984420676
v -1.065780073734 3.254171732802 0.274501855907
v -1.196256394877 2.694602706851 0.351704669934
v -1.686070241274 2.827533096907 0.351704669934
v -2.063883172825 1.226416052342 0.582975859286
v -1.679715450161 1.122156922886 0.582975859286
v -1.182481286782 2.745360390460 0.836488277353
v -1.672295133179 2.878290780516 0.836488277353
v -2.053079166476 1.266226000271 0.963198296478
v -1.668911443812 1.161966870815 0.963198296478
v -1.101926190509 2.627221215473 0.720335242259
v -1.580018111851 2.627221215473 0.918367400140
v -1.580018111851 2.945672271894 0.918367400140
v -1.101926190509 2.945672271894 0.720335242259
v -1.288533416204 2.627221215473 0.269825547147
v -1.766625337547 2.627221215473 0.467857705028
v -1.766625337547 2.945672271894 0.467857705028
v -1.288533416204 2.945672271894 0.269825547147
v -1.582113644471 1.846020967690 0.822291633896
v -1.894712208426 1.846020967690 0.951774198664
v -1.894712208426 2.134617237572 0.951774198664
v -1.582113644471 2.134617237572 0.822291633896
v -1.700171277054 1.846020967690 0.537275296173
v -2.012769841009 1.846020967690 0.666757860941
v -2.012769841009 2.134617237572 0.666757860941
v -1.700171277054 2.134617237572 0.537275296173
v -1.718686924546 1.055059075226 0.593276076901
v -2.056064562287 1.266319896875 0.593276076901
v -2.555261304784 0.347234559220 0.884021606657
v -2.327531399308 0.204633504607 0.884021606657
v -1.676730054350 1.122063026282 0.952898078864
v -2.014107692091 1.333323847931 0.952898078864
v -2.526940417402 0.392462226183 1.126766457982
v -2.299210511926 0.249861171569 1.126766457982
v -1.597155510130 1.034965933368 0.876994060793
v -1.983306677368 1.034965933368 1.036943111389
v -1.983306677368 1.353416989789 1.036943111389
v -1.597155510130 1.353416989789 0.876994060793
v -1.749487939269 1.034965933368 0.509231044375
v -2.135639106507 1.034965933368 0.669180094972
v -2.135639106507 1.353416989789 0.669180094972
v -1.749487939269 1.353416989789 0.509231044375
v -2.078593716635 0.602071528546 1.027940413234
v -2.391192280590 0.602071528546 1.157422978003
v -2.391192280590 0.890667798427 1.157422978003
v -2.078593716635 0.890667798427 1.027940413234
v -2.196651349218 0.602071528546 0.742924075511
v -2.509249913173 0.602071528546 0.872406640279
v -2.509249913173 0.890667798427 0.872406640279
v -2.196651349218 0.890667798427 0.742924075511
v -2.447779447548 0.137603545488 0.937400701542
v -2.582071210445 0.347036424244 0.937400701542
v -2.788674530227 0.137717856649 1.495293622340
v -2.724214484036 0.037190074846 1.495293622340
v -2.272400606265 0.250059306546 1.073387363098
v -2.406692369162 0.459492185301 1.073387363098
v -2.704492686411 0.191696621956 1.560567219887
v -2.640032640220 0.091168840154 1.560567219887
v -2.823821135868 0.000000000000 1.393583881686
v -2.604886034579 0.000000000000 1.393583881686
v -2.604886034579 0.228886696803 1.393583881686
v -2.823821135868 0.228886696803 1.393583881686
v -2.823821135868 0.000000000000 1.662276960541
v -2.604886034579 0.000000000000 1.662276960541
v -2.604886034579 0.228886696803 1.662276960541
v -2.823821135868 0.228886696803 1.662276960541
v -2.357562452039 0.190284439505 0.885507234704
v -2.433725502825 0.427129532299 0.885507234704
v -3.002862793946 0.176162548516 0.781382201844
v -2.966304529568 0.062476903974 0.781382201844
v -2.420746313884 0.169966198490 1.125280829935
v -2.496909364671 0.406811291284 1.125280829935
v -3.033191047632 0.166409792828 0.896473527555
v -2.996632783254 0.052724148287 0.896473527555
v -3.109215339245 0.000000000000 0.704581325272
v -2.890280237955 0.000000000000 0.704581325272
v -2.890280237955 0.228886696803 0.704581325272
v -3.109215339245 0.228886696803 0.704581325272
v -3.109215339245 0.000000000000 0.973274404127
v -2.890280237955 0.000000000000 0.973274404127
v -2.890280237955 0.228886696803 0.973274404127
v -3.109215339245 0.228886696803 0.973274404127
v -0.519413343601 4.980773554334 0.130705963345
v -0.399994197443 4.980773554334 0.130705963345
v -0.399994197443 5.130047487032 0.130705963345
v -0.519413343601 5.130047487032 0.130705963345
v -0.519413343601 4.980773554334 0.250125109503
v -0.399994197443 4.980773554334 0.250125109503
v -0.399994197443 5.130047487032 0.250125109503
v -0.519413343601 5.130047487032 0.250125109503
v -0.728774850497 3.383667432049 -0.367888843964
v -0.326284595180 3.724532231896 -0.367888843964
v -0.788523051491 4.532114407021 -0.708657480509
v -1.449214602673 3.972581622367 -0.708657480509
v -0.777004454073 3.440616537576 -0.089108443454
v -0.374514198755 3.781481337423 -0.089108443454
v -0.867692400756 4.625596900999 -0.251036823069
v -1.528383951939 4.066064116346 -0.251036823069
v -0.535119643335 3.445653716365 -0.216629506249
v -0.237276854400 3.697893668252 -0.216629506249
v -0.742683469215 4.488386953492 -0.501895994092
v -1.231595217090 4.074332692848 -0.501895994092
v -0.553413630898 3.467255101220 -0.110885216401
v -0.255570841963 3.719495053107 -0.110885216401
v -0.772713222385 4.523845830518 -0.328315744718
v -1.261624970260 4.109791569874 -0.328315744718
v -1.589320057611 4.256926043267 -0.624054611709
v -0.726711035067 4.331060631220 -0.624054611709
v -0.844926652142 5.183590462296 -0.639603084442
v -1.618300258561 5.117124969649 -0.639603084442
v -1.590195968363 4.267117892147 -0.335639691869
v -0.727586945818 4.341252480099 -0.335639691869
v -0.845711951436 5.192727981981 -0.381024190792
v -1.619085557855 5.126262489334 -0.381024190792
v -1.321153437074 4.269726527284 -0.469805250754
v -0.682822760391 4.324586122369 -0.469805250754
v -0.789409652573 5.177785730223 -0.494613179890
v -1.361706121323 5.128601265664 -0.494613179890
v -1.321485679083 4.273592400997 -0.360406488056
v -0.683155002401 4.328451996082 -0.360406488056
v -0.789707524719 5.181251685965 -0.396531530575
v -1.362003993469 5.132067221406 -0.396531530575
v -1.566697392463 5.353199128539 -0.652168310535
v -0.873515437743 5.003880972027 -0.652168310535
v -0.703377877697 5.861168424976 -0.406742726257
v -0.978873269958 6.000000000000 -0.406742726257
v -1.590496772253 5.305971979602 -0.368458964699
v -0.897314817533 4.956653823090 -0.368458964699
v -0.712836605562 5.842398660655 -0.293986447784
v -0.988331997823 5.981230235679 -0.293986447784
v -1.327670470790 5.293131066798 -0.499379300132
v -0.814715824297 5.034635630979 -0.499379300132
v -0.585828463982 5.873391430457 -0.307008116071
v -0.789695054255 5.976126795975 -0.307008116071
v -1.336697821745 5.275217320650 -0.391765410333
v -0.823743175252 5.016721884831 -0.391765410333
v -0.589416257310 5.866271864680 -0.264238493202
v -0.793282847583 5.969007230198 -0.264238493202
v -0.966462281161 4.916088183499 -0.444043107012
v -0.817188348464 4.916088183499 -0.444043107012
v -0.817188348464 5.154926475815 -0.444043107012
v -0.966462281161 5.154926475815 -0.444043107012
v -0.966462281161 4.916088183499 -0.294769174314
v -0.817188348464 4.916088183499 -0.294769174314
v -0.817188348464 5.154926475815 -0.294769174314
v -0.966462281161 5.154926475815 -0.294769174314
v -1.413511218721 4.667298295670 -0.637961104520
v -1.234382499484 4.667298295670 -0.637961104520
v -1.234382499484 5.045458925170 -0.637961104520
v -1.413511218721 5.045458925170 -0.637961104520
v -1.413511218721 4.667298295670 -0.458832385283
v -1.234382499484 4.667298295670 -0.458832385283
v -1.234382499484 5.045458925170 -0.458832385283
v -1.413511218721 5.045458925170 -0.458832385283
v -0.346953057557 3.256016120133 -0.521786931970
v -0.706080109142 3.720522305677 -0.521786931970
v -1.528033824717 3.034723261235 -0.831157210348
v -1.217601966567 2.633200965257 -0.831157210348
v -0.489149694214 3.146078598400 0.026706537267
v -0.848276745800 3.610584783944 0.026706537267
v -1.650949561489 2.939692522110 -0.357035736939
v -1.340517703339 2.538170226132 -0.357035736939
v -0.361192608850 3.274074923828 -0.012166162531
v -0.931225284297 3.274074923828 -0.248281427697
v -0.931225284297 3.592525980249 -0.248281427697
v -0.361192608850 3.592525980249 -0.012166162531
v -0.264004519060 3.274074923828 -0.246798967006
v -0.834037194507 3.274074923828 -0.482914232172
v -0.834037194507 3.592525980249 -0.482914232172
v -0.264004519060 3.592525980249 -0.246798967006
v -1.065780073734 2.965575462920 -0.274501855907
v -1.378378637689 2.965575462920 -0.403984420676
v -1.378378637689 3.254171732802 -0.403984420676
v -1.065780073734 3.254171732802 -0.274501855907
v -0.947722441151 2.965575462920 -0.559518193631
v -1.260321005106 2.965575462920 -0.689000758399
v -1.260321005106 3.254171732802 -0.689000758399
v -0.947722441151 3.254171732802 -0.559518193631
v -1.182481286782 2.745360390460 -0.836488277353
v -1.672295133179 2.878290780516 -0.836488277353
v -2.053079166476 1.266226000271 -0.963198296478
v -1.668911443812 1.161966870815 -0.963198296478
v -1.196256394877 2.694602706851 -0.351704669934
v -1.686070241274 2.827533096907 -0.351704669934
v -2.063883172825 1.226416052342 -0.582975859286
v -1.679715450161 1.122156922886 -0.582975859286
v -1.288533416204 2.627221215473 -0.269825547147
v -1.766625337547 2.627221215473 -0.467857705028
v -1.766625337547 2.945672271894 -0.467857705028
v -1.288533416204 2.945672271894 -0.269825547147
v -1.101926190509 2.627221215473 -0.720335242259
v -1.580018111851 2.627221215473 -0.918367400140
v -1.580018111851 2.945672271894 -0.918367400140
v -1.101926190509 2.945672271894 -0.720335242259
v -1.700171277054 1.846020967690 -0.537275296173
v -2.012769841009 1.846020967690 -0.666757860941
v -2.012769841009 2.134617237572 -0.666757860941
v -1.700171277054 2.134617237572 -0.537275296173
v -1.582113644471 1.846020967690 -0.822291633896
v -1.894712208426 1.846020967690 -0.951774198664
v -1.894712208426 2.134617237572 -0.951774198664
v -1.582113644471 2.134617237572 -0.822291633896
v -1.676730054350 1.122063026282 -0.952898078864
v -2.014107692091 1.333323847931 -0.952898078864
v -2.526940417402 0.392462226183 -1.126766457982
v -2.299210511926 0.249861171569 -1.126766457982
v -1.718686924546 1.055059075226 -0.593276076901
v -2.056064562287 1.266319896875 -0.593276076901
v -2.555261304784 0.347234559220 -0.884021606657
v -2.327531399308 0.204633504607 -0.884021606657
v -1.749487939269 1.034965933368 -0.509231044375
v -2.135639106507 1.034965933368 -0.669180094972
v -2.135639106507 1.353416989789 -0.669180094972
v -1.749487939269 1.353416989789 -0.509231044375
v -1.597155510130 1.034965933368 -0.876994060793
v -1.983306677368 1.034965933368 -1.036943111389
v -1.983306677368 1.353416989789 -1.036943111389
v -1.597155510130 1.353416989789 -0.876994060793
v -2.196651349218 0.602071528546 -0.742924075511
v -2.509249913173 0.602071528546 -0.872406640279
v -2.509249913173 0.890667798427 -0.872406640279
v -2.196651349218 0.890667798427 -0.742924075511
v -2.078593716635 0.602071528546 -1.027940413234
v -2.391192280590 0.602071528546 -1.157422978003
v -2.391192280590 0.890667798427 -1.157422978003
v -2.078593716635 0.890667798427 -1.027940413234
v -2.420746313884 0.169966198490 -1.125280829935
v -2.496909364671 0.406811291284 -1.125280829935
v -3.033191047632 0.166409792828 -0.896473527555
v -2.996632783254 0.052724148287 -0.896473527555
v -2.357562452039 0.190284439505 -0.885507234704
v -2.433725502825 0.427129532299 -0.885507234704
v -3.002862793946 0.176162548516 -0.781382201844
v -2.966304529568 0.062476903974 -0.781382201844
v -3.109215339245 0.000000000000 -0.973274404127
v -2.890280237955 0.000000000000 -0.973274404127
v -2.890280237955 0.228886696803 -0.973274404127
v -3.109215339245 0.228886696803 -0.973274404127
v -3.109215339245 0.000000000000 -0.704581325272
v -2.890280237955 0.000000000000 -0.704581325272
v -2.890280237955 0.228886696803 -0.704581325272
v -3.109215339245 0.228886696803 -0.704581325272
v -2.272400606265 0.250059306546 -1.073387363098
v -2.406692369162 0.459492185301 -1.073387363098
v -2.704492686411 0.191696621956 -1.560567219887
v -2.640032640220 0.091168840154 -1.560567219887
v -2.447779447548 0.137603545488 -0.937400701542
v -2.582071210445 0.347036424244 -0.937400701542
v -2.788674530227 0.137717856649 -1.495293622340
v -2.724214484036 0.037190074846 -1.495293622340
v -2.823821135868 0.000000000000 -1.662276960541
v -2.604886034579 0.000000000000 -1.662276960541
v -2.604886034579 0.228886696803 -1.662276960541
v -2.823821135868 0.228886696803 -1.662276960541
v -2.823821135868 0.000000000000 -1.393583881686
v -2.604886034579 0.000000000000 -1.393583881686
v -2.604886034579 0.228886696803 -1.393583881686
v -2.823821135868 0.228886696803 -1.393583881686
v -0.519413343601 4.980773554334 -0.250125109503
v -0.399994197443 4.980773554334 -0.250125109503
v -0.399994197443 5.130047487032 -0.250125109503
v -0.519413343601 5.130047487032 -0.250125109503
v -0.519413343601 4.980773554334 -0.130705963345
v -0.399994197443 4.980773554334 -0.130705963345
v -0.399994197443 5.130047487032 -0.130705963345
v -0.519413343601 5.130047487032 -0.130705963345
v -0.447529581722 3.410274325351 -0.664369383581
v 0.050170728656 3.584864183160 -0.664369383581
v -0.022408748096 4.302847987399 -1.343492421132
v -0.839388502867 4.016257088731 -1.343492421132
v -0.507168016074 3.580284586311 -0.438919665671
v -0.009467705696 3.754874444121 -0.438919665671
v -0.120305800710 4.581921434635 -0.973414582298
v -0.937285555482 4.295330535967 -0.973414582298
v -0.336595738615 3.485732811992 -0.438102947770
v 0.031702491064 3.614929306771 -0.438102947770
v -0.094256677747 4.352200171439 -1.072341396068
v -0.698821696278 4.140122906424 -1.072341396068
v -0.359217213714 3.550219462701 -0.352587537528
v 0.009081015966 3.679415957480 -0.352587537528
v -0.131390042532 4.458055616942 -0.931967043407
v -0.735955061063 4.245978351928 -0.931967043407
v -0.912028232731 4.271348459281 -1.302222339201
v -0.046787487791 4.302149696313 -1.302222339201
v -0.122053249205 5.157670313759 -1.360902304123
v -0.897786330875 5.130055411592 -1.360902304123
v -0.912906815786 4.296028827053 -1.014684664229
v -0.047666070847 4.326830064085 -1.014684664229
v -0.122840944359 5.179797540037 -1.103109905873
v -0.898574026028 5.152182637870 -1.103109905873
v -0.735078317211 4.283012044576 -1.056687227060
v -0.094800165956 4.305804959980 -1.056687227060
v -0.158401724555 5.160947446701 -1.124598484758
v -0.732444204990 5.140512419098 -1.124598484758
v -0.735411572853 4.292373563386 -0.947621212415
v -0.095133421598 4.315166478790 -0.947621212415
v -0.158700505475 5.169340532531 -1.026815161284
v -0.732742985910 5.148905504928 -1.026815161284
v -0.877193182433 5.296721241425 -1.361415127067
v -0.117345855816 5.138113432504 -1.361415127067
v -0.194185083997 5.914517223371 -0.897286728582
v -0.496175688165 5.977553660250 -0.897286728582
v -0.903281419418 5.171739519125 -1.102597082929
v -0.143434092801 5.013131710204 -1.102597082929
v -0.204553485876 5.864845000405 -0.794423146938
v -0.506544090044 5.927881437284 -0.794423146938
v -0.721768096998 5.237314795207 -1.124793003806
v -0.159481075301 5.119945016605 -1.124793003806
v -0.171920360048 5.907296442693 -0.709064266095
v -0.395393407133 5.953943405983 -0.709064266095
v -0.731663635164 5.189907935024 -1.026620642236
v -0.169376613468 5.072538156422 -1.026620642236
v -0.175853202140 5.888455254672 -0.670047045471
v -0.399326249225 5.935102217962 -0.670047045471
v -0.444043107012 4.916088183499 -0.966462281161
v -0.294769174314 4.916088183499 -0.966462281161
v -0.294769174314 5.154926475815 -0.966462281161
v -0.444043107012 5.154926475815 -0.966462281161
v -0.444043107012 4.916088183499 -0.817188348464
v -0.294769174314 4.916088183499 -0.817188348464
v -0.294769174314 5.154926475815 -0.817188348464
v -0.444043107012 5.154926475815 -0.817188348464
v -0.637961104520 4.667298295670 -1.413511218721
v -0.458832385283 4.667298295670 -1.413511218721
v -0.458832385283 5.045458925170 -1.413511218721
v -0.637961104520 5.045458925170 -1.413511218721
v -0.637961104520 4.667298295670 -1.234382499484
v -0.458832385283 4.667298295670 -1.234382499484
v -0.458832385283 5.045458925170 -1.234382499484
v -0.637961104520 5.045458925170 -1.234382499484
v 0.113694617010 3.485907168415 -0.787915474909
v -0.403852017446 3.763186299891 -0.787915474909
v -0.729213470674 3.071602307082 -1.598772869702
v -0.281842651060 2.831920345975 -1.598772869702
v -0.091228377257 3.103414604186 -0.407314328447
v -0.608775011713 3.380693735662 -0.407314328447
v -0.906350296227 2.740973141392 -1.269778658354
v -0.458979476612 2.501291180285 -1.269778658354
v -0.246798967006 3.274074923828 -0.264004519060
v -0.482914232172 3.274074923828 -0.834037194507
v -0.482914232172 3.592525980249 -0.834037194507
v -0.246798967006 3.592525980249 -0.264004519060
v -0.012166162531 3.274074923828 -0.361192608850
v -0.248281427697 3.274074923828 -0.931225284297
v -0.248281427697 3.592525980249 -0.931225284297
v -0.012166162531 3.592525980249 -0.361192608850
v -0.559518193631 2.965575462920 -0.947722441151
v -0.689000758399 2.965575462920 -1.260321005106
v -0.689000758399 3.254171732802 -1.260321005106
v -0.559518193631 3.254171732802 -0.947722441151
v -0.274501855907 2.965575462920 -1.065780073734
v -0.403984420676 2.965575462920 -1.378378637689
v -0.403984420676 3.254171732802 -1.378378637689
v -0.274501855907 3.254171732802 -1.065780073734
v -0.334827114724 2.821187498079 -1.669679275489
v -0.839181790546 2.877883650505 -1.669679275489
v -0.965310855845 1.265906682615 -2.051027513386
v -0.569738561083 1.221439112085 -2.051027513386
v -0.349011156741 2.695009836862 -1.198872252567
v -0.853365832562 2.751705989288 -1.198872252567
v -0.976435594681 1.166943811072 -1.681767103251
v -0.580863299920 1.122476240542 -1.681767103251
v -0.720335242259 2.627221215473 -1.101926190509
v -0.918367400140 2.627221215473 -1.580018111851
v -0.918367400140 2.945672271894 -1.580018111851
v -0.720335242259 2.945672271894 -1.101926190509
v -0.269825547147 2.627221215473 -1.288533416204
v -0.467857705028 2.627221215473 -1.766625337547
v -0.467857705028 2.945672271894 -1.766625337547
v -0.269825547147 2.945672271894 -1.288533416204
v -0.822291633896 1.846020967690 -1.582113644471
v -0.951774198664 1.846020967690 -1.894712208426
v -0.951774198664 2.134617237572 -1.894712208426
v -0.822291633896 2.134617237572 -1.582113644471
v -0.537275296173 1.846020967690 -1.700171277054
v -0.666757860941 1.846020967690 -2.012769841009
v -0.666757860941 2.134617237572 -2.012769841009
v -0.537275296173 2.134617237572 -1.700171277054
v -0.556471047085 1.236594060981 -2.023838374264
v -0.941784817586 1.336534560650 -2.023838374264
v -1.119265006620 0.394629457268 -2.533508627868
v -0.859178211531 0.327169619991 -2.533508627868
v -0.604389338178 1.051848362508 -1.708956242373
v -0.989703108679 1.151788862176 -1.708956242373
v -1.151609853108 0.269926110798 -2.320963188842
v -0.891523058019 0.202466273522 -2.320963188842
v -0.876994060793 1.034965933368 -1.597155510130
v -1.036943111389 1.034965933368 -1.983306677368
v -1.036943111389 1.353416989789 -1.983306677368
v -0.876994060793 1.353416989789 -1.597155510130
v -0.509231044375 1.034965933368 -1.749487939269
v -0.669180094972 1.034965933368 -2.135639106507
v -0.669180094972 1.353416989789 -2.135639106507
v -0.509231044375 1.353416989789 -1.749487939269
v -1.027940413234 0.602071528546 -2.078593716635
v -1.157422978003 0.602071528546 -2.391192280590
v -1.157422978003 0.890667798427 -2.391192280590
v -1.027940413234 0.890667798427 -2.078593716635
v -0.742924075511 0.602071528546 -2.196651349218
v -0.872406640279 0.602071528546 -2.509249913173
v -0.872406640279 0.890667798427 -2.509249913173
v -0.742924075511 0.890667798427 -2.196651349218
v -0.910072301733 0.200242382674 -2.537680482183
v -0.992746750454 0.434893919670 -2.537680482183
v -1.521859725818 0.179889454453 -2.767366980661
v -1.482175990432 0.067256716695 -2.767366980661
v -1.018041314185 0.162201811120 -2.316791334527
v -1.100715762906 0.396853348115 -2.316791334527
v -1.573684851795 0.161629980107 -2.661340189786
v -1.534001116408 0.048997242349 -2.661340189786
v -1.637397971758 0.000000000000 -2.848700124651
v -1.418462870468 0.000000000000 -2.848700124651
v -1.418462870468 0.228886696803 -2.848700124651
v -1.637397971758 0.228886696803 -2.848700124651
v -1.637397971758 0.000000000000 -2.580007045796
v -1.418462870468 0.000000000000 -2.580007045796
v -1.418462870468 0.228886696803 -2.580007045796
v -1.637397971758 0.228886696803 -2.580007045796
v -0.989670113259 0.466633289619 -2.476715729249
v -1.174208862398 0.299774491973 -2.476715729249
v -0.919958983137 0.115032129159 -3.023498102629
v -0.831380383550 0.195124352029 -3.023498102629
v -0.836579202241 0.297321238817 -2.377756087461
v -1.021117951381 0.130462441171 -2.377756087461
v -0.846475345849 0.033762344774 -2.975997474571
v -0.757896746262 0.113854567644 -2.975997474571
v -0.948395415344 0.000000000000 -3.134094328028
v -0.729460314055 0.000000000000 -3.134094328028
v -0.729460314055 0.228886696803 -3.134094328028
v -0.948395415344 0.228886696803 -3.134094328028
v -0.948395415344 0.000000000000 -2.865401249172
v -0.729460314055 0.000000000000 -2.865401249172
v -0.729460314055 0.228886696803 -2.865401249172
v -0.948395415344 0.228886696803 -2.865401249172
v -0.250125109503 4.980773554334 -0.519413343601
v -0.130705963345 4.980773554334 -0.519413343601
v -0.130705963345 5.130047487032 -0.519413343601
v -0.250125109503 5.130047487032 -0.519413343601
v -0.250125109503 4.980773554334 -0.399994197443
v -0.130705963345 4.980773554334 -0.399994197443
v -0.130705963345 5.130047487032 -0.399994197443
v -0.250125109503 5.130047487032 -0.399994197443
v -0.050170728656 3.584864183160 -0.664369383581
v 0.447529581722 3.410274325351 -0.664369383581
v 0.839388502867 4.016257088731 -1.343492421132
v 0.022408748096 4.302847987399 -1.343492421132
v 0.009467705696 3.754874444121 -0.438919665671
v 0.507168016074 3.580284586311 -0.438919665671
v 0.937285555482 4.295330535967 -0.973414582298
v 0.120305800710 4.581921434635 -0.973414582298
v -0.031702491064 3.614929306771 -0.438102947770
v 0.336595738615 3.485732811992 -0.438102947770
v 0.698821696278 4.140122906424 -1.072341396068
v 0.094256677747 4.352200171439 -1.072341396068
v -0.009081015966 3.679415957480 -0.352587537528
v 0.359217213714 3.550219462701 -0.352587537528
v 0.735955061063 4.245978351928 -0.931967043407
v 0.131390042532 4.458055616942 -0.931967043407
v 0.046787487791 4.302149696313 -1.302222339201
v 0.912028232731 4.271348459281 -1.302222339201
v 0.897786330875 5.130055411592 -1.360902304123
v 0.122053249205 5.157670313759 -1.360902304123
v 0.047666070847 4.326830064085 -1.014684664229
v 0.912906815786 4.296028827053 -1.014684664229
v 0.898574026028 5.152182637870 -1.103109905873
v 0.122840944359 5.179797540037 -1.103109905873
v 0.094800165956 4.305804959980 -1.056687227060
v 0.735078317211 4.283012044576 -1.056687227060
v 0.732444204990 5.140512419098 -1.124598484758
v 0.158401724555 5.160947446701 -1.124598484758
v 0.095133421598 4.315166478790 -0.947621212415
v 0.735411572853 4.292373563386 -0.947621212415
v 0.732742985910 5.148905504928 -1.026815161284
v 0.158700505475 5.169340532531 -1.026815161284
v 0.117345855816 5.138113432504 -1.361415127067
v 0.877193182433 5.296721241425 -1.361415127067
v 0.496175688165 5.977553660250 -0.897286728582
v 0.194185083997 5.914517223371 -0.897286728582
v 0.143434092801 5.013131710204 -1.102597082929
v 0.903281419418 5.171739519125 -1.102597082929
v 0.506544090044 5.927881437284 -0.794423146938
v 0.204553485876 5.864845000405 -0.794423146938
v 0.159481075301 5.119945016605 -1.124793003806
v 0.721768096998 5.237314795207 -1.124793003806
v 0.395393407133 5.953943405983 -0.709064266095
v 0.171920360048 5.907296442693 -0.709064266095
v 0.169376613468 5.072538156422 -1.026620642236
v 0.731663635164 5.189907935024 -1.026620642236
v 0.399326249225 5.935102217962 -0.670047045471
v 0.175853202140 5.888455254672 -0.670047045471
v 0.294769174314 4.916088183499 -0.966462281161
v 0.444043107012 4.916088183499 -0.966462281161
v 0.444043107012 5.154926475815 -0.966462281161
v 0.294769174314 5.154926475815 -0.966462281161
v 0.294769174314 4.916088183499 -0.817188348464
v 0.444043107012 4.916088183499 -0.817188348464
v 0.444043107012 5.154926475815 -0.817188348464
v 0.294769174314 5.154926475815 -0.817188348464
v 0.458832385283 4.667298295670 -1.413511218721
v 0.637961104520 4.667298295670 -1.413511218721
v 0.637961104520 5.045458925170 -1.413511218721
v 0.458832385283 5.045458925170 -1.413511218721
v 0.458832385283 4.667298295670 -1.234382499484
v 0.637961104520 4.667298295670 -1.234382499484
v 0.637961104520 5.045458925170 -1.234382499484
v 0.458832385283 5.045458925170 -1.234382499484
v 0.403852017446 3.763186299891 -0.787915474909
v -0.113694617010 3.485907168415 -0.787915474909
v 0.281842651060 2.831920345975 -1.598772869702
v 0.729213470674 3.071602307082 -1.598772869702
v 0.608775011713 3.380693735662 -0.407314328447
v 0.091228377257 3.103414604186 -0.407314328447
v 0.458979476612 2.501291180285 -1.269778658354
v 0.906350296227 2.740973141392 -1.269778658354
v 0.012166162531 3.274074923828 -0.361192608850
v 0.248281427697 3.274074923828 -0.931225284297
v 0.248281427697 3.592525980249 -0.931225284297
v 0.012166162531 3.592525980249 -0.361192608850
v 0.246798967006 3.274074923828 -0.264004519060
v 0.482914232172 3.274074923828 -0.834037194507
v 0.482914232172 3.592525980249 -0.834037194507
v 0.246798967006 3.592525980249 -0.264004519060
v 0.274501855907 2.965575462920 -1.065780073734
v 0.403984420676 2.965575462920 -1.378378637689
v 0.403984420676 3.254171732802 -1.378378637689
v 0.274501855907 3.254171732802 -1.065780073734
v 0.559518193631 2.965575462920 -0.947722441151
v 0.689000758399 2.965575462920 -1.260321005106
v 0.689000758399 3.254171732802 -1.260321005106
v 0.559518193631 3.254171732802 -0.947722441151
v 0.839181790546 2.877883650505 -1.669679275489
v 0.334827114724 2.821187498079 -1.669679275489
v 0.569738561083 1.221439112085 -2.051027513386
v 0.965310855845 1.265906682615 -2.051027513386
v 0.853365832562 2.751705989288 -1.198872252567
v 0.349011156741 2.695009836862 -1.198872252567
v 0.580863299920 1.122476240542 -1.681767103251
v 0.976435594681 1.166943811072 -1.681767103251
v 0.269825547147 2.627221215473 -1.288533416204
v 0.467857705028 2.627221215473 -1.766625337547
v 0.467857705028 2.945672271894 -1.766625337547
v 0.269825547147 2.945672271894 -1.288533416204
v 0.720335242259 2.627221215473 -1.101926190509
v 0.918367400140 2.627221215473 -1.580018111851
v 0.918367400140 2.945672271894 -1.580018111851
v 0.720335242259 2.945672271894 -1.101926190509
v 0.537275296173 1.846020967690 -1.700171277054
v 0.666757860941 1.846020967690 -2.012769841009
v 0.666757860941 2.134617237572 -2.012769841009
v 0.537275296173 2.134617237572 -1.700171277054
v 0.822291633896 1.846020967690 -1.582113644471
v 0.951774198664 1.846020967690 -1.894712208426
v 0.951774198664 2.134617237572 -1.894712208426
v 0.822291633896 2.134617237572 -1.582113644471
v 0.941784817586 1.336534560650 -2.023838374264
v 0.556471047085 1.236594060981 -2.023838374264
v 0.859178211531 0.327169619991 -2.533508627868
v 1.119265006620 0.394629457268 -2.533508627868
v 0.989703108679 1.151788862176 -1.708956242373
v 0.604389338178 1.051848362508 -1.708956242373
v 0.891523058019 0.202466273522 -2.320963188842
v 1.151609853108 0.269926110798 -2.320963188842
v 0.509231044375 1.034965933368 -1.749487939269
v 0.669180094972 1.034965933368 -2.135639106507
v 0.669180094972 1.353416989789 -2.135639106507
v 0.509231044375 1.353416989789 -1.749487939269
v 0.876994060793 1.034965933368 -1.597155510130
v 1.036943111389 1.034965933368 -1.983306677368
v 1.036943111389 1.353416989789 -1.983306677368
v 0.876994060793 1.353416989789 -1.597155510130
v 0.742924075511 0.602071528546 -2.196651349218
v 0.872406640279 0.602071528546 -2.509249913173
v 0.872406640279 0.890667798427 -2.509249913173
v 0.742924075511 0.890667798427 -2.196651349218
v 1.027940413234 0.602071528546 -2.078593716635
v 1.157422978003 0.602071528546 -2.391192280590
v 1.157422978003 0.890667798427 -2.391192280590
v 1.027940413234 0.890667798427 -2.078593716635
v 1.174208862398 0.299774491973 -2.476715729249
v 0.989670113259 0.466633289619 -2.476715729249
v 0.831380383550 0.195124352029 -3.023498102629
v 0.919958983137 0.115032129159 -3.023498102629
v 1.021117951381 0.130462441171 -2.377756087461
v 0.836579202241 0.297321238817 -2.377756087461
v 0.757896746262 0.113854567644 -2.975997474571
v 0.846475345849 0.033762344774 -2.975997474571
v 0.729460314055 0.000000000000 -3.134094328028
v 0.948395415344 0.000000000000 -3.134094328028
v 0.948395415344 0.228886696803 -3.134094328028
v 0.729460314055 0.228886696803 -3.134094328028
v 0.729460314055 0.000000000000 -2.865401249172
v 0.948395415344 0.000000000000 -2.865401249172
v 0.948395415344 0.228886696803 -2.865401249172
v 0.729460314055 0.228886696803 -2.865401249172
v 0.992746750454 0.434893919670 -2.537680482183
v 0.910072301733 0.200242382674 -2.537680482183
v 1.482175990432 0.067256716695 -2.767366980661
v 1.521859725818 0.179889454453 -2.767366980661
v 1.100715762906 0.396853348115 -2.316791334527
v 1.018041314185 0.162201811120 -2.316791334527
v 1.534001116408 0.048997242349 -2.661340189786
v 1.573684851795 0.161629980107 -2.661340189786
v 1.418462870468 0.000000000000 -2.848700124651
v 1.637397971758 0.000000000000 -2.848700124651
v 1.637397971758 0.228886696803 -2.848700124651
v 1.418462870468 0.228886696803 -2.848700124651
v 1.418462870468 0.000000000000 -2.580007045796
v 1.637397971758 0.000000000000 -2.580007045796
v 1.637397971758 0.228886696803 -2.580007045796
v 1.418462870468 0.228886696803 -2.580007045796
v 0.130705963345 4.980773554334 -0.519413343601
v 0.250125109503 4.980773554334 -0.519413343601
v 0.250125109503 5.130047487032 -0.519413343601
v 0.130705963345 5.130047487032 -0.519413343601
v 0.130705963345 4.980773554334 -0.399994197443
v 0.250125109503 4.980773554334 -0.399994197443
v 0.250125109503 5.130047487032 -0.399994197443
v 0.130705963345 5.130047487032 -0.399994197443
v 0.326284595180 3.724532231896 -0.367888843964
v 0.728774850497 3.383667432049 -0.367888843964
v 1.449214602673 3.972581622367 -0.708657480509
v 0.788523051491 4.532114407021 -0.708657480509
v 0.374514198755 3.781481337423 -0.089108443454
v 0.777004454073 3.440616537576 -0.089108443454
v 1.528383951939 4.066064116346 -0.251036823069
v 0.867692400756 4.625596900999 -0.251036823069
v 0.237276854400 3.697893668252 -0.216629506249
v 0.535119643335 3.445653716365 -0.216629506249
v 1.231595217090 4.074332692848 -0.501895994092
v 0.742683469215 4.488386953492 -0.501895994092
v 0.255570841963 3.719495053107 -0.110885216401
v 0.553413630898 3.467255101220 -0.110885216401
v 1.261624970260 4.109791569874 -0.328315744718
v 0.772713222385 4.523845830518 -0.328315744718
v 0.726711035067 4.331060631220 -0.624054611709
v 1.589320057611 4.256926043267 -0.624054611709
v 1.618300258561 5.117124969649 -0.639603084442
v 0.844926652142 5.183590462296 -0.639603084442
v 0.727586945818 4.341252480099 -0.335639691869
v 1.590195968363 4.267117892147 -0.335639691869
v 1.619085557855 5.126262489334 -0.381024190792
v 0.845711951436 5.192727981981 -0.381024190792
v 0.682822760391 4.324586122369 -0.469805250754
v 1.321153437074 4.269726527284 -0.469805250754
v 1.361706121323 5.128601265664 -0.494613179890
v 0.789409652573 5.177785730223 -0.494613179890
v 0.683155002401 4.328451996082 -0.360406488056
v 1.321485679083 4.273592400997 -0.360406488056
v 1.362003993469 5.132067221406 -0.396531530575
v 0.789707524719 5.181251685965 -0.396531530575
v 0.873515437743 5.003880972027 -0.652168310535
v 1.566697392463 5.353199128539 -0.652168310535
v 0.978873269958 6.000000000000 -0.406742726257
v 0.703377877697 5.861168424976 -0.406742726257
v 0.897314817533 4.956653823090 -0.368458964699
v 1.590496772253 5.305971979602 -0.368458964699
v 0.988331997823 5.981230235679 -0.293986447784
v 0.712836605562 5.842398660655 -0.293986447784
v 0.814715824297 5.034635630979 -0.499379300132
v 1.327670470790 5.293131066798 -0.499379300132
v 0.789695054255 5.976126795975 -0.307008116071
v 0.585828463982 5.873391430457 -0.307008116071
v 0.823743175252 5.016721884831 -0.391765410333
v 1.336697821745 5.275217320650 -0.391765410333
v 0.793282847583 5.969007230198 -0.264238493202
v 0.589416257310 5.866271864680 -0.264238493202
v 0.817188348464 4.916088183499 -0.444043107012
v 0.966462281161 4.916088183499 -0.444043107012
v 0.966462281161 5.154926475815 -0.444043107012
v 0.817188348464 5.154926475815 -0.444043107012
v 0.817188348464 4.916088183499 -0.294769174314
v 0.966462281161 4.916088183499 -0.294769174314
v 0.966462281161 5.154926475815 -0.294769174314
v 0.817188348464 5.154926475815 -0.294769174314
v 1.234382499484 4.667298295670 -0.637961104520
v 1.413511218721 4.667298295670 -0.637961104520
v 1.413511218721 5.045458925170 -0.637961104520
v 1.234382499484 5.045458925170 -0.637961104520
v 1.234382499484 4.667298295670 -0.458832385283
v 1.413511218721 4.667298295670 -0.458832385283
v 1.413511218721 5.045458925170 -0.458832385283
v 1.234382499484 5.045458925170 -0.458832385283
v 0.706080109142 3.720522305677 -0.521786931970
v 0.346953057557 3.256016120133 -0.521786931970
v 1.217601966567 2.633200965257 -0.831157210348
v 1.528033824717 3.034723261235 -0.831157210348
v 0.848276745800 3.610584783944 0.026706537267
v 0.489149694214 3.146078598400 0.026706537267
v 1.340517703339 2.538170226132 -0.357035736939
v 1.650949561489 2.939692522110 -0.357035736939
v 0.264004519060 3.274074923828 -0.246798967006
v 0.834037194507 3.274074923828 -0.482914232172
v 0.834037194507 3.592525980249 -0.482914232172
v 0.264004519060 3.592525980249 -0.246798967006
v 0.361192608850 3.274074923828 -0.012166162531
v 0.931225284297 3.274074923828 -0.248281427697
v 0.931225284297 3.592525980249 -0.248281427697
v 0.361192608850 3.592525980249 -0.012166162531
v 0.947722441151 2.965575462920 -0.559518193631
v 1.260321005106 2.965575462920 -0.689000758399
v 1.260321005106 3.254171732802 -0.689000758399
v 0.947722441151 3.254171732802 -0.559518193631
v 1.065780073734 2.965575462920 -0.274501855907
v 1.378378637689 2.965575462920 -0.403984420676
v 1.378378637689 3.254171732802 -0.403984420676
v 1.065780073734 3.254171732802 -0.274501855907
v 1.672295133179 2.878290780516 -0.836488277353
v 1.182481286782 2.745360390460 -0.836488277353
v 1.668911443812 1.161966870815 -0.963198296478
v 2.053079166476 1.266226000271 -0.963198296478
v 1.686070241274 2.827533096907 -0.351704669934
v 1.196256394877 2.694602706851 -0.351704669934
v 1.679715450161 1.122156922886 -0.582975859286
v 2.063883172825 1.226416052342 -0.582975859286
v 1.101926190509 2.627221215473 -0.720335242259
v 1.580018111851 2.627221215473 -0.918367400140
v 1.580018111851 2.945672271894 -0.918367400140
v 1.101926190509 2.945672271894 -0.720335242259
v 1.288533416204 2.627221215473 -0.269825547147
v 1.766625337547 2.627221215473 -0.467857705028
v 1.766625337547 2.945672271894 -0.467857705028
v 1.288533416204 2.945672271894 -0.269825547147
v 1.582113644471 1.846020967690 -0.822291633896
v 1.894712208426 1.846020967690 -0.951774198664
v 1.894712208426 2.134617237572 -0.951774198664
v 1.582113644471 2.134617237572 -0.822291633896
v 1.700171277054 1.846020967690 -0.537275296173
v 2.012769841009 1.846020967690 -0.666757860941
v 2.012769841009 2.134617237572 -0.666757860941
v 1.700171277054 2.134617237572 -0.537275296173
v 2.014107692091 1.333323847931 -0.952898078864
v 1.676730054350 1.122063026282 -0.952898078864
v 2.299210511926 0.249861171569 -1.126766457982
v 2.526940417402 0.392462226183 -1.126766457982
v 2.056064562287 1.266319896875 -0.593276076901
v 1.718686924546 1.055059075226 -0.593276076901
v 2.327531399308 0.204633504607 -0.884021606657
v 2.555261304784 0.347234559220 -0.884021606657
v 1.597155510130 1.034965933368 -0.876994060793
v 1.983306677368 1.034965933368 -1.036943111389
v 1.983306677368 1.353416989789 -1.036943111389
v 1.597155510130 1.353416989789 -0.876994060793
v 1.749487939269 1.034965933368 -0.509231044375
v 2.135639106507 1.034965933368 -0.669180094972
v 2.135639106507 1.353416989789 -0.669180094972
v 1.749487939269 1.353416989789 -0.509231044375
v 2.078593716635 0.602071528546 -1.027940413234
v 2.391192280590 0.602071528546 -1.157422978003
v 2.391192280590 0.890667798427 -1.157422978003
v 2.078593716635 0.890667798427 -1.027940413234
v 2.196651349218 0.602071528546 -0.742924075511
v 2.509249913173 0.602071528546 -0.872406640279
v 2.509249913173 0.890667798427 -0.872406640279
v 2.196651349218 0.890667798427 -0.742924075511
v 2.406692369162 0.459492185301 -1.073387363098
v 2.272400606265 0.250059306546 -1.073387363098
v 2.640032640220 0.091168840154 -1.560567219887
v 2.704492686411 0.191696621956 -1.560567219887
v 2.582071210445 0.347036424244 -0.937400701542
v 2.447779447548 0.137603545488 -0.937400701542
v 2.724214484036 0.037190074846 -1.495293622340
v 2.788674530227 0.137717856649 -1.495293622340
v 2.604886034579 0.000000000000 -1.662276960541
v 2.823821135868 0.000000000000 -1.662276960541
v 2.823821135868 0.228886696803 -1.662276960541
v 2.604886034579 0.228886696803 -1.662276960541
v 2.604886034579 0.000000000000 -1.393583881686
v 2.823821135868 0.000000000000 -1.393583881686
v 2.823821135868 0.228886696803 -1.393583881686
v 2.604886034579 0.228886696803 -1.393583881686
v 2.496909364671 0.406811291284 -1.125280829935
v 2.420746313884 0.169966198490 -1.125280829935
v 2.996632783254 0.052724148287 -0.896473527555
v 3.033191047632 0.166409792828 -0.896473527555
v 2.433725502825 0.427129532299 -0.885507234704
v 2.357562452039 0.190284439505 -0.885507234704
v 2.966304529568 0.062476903974 -0.781382201844
v 3.002862793946 0.176162548516 -0.781382201844
v 2.890280237955 0.000000000000 -0.973274404127
v 3.109215339245 0.000000000000 -0.973274404127
v 3.109215339245 0.228886696803 -0.973274404127
v 2.890280237955 0.228886696803 -0.973274404127
v 2.890280237955 0.000000000000 -0.704581325272
v 3.109215339245 0.000000000000 -0.704581325272
v 3.109215339245 0.228886696803 -0.704581325272
v 2.890280237955 0.228886696803 -0.704581325272
v 0.399994197443 4.980773554334 -0.250125109503
v 0.519413343601 4.980773554334 -0.250125109503
v 0.519413343601 5.130047487032 -0.250125109503
v 0.399994197443 5.130047487032 -0.250125109503
v 0.399994197443 4.980773554334 -0.130705963345
v 0.519413343601 4.980773554334 -0.130705963345
v 0.519413343601 5.130047487032 -0.130705963345
v 0.399994197443 5.130047487032 -0.130705963345
vt 0.116293806982 0.996093750000
vt 0.148175564565 0.996093750000
vt 0.170719371547 0.973549943018
vt 0.170719371547 0.941668185435
vt 0.148175564565 0.919124378453
vt 0.116293806982 0.919124378453
vt 0.093750000000 0.941668185435
vt 0.093750000000 0.973549943018
vt 0.116293806982 0.996093750000
vt 0.148175564565 0.996093750000
vt 0.170719371547 0.973549943018
vt 0.170719371547 0.941668185435
vt 0.148175564565 0.919124378453
vt 0.116293806982 0.919124378453
vt 0.093750000000 0.941668185435
vt 0.093750000000 0.973549943018
vt 0.093750000000 0.996093750000
vt 0.128736077976 0.996093750000
vt 0.128736077976 0.964211992418
vt 0.093750000000 0.964211992418
vt 0.093750000000 0.996093750000
vt 0.128736077976 0.996093750000
vt 0.128736077976 0.964211992418
vt 0.093750000000 0.964211992418
vt 0.093750000000 0.996093750000
vt 0.128736077976 0.996093750000
vt 0.128736077976 0.964211992418
vt 0.093750000000 0.964211992418
vt 0.093750000000 0.996093750000
vt 0.128736077976 0.996093750000
vt 0.128736077976 0.964211992418
vt 0.093750000000 0.964211992418
vt 0.093750000000 0.996093750000
vt 0.128736077976 0.996093750000
vt 0.128736077976 0.964211992418
vt 0.093750000000 0.964211992418
vt 0.093750000000 0.996093750000
vt 0.128736077976 0.996093750000
vt 0.128736077976 0.964211992418
vt 0.093750000000 0.964211992418
vt 0.093750000000 0.996093750000
vt 0.128736077976 0.996093750000
vt 0.128736077976 0.964211992418
vt 0.093750000000 0.964211992418
vt 0.093750000000 0.996093750000
vt 0.128736077976 0.996093750000
vt 0.128736077976 0.964211992418
vt 0.093750000000 0.964211992418
vt 0.196766141653 0.996093750000
vt 0.220918988306 0.996093750000
vt 0.237997629960 0.979015108347
vt 0.237997629960 0.954862261694
vt 0.220918988306 0.937783620040
vt 0.196766141653 0.937783620040
vt 0.179687500000 0.954862261694
vt 0.179687500000 0.979015108347
vt 0.196766141653 0.996093750000
vt 0.220918988306 0.996093750000
vt 0.237997629960 0.979015108347
vt 0.237997629960 0.954862261694
vt 0.220918988306 0.937783620040
vt 0.196766141653 0.937783620040
vt 0.179687500000 0.954862261694
vt 0.179687500000 0.979015108347
vt 0.179687500000 0.996093750000
vt 0.234732262682 0.996093750000
vt 0.234732262682 0.971940903347
vt 0.179687500000 0.971940903347
vt 0.179687500000 0.996093750000
vt 0.234732262682 0.996093750000
vt 0.234732262682 0.971940903347
vt 0.179687500000 0.971940903347
vt 0.179687500000 0.996093750000
vt 0.234732262682 0.996093750000
vt 0.234732262682 0.971940903347
vt 0.179687500000 0.971940903347
vt 0.179687500000 0.996093750000
vt 0.234732262682 0.996093750000
vt 0.234732262682 0.971940903347
vt 0.179687500000 0.971940903347
vt 0.179687500000 0.996093750000
vt 0.234732262682 0.996093750000
vt 0.234732262682 0.971940903347
vt 0.179687500000 0.971940903347
vt 0.179687500000 0.996093750000
vt 0.234732262682 0.996093750000
vt 0.234732262682 0.971940903347
vt 0.179687500000 0.971940903347
vt 0.179687500000 0.996093750000
vt 0.234732262682 0.996093750000
vt 0.234732262682 0.971940903347
vt 0.179687500000 0.971940903347
vt 0.179687500000 0.996093750000
vt 0.234732262682 0.996093750000
vt 0.234732262682 0.971940903347
vt 0.179687500000 0.971940903347
vt 0.256750822392 0.996093750000
vt 0.271822198703 0.996093750000
vt 0.282479271095 0.985436677608
vt 0.282479271095 0.970365301297
vt 0.271822198703 0.959708228905
vt 0.256750822392 0.959708228905
vt 0.246093750000 0.970365301297
vt 0.246093750000 0.985436677608
vt 0.256750822392 0.996093750000
vt 0.271822198703 0.996093750000
vt 0.282479271095 0.985436677608
vt 0.282479271095 0.970365301297
vt 0.271822198703 0.959708228905
vt 0.256750822392 0.959708228905
vt 0.246093750000 0.970365301297
vt 0.246093750000 0.985436677608
vt 0.246093750000 0.996093750000
vt 0.258222257032 0.996093750000
vt 0.258222257032 0.981022373688
vt 0.246093750000 0.981022373688
vt 0.246093750000 0.996093750000
vt 0.258222257032 0.996093750000
vt 0.258222257032 0.981022373688
vt 0.246093750000 0.981022373688
vt 0.246093750000 0.996093750000
vt 0.258222257032 0.996093750000
vt 0.258222257032 0.981022373688
vt 0.246093750000 0.981022373688
vt 0.246093750000 0.996093750000
vt 0.258222257032 0.996093750000
vt 0.258222257032 0.981022373688
vt 0.246093750000 0.981022373688
vt 0.246093750000 0.996093750000
vt 0.258222257032 0.996093750000
vt 0.258222257032 0.981022373688
vt 0.246093750000 0.981022373688
vt 0.246093750000 0.996093750000
vt 0.258222257032 0.996093750000
vt 0.258222257032 0.981022373688
vt 0.246093750000 0.981022373688
vt 0.246093750000 0.996093750000
vt 0.258222257032 0.996093750000
vt 0.258222257032 0.981022373688
vt 0.246093750000 0.981022373688
vt 0.246093750000 0.996093750000
vt 0.258222257032 0.996093750000
vt 0.258222257032 0.981022373688
vt 0.246093750000 0.981022373688
vt 0.097970859813 0.996093750000
vt 0.144421516212 0.996093750000
vt 0.137492935009 0.956105705786
vt 0.093750000000 0.971733217318
vt 0.101680177675 0.996093750000
vt 0.126403672778 0.996093750000
vt 0.134333850452 0.950325029656
vt 0.093750000000 0.950325029656
vt 0.098089153822 0.996093750000
vt 0.111617103973 0.996093750000
vt 0.115956257795 0.949846207103
vt 0.093750000000 0.949846207103
vt 0.095013703490 0.996093750000
vt 0.141464359889 0.996093750000
vt 0.139389978688 0.973984592895
vt 0.093750000000 0.982624953143
vt 0.093750000000 0.996093750000
vt 0.115956257795 0.996093750000
vt 0.115956257795 0.955509899548
vt 0.093750000000 0.955509899548
vt 0.093750000000 0.996093750000
vt 0.118473495103 0.996093750000
vt 0.118473495103 0.982565799849
vt 0.093750000000 0.982565799849
vt 0.182023091249 0.996093750000
vt 0.227991490839 0.996093750000
vt 0.224157595770 0.966307423677
vt 0.179687500000 0.977948056952
vt 0.185555831479 0.996093750000
vt 0.203851217855 0.996093750000
vt 0.209719549335 0.950501465055
vt 0.179687500000 0.950501465055
vt 0.181333385932 0.996093750000
vt 0.186464677369 0.996093750000
vt 0.188110563301 0.950154825106
vt 0.179687500000 0.950154825106
vt 0.179871224482 0.996093750000
vt 0.225839624072 0.996093750000
vt 0.225538038602 0.987676087523
vt 0.179687500000 0.990965748721
vt 0.179687500000 0.996093750000
vt 0.188110563301 0.996093750000
vt 0.188110563301 0.966061700665
vt 0.179687500000 0.966061700665
vt 0.179687500000 0.996093750000
vt 0.197982886376 0.996093750000
vt 0.197982886376 0.990962458564
vt 0.179687500000 0.990962458564
vt 0.093750000000 0.996093750000
vt 0.134101284032 0.996093750000
vt 0.135994140791 0.959757497598
vt 0.095861263308 0.955564853090
vt 0.093750000000 0.996093750000
vt 0.134333850452 0.996093750000
vt 0.132234685774 0.955797104597
vt 0.095849164679 0.955797104597
vt 0.093750000000 0.996093750000
vt 0.107277950151 0.996093750000
vt 0.106578228591 0.955748533273
vt 0.094449721560 0.955748533273
vt 0.093750000000 0.996093750000
vt 0.134101284032 0.996093750000
vt 0.134311601450 0.983967066636
vt 0.093984584812 0.982567833941
vt 0.093750000000 0.996093750000
vt 0.105878507032 0.996093750000
vt 0.105878507032 0.959708228905
vt 0.093750000000 0.959708228905
vt 0.093750000000 0.996093750000
vt 0.134333850452 0.996093750000
vt 0.134333850452 0.982565799849
vt 0.093750000000 0.982565799849
vt 0.179687500000 0.996093750000
vt 0.220008877196 0.996093750000
vt 0.221046174362 0.969188452756
vt 0.180844485301 0.966083995382
vt 0.179687500000 0.996093750000
vt 0.209719549335 0.996093750000
vt 0.208166167472 0.955802305948
vt 0.181240881862 0.955802305948
vt 0.179687500000 0.996093750000
vt 0.184818791436 0.996093750000
vt 0.184553379810 0.955773246337
vt 0.179952911626 0.955773246337
vt 0.179687500000 0.996093750000
vt 0.220008877196 0.996093750000
vt 0.220039159340 0.991493381481
vt 0.179721276237 0.990962569729
vt 0.179687500000 0.996093750000
vt 0.184287968184 0.996093750000
vt 0.184287968184 0.969168464390
vt 0.179687500000 0.969168464390
vt 0.179687500000 0.996093750000
vt 0.209719549335 0.996093750000
vt 0.209719549335 0.990962458564
vt 0.179687500000 0.990962458564
vt 0.093750000000 0.996093750000
vt 0.136303678629 0.996093750000
vt 0.140028971655 0.982120912980
vt 0.103123317937 0.960936289110
vt 0.093750000000 0.996093750000
vt 0.130135521095 0.996093750000
vt 0.119173216663 0.954976315177
vt 0.104712304432 0.954976315177
vt 0.093750000000 0.996093750000
vt 0.107277950151 0.996093750000
vt 0.103202221580 0.953735704702
vt 0.097825728571 0.953735704702
vt 0.093750000000 0.996093750000
vt 0.136303678629 0.996093750000
vt 0.136818631199 0.990741974507
vt 0.095045687111 0.982627992309
vt 0.093750000000 0.996093750000
vt 0.099126493009 0.996093750000
vt 0.099126493009 0.981632837770
vt 0.093750000000 0.981632837770
vt 0.093750000000 0.996093750000
vt 0.130135521095 0.996093750000
vt 0.130135521095 0.982565799849
vt 0.093750000000 0.982565799849
vt 0.179687500000 0.996093750000
vt 0.221427506540 0.996093750000
vt 0.223507243814 0.985596717081
vt 0.184920387334 0.969681860720
vt 0.179687500000 0.996093750000
vt 0.206612785610 0.996093750000
vt 0.198500680330 0.955149618627
vt 0.187799605280 0.955149618627
vt 0.179687500000 0.996093750000
vt 0.184818791436 0.996093750000
vt 0.183272825427 0.954382383023
vt 0.181233466010 0.954382383023
vt 0.179687500000 0.996093750000
vt 0.221427506540 0.996093750000
vt 0.221503040317 0.994055789873
vt 0.179877552729 0.990965979357
vt 0.179687500000 0.996093750000
vt 0.181726859417 0.996093750000
vt 0.181726859417 0.985392674950
vt 0.179687500000 0.985392674950
vt 0.179687500000 0.996093750000
vt 0.206612785610 0.996093750000
vt 0.206612785610 0.990962458564
vt 0.179687500000 0.990962458564
vt 0.292968750000 0.996093750000
vt 0.304164294952 0.996093750000
vt 0.304164294952 0.989096534405
vt 0.292968750000 0.989096534405
vt 0.312500000000 0.968750000000
vt 0.319497215595 0.968750000000
vt 0.319497215595 0.957554455048
vt 0.312500000000 0.957554455048
vt 0.312500000000 0.968750000000
vt 0.319497215595 0.968750000000
vt 0.319497215595 0.957554455048
vt 0.312500000000 0.957554455048
vt 0.312500000000 0.968750000000
vt 0.323695544952 0.968750000000
vt 0.323695544952 0.961752784405
vt 0.312500000000 0.961752784405
vt 0.312500000000 0.968750000000
vt 0.319497215595 0.968750000000
vt 0.319497215595 0.961752784405
vt 0.312500000000 0.961752784405
vt 0.312500000000 0.968750000000
vt 0.319497215595 0.968750000000
vt 0.319497215595 0.961752784405
vt 0.312500000000 0.961752784405
vt 0.312500000000 0.996093750000
vt 0.330226279508 0.996093750000
vt 0.330226279508 0.987697091286
vt 0.312500000000 0.987697091286
vt 0.312500000000 0.996093750000
vt 0.320896658714 0.996093750000
vt 0.320896658714 0.978367470492
vt 0.312500000000 0.978367470492
vt 0.312500000000 0.996093750000
vt 0.320896658714 0.996093750000
vt 0.320896658714 0.978367470492
vt 0.312500000000 0.978367470492
vt 0.312500000000 0.996093750000
vt 0.330226279508 0.996093750000
vt 0.330226279508 0.987697091286
vt 0.312500000000 0.987697091286
vt 0.312500000000 0.996093750000
vt 0.320896658714 0.996093750000
vt 0.320896658714 0.987697091286
vt 0.312500000000 0.987697091286
vt 0.312500000000 0.996093750000
vt 0.320896658714 0.996093750000
vt 0.320896658714 0.987697091286
vt 0.312500000000 0.987697091286
vt 0.003906250000 0.996093750000
vt 0.056138509720 0.996093750000
vt 0.056988393117 0.972318402268
vt 0.004889448440 0.968588935958
vt 0.003906250000 0.996093750000
vt 0.031428631341 0.996093750000
vt 0.029562707182 0.943894829681
vt 0.005772174159 0.943894829681
vt 0.003906250000 0.996093750000
vt 0.030962150301 0.996093750000
vt 0.029127851976 0.943893708764
vt 0.005740548325 0.943893708764
vt 0.003906250000 0.996093750000
vt 0.056138509720 0.996093750000
vt 0.056959827659 0.972720872366
vt 0.004856402126 0.969054538620
vt 0.003906250000 0.996093750000
vt 0.027293553650 0.996093750000
vt 0.027293553650 0.972303216976
vt 0.003906250000 0.972303216976
vt 0.003906250000 0.996093750000
vt 0.031428631341 0.996093750000
vt 0.031428631341 0.969037849699
vt 0.003906250000 0.969037849699
vt 0.246093750000 0.996093750000
vt 0.261021143270 0.996093750000
vt 0.261021143270 0.967171925540
vt 0.246093750000 0.967171925540
vt 0.246093750000 0.996093750000
vt 0.275015574460 0.996093750000
vt 0.275015574460 0.981166356730
vt 0.246093750000 0.981166356730
vt 0.246093750000 0.996093750000
vt 0.257998346133 0.996093750000
vt 0.257998346133 0.981166356730
vt 0.246093750000 0.981166356730
vt 0.246093750000 0.996093750000
vt 0.261021143270 0.996093750000
vt 0.261021143270 0.984189153867
vt 0.246093750000 0.984189153867
vt 0.246093750000 0.996093750000
vt 0.257998346133 0.996093750000
vt 0.257998346133 0.967171925540
vt 0.246093750000 0.967171925540
vt 0.246093750000 0.996093750000
vt 0.275015574460 0.996093750000
vt 0.275015574460 0.984189153867
vt 0.246093750000 0.984189153867
vt 0.312500000000 0.996093750000
vt 0.326027950151 0.996093750000
vt 0.326027950151 0.980233394651
vt 0.312500000000 0.980233394651
vt 0.312500000000 0.996093750000
vt 0.328360355349 0.996093750000
vt 0.328360355349 0.982565799849
vt 0.312500000000 0.982565799849
vt 0.312500000000 0.996093750000
vt 0.326960912230 0.996093750000
vt 0.326960912230 0.982565799849
vt 0.312500000000 0.982565799849
vt 0.312500000000 0.996093750000
vt 0.326027950151 0.996093750000
vt 0.326027950151 0.981632837770
vt 0.312500000000 0.981632837770
vt 0.312500000000 0.996093750000
vt 0.326960912230 0.996093750000
vt 0.326960912230 0.980233394651
vt 0.312500000000 0.980233394651
vt 0.312500000000 0.996093750000
vt 0.328360355349 0.996093750000
vt 0.328360355349 0.981632837770
vt 0.312500000000 0.981632837770
vt 0.003906250000 0.996093750000
vt 0.081778094341 0.996093750000
vt 0.082392860868 0.977444638527
vt 0.004690077322 0.972316132872
vt 0.003906250000 0.996093750000
vt 0.027696783024 0.996093750000
vt 0.025131137305 0.918264182333
vt 0.006471895718 0.918264182333
vt 0.003906250000 0.996093750000
vt 0.026763820944 0.996093750000
vt 0.024298788784 0.918260930717
vt 0.006371282161 0.918260930717
vt 0.003906250000 0.996093750000
vt 0.081778094341 0.996093750000
vt 0.082345589317 0.978175227651
vt 0.004629806094 0.973247634005
vt 0.003906250000 0.996093750000
vt 0.021833756623 0.996093750000
vt 0.021833756623 0.977434508413
vt 0.003906250000 0.977434508413
vt 0.003906250000 0.996093750000
vt 0.027696783024 0.996093750000
vt 0.027696783024 0.973236179056
vt 0.003906250000 0.973236179056
vt 0.246093750000 0.996093750000
vt 0.261021143270 0.996093750000
vt 0.261021143270 0.971836735937
vt 0.246093750000 0.971836735937
vt 0.246093750000 0.996093750000
vt 0.270350764063 0.996093750000
vt 0.270350764063 0.981166356730
vt 0.246093750000 0.981166356730
vt 0.246093750000 0.996093750000
vt 0.268951320944 0.996093750000
vt 0.268951320944 0.981166356730
vt 0.246093750000 0.981166356730
vt 0.246093750000 0.996093750000
vt 0.261021143270 0.996093750000
vt 0.261021143270 0.973236179056
vt 0.246093750000 0.973236179056
vt 0.246093750000 0.996093750000
vt 0.268951320944 0.996093750000
vt 0.268951320944 0.971836735937
vt 0.246093750000 0.971836735937
vt 0.246093750000 0.996093750000
vt 0.270350764063 0.996093750000
vt 0.270350764063 0.973236179056
vt 0.246093750000 0.973236179056
vt 0.312500000000 0.996093750000
vt 0.326027950151 0.996093750000
vt 0.326027950151 0.980233394651
vt 0.312500000000 0.980233394651
vt 0.312500000000 0.996093750000
vt 0.328360355349 0.996093750000
vt 0.328360355349 0.982565799849
vt 0.312500000000 0.982565799849
vt 0.312500000000 0.996093750000
vt 0.326960912230 0.996093750000
vt 0.326960912230 0.982565799849
vt 0.312500000000 0.982565799849
vt 0.312500000000 0.996093750000
vt 0.326027950151 0.996093750000
vt 0.326027950151 0.981632837770
vt 0.312500000000 0.981632837770
vt 0.312500000000 0.996093750000
vt 0.326960912230 0.996093750000
vt 0.326960912230 0.980233394651
vt 0.312500000000 0.980233394651
vt 0.312500000000 0.996093750000
vt 0.328360355349 0.996093750000
vt 0.328360355349 0.981632837770
vt 0.312500000000 0.981632837770
vt 0.003906250000 0.996093750000
vt 0.054792041138 0.996093750000
vt 0.055542537485 0.983521141689
vt 0.005018096440 0.977467663613
vt 0.003906250000 0.996093750000
vt 0.022565491587 0.996093750000
vt 0.019533364829 0.945298376715
vt 0.006938376758 0.945298376716
vt 0.003906250000 0.996093750000
vt 0.021166048468 0.996093750000
vt 0.018361331217 0.945285312699
vt 0.006710967251 0.945285312699
vt 0.003906250000 0.996093750000
vt 0.054792041138 0.996093750000
vt 0.055434184575 0.984461096290
vt 0.004857573610 0.978860188947
vt 0.003906250000 0.996093750000
vt 0.015556613966 0.996093750000
vt 0.015556613966 0.983498761929
vt 0.003906250000 0.983498761929
vt 0.003906250000 0.996093750000
vt 0.022565491587 0.996093750000
vt 0.022565491587 0.978833951532
vt 0.003906250000 0.978833951532
vt 0.246093750000 0.996093750000
vt 0.261021143270 0.996093750000
vt 0.261021143270 0.976501546333
vt 0.246093750000 0.976501546333
vt 0.246093750000 0.996093750000
vt 0.265685953667 0.996093750000
vt 0.265685953667 0.981166356730
vt 0.246093750000 0.981166356730
vt 0.246093750000 0.996093750000
vt 0.264752991587 0.996093750000
vt 0.264752991587 0.981166356730
vt 0.246093750000 0.981166356730
vt 0.246093750000 0.996093750000
vt 0.261021143270 0.996093750000
vt 0.261021143270 0.977434508413
vt 0.246093750000 0.977434508413
vt 0.246093750000 0.996093750000
vt 0.264752991587 0.996093750000
vt 0.264752991587 0.976501546333
vt 0.246093750000 0.976501546333
vt 0.246093750000 0.996093750000
vt 0.265685953667 0.996093750000
vt 0.265685953667 0.977434508413
vt 0.246093750000 0.977434508413
vt 0.312500000000 0.996093750000
vt 0.326027950151 0.996093750000
vt 0.326027950151 0.980233394651
vt 0.312500000000 0.980233394651
vt 0.312500000000 0.996093750000
vt 0.328360355349 0.996093750000
vt 0.328360355349 0.982565799849
vt 0.312500000000 0.982565799849
vt 0.312500000000 0.996093750000
vt 0.326960912230 0.996093750000
vt 0.326960912230 0.982565799849
vt 0.312500000000 0.982565799849
vt 0.312500000000 0.996093750000
vt 0.326027950151 0.996093750000
vt 0.326027950151 0.981632837770
vt 0.312500000000 0.981632837770
vt 0.312500000000 0.996093750000
vt 0.326960912230 0.996093750000
vt 0.326960912230 0.980233394651
vt 0.312500000000 0.980233394651
vt 0.312500000000 0.996093750000
vt 0.328360355349 0.996093750000
vt 0.328360355349 0.981632837770
vt 0.312500000000 0.981632837770
vt 0.003906250000 0.996093750000
vt 0.033468871193 0.996093750000
vt 0.034043013641 0.990525499185
vt 0.005102380101 0.984493227468
vt 0.003906250000 0.996093750000
vt 0.015568275992 0.996093750000
vt 0.012536149234 0.966687036836
vt 0.006938376758 0.966687036836
vt 0.003906250000 0.996093750000
vt 0.015568275992 0.996093750000
vt 0.012536149234 0.966687036836
vt 0.006938376758 0.966687036836
vt 0.003906250000 0.996093750000
vt 0.033468871193 0.996093750000
vt 0.034043013641 0.990525499185
vt 0.005102380101 0.984493227468
vt 0.003906250000 0.996093750000
vt 0.009504022476 0.996093750000
vt 0.009504022476 0.990495977524
vt 0.003906250000 0.990495977524
vt 0.003906250000 0.996093750000
vt 0.015568275992 0.996093750000
vt 0.015568275992 0.984431724008
vt 0.003906250000 0.984431724008
vt 0.093750000000 0.996093750000
vt 0.104479063913 0.996093750000
vt 0.104479063913 0.985831167127
vt 0.093750000000 0.985831167127
vt 0.093750000000 0.996093750000
vt 0.104012582873 0.996093750000
vt 0.104012582873 0.985364686087
vt 0.093750000000 0.985364686087
vt 0.093750000000 0.996093750000
vt 0.106344988071 0.996093750000
vt 0.106344988071 0.985364686087
vt 0.093750000000 0.985364686087
vt 0.093750000000 0.996093750000
vt 0.104479063913 0.996093750000
vt 0.104479063913 0.983498761929
vt 0.093750000000 0.983498761929
vt 0.093750000000 0.996093750000
vt 0.106344988071 0.996093750000
vt 0.106344988071 0.985831167127
vt 0.093750000000 0.985831167127
vt 0.093750000000 0.996093750000
vt 0.104012582873 0.996093750000
vt 0.104012582873 0.983498761929
vt 0.093750000000 0.983498761929
vt 0.003906250000 0.996093750000
vt 0.033468871193 0.996093750000
vt 0.034043013641 0.990525499185
vt 0.005102380101 0.984493227468
vt 0.003906250000 0.996093750000
vt 0.015568275992 0.996093750000
vt 0.012536149234 0.966687036836
vt 0.006938376758 0.966687036836
vt 0.003906250000 0.996093750000
vt 0.015568275992 0.996093750000
vt 0.012536149234 0.966687036836
vt 0.006938376758 0.966687036836
vt 0.003906250000 0.996093750000
vt 0.033468871193 0.996093750000
vt 0.034043013641 0.990525499185
vt 0.005102380101 0.984493227468
vt 0.003906250000 0.996093750000
vt 0.009504022476 0.996093750000
vt 0.009504022476 0.990495977524
vt 0.003906250000 0.990495977524
vt 0.003906250000 0.996093750000
vt 0.015568275992 0.996093750000
vt 0.015568275992 0.984431724008
vt 0.003906250000 0.984431724008
vt 0.093750000000 0.996093750000
vt 0.104479063913 0.996093750000
vt 0.104479063913 0.985831167127
vt 0.093750000000 0.985831167127
vt 0.093750000000 0.996093750000
vt 0.104012582873 0.996093750000
vt 0.104012582873 0.985364686087
vt 0.093750000000 0.985364686087
vt 0.093750000000 0.996093750000
vt 0.106344988071 0.996093750000
vt 0.106344988071 0.985364686087
vt 0.093750000000 0.985364686087
vt 0.093750000000 0.996093750000
vt 0.104479063913 0.996093750000
vt 0.104479063913 0.983498761929
vt 0.093750000000 0.983498761929
vt 0.093750000000 0.996093750000
vt 0.106344988071 0.996093750000
vt 0.106344988071 0.985831167127
vt 0.093750000000 0.985831167127
vt 0.093750000000 0.996093750000
vt 0.104012582873 0.996093750000
vt 0.104012582873 0.983498761929
vt 0.093750000000 0.983498761929
vt 0.332031250000 0.968750000000
vt 0.339028465595 0.968750000000
vt 0.339028465595 0.963152227524
vt 0.332031250000 0.963152227524
vt 0.332031250000 0.968750000000
vt 0.337629022476 0.968750000000
vt 0.337629022476 0.961752784405
vt 0.332031250000 0.961752784405
vt 0.332031250000 0.968750000000
vt 0.337629022476 0.968750000000
vt 0.337629022476 0.961752784405
vt 0.332031250000 0.961752784405
vt 0.332031250000 0.968750000000
vt 0.339028465595 0.968750000000
vt 0.339028465595 0.963152227524
vt 0.332031250000 0.963152227524
vt 0.332031250000 0.968750000000
vt 0.337629022476 0.968750000000
vt 0.337629022476 0.963152227524
vt 0.332031250000 0.963152227524
vt 0.332031250000 0.968750000000
vt 0.337629022476 0.968750000000
vt 0.337629022476 0.963152227524
vt 0.332031250000 0.963152227524
vt 0.097970859814 0.996093750000
vt 0.144421516212 0.996093750000
vt 0.137492935009 0.956105705786
vt 0.093750000000 0.971733217318
vt 0.101680177675 0.996093750000
vt 0.126403672778 0.996093750000
vt 0.134333850452 0.950325029656
vt 0.093750000000 0.950325029656
vt 0.098089153822 0.996093750000
vt 0.111617103973 0.996093750000
vt 0.115956257795 0.949846207103
vt 0.093750000000 0.949846207103
vt 0.095013703490 0.996093750000
vt 0.141464359889 0.996093750000
vt 0.139389978688 0.973984592895
vt 0.093750000000 0.982624953143
vt 0.093750000000 0.996093750000
vt 0.115956257795 0.996093750000
vt 0.115956257795 0.955509899548
vt 0.093750000000 0.955509899548
vt 0.093750000000 0.996093750000
vt 0.118473495103 0.996093750000
vt 0.118473495103 0.982565799849
vt 0.093750000000 0.982565799849
vt 0.182023091249 0.996093750000
vt 0.227991490839 0.996093750000
vt 0.224157595770 0.966307423677
vt 0.179687500000 0.977948056952
vt 0.185555831479 0.996093750000
vt 0.203851217855 0.996093750000
vt 0.209719549335 0.950501465055
vt 0.179687500000 0.950501465055
vt 0.181333385932 0.996093750000
vt 0.186464677369 0.996093750000
vt 0.188110563301 0.950154825106
vt 0.179687500000 0.950154825106
vt 0.179871224482 0.996093750000
vt 0.225839624072 0.996093750000
vt 0.225538038602 0.987676087523
vt 0.179687500000 0.990965748721
vt 0.179687500000 0.996093750000
vt 0.188110563301 0.996093750000
vt 0.188110563301 0.966061700665
vt 0.179687500000 0.966061700665
vt 0.179687500000 0.996093750000
vt 0.197982886376 0.996093750000
vt 0.197982886376 0.990962458564
vt 0.179687500000 0.990962458564
vt 0.093750000000 0.996093750000
vt 0.134101284032 0.996093750000
vt 0.135994140791 0.959757497598
vt 0.095861263308 0.955564853090
vt 0.093750000000 0.996093750000
vt 0.134333850452 0.996093750000
vt 0.132234685774 0.955797104597
vt 0.095849164679 0.955797104597
vt 0.093750000000 0.996093750000
vt 0.107277950151 0.996093750000
vt 0.106578228591 0.955748533273
vt 0.094449721560 0.955748533273
vt 0.093750000000 0.996093750000
vt 0.134101284032 0.996093750000
vt 0.134311601450 0.983967066636
vt 0.093984584812 0.982567833941
vt 0.093750000000 0.996093750000
vt 0.105878507032 0.996093750000
vt 0.105878507032 0.959708228905
vt 0.093750000000 0.959708228905
vt 0.093750000000 0.996093750000
vt 0.134333850452 0.996093750000
vt 0.134333850452 0.982565799849
vt 0.093750000000 0.982565799849
vt 0.179687500000 0.996093750000
vt 0.220008877196 0.996093750000
vt 0.221046174362 0.969188452756
vt 0.180844485301 0.966083995382
vt 0.179687500000 0.996093750000
vt 0.209719549335 0.996093750000
vt 0.208166167472 0.955802305948
vt 0.181240881862 0.955802305948
vt 0.179687500000 0.996093750000
vt 0.184818791437 0.996093750000
vt 0.184553379811 0.955773246337
vt 0.179952911626 0.955773246337
vt 0.179687500000 0.996093750000
vt 0.220008877196 0.996093750000
vt 0.220039159340 0.991493381481
vt 0.179721276237 0.990962569729
vt 0.179687500000 0.996093750000
vt 0.184287968184 0.996093750000
vt 0.184287968185 0.969168464390
vt 0.179687500000 0.969168464390
vt 0.179687500000 0.996093750000
vt 0.209719549335 0.996093750000
vt 0.209719549335 0.990962458563
vt 0.179687500000 0.990962458563
vt 0.093750000000 0.996093750000
vt 0.136303678629 0.996093750000
vt 0.140028971655 0.982120912980
vt 0.103123317937 0.960936289110
vt 0.093750000000 0.996093750000
vt 0.130135521095 0.996093750000
vt 0.119173216662 0.954976315177
vt 0.104712304432 0.954976315177
vt 0.093750000000 0.996093750000
vt 0.107277950151 0.996093750000
vt 0.103202221580 0.953735704702
vt 0.097825728571 0.953735704702
vt 0.093750000000 0.996093750000
vt 0.136303678629 0.996093750000
vt 0.136818631199 0.990741974507
vt 0.095045687111 0.982627992309
vt 0.093750000000 0.996093750000
vt 0.099126493009 0.996093750000
vt 0.099126493009 0.981632837770
vt 0.093750000000 0.981632837770
vt 0.093750000000 0.996093750000
vt 0.130135521095 0.996093750000
vt 0.130135521095 0.982565799849
vt 0.093750000000 0.982565799849
vt 0.179687500000 0.996093750000
vt 0.221427506540 0.996093750000
vt 0.223507243814 0.985596717081
vt 0.184920387334 0.969681860720
vt 0.179687500000 0.996093750000
vt 0.206612785610 0.996093750000
vt 0.198500680330 0.955149618627
vt 0.187799605280 0.955149618627
vt 0.179687500000 0.996093750000
vt 0.184818791436 0.996093750000
vt 0.183272825427 0.954382383023
vt 0.181233466010 0.954382383023
vt 0.179687500000 0.996093750000
vt 0.221427506540 0.996093750000
vt 0.221503040317 0.994055789873
vt 0.179877552729 0.990965979357
vt 0.179687500000 0.996093750000
vt 0.181726859417 0.996093750000
vt 0.181726859417 0.985392674950
vt 0.179687500000 0.985392674950
vt 0.179687500000 0.996093750000
vt 0.206612785610 0.996093750000
vt 0.206612785610 0.990962458564
vt 0.179687500000 0.990962458564
vt 0.292968750000 0.996093750000
vt 0.304164294952 0.996093750000
vt 0.304164294952 0.989096534405
vt 0.292968750000 0.989096534405
vt 0.312500000000 0.968750000000
vt 0.319497215595 0.968750000000
vt 0.319497215595 0.957554455048
vt 0.312500000000 0.957554455048
vt 0.312500000000 0.968750000000
vt 0.319497215595 0.968750000000
vt 0.319497215595 0.957554455048
vt 0.312500000000 0.957554455048
vt 0.312500000000 0.968750000000
vt 0.323695544952 0.968750000000
vt 0.323695544952 0.961752784405
vt 0.312500000000 0.961752784405
vt 0.312500000000 0.968750000000
vt 0.319497215595 0.968750000000
vt 0.319497215595 0.961752784405
vt 0.312500000000 0.961752784405
vt 0.312500000000 0.968750000000
vt 0.319497215595 0.968750000000
vt 0.319497215595 0.961752784405
vt 0.312500000000 0.961752784405
vt 0.312500000000 0.996093750000
vt 0.330226279508 0.996093750000
vt 0.330226279508 0.987697091286
vt 0.312500000000 0.987697091286
vt 0.312500000000 0.996093750000
vt 0.320896658714 0.996093750000
vt 0.320896658714 0.978367470492
vt 0.312500000000 0.978367470492
vt 0.312500000000 0.996093750000
vt 0.320896658714 0.996093750000
vt 0.320896658714 0.978367470492
vt 0.312500000000 0.978367470492
vt 0.312500000000 0.996093750000
vt 0.330226279508 0.996093750000
vt 0.330226279508 0.987697091286
vt 0.312500000000 0.987697091286
vt 0.312500000000 0.996093750000
vt 0.320896658714 0.996093750000
vt 0.320896658714 0.987697091286
vt 0.312500000000 0.987697091286
vt 0.312500000000 0.996093750000
vt 0.320896658714 0.996093750000
vt 0.320896658714 0.987697091286
vt 0.312500000000 0.987697091286
vt 0.003906250000 0.996093750000
vt 0.056138509720 0.996093750000
vt 0.056988393117 0.972318402268
vt 0.004889448440 0.968588935958
vt 0.003906250000 0.996093750000
vt 0.031428631341 0.996093750000
vt 0.029562707182 0.943894829681
vt 0.005772174159 0.943894829681
vt 0.003906250000 0.996093750000
vt 0.030962150301 0.996093750000
vt 0.029127851976 0.943893708764
vt 0.005740548326 0.943893708764
vt 0.003906250000 0.996093750000
vt 0.056138509720 0.996093750000
vt 0.056959827659 0.972720872366
vt 0.004856402126 0.969054538620
vt 0.003906250000 0.996093750000
vt 0.027293553650 0.996093750000
vt 0.027293553650 0.972303216976
vt 0.003906250000 0.972303216976
vt 0.003906250000 0.996093750000
vt 0.031428631341 0.996093750000
vt 0.031428631341 0.969037849699
vt 0.003906250000 0.969037849699
vt 0.246093750000 0.996093750000
vt 0.261021143270 0.996093750000
vt 0.261021143270 0.967171925540
vt 0.246093750000 0.967171925540
vt 0.246093750000 0.996093750000
vt 0.275015574460 0.996093750000
vt 0.275015574460 0.981166356730
vt 0.246093750000 0.981166356730
vt 0.246093750000 0.996093750000
vt 0.257998346133 0.996093750000
vt 0.257998346133 0.981166356730
vt 0.246093750000 0.981166356730
vt 0.246093750000 0.996093750000
vt 0.261021143270 0.996093750000
vt 0.261021143270 0.984189153867
vt 0.246093750000 0.984189153867
vt 0.246093750000 0.996093750000
vt 0.257998346133 0.996093750000
vt 0.257998346133 0.967171925540
vt 0.246093750000 0.967171925540
vt 0.246093750000 0.996093750000
vt 0.275015574460 0.996093750000
vt 0.275015574460 0.984189153867
vt 0.246093750000 0.984189153867
vt 0.312500000000 0.996093750000
vt 0.326027950151 0.996093750000
vt 0.326027950151 0.980233394651
vt 0.312500000000 0.980233394651
vt 0.312500000000 0.996093750000
vt 0.328360355349 0.996093750000
vt 0.328360355349 0.982565799849
vt 0.312500000000 0.982565799849
vt 0.312500000000 0.996093750000
vt 0.326960912230 0.996093750000
vt 0.326960912230 0.982565799849
vt 0.312500000000 0.982565799849
vt 0.312500000000 0.996093750000
vt 0.326027950151 0.996093750000
vt 0.326027950151 0.981632837770
vt 0.312500000000 0.981632837770
vt 0.312500000000 0.996093750000
vt 0.326960912230 0.996093750000
vt 0.326960912230 0.980233394651
vt 0.312500000000 0.980233394651
vt 0.312500000000 0.996093750000
vt 0.328360355349 0.996093750000
vt 0.328360355349 0.981632837770
vt 0.312500000000 0.981632837770
vt 0.003906250000 0.996093750000
vt 0.081778094341 0.996093750000
vt 0.082392860868 0.977444638527
vt 0.004690077322 0.972316132872
vt 0.003906250000 0.996093750000
vt 0.027696783024 0.996093750000
vt 0.025131137305 0.918264182333
vt 0.006471895718 0.918264182333
vt 0.003906250000 0.996093750000
vt 0.026763820944 0.996093750000
vt 0.024298788784 0.918260930717
vt 0.006371282161 0.918260930717
vt 0.003906250000 0.996093750000
vt 0.081778094341 0.996093750000
vt 0.082345589317 0.978175227651
vt 0.004629806094 0.973247634005
vt 0.003906250000 0.996093750000
vt 0.021833756623 0.996093750000
vt 0.021833756623 0.977434508413
vt 0.003906250000 0.977434508413
vt 0.003906250000 0.996093750000
vt 0.027696783024 0.996093750000
vt 0.027696783024 0.973236179056
vt 0.003906250000 0.973236179056
vt 0.246093750000 0.996093750000
vt 0.261021143270 0.996093750000
vt 0.261021143270 0.971836735937
vt 0.246093750000 0.971836735937
vt 0.246093750000 0.996093750000
vt 0.270350764063 0.996093750000
vt 0.270350764063 0.981166356730
vt 0.246093750000 0.981166356730
vt 0.246093750000 0.996093750000
vt 0.268951320944 0.996093750000
vt 0.268951320944 0.981166356730
vt 0.246093750000 0.981166356730
vt 0.246093750000 0.996093750000
vt 0.261021143270 0.996093750000
vt 0.261021143270 0.973236179056
vt 0.246093750000 0.973236179056
vt 0.246093750000 0.996093750000
vt 0.268951320944 0.996093750000
vt 0.268951320944 0.971836735937
vt 0.246093750000 0.971836735937
vt 0.246093750000 0.996093750000
vt 0.270350764063 0.996093750000
vt 0.270350764063 0.973236179056
vt 0.246093750000 0.973236179056
vt 0.312500000000 0.996093750000
vt 0.326027950151 0.996093750000
vt 0.326027950151 0.980233394651
vt 0.312500000000 0.980233394651
vt 0.312500000000 0.996093750000
vt 0.328360355349 0.996093750000
vt 0.328360355349 0.982565799849
vt 0.312500000000 0.982565799849
vt 0.312500000000 0.996093750000
vt 0.326960912230 0.996093750000
vt 0.326960912230 0.982565799849
vt 0.312500000000 0.982565799849
vt 0.312500000000 0.996093750000
vt 0.326027950151 0.996093750000
vt 0.326027950151 0.981632837770
vt 0.312500000000 0.981632837770
vt 0.312500000000 0.996093750000
vt 0.326960912230 0.996093750000
vt 0.326960912230 0.980233394651
vt 0.312500000000 0.980233394651
vt 0.312500000000 0.996093750000
vt 0.328360355349 0.996093750000
vt 0.328360355349 0.981632837770
vt 0.312500000000 0.981632837770
vt 0.003906250000 0.996093750000
vt 0.054792041138 0.996093750000
vt 0.055542537485 0.983521141689
vt 0.005018096439 0.977467663613
vt 0.003906250000 0.996093750000
vt 0.022565491587 0.996093750000
vt 0.019533364829 0.945298376715
vt 0.006938376758 0.945298376716
vt 0.003906250000 0.996093750000
vt 0.021166048468 0.996093750000
vt 0.018361331217 0.945285312699
vt 0.006710967251 0.945285312699
vt 0.003906250000 0.996093750000
vt 0.054792041138 0.996093750000
vt 0.055434184575 0.984461096290
vt 0.004857573610 0.978860188947
vt 0.003906250000 0.996093750000
vt 0.015556613966 0.996093750000
vt 0.015556613966 0.983498761929
vt 0.003906250000 0.983498761929
vt 0.003906250000 0.996093750000
vt 0.022565491587 0.996093750000
vt 0.022565491587 0.978833951532
vt 0.003906250000 0.978833951532
vt 0.246093750000 0.996093750000
vt 0.261021143270 0.996093750000
vt 0.261021143270 0.976501546333
vt 0.246093750000 0.976501546333
vt 0.246093750000 0.996093750000
vt 0.265685953667 0.996093750000
vt 0.265685953667 0.981166356730
vt 0.246093750000 0.981166356730
vt 0.246093750000 0.996093750000
vt 0.264752991587 0.996093750000
vt 0.264752991587 0.981166356730
vt 0.246093750000 0.981166356730
vt 0.246093750000 0.996093750000
vt 0.261021143270 0.996093750000
vt 0.261021143270 0.977434508413
vt 0.246093750000 0.977434508413
vt 0.246093750000 0.996093750000
vt 0.264752991587 0.996093750000
vt 0.264752991587 0.976501546333
vt 0.246093750000 0.976501546333
vt 0.246093750000 0.996093750000
vt 0.265685953667 0.996093750000
vt 0.265685953667 0.977434508413
vt 0.246093750000 0.977434508413
vt 0.312500000000 0.996093750000
vt 0.326027950151 0.996093750000
vt 0.326027950151 0.980233394651
vt 0.312500000000 0.980233394651
vt 0.312500000000 0.996093750000
vt 0.328360355349 0.996093750000
vt 0.328360355349 0.982565799849
vt 0.312500000000 0.982565799849
vt 0.312500000000 0.996093750000
vt 0.326960912230 0.996093750000
vt 0.326960912230 0.982565799849
vt 0.312500000000 0.982565799849
vt 0.312500000000 0.996093750000
vt 0.326027950151 0.996093750000
vt 0.326027950151 0.981632837770
vt 0.312500000000 0.981632837770
vt 0.312500000000 0.996093750000
vt 0.326960912230 0.996093750000
vt 0.326960912230 0.980233394651
vt 0.312500000000 0.980233394651
vt 0.312500000000 0.996093750000
vt 0.328360355349 0.996093750000
vt 0.328360355349 0.981632837770
vt 0.312500000000 0.981632837770
vt 0.003906250000 0.996093750000
vt 0.033468871193 0.996093750000
vt 0.034043013641 0.990525499185
vt 0.005102380101 0.984493227468
vt 0.003906250000 0.996093750000
vt 0.015568275992 0.996093750000
vt 0.012536149234 0.966687036836
vt 0.006938376758 0.966687036836
vt 0.003906250000 0.996093750000
vt 0.015568275992 0.996093750000
vt 0.012536149234 0.966687036836
vt 0.006938376758 0.966687036836
vt 0.003906250000 0.996093750000
vt 0.033468871193 0.996093750000
vt 0.034043013641 0.990525499185
vt 0.005102380101 0.984493227468
vt 0.003906250000 0.996093750000
vt 0.009504022476 0.996093750000
vt 0.009504022476 0.990495977524
vt 0.003906250000 0.990495977524
vt 0.003906250000 0.996093750000
vt 0.015568275992 0.996093750000
vt 0.015568275992 0.984431724008
vt 0.003906250000 0.984431724008
vt 0.093750000000 0.996093750000
vt 0.104479063913 0.996093750000
vt 0.104479063913 0.985831167127
vt 0.093750000000 0.985831167127
vt 0.093750000000 0.996093750000
vt 0.104012582873 0.996093750000
vt 0.104012582873 0.985364686087
vt 0.093750000000 0.985364686087
vt 0.093750000000 0.996093750000
vt 0.106344988071 0.996093750000
vt 0.106344988071 0.985364686087
vt 0.093750000000 0.985364686087
vt 0.093750000000 0.996093750000
vt 0.104479063913 0.996093750000
vt 0.104479063913 0.983498761929
vt 0.093750000000 0.983498761929
vt 0.093750000000 0.996093750000
vt 0.106344988071 0.996093750000
vt 0.106344988071 0.985831167127
vt 0.093750000000 0.985831167127
vt 0.093750000000 0.996093750000
vt 0.104012582873 0.996093750000
vt 0.104012582873 0.983498761929
vt 0.093750000000 0.983498761929
vt 0.003906250000 0.996093750000
vt 0.033468871193 0.996093750000
vt 0.034043013641 0.990525499185
vt 0.005102380101 0.984493227468
vt 0.003906250000 0.996093750000
vt 0.015568275992 0.996093750000
vt 0.012536149234 0.966687036836
vt 0.006938376758 0.966687036836
vt 0.003906250000 0.996093750000
vt 0.015568275992 0.996093750000
vt 0.012536149234 0.966687036836
vt 0.006938376758 0.966687036836
vt 0.003906250000 0.996093750000
vt 0.033468871193 0.996093750000
vt 0.034043013641 0.990525499185
vt 0.005102380101 0.984493227468
vt 0.003906250000 0.996093750000
vt 0.009504022476 0.996093750000
vt 0.009504022476 0.990495977524
vt 0.003906250000 0.990495977524
vt 0.003906250000 0.996093750000
vt 0.015568275992 0.996093750000
vt 0.015568275992 0.984431724008
vt 0.003906250000 0.984431724008
vt 0.093750000000 0.996093750000
vt 0.104479063913 0.996093750000
vt 0.104479063913 0.985831167127
vt 0.093750000000 0.985831167127
vt 0.093750000000 0.996093750000
vt 0.104012582873 0.996093750000
vt 0.104012582873 0.985364686087
vt 0.093750000000 0.985364686087
vt 0.093750000000 0.996093750000
vt 0.106344988071 0.996093750000
vt 0.106344988071 0.985364686087
vt 0.093750000000 0.985364686087
vt 0.093750000000 0.996093750000
vt 0.104479063913 0.996093750000
vt 0.104479063913 0.983498761929
vt 0.093750000000 0.983498761929
vt 0.093750000000 0.996093750000
vt 0.106344988071 0.996093750000
vt 0.106344988071 0.985831167127
vt 0.093750000000 0.985831167127
vt 0.093750000000 0.996093750000
vt 0.104012582873 0.996093750000
vt 0.104012582873 0.983498761929
vt 0.093750000000 0.983498761929
vt 0.332031250000 0.968750000000
vt 0.339028465595 0.968750000000
vt 0.339028465595 0.963152227524
vt 0.332031250000 0.963152227524
vt 0.332031250000 0.968750000000
vt 0.337629022476 0.968750000000
vt 0.337629022476 0.961752784405
vt 0.332031250000 0.961752784405
vt 0.332031250000 0.968750000000
vt 0.337629022476 0.968750000000
vt 0.337629022476 0.961752784405
vt 0.332031250000 0.961752784405
vt 0.332031250000 0.968750000000
vt 0.339028465595 0.968750000000
vt 0.339028465595 0.963152227524
vt 0.332031250000 0.963152227524
vt 0.332031250000 0.968750000000
vt 0.337629022476 0.968750000000
vt 0.337629022476 0.963152227524
vt 0.332031250000 0.963152227524
vt 0.332031250000 0.968750000000
vt 0.337629022476 0.968750000000
vt 0.337629022476 0.963152227524
vt 0.332031250000 0.963152227524
vt 0.097970859813 0.996093750000
vt 0.144421516212 0.996093750000
vt 0.137492935009 0.956105705786
vt 0.093750000000 0.971733217318
vt 0.101680177675 0.996093750000
vt 0.126403672778 0.996093750000
vt 0.134333850452 0.950325029656
vt 0.093750000000 0.950325029656
vt 0.098089153822 0.996093750000
vt 0.111617103973 0.996093750000
vt 0.115956257795 0.949846207103
vt 0.093750000000 0.949846207103
vt 0.095013703490 0.996093750000
vt 0.141464359889 0.996093750000
vt 0.139389978688 0.973984592895
vt 0.093750000000 0.982624953143
vt 0.093750000000 0.996093750000
vt 0.115956257795 0.996093750000
vt 0.115956257795 0.955509899548
vt 0.093750000000 0.955509899548
vt 0.093750000000 0.996093750000
vt 0.118473495103 0.996093750000
vt 0.118473495103 0.982565799849
vt 0.093750000000 0.982565799849
vt 0.182023091249 0.996093750000
vt 0.227991490839 0.996093750000
vt 0.224157595770 0.966307423677
vt 0.179687500000 0.977948056952
vt 0.185555831479 0.996093750000
vt 0.203851217855 0.996093750000
vt 0.209719549335 0.950501465055
vt 0.179687500000 0.950501465055
vt 0.181333385932 0.996093750000
vt 0.186464677369 0.996093750000
vt 0.188110563301 0.950154825106
vt 0.179687500000 0.950154825106
vt 0.179871224482 0.996093750000
vt 0.225839624072 0.996093750000
vt 0.225538038602 0.987676087523
vt 0.179687500000 0.990965748721
vt 0.179687500000 0.996093750000
vt 0.188110563301 0.996093750000
vt 0.188110563301 0.966061700665
vt 0.179687500000 0.966061700665
vt 0.179687500000 0.996093750000
vt 0.197982886376 0.996093750000
vt 0.197982886376 0.990962458564
vt 0.179687500000 0.990962458564
vt 0.093750000000 0.996093750000
vt 0.134101284032 0.996093750000
vt 0.135994140791 0.959757497598
vt 0.095861263308 0.955564853090
vt 0.093750000000 0.996093750000
vt 0.134333850452 0.996093750000
vt 0.132234685774 0.955797104597
vt 0.095849164679 0.955797104597
vt 0.093750000000 0.996093750000
vt 0.107277950151 0.996093750000
vt 0.106578228591 0.955748533273
vt 0.094449721560 0.955748533273
vt 0.093750000000 0.996093750000
vt 0.134101284032 0.996093750000
vt 0.134311601450 0.983967066636
vt 0.093984584812 0.982567833941
vt 0.093750000000 0.996093750000
vt 0.105878507032 0.996093750000
vt 0.105878507032 0.959708228905
vt 0.093750000000 0.959708228905
vt 0.093750000000 0.996093750000
vt 0.134333850452 0.996093750000
vt 0.134333850452 0.982565799849
vt 0.093750000000 0.982565799849
vt 0.179687500000 0.996093750000
vt 0.220008877196 0.996093750000
vt 0.221046174362 0.969188452756
vt 0.180844485301 0.966083995382
vt 0.179687500000 0.996093750000
vt 0.209719549335 0.996093750000
vt 0.208166167472 0.955802305948
vt 0.181240881862 0.955802305948
vt 0.179687500000 0.996093750000
vt 0.184818791437 0.996093750000
vt 0.184553379811 0.955773246337
vt 0.179952911626 0.955773246337
vt 0.179687500000 0.996093750000
vt 0.220008877196 0.996093750000
vt 0.220039159340 0.991493381481
vt 0.179721276237 0.990962569729
vt 0.179687500000 0.996093750000
vt 0.184287968185 0.996093750000
vt 0.184287968184 0.969168464390
vt 0.179687500000 0.969168464390
vt 0.179687500000 0.996093750000
vt 0.209719549335 0.996093750000
vt 0.209719549335 0.990962458563
vt 0.179687500000 0.990962458563
vt 0.093750000000 0.996093750000
vt 0.136303678629 0.996093750000
vt 0.140028971655 0.982120912980
vt 0.103123317937 0.960936289110
vt 0.093750000000 0.996093750000
vt 0.130135521095 0.996093750000
vt 0.119173216663 0.954976315177
vt 0.104712304433 0.954976315177
vt 0.093750000000 0.996093750000
vt 0.107277950151 0.996093750000
vt 0.103202221580 0.953735704702
vt 0.097825728571 0.953735704702
vt 0.093750000000 0.996093750000
vt 0.136303678629 0.996093750000
vt 0.136818631199 0.990741974507
vt 0.095045687111 0.982627992309
vt 0.093750000000 0.996093750000
vt 0.099126493009 0.996093750000
vt 0.099126493009 0.981632837770
vt 0.093750000000 0.981632837770
vt 0.093750000000 0.996093750000
vt 0.130135521095 0.996093750000
vt 0.130135521095 0.982565799849
vt 0.093750000000 0.982565799849
vt 0.179687500000 0.996093750000
vt 0.221427506540 0.996093750000
vt 0.223507243814 0.985596717081
vt 0.184920387334 0.969681860720
vt 0.179687500000 0.996093750000
vt 0.206612785610 0.996093750000
vt 0.198500680330 0.955149618627
vt 0.187799605280 0.955149618627
vt 0.179687500000 0.996093750000
vt 0.184818791436 0.996093750000
vt 0.183272825427 0.954382383023
vt 0.181233466010 0.954382383023
vt 0.179687500000 0.996093750000
vt 0.221427506540 0.996093750000
vt 0.221503040317 0.994055789873
vt 0.179877552729 0.990965979357
vt 0.179687500000 0.996093750000
vt 0.181726859417 0.996093750000
vt 0.181726859417 0.985392674950
vt 0.179687500000 0.985392674950
vt 0.179687500000 0.996093750000
vt 0.206612785610 0.996093750000
vt 0.206612785610 0.990962458564
vt 0.179687500000 0.990962458564
vt 0.292968750000 0.996093750000
vt 0.304164294952 0.996093750000
vt 0.304164294952 0.989096534405
vt 0.292968750000 0.989096534405
vt 0.312500000000 0.968750000000
vt 0.319497215595 0.968750000000
vt 0.319497215595 0.957554455048
vt 0.312500000000 0.957554455048
vt 0.312500000000 0.968750000000
vt 0.319497215595 0.968750000000
vt 0.319497215595 0.957554455048
vt 0.312500000000 0.957554455048
vt 0.312500000000 0.968750000000
vt 0.323695544952 0.968750000000
vt 0.323695544952 0.961752784405
vt 0.312500000000 0.961752784405
vt 0.312500000000 0.968750000000
vt 0.319497215595 0.968750000000
vt 0.319497215595 0.961752784405
vt 0.312500000000 0.961752784405
vt 0.312500000000 0.968750000000
vt 0.319497215595 0.968750000000
vt 0.319497215595 0.961752784405
vt 0.312500000000 0.961752784405
vt 0.312500000000 0.996093750000
vt 0.330226279508 0.996093750000
vt 0.330226279508 0.987697091286
vt 0.312500000000 0.987697091286
vt 0.312500000000 0.996093750000
vt 0.320896658714 0.996093750000
vt 0.320896658714 0.978367470492
vt 0.312500000000 0.978367470492
vt 0.312500000000 0.996093750000
vt 0.320896658714 0.996093750000
vt 0.320896658714 0.978367470492
vt 0.312500000000 0.978367470492
vt 0.312500000000 0.996093750000
vt 0.330226279508 0.996093750000
vt 0.330226279508 0.987697091286
vt 0.312500000000 0.987697091286
vt 0.312500000000 0.996093750000
vt 0.320896658714 0.996093750000
vt 0.320896658714 0.987697091286
vt 0.312500000000 0.987697091286
vt 0.312500000000 0.996093750000
vt 0.320896658714 0.996093750000
vt 0.320896658714 0.987697091286
vt 0.312500000000 0.987697091286
vt 0.003906250000 0.996093750000
vt 0.056138509720 0.996093750000
vt 0.056988393117 0.972318402268
vt 0.004889448440 0.968588935958
vt 0.003906250000 0.996093750000
vt 0.031428631341 0.996093750000
vt 0.029562707182 0.943894829681
vt 0.005772174159 0.943894829681
vt 0.003906250000 0.996093750000
vt 0.030962150301 0.996093750000
vt 0.029127851976 0.943893708764
vt 0.005740548326 0.943893708764
vt 0.003906250000 0.996093750000
vt 0.056138509720 0.996093750000
vt 0.056959827659 0.972720872366
vt 0.004856402126 0.969054538620
vt 0.003906250000 0.996093750000
vt 0.027293553650 0.996093750000
vt 0.027293553650 0.972303216976
vt 0.003906250000 0.972303216976
vt 0.003906250000 0.996093750000
vt 0.031428631341 0.996093750000
vt 0.031428631341 0.969037849699
vt 0.003906250000 0.969037849699
vt 0.246093750000 0.996093750000
vt 0.261021143270 0.996093750000
vt 0.261021143270 0.967171925540
vt 0.246093750000 0.967171925540
vt 0.246093750000 0.996093750000
vt 0.275015574460 0.996093750000
vt 0.275015574460 0.981166356730
vt 0.246093750000 0.981166356730
vt 0.246093750000 0.996093750000
vt 0.257998346133 0.996093750000
vt 0.257998346133 0.981166356730
vt 0.246093750000 0.981166356730
vt 0.246093750000 0.996093750000
vt 0.261021143270 0.996093750000
vt 0.261021143270 0.984189153867
vt 0.246093750000 0.984189153867
vt 0.246093750000 0.996093750000
vt 0.257998346133 0.996093750000
vt 0.257998346133 0.967171925540
vt 0.246093750000 0.967171925540
vt 0.246093750000 0.996093750000
vt 0.275015574460 0.996093750000
vt 0.275015574460 0.984189153867
vt 0.246093750000 0.984189153867
vt 0.312500000000 0.996093750000
vt 0.326027950151 0.996093750000
vt 0.326027950151 0.980233394651
vt 0.312500000000 0.980233394651
vt 0.312500000000 0.996093750000
vt 0.328360355349 0.996093750000
vt 0.328360355349 0.982565799849
vt 0.312500000000 0.982565799849
vt 0.312500000000 0.996093750000
vt 0.326960912230 0.996093750000
vt 0.326960912230 0.982565799849
vt 0.312500000000 0.982565799849
vt 0.312500000000 0.996093750000
vt 0.326027950151 0.996093750000
vt 0.326027950151 0.981632837770
vt 0.312500000000 0.981632837770
vt 0.312500000000 0.996093750000
vt 0.326960912230 0.996093750000
vt 0.326960912230 0.980233394651
vt 0.312500000000 0.980233394651
vt 0.312500000000 0.996093750000
vt 0.328360355349 0.996093750000
vt 0.328360355349 0.981632837770
vt 0.312500000000 0.981632837770
vt 0.003906250000 0.996093750000
vt 0.081778094341 0.996093750000
vt 0.082392860868 0.977444638527
vt 0.004690077322 0.972316132872
vt 0.003906250000 0.996093750000
vt 0.027696783024 0.996093750000
vt 0.025131137306 0.918264182333
vt 0.006471895718 0.918264182333
vt 0.003906250000 0.996093750000
vt 0.026763820944 0.996093750000
vt 0.024298788784 0.918260930717
vt 0.006371282161 0.918260930717
vt 0.003906250000 0.996093750000
vt 0.081778094341 0.996093750000
vt 0.082345589317 0.978175227651
vt 0.004629806094 0.973247634005
vt 0.003906250000 0.996093750000
vt 0.021833756623 0.996093750000
vt 0.021833756623 0.977434508413
vt 0.003906250000 0.977434508413
vt 0.003906250000 0.996093750000
vt 0.027696783024 0.996093750000
vt 0.027696783024 0.973236179056
vt 0.003906250000 0.973236179056
vt 0.246093750000 0.996093750000
vt 0.261021143270 0.996093750000
vt 0.261021143270 0.971836735937
vt 0.246093750000 0.971836735937
vt 0.246093750000 0.996093750000
vt 0.270350764063 0.996093750000
vt 0.270350764063 0.981166356730
vt 0.246093750000 0.981166356730
vt 0.246093750000 0.996093750000
vt 0.268951320944 0.996093750000
vt 0.268951320944 0.981166356730
vt 0.246093750000 0.981166356730
vt 0.246093750000 0.996093750000
vt 0.261021143270 0.996093750000
vt 0.261021143270 0.973236179056
vt 0.246093750000 0.973236179056
vt 0.246093750000 0.996093750000
vt 0.268951320944 0.996093750000
vt 0.268951320944 0.971836735937
vt 0.246093750000 0.971836735937
vt 0.246093750000 0.996093750000
vt 0.270350764063 0.996093750000
vt 0.270350764063 0.973236179056
vt 0.246093750000 0.973236179056
vt 0.312500000000 0.996093750000
vt 0.326027950151 0.996093750000
vt 0.326027950151 0.980233394651
vt 0.312500000000 0.980233394651
vt 0.312500000000 0.996093750000
vt 0.328360355349 0.996093750000
vt 0.328360355349 0.982565799849
vt 0.312500000000 0.982565799849
vt 0.312500000000 0.996093750000
vt 0.326960912230 0.996093750000
vt 0.326960912230 0.982565799849
vt 0.312500000000 0.982565799849
vt 0.312500000000 0.996093750000
vt 0.326027950151 0.996093750000
vt 0.326027950151 0.981632837770
vt 0.312500000000 0.981632837770
vt 0.312500000000 0.996093750000
vt 0.326960912230 0.996093750000
vt 0.326960912230 0.980233394651
vt 0.312500000000 0.980233394651
vt 0.312500000000 0.996093750000
vt 0.328360355349 0.996093750000
vt 0.328360355349 0.981632837770
vt 0.312500000000 0.981632837770
vt 0.003906250000 0.996093750000
vt 0.054792041138 0.996093750000
vt 0.055542537485 0.983521141689
vt 0.005018096440 0.977467663613
vt 0.003906250000 0.996093750000
vt 0.022565491587 0.996093750000
vt 0.019533364829 0.945298376716
vt 0.006938376758 0.945298376715
vt 0.003906250000 0.996093750000
vt 0.021166048468 0.996093750000
vt 0.018361331217 0.945285312699
vt 0.006710967251 0.945285312699
vt 0.003906250000 0.996093750000
vt 0.054792041138 0.996093750000
vt 0.055434184575 0.984461096290
vt 0.004857573610 0.978860188947
vt 0.003906250000 0.996093750000
vt 0.015556613966 0.996093750000
vt 0.015556613966 0.983498761929
vt 0.003906250000 0.983498761929
vt 0.003906250000 0.996093750000
vt 0.022565491587 0.996093750000
vt 0.022565491587 0.978833951532
vt 0.003906250000 0.978833951532
vt 0.246093750000 0.996093750000
vt 0.261021143270 0.996093750000
vt 0.261021143270 0.976501546333
vt 0.246093750000 0.976501546333
vt 0.246093750000 0.996093750000
vt 0.265685953667 0.996093750000
vt 0.265685953667 0.981166356730
vt 0.246093750000 0.981166356730
vt 0.246093750000 0.996093750000
vt 0.264752991587 0.996093750000
vt 0.264752991587 0.981166356730
vt 0.246093750000 0.981166356730
vt 0.246093750000 0.996093750000
vt 0.261021143270 0.996093750000
vt 0.261021143270 0.977434508413
vt 0.246093750000 0.977434508413
vt 0.246093750000 0.996093750000
vt 0.264752991587 0.996093750000
vt 0.264752991587 0.976501546333
vt 0.246093750000 0.976501546333
vt 0.246093750000 0.996093750000
vt 0.265685953667 0.996093750000
vt 0.265685953667 0.977434508413
vt 0.246093750000 0.977434508413
vt 0.312500000000 0.996093750000
vt 0.326027950151 0.996093750000
vt 0.326027950151 0.980233394651
vt 0.312500000000 0.980233394651
vt 0.312500000000 0.996093750000
vt 0.328360355349 0.996093750000
vt 0.328360355349 0.982565799849
vt 0.312500000000 0.982565799849
vt 0.312500000000 0.996093750000
vt 0.326960912230 0.996093750000
vt 0.326960912230 0.982565799849
vt 0.312500000000 0.982565799849
vt 0.312500000000 0.996093750000
vt 0.326027950151 0.996093750000
vt 0.326027950151 0.981632837770
vt 0.312500000000 0.981632837770
vt 0.312500000000 0.996093750000
vt 0.326960912230 0.996093750000
vt 0.326960912230 0.980233394651
vt 0.312500000000 0.980233394651
vt 0.312500000000 0.996093750000
vt 0.328360355349 0.996093750000
vt 0.328360355349 0.981632837770
vt 0.312500000000 0.981632837770
vt 0.003906250000 0.996093750000
vt 0.033468871193 0.996093750000
vt 0.034043013641 0.990525499185
vt 0.005102380101 0.984493227468
vt 0.003906250000 0.996093750000
vt 0.015568275992 0.996093750000
vt 0.012536149234 0.966687036836
vt 0.006938376758 0.966687036836
vt 0.003906250000 0.996093750000
vt 0.015568275992 0.996093750000
vt 0.012536149234 0.966687036836
vt 0.006938376758 0.966687036836
vt 0.003906250000 0.996093750000
vt 0.033468871193 0.996093750000
vt 0.034043013641 0.990525499185
vt 0.005102380101 0.984493227468
vt 0.003906250000 0.996093750000
vt 0.009504022476 0.996093750000
vt 0.009504022476 0.990495977524
vt 0.003906250000 0.990495977524
vt 0.003906250000 0.996093750000
vt 0.015568275992 0.996093750000
vt 0.015568275992 0.984431724008
vt 0.003906250000 0.984431724008
vt 0.093750000000 0.996093750000
vt 0.104479063913 0.996093750000
vt 0.104479063913 0.985831167127
vt 0.093750000000 0.985831167127
vt 0.093750000000 0.996093750000
vt 0.104012582873 0.996093750000
vt 0.104012582873 0.985364686087
vt 0.093750000000 0.985364686087
vt 0.093750000000 0.996093750000
vt 0.106344988071 0.996093750000
vt 0.106344988071 0.985364686087
vt 0.093750000000 0.985364686087
vt 0.093750000000 0.996093750000
vt 0.104479063913 0.996093750000
vt 0.104479063913 0.983498761929
vt 0.093750000000 0.983498761929
vt 0.093750000000 0.996093750000
vt 0.106344988071 0.996093750000
vt 0.106344988071 0.985831167127
vt 0.093750000000 0.985831167127
vt 0.093750000000 0.996093750000
vt 0.104012582873 0.996093750000
vt 0.104012582873 0.983498761929
vt 0.093750000000 0.983498761929
vt 0.003906250000 0.996093750000
vt 0.033468871193 0.996093750000
vt 0.034043013641 0.990525499185
vt 0.005102380101 0.984493227468
vt 0.003906250000 0.996093750000
vt 0.015568275992 0.996093750000
vt 0.012536149234 0.966687036836
vt 0.006938376758 0.966687036836
vt 0.003906250000 0.996093750000
vt 0.015568275992 0.996093750000
vt 0.012536149234 0.966687036836
vt 0.006938376758 0.966687036836
vt 0.003906250000 0.996093750000
vt 0.033468871193 0.996093750000
vt 0.034043013641 0.990525499185
vt 0.005102380101 0.984493227468
vt 0.003906250000 0.996093750000
vt 0.009504022476 0.996093750000
vt 0.009504022476 0.990495977524
vt 0.003906250000 0.990495977524
vt 0.003906250000 0.996093750000
vt 0.015568275992 0.996093750000
vt 0.015568275992 0.984431724008
vt 0.003906250000 0.984431724008
vt 0.093750000000 0.996093750000
vt 0.104479063913 0.996093750000
vt 0.104479063913 0.985831167127
vt 0.093750000000 0.985831167127
vt 0.093750000000 0.996093750000
vt 0.104012582873 0.996093750000
vt 0.104012582873 0.985364686087
vt 0.093750000000 0.985364686087
vt 0.093750000000 0.996093750000
vt 0.106344988071 0.996093750000
vt 0.106344988071 0.985364686087
vt 0.093750000000 0.985364686087
vt 0.093750000000 0.996093750000
vt 0.104479063913 0.996093750000
vt 0.104479063913 0.983498761929
vt 0.093750000000 0.983498761929
vt 0.093750000000 0.996093750000
vt 0.106344988071 0.996093750000
vt 0.106344988071 0.985831167127
vt 0.093750000000 0.985831167127
vt 0.093750000000 0.996093750000
vt 0.104012582873 0.996093750000
vt 0.104012582873 0.983498761929
vt 0.093750000000 0.983498761929
vt 0.332031250000 0.968750000000
vt 0.339028465595 0.968750000000
vt 0.339028465595 0.963152227524
vt 0.332031250000 0.963152227524
vt 0.332031250000 0.968750000000
vt 0.337629022476 0.968750000000
vt 0.337629022476 0.961752784405
vt 0.332031250000 0.961752784405
vt 0.332031250000 0.968750000000
vt 0.337629022476 0.968750000000
vt 0.337629022476 0.961752784405
vt 0.332031250000 0.961752784405
vt 0.332031250000 0.968750000000
vt 0.339028465595 0.968750000000
vt 0.339028465595 0.963152227524
vt 0.332031250000 0.963152227524
vt 0.332031250000 0.968750000000
vt 0.337629022476 0.968750000000
vt 0.337629022476 0.963152227524
vt 0.332031250000 0.963152227524
vt 0.332031250000 0.968750000000
vt 0.337629022476 0.968750000000
vt 0.337629022476 0.963152227524
vt 0.332031250000 0.963152227524
vt 0.097970859813 0.996093750000
vt 0.144421516212 0.996093750000
vt 0.137492935009 0.956105705786
vt 0.093750000000 0.971733217318
vt 0.101680177674 0.996093750000
vt 0.126403672777 0.996093750000
vt 0.134333850452 0.950325029656
vt 0.093750000000 0.950325029656
vt 0.098089153822 0.996093750000
vt 0.111617103973 0.996093750000
vt 0.115956257795 0.949846207103
vt 0.093750000000 0.949846207103
vt 0.095013703490 0.996093750000
vt 0.141464359889 0.996093750000
vt 0.139389978688 0.973984592895
vt 0.093750000000 0.982624953143
vt 0.093750000000 0.996093750000
vt 0.115956257795 0.996093750000
vt 0.115956257795 0.955509899548
vt 0.093750000000 0.955509899548
vt 0.093750000000 0.996093750000
vt 0.118473495103 0.996093750000
vt 0.118473495103 0.982565799849
vt 0.093750000000 0.982565799849
vt 0.182023091249 0.996093750000
vt 0.227991490839 0.996093750000
vt 0.224157595770 0.966307423677
vt 0.179687500000 0.977948056952
vt 0.185555831479 0.996093750000
vt 0.203851217855 0.996093750000
vt 0.209719549335 0.950501465055
vt 0.179687500000 0.950501465055
vt 0.181333385932 0.996093750000
vt 0.186464677369 0.996093750000
vt 0.188110563301 0.950154825106
vt 0.179687500000 0.950154825106
vt 0.179871224482 0.996093750000
vt 0.225839624072 0.996093750000
vt 0.225538038602 0.987676087523
vt 0.179687500000 0.990965748721
vt 0.179687500000 0.996093750000
vt 0.188110563301 0.996093750000
vt 0.188110563301 0.966061700665
vt 0.179687500000 0.966061700665
vt 0.179687500000 0.996093750000
vt 0.197982886376 0.996093750000
vt 0.197982886376 0.990962458564
vt 0.179687500000 0.990962458564
vt 0.093750000000 0.996093750000
vt 0.134101284032 0.996093750000
vt 0.135994140791 0.959757497598
vt 0.095861263308 0.955564853090
vt 0.093750000000 0.996093750000
vt 0.134333850452 0.996093750000
vt 0.132234685774 0.955797104597
vt 0.095849164679 0.955797104597
vt 0.093750000000 0.996093750000
vt 0.107277950151 0.996093750000
vt 0.106578228591 0.955748533273
vt 0.094449721559 0.955748533273
vt 0.093750000000 0.996093750000
vt 0.134101284032 0.996093750000
vt 0.134311601450 0.983967066636
vt 0.093984584812 0.982567833941
vt 0.093750000000 0.996093750000
vt 0.105878507032 0.996093750000
vt 0.105878507032 0.959708228905
vt 0.093750000000 0.959708228905
vt 0.093750000000 0.996093750000
vt 0.134333850452 0.996093750000
vt 0.134333850452 0.982565799849
vt 0.093750000000 0.982565799849
vt 0.179687500000 0.996093750000
vt 0.220008877196 0.996093750000
vt 0.221046174362 0.969188452756
vt 0.180844485301 0.966083995382
vt 0.179687500000 0.996093750000
vt 0.209719549335 0.996093750000
vt 0.208166167472 0.955802305948
vt 0.181240881862 0.955802305948
vt 0.179687500000 0.996093750000
vt 0.184818791436 0.996093750000
vt 0.184553379810 0.955773246337
vt 0.179952911626 0.955773246337
vt 0.179687500000 0.996093750000
vt 0.220008877196 0.996093750000
vt 0.220039159340 0.991493381481
vt 0.179721276237 0.990962569729
vt 0.179687500000 0.996093750000
vt 0.184287968184 0.996093750000
vt 0.184287968184 0.969168464390
vt 0.179687500000 0.969168464390
vt 0.179687500000 0.996093750000
vt 0.209719549335 0.996093750000
vt 0.209719549335 0.990962458564
vt 0.179687500000 0.990962458564
vt 0.093750000000 0.996093750000
vt 0.136303678629 0.996093750000
vt 0.140028971655 0.982120912980
vt 0.103123317937 0.960936289110
vt 0.093750000000 0.996093750000
vt 0.130135521095 0.996093750000
vt 0.119173216663 0.954976315177
vt 0.104712304432 0.954976315177
vt 0.093750000000 0.996093750000
vt 0.107277950151 0.996093750000
vt 0.103202221580 0.953735704702
vt 0.097825728571 0.953735704702
vt 0.093750000000 0.996093750000
vt 0.136303678629 0.996093750000
vt 0.136818631199 0.990741974507
vt 0.095045687111 0.982627992309
vt 0.093750000000 0.996093750000
vt 0.099126493009 0.996093750000
vt 0.099126493009 0.981632837770
vt 0.093750000000 0.981632837770
vt 0.093750000000 0.996093750000
vt 0.130135521095 0.996093750000
vt 0.130135521095 0.982565799849
vt 0.093750000000 0.982565799849
vt 0.179687500000 0.996093750000
vt 0.221427506540 0.996093750000
vt 0.223507243814 0.985596717081
vt 0.184920387334 0.969681860720
vt 0.179687500000 0.996093750000
vt 0.206612785610 0.996093750000
vt 0.198500680330 0.955149618627
vt 0.187799605280 0.955149618627
vt 0.179687500000 0.996093750000
vt 0.184818791436 0.996093750000
vt 0.183272825427 0.954382383023
vt 0.181233466010 0.954382383023
vt 0.179687500000 0.996093750000
vt 0.221427506540 0.996093750000
vt 0.221503040317 0.994055789873
vt 0.179877552729 0.990965979357
vt 0.179687500000 0.996093750000
vt 0.181726859417 0.996093750000
vt 0.181726859417 0.985392674950
vt 0.179687500000 0.985392674950
vt 0.179687500000 0.996093750000
vt 0.206612785610 0.996093750000
vt 0.206612785610 0.990962458564
vt 0.179687500000 0.990962458564
vt 0.292968750000 0.996093750000
vt 0.304164294952 0.996093750000
vt 0.304164294952 0.989096534405
vt 0.292968750000 0.989096534405
vt 0.312500000000 0.968750000000
vt 0.319497215595 0.968750000000
vt 0.319497215595 0.957554455048
vt 0.312500000000 0.957554455048
vt 0.312500000000 0.968750000000
vt 0.319497215595 0.968750000000
vt 0.319497215595 0.957554455048
vt 0.312500000000 0.957554455048
vt 0.312500000000 0.968750000000
vt 0.323695544952 0.968750000000
vt 0.323695544952 0.961752784405
vt 0.312500000000 0.961752784405
vt 0.312500000000 0.968750000000
vt 0.319497215595 0.968750000000
vt 0.319497215595 0.961752784405
vt 0.312500000000 0.961752784405
vt 0.312500000000 0.968750000000
vt 0.319497215595 0.968750000000
vt 0.319497215595 0.961752784405
vt 0.312500000000 0.961752784405
vt 0.312500000000 0.996093750000
vt 0.330226279508 0.996093750000
vt 0.330226279508 0.987697091286
vt 0.312500000000 0.987697091286
vt 0.312500000000 0.996093750000
vt 0.320896658714 0.996093750000
vt 0.320896658714 0.978367470492
vt 0.312500000000 0.978367470492
vt 0.312500000000 0.996093750000
vt 0.320896658714 0.996093750000
vt 0.320896658714 0.978367470492
vt 0.312500000000 0.978367470492
vt 0.312500000000 0.996093750000
vt 0.330226279508 0.996093750000
vt 0.330226279508 0.987697091286
vt 0.312500000000 0.987697091286
vt 0.312500000000 0.996093750000
vt 0.320896658714 0.996093750000
vt 0.320896658714 0.987697091286
vt 0.312500000000 0.987697091286
vt 0.312500000000 0.996093750000
vt 0.320896658714 0.996093750000
vt 0.320896658714 0.987697091286
vt 0.312500000000 0.987697091286
vt 0.003906250000 0.996093750000
vt 0.056138509720 0.996093750000
vt 0.056988393117 0.972318402268
vt 0.004889448440 0.968588935958
vt 0.003906250000 0.996093750000
vt 0.031428631341 0.996093750000
vt 0.029562707182 0.943894829681
vt 0.005772174159 0.943894829681
vt 0.003906250000 0.996093750000
vt 0.030962150301 0.996093750000
vt 0.029127851976 0.943893708764
vt 0.005740548326 0.943893708764
vt 0.003906250000 0.996093750000
vt 0.056138509720 0.996093750000
vt 0.056959827659 0.972720872366
vt 0.004856402126 0.969054538620
vt 0.003906250000 0.996093750000
vt 0.027293553650 0.996093750000
vt 0.027293553650 0.972303216976
vt 0.003906250000 0.972303216976
vt 0.003906250000 0.996093750000
vt 0.031428631341 0.996093750000
vt 0.031428631341 0.969037849699
vt 0.003906250000 0.969037849699
vt 0.246093750000 0.996093750000
vt 0.261021143270 0.996093750000
vt 0.261021143270 0.967171925540
vt 0.246093750000 0.967171925540
vt 0.246093750000 0.996093750000
vt 0.275015574460 0.996093750000
vt 0.275015574460 0.981166356730
vt 0.246093750000 0.981166356730
vt 0.246093750000 0.996093750000
vt 0.257998346133 0.996093750000
vt 0.257998346133 0.981166356730
vt 0.246093750000 0.981166356730
vt 0.246093750000 0.996093750000
vt 0.261021143270 0.996093750000
vt 0.261021143270 0.984189153867
vt 0.246093750000 0.984189153867
vt 0.246093750000 0.996093750000
vt 0.257998346133 0.996093750000
vt 0.257998346133 0.967171925540
vt 0.246093750000 0.967171925540
vt 0.246093750000 0.996093750000
vt 0.275015574460 0.996093750000
vt 0.275015574460 0.984189153867
vt 0.246093750000 0.984189153867
vt 0.312500000000 0.996093750000
vt 0.326027950151 0.996093750000
vt 0.326027950151 0.980233394651
vt 0.312500000000 0.980233394651
vt 0.312500000000 0.996093750000
vt 0.328360355349 0.996093750000
vt 0.328360355349 0.982565799849
vt 0.312500000000 0.982565799849
vt 0.312500000000 0.996093750000
vt 0.326960912230 0.996093750000
vt 0.326960912230 0.982565799849
vt 0.312500000000 0.982565799849
vt 0.312500000000 0.996093750000
vt 0.326027950151 0.996093750000
vt 0.326027950151 0.981632837770
vt 0.312500000000 0.981632837770
vt 0.312500000000 0.996093750000
vt 0.326960912230 0.996093750000
vt 0.326960912230 0.980233394651
vt 0.312500000000 0.980233394651
vt 0.312500000000 0.996093750000
vt 0.328360355349 0.996093750000
vt 0.328360355349 0.981632837770
vt 0.312500000000 0.981632837770
vt 0.003906250000 0.996093750000
vt 0.081778094341 0.996093750000
vt 0.082392860868 0.977444638527
vt 0.004690077322 0.972316132872
vt 0.003906250000 0.996093750000
vt 0.027696783024 0.996093750000
vt 0.025131137305 0.918264182333
vt 0.006471895718 0.918264182333
vt 0.003906250000 0.996093750000
vt 0.026763820944 0.996093750000
vt 0.024298788784 0.918260930717
vt 0.006371282161 0.918260930717
vt 0.003906250000 0.996093750000
vt 0.081778094341 0.996093750000
vt 0.082345589317 0.978175227651
vt 0.004629806094 0.973247634005
vt 0.003906250000 0.996093750000
vt 0.021833756623 0.996093750000
vt 0.021833756623 0.977434508413
vt 0.003906250000 0.977434508413
vt 0.003906250000 0.996093750000
vt 0.027696783024 0.996093750000
vt 0.027696783024 0.973236179056
vt 0.003906250000 0.973236179056
vt 0.246093750000 0.996093750000
vt 0.261021143270 0.996093750000
vt 0.261021143270 0.971836735937
vt 0.246093750000 0.971836735937
vt 0.246093750000 0.996093750000
vt 0.270350764063 0.996093750000
vt 0.270350764063 0.981166356730
vt 0.246093750000 0.981166356730
vt 0.246093750000 0.996093750000
vt 0.268951320944 0.996093750000
vt 0.268951320944 0.981166356730
vt 0.246093750000 0.981166356730
vt 0.246093750000 0.996093750000
vt 0.261021143270 0.996093750000
vt 0.261021143270 0.973236179056
vt 0.246093750000 0.973236179056
vt 0.246093750000 0.996093750000
vt 0.268951320944 0.996093750000
vt 0.268951320944 0.971836735937
vt 0.246093750000 0.971836735937
vt 0.246093750000 0.996093750000
vt 0.270350764063 0.996093750000
vt 0.270350764063 0.973236179056
vt 0.246093750000 0.973236179056
vt 0.312500000000 0.996093750000
vt 0.326027950151 0.996093750000
vt 0.326027950151 0.980233394651
vt 0.312500000000 0.980233394651
vt 0.312500000000 0.996093750000
vt 0.328360355349 0.996093750000
vt 0.328360355349 0.982565799849
vt 0.312500000000 0.982565799849
vt 0.312500000000 0.996093750000
vt 0.326960912230 0.996093750000
vt 0.326960912230 0.982565799849
vt 0.312500000000 0.982565799849
vt 0.312500000000 0.996093750000
vt 0.326027950151 0.996093750000
vt 0.326027950151 0.981632837770
vt 0.312500000000 0.981632837770
vt 0.312500000000 0.996093750000
vt 0.326960912230 0.996093750000
vt 0.326960912230 0.980233394651
vt 0.312500000000 0.980233394651
vt 0.312500000000 0.996093750000
vt 0.328360355349 0.996093750000
vt 0.328360355349 0.981632837770
vt 0.312500000000 0.981632837770
vt 0.003906250000 0.996093750000
vt 0.054792041138 0.996093750000
vt 0.055542537485 0.983521141689
vt 0.005018096439 0.977467663613
vt 0.003906250000 0.996093750000
vt 0.022565491587 0.996093750000
vt 0.019533364829 0.945298376716
vt 0.006938376758 0.945298376715
vt 0.003906250000 0.996093750000
vt 0.021166048468 0.996093750000
vt 0.018361331217 0.945285312699
vt 0.006710967251 0.945285312699
vt 0.003906250000 0.996093750000
vt 0.054792041138 0.996093750000
vt 0.055434184575 0.984461096290
vt 0.004857573610 0.978860188947
vt 0.003906250000 0.996093750000
vt 0.015556613966 0.996093750000
vt 0.015556613966 0.983498761929
vt 0.003906250000 0.983498761929
vt 0.003906250000 0.996093750000
vt 0.022565491587 0.996093750000
vt 0.022565491587 0.978833951532
vt 0.003906250000 0.978833951532
vt 0.246093750000 0.996093750000
vt 0.261021143270 0.996093750000
vt 0.261021143270 0.976501546333
vt 0.246093750000 0.976501546333
vt 0.246093750000 0.996093750000
vt 0.265685953667 0.996093750000
vt 0.265685953667 0.981166356730
vt 0.246093750000 0.981166356730
vt 0.246093750000 0.996093750000
vt 0.264752991587 0.996093750000
vt 0.264752991587 0.981166356730
vt 0.246093750000 0.981166356730
vt 0.246093750000 0.996093750000
vt 0.261021143270 0.996093750000
vt 0.261021143270 0.977434508413
vt 0.246093750000 0.977434508413
vt 0.246093750000 0.996093750000
vt 0.264752991587 0.996093750000
vt 0.264752991587 0.976501546333
vt 0.246093750000 0.976501546333
vt 0.246093750000 0.996093750000
vt 0.265685953667 0.996093750000
vt 0.265685953667 0.977434508413
vt 0.246093750000 0.977434508413
vt 0.312500000000 0.996093750000
vt 0.326027950151 0.996093750000
vt 0.326027950151 0.980233394651
vt 0.312500000000 0.980233394651
vt 0.312500000000 0.996093750000
vt 0.328360355349 0.996093750000
vt 0.328360355349 0.982565799849
vt 0.312500000000 0.982565799849
vt 0.312500000000 0.996093750000
vt 0.326960912230 0.996093750000
vt 0.326960912230 0.982565799849
vt 0.312500000000 0.982565799849
vt 0.312500000000 0.996093750000
vt 0.326027950151 0.996093750000
vt 0.326027950151 0.981632837770
vt 0.312500000000 0.981632837770
vt 0.312500000000 0.996093750000
vt 0.326960912230 0.996093750000
vt 0.326960912230 0.980233394651
vt 0.312500000000 0.980233394651
vt 0.312500000000 0.996093750000
vt 0.328360355349 0.996093750000
vt 0.328360355349 0.981632837770
vt 0.312500000000 0.981632837770
vt 0.003906250000 0.996093750000
vt 0.033468871193 0.996093750000
vt 0.034043013641 0.990525499185
vt 0.005102380101 0.984493227468
vt 0.003906250000 0.996093750000
vt 0.015568275992 0.996093750000
vt 0.012536149234 0.966687036836
vt 0.006938376758 0.966687036836
vt 0.003906250000 0.996093750000
vt 0.015568275992 0.996093750000
vt 0.012536149234 0.966687036836
vt 0.006938376758 0.966687036836
vt 0.003906250000 0.996093750000
vt 0.033468871193 0.996093750000
vt 0.034043013641 0.990525499185
vt 0.005102380101 0.984493227468
vt 0.003906250000 0.996093750000
vt 0.009504022476 0.996093750000
vt 0.009504022476 0.990495977524
vt 0.003906250000 0.990495977524
vt 0.003906250000 0.996093750000
vt 0.015568275992 0.996093750000
vt 0.015568275992 0.984431724008
vt 0.003906250000 0.984431724008
vt 0.093750000000 0.996093750000
vt 0.104479063913 0.996093750000
vt 0.104479063913 0.985831167127
vt 0.093750000000 0.985831167127
vt 0.093750000000 0.996093750000
vt 0.104012582873 0.996093750000
vt 0.104012582873 0.985364686087
vt 0.093750000000 0.985364686087
vt 0.093750000000 0.996093750000
vt 0.106344988071 0.996093750000
vt 0.106344988071 0.985364686087
vt 0.093750000000 0.985364686087
vt 0.093750000000 0.996093750000
vt 0.104479063913 0.996093750000
vt 0.104479063913 0.983498761929
vt 0.093750000000 0.983498761929
vt 0.093750000000 0.996093750000
vt 0.106344988071 0.996093750000
vt 0.106344988071 0.985831167127
vt 0.093750000000 0.985831167127
vt 0.093750000000 0.996093750000
vt 0.104012582873 0.996093750000
vt 0.104012582873 0.983498761929
vt 0.093750000000 0.983498761929
vt 0.003906250000 0.996093750000
vt 0.033468871193 0.996093750000
vt 0.034043013641 0.990525499185
vt 0.005102380101 0.984493227468
vt 0.003906250000 0.996093750000
vt 0.015568275992 0.996093750000
vt 0.012536149234 0.966687036836
vt 0.006938376758 0.966687036836
vt 0.003906250000 0.996093750000
vt 0.015568275992 0.996093750000
vt 0.012536149234 0.966687036836
vt 0.006938376758 0.966687036836
vt 0.003906250000 0.996093750000
vt 0.033468871193 0.996093750000
vt 0.034043013641 0.990525499185
vt 0.005102380101 0.984493227468
vt 0.003906250000 0.996093750000
vt 0.009504022476 0.996093750000
vt 0.009504022476 0.990495977524
vt 0.003906250000 0.990495977524
vt 0.003906250000 0.996093750000
vt 0.015568275992 0.996093750000
vt 0.015568275992 0.984431724008
vt 0.003906250000 0.984431724008
vt 0.093750000000 0.996093750000
vt 0.104479063913 0.996093750000
vt 0.104479063913 0.985831167127
vt 0.093750000000 0.985831167127
vt 0.093750000000 0.996093750000
vt 0.104012582873 0.996093750000
vt 0.104012582873 0.985364686087
vt 0.093750000000 0.985364686087
vt 0.093750000000 0.996093750000
vt 0.106344988071 0.996093750000
vt 0.106344988071 0.985364686087
vt 0.093750000000 0.985364686087
vt 0.093750000000 0.996093750000
vt 0.104479063913 0.996093750000
vt 0.104479063913 0.983498761929
vt 0.093750000000 0.983498761929
vt 0.093750000000 0.996093750000
vt 0.106344988071 0.996093750000
vt 0.106344988071 0.985831167127
vt 0.093750000000 0.985831167127
vt 0.093750000000 0.996093750000
vt 0.104012582873 0.996093750000
vt 0.104012582873 0.983498761929
vt 0.093750000000 0.983498761929
vt 0.332031250000 0.968750000000
vt 0.339028465595 0.968750000000
vt 0.339028465595 0.963152227524
vt 0.332031250000 0.963152227524
vt 0.332031250000 0.968750000000
vt 0.337629022476 0.968750000000
vt 0.337629022476 0.961752784405
vt 0.332031250000 0.961752784405
vt 0.332031250000 0.968750000000
vt 0.337629022476 0.968750000000
vt 0.337629022476 0.961752784405
vt 0.332031250000 0.961752784405
vt 0.332031250000 0.968750000000
vt 0.339028465595 0.968750000000
vt 0.339028465595 0.963152227524
vt 0.332031250000 0.963152227524
vt 0.332031250000 0.968750000000
vt 0.337629022476 0.968750000000
vt 0.337629022476 0.963152227524
vt 0.332031250000 0.963152227524
vt 0.332031250000 0.968750000000
vt 0.337629022476 0.968750000000
vt 0.337629022476 0.963152227524
vt 0.332031250000 0.963152227524
vt 0.097970859813 0.996093750000
vt 0.144421516212 0.996093750000
vt 0.137492935009 0.956105705786
vt 0.093750000000 0.971733217318
vt 0.101680177675 0.996093750000
vt 0.126403672778 0.996093750000
vt 0.134333850452 0.950325029656
vt 0.093750000000 0.950325029656
vt 0.098089153822 0.996093750000
vt 0.111617103973 0.996093750000
vt 0.115956257795 0.949846207103
vt 0.093750000000 0.949846207103
vt 0.095013703490 0.996093750000
vt 0.141464359889 0.996093750000
vt 0.139389978688 0.973984592895
vt 0.093750000000 0.982624953143
vt 0.093750000000 0.996093750000
vt 0.115956257795 0.996093750000
vt 0.115956257795 0.955509899548
vt 0.093750000000 0.955509899548
vt 0.093750000000 0.996093750000
vt 0.118473495103 0.996093750000
vt 0.118473495103 0.982565799849
vt 0.093750000000 0.982565799849
vt 0.182023091249 0.996093750000
vt 0.227991490839 0.996093750000
vt 0.224157595770 0.966307423677
vt 0.179687500000 0.977948056952
vt 0.185555831479 0.996093750000
vt 0.203851217855 0.996093750000
vt 0.209719549335 0.950501465055
vt 0.179687500000 0.950501465055
vt 0.181333385932 0.996093750000
vt 0.186464677369 0.996093750000
vt 0.188110563301 0.950154825106
vt 0.179687500000 0.950154825106
vt 0.179871224482 0.996093750000
vt 0.225839624072 0.996093750000
vt 0.225538038602 0.987676087523
vt 0.179687500000 0.990965748721
vt 0.179687500000 0.996093750000
vt 0.188110563301 0.996093750000
vt 0.188110563301 0.966061700665
vt 0.179687500000 0.966061700665
vt 0.179687500000 0.996093750000
vt 0.197982886376 0.996093750000
vt 0.197982886376 0.990962458564
vt 0.179687500000 0.990962458564
vt 0.093750000000 0.996093750000
vt 0.134101284032 0.996093750000
vt 0.135994140791 0.959757497598
vt 0.095861263308 0.955564853090
vt 0.093750000000 0.996093750000
vt 0.134333850452 0.996093750000
vt 0.132234685774 0.955797104597
vt 0.095849164679 0.955797104597
vt 0.093750000000 0.996093750000
vt 0.107277950151 0.996093750000
vt 0.106578228591 0.955748533273
vt 0.094449721560 0.955748533273
vt 0.093750000000 0.996093750000
vt 0.134101284032 0.996093750000
vt 0.134311601450 0.983967066636
vt 0.093984584812 0.982567833941
vt 0.093750000000 0.996093750000
vt 0.105878507032 0.996093750000
vt 0.105878507032 0.959708228905
vt 0.093750000000 0.959708228905
vt 0.093750000000 0.996093750000
vt 0.134333850452 0.996093750000
vt 0.134333850452 0.982565799849
vt 0.093750000000 0.982565799849
vt 0.179687500000 0.996093750000
vt 0.220008877196 0.996093750000
vt 0.221046174362 0.969188452756
vt 0.180844485301 0.966083995382
vt 0.179687500000 0.996093750000
vt 0.209719549335 0.996093750000
vt 0.208166167472 0.955802305948
vt 0.181240881862 0.955802305948
vt 0.179687500000 0.996093750000
vt 0.184818791436 0.996093750000
vt 0.184553379810 0.955773246337
vt 0.179952911626 0.955773246337
vt 0.179687500000 0.996093750000
vt 0.220008877196 0.996093750000
vt 0.220039159340 0.991493381481
vt 0.179721276237 0.990962569729
vt 0.179687500000 0.996093750000
vt 0.184287968184 0.996093750000
vt 0.184287968184 0.969168464390
vt 0.179687500000 0.969168464390
vt 0.179687500000 0.996093750000
vt 0.209719549335 0.996093750000
vt 0.209719549335 0.990962458564
vt 0.179687500000 0.990962458564
vt 0.093750000000 0.996093750000
vt 0.136303678629 0.996093750000
vt 0.140028971655 0.982120912980
vt 0.103123317937 0.960936289110
vt 0.093750000000 0.996093750000
vt 0.130135521095 0.996093750000
vt 0.119173216663 0.954976315177
vt 0.104712304432 0.954976315177
vt 0.093750000000 0.996093750000
vt 0.107277950151 0.996093750000
vt 0.103202221580 0.953735704702
vt 0.097825728571 0.953735704702
vt 0.093750000000 0.996093750000
vt 0.136303678629 0.996093750000
vt 0.136818631199 0.990741974507
vt 0.095045687111 0.982627992309
vt 0.093750000000 0.996093750000
vt 0.099126493009 0.996093750000
vt 0.099126493009 0.981632837770
vt 0.093750000000 0.981632837770
vt 0.093750000000 0.996093750000
vt 0.130135521095 0.996093750000
vt 0.130135521095 0.982565799849
vt 0.093750000000 0.982565799849
vt 0.179687500000 0.996093750000
vt 0.221427506540 0.996093750000
vt 0.223507243814 0.985596717081
vt 0.184920387334 0.969681860720
vt 0.179687500000 0.996093750000
vt 0.206612785610 0.996093750000
vt 0.198500680330 0.955149618627
vt 0.187799605280 0.955149618627
vt 0.179687500000 0.996093750000
vt 0.184818791436 0.996093750000
vt 0.183272825427 0.954382383023
vt 0.181233466010 0.954382383023
vt 0.179687500000 0.996093750000
vt 0.221427506540 0.996093750000
vt 0.221503040317 0.994055789873
vt 0.179877552729 0.990965979357
vt 0.179687500000 0.996093750000
vt 0.181726859417 0.996093750000
vt 0.181726859417 0.985392674950
vt 0.179687500000 0.985392674950
vt 0.179687500000 0.996093750000
vt 0.206612785610 0.996093750000
vt 0.206612785610 0.990962458564
vt 0.179687500000 0.990962458564
vt 0.292968750000 0.996093750000
vt 0.304164294952 0.996093750000
vt 0.304164294952 0.989096534405
vt 0.292968750000 0.989096534405
vt 0.312500000000 0.968750000000
vt 0.319497215595 0.968750000000
vt 0.319497215595 0.957554455048
vt 0.312500000000 0.957554455048
vt 0.312500000000 0.968750000000
vt 0.319497215595 0.968750000000
vt 0.319497215595 0.957554455048
vt 0.312500000000 0.957554455048
vt 0.312500000000 0.968750000000
vt 0.323695544952 0.968750000000
vt 0.323695544952 0.961752784405
vt 0.312500000000 0.961752784405
vt 0.312500000000 0.968750000000
vt 0.319497215595 0.968750000000
vt 0.319497215595 0.961752784405
vt 0.312500000000 0.961752784405
vt 0.312500000000 0.968750000000
vt 0.319497215595 0.968750000000
vt 0.319497215595 0.961752784405
vt 0.312500000000 0.961752784405
vt 0.312500000000 0.996093750000
vt 0.330226279508 0.996093750000
vt 0.330226279508 0.987697091286
vt 0.312500000000 0.987697091286
vt 0.312500000000 0.996093750000
vt 0.320896658714 0.996093750000
vt 0.320896658714 0.978367470492
vt 0.312500000000 0.978367470492
vt 0.312500000000 0.996093750000
vt 0.320896658714 0.996093750000
vt 0.320896658714 0.978367470492
vt 0.312500000000 0.978367470492
vt 0.312500000000 0.996093750000
vt 0.330226279508 0.996093750000
vt 0.330226279508 0.987697091286
vt 0.312500000000 0.987697091286
vt 0.312500000000 0.996093750000
vt 0.320896658714 0.996093750000
vt 0.320896658714 0.987697091286
vt 0.312500000000 0.987697091286
vt 0.312500000000 0.996093750000
vt 0.320896658714 0.996093750000
vt 0.320896658714 0.987697091286
vt 0.312500000000 0.987697091286
vt 0.003906250000 0.996093750000
vt 0.056138509720 0.996093750000
vt 0.056988393117 0.972318402268
vt 0.004889448440 0.968588935958
vt 0.003906250000 0.996093750000
vt 0.031428631341 0.996093750000
vt 0.029562707182 0.943894829681
vt 0.005772174159 0.943894829681
vt 0.003906250000 0.996093750000
vt 0.030962150301 0.996093750000
vt 0.029127851976 0.943893708764
vt 0.005740548325 0.943893708764
vt 0.003906250000 0.996093750000
vt 0.056138509720 0.996093750000
vt 0.056959827659 0.972720872366
vt 0.004856402126 0.969054538620
vt 0.003906250000 0.996093750000
vt 0.027293553650 0.996093750000
vt 0.027293553650 0.972303216976
vt 0.003906250000 0.972303216976
vt 0.003906250000 0.996093750000
vt 0.031428631341 0.996093750000
vt 0.031428631341 0.969037849699
vt 0.003906250000 0.969037849699
vt 0.246093750000 0.996093750000
vt 0.261021143270 0.996093750000
vt 0.261021143270 0.967171925540
vt 0.246093750000 0.967171925540
vt 0.246093750000 0.996093750000
vt 0.275015574460 0.996093750000
vt 0.275015574460 0.981166356730
vt 0.246093750000 0.981166356730
vt 0.246093750000 0.996093750000
vt 0.257998346133 0.996093750000
vt 0.257998346133 0.981166356730
vt 0.246093750000 0.981166356730
vt 0.246093750000 0.996093750000
vt 0.261021143270 0.996093750000
vt 0.261021143270 0.984189153867
vt 0.246093750000 0.984189153867
vt 0.246093750000 0.996093750000
vt 0.257998346133 0.996093750000
vt 0.257998346133 0.967171925540
vt 0.246093750000 0.967171925540
vt 0.246093750000 0.996093750000
vt 0.275015574460 0.996093750000
vt 0.275015574460 0.984189153867
vt 0.246093750000 0.984189153867
vt 0.312500000000 0.996093750000
vt 0.326027950151 0.996093750000
vt 0.326027950151 0.980233394651
vt 0.312500000000 0.980233394651
vt 0.312500000000 0.996093750000
vt 0.328360355349 0.996093750000
vt 0.328360355349 0.982565799849
vt 0.312500000000 0.982565799849
vt 0.312500000000 0.996093750000
vt 0.326960912230 0.996093750000
vt 0.326960912230 0.982565799849
vt 0.312500000000 0.982565799849
vt 0.312500000000 0.996093750000
vt 0.326027950151 0.996093750000
vt 0.326027950151 0.981632837770
vt 0.312500000000 0.981632837770
vt 0.312500000000 0.996093750000
vt 0.326960912230 0.996093750000
vt 0.326960912230 0.980233394651
vt 0.312500000000 0.980233394651
vt 0.312500000000 0.996093750000
vt 0.328360355349 0.996093750000
vt 0.328360355349 0.981632837770
vt 0.312500000000 0.981632837770
vt 0.003906250000 0.996093750000
vt 0.081778094341 0.996093750000
vt 0.082392860868 0.977444638527
vt 0.004690077322 0.972316132872
vt 0.003906250000 0.996093750000
vt 0.027696783024 0.996093750000
vt 0.025131137305 0.918264182333
vt 0.006471895718 0.918264182333
vt 0.003906250000 0.996093750000
vt 0.026763820944 0.996093750000
vt 0.024298788784 0.918260930717
vt 0.006371282161 0.918260930717
vt 0.003906250000 0.996093750000
vt 0.081778094341 0.996093750000
vt 0.082345589317 0.978175227651
vt 0.004629806094 0.973247634005
vt 0.003906250000 0.996093750000
vt 0.021833756623 0.996093750000
vt 0.021833756623 0.977434508413
vt 0.003906250000 0.977434508413
vt 0.003906250000 0.996093750000
vt 0.027696783024 0.996093750000
vt 0.027696783024 0.973236179056
vt 0.003906250000 0.973236179056
vt 0.246093750000 0.996093750000
vt 0.261021143270 0.996093750000
vt 0.261021143270 0.971836735937
vt 0.246093750000 0.971836735937
vt 0.246093750000 0.996093750000
vt 0.270350764063 0.996093750000
vt 0.270350764063 0.981166356730
vt 0.246093750000 0.981166356730
vt 0.246093750000 0.996093750000
vt 0.268951320944 0.996093750000
vt 0.268951320944 0.981166356730
vt 0.246093750000 0.981166356730
vt 0.246093750000 0.996093750000
vt 0.261021143270 0.996093750000
vt 0.261021143270 0.973236179056
vt 0.246093750000 0.973236179056
vt 0.246093750000 0.996093750000
vt 0.268951320944 0.996093750000
vt 0.268951320944 0.971836735937
vt 0.246093750000 0.971836735937
vt 0.246093750000 0.996093750000
vt 0.270350764063 0.996093750000
vt 0.270350764063 0.973236179056
vt 0.246093750000 0.973236179056
vt 0.312500000000 0.996093750000
vt 0.326027950151 0.996093750000
vt 0.326027950151 0.980233394651
vt 0.312500000000 0.980233394651
vt 0.312500000000 0.996093750000
vt 0.328360355349 0.996093750000
vt 0.328360355349 0.982565799849
vt 0.312500000000 0.982565799849
vt 0.312500000000 0.996093750000
vt 0.326960912230 0.996093750000
vt 0.326960912230 0.982565799849
vt 0.312500000000 0.982565799849
vt 0.312500000000 0.996093750000
vt 0.326027950151 0.996093750000
vt 0.326027950151 0.981632837770
vt 0.312500000000 0.981632837770
vt 0.312500000000 0.996093750000
vt 0.326960912230 0.996093750000
vt 0.326960912230 0.980233394651
vt 0.312500000000 0.980233394651
vt 0.312500000000 0.996093750000
vt 0.328360355349 0.996093750000
vt 0.328360355349 0.981632837770
vt 0.312500000000 0.981632837770
vt 0.003906250000 0.996093750000
vt 0.054792041138 0.996093750000
vt 0.055542537485 0.983521141689
vt 0.005018096439 0.977467663613
vt 0.003906250000 0.996093750000
vt 0.022565491587 0.996093750000
vt 0.019533364829 0.945298376716
vt 0.006938376758 0.945298376716
vt 0.003906250000 0.996093750000
vt 0.021166048468 0.996093750000
vt 0.018361331217 0.945285312699
vt 0.006710967251 0.945285312699
vt 0.003906250000 0.996093750000
vt 0.054792041138 0.996093750000
vt 0.055434184575 0.984461096290
vt 0.004857573610 0.978860188948
vt 0.003906250000 0.996093750000
vt 0.015556613966 0.996093750000
vt 0.015556613966 0.983498761929
vt 0.003906250000 0.983498761929
vt 0.003906250000 0.996093750000
vt 0.022565491587 0.996093750000
vt 0.022565491587 0.978833951532
vt 0.003906250000 0.978833951532
vt 0.246093750000 0.996093750000
vt 0.261021143270 0.996093750000
vt 0.261021143270 0.976501546333
vt 0.246093750000 0.976501546333
vt 0.246093750000 0.996093750000
vt 0.265685953667 0.996093750000
vt 0.265685953667 0.981166356730
vt 0.246093750000 0.981166356730
vt 0.246093750000 0.996093750000
vt 0.264752991587 0.996093750000
vt 0.264752991587 0.981166356730
vt 0.246093750000 0.981166356730
vt 0.246093750000 0.996093750000
vt 0.261021143270 0.996093750000
vt 0.261021143270 0.977434508413
vt 0.246093750000 0.977434508413
vt 0.246093750000 0.996093750000
vt 0.264752991587 0.996093750000
vt 0.264752991587 0.976501546333
vt 0.246093750000 0.976501546333
vt 0.246093750000 0.996093750000
vt 0.265685953667 0.996093750000
vt 0.265685953667 0.977434508413
vt 0.246093750000 0.977434508413
vt 0.312500000000 0.996093750000
vt 0.326027950151 0.996093750000
vt 0.326027950151 0.980233394651
vt 0.312500000000 0.980233394651
vt 0.312500000000 0.996093750000
vt 0.328360355349 0.996093750000
vt 0.328360355349 0.982565799849
vt 0.312500000000 0.982565799849
vt 0.312500000000 0.996093750000
vt 0.326960912230 0.996093750000
vt 0.326960912230 0.982565799849
vt 0.312500000000 0.982565799849
vt 0.312500000000 0.996093750000
vt 0.326027950151 0.996093750000
vt 0.326027950151 0.981632837770
vt 0.312500000000 0.981632837770
vt 0.312500000000 0.996093750000
vt 0.326960912230 0.996093750000
vt 0.326960912230 0.980233394651
vt 0.312500000000 0.980233394651
vt 0.312500000000 0.996093750000
vt 0.328360355349 0.996093750000
vt 0.328360355349 0.981632837770
vt 0.312500000000 0.981632837770
vt 0.003906250000 0.996093750000
vt 0.033468871193 0.996093750000
vt 0.034043013641 0.990525499185
vt 0.005102380101 0.984493227468
vt 0.003906250000 0.996093750000
vt 0.015568275992 0.996093750000
vt 0.012536149234 0.966687036836
vt 0.006938376758 0.966687036836
vt 0.003906250000 0.996093750000
vt 0.015568275992 0.996093750000
vt 0.012536149234 0.966687036836
vt 0.006938376758 0.966687036836
vt 0.003906250000 0.996093750000
vt 0.033468871193 0.996093750000
vt 0.034043013641 0.990525499185
vt 0.005102380101 0.984493227468
vt 0.003906250000 0.996093750000
vt 0.009504022476 0.996093750000
vt 0.009504022476 0.990495977524
vt 0.003906250000 0.990495977524
vt 0.003906250000 0.996093750000
vt 0.015568275992 0.996093750000
vt 0.015568275992 0.984431724008
vt 0.003906250000 0.984431724008
vt 0.093750000000 0.996093750000
vt 0.104479063913 0.996093750000
vt 0.104479063913 0.985831167127
vt 0.093750000000 0.985831167127
vt 0.093750000000 0.996093750000
vt 0.104012582873 0.996093750000
vt 0.104012582873 0.985364686087
vt 0.093750000000 0.985364686087
vt 0.093750000000 0.996093750000
vt 0.106344988071 0.996093750000
vt 0.106344988071 0.985364686087
vt 0.093750000000 0.985364686087
vt 0.093750000000 0.996093750000
vt 0.104479063913 0.996093750000
vt 0.104479063913 0.983498761929
vt 0.093750000000 0.983498761929
vt 0.093750000000 0.996093750000
vt 0.106344988071 0.996093750000
vt 0.106344988071 0.985831167127
vt 0.093750000000 0.985831167127
vt 0.093750000000 0.996093750000
vt 0.104012582873 0.996093750000
vt 0.104012582873 0.983498761929
vt 0.093750000000 0.983498761929
vt 0.003906250000 0.996093750000
vt 0.033468871193 0.996093750000
vt 0.034043013641 0.990525499185
vt 0.005102380101 0.984493227468
vt 0.003906250000 0.996093750000
vt 0.015568275992 0.996093750000
vt 0.012536149234 0.966687036836
vt 0.006938376758 0.966687036836
vt 0.003906250000 0.996093750000
vt 0.015568275992 0.996093750000
vt 0.012536149234 0.966687036836
vt 0.006938376758 0.966687036836
vt 0.003906250000 0.996093750000
vt 0.033468871193 0.996093750000
vt 0.034043013641 0.990525499185
vt 0.005102380101 0.984493227468
vt 0.003906250000 0.996093750000
vt 0.009504022476 0.996093750000
vt 0.009504022476 0.990495977524
vt 0.003906250000 0.990495977524
vt 0.003906250000 0.996093750000
vt 0.015568275992 0.996093750000
vt 0.015568275992 0.984431724008
vt 0.003906250000 0.984431724008
vt 0.093750000000 0.996093750000
vt 0.104479063913 0.996093750000
vt 0.104479063913 0.985831167127
vt 0.093750000000 0.985831167127
vt 0.093750000000 0.996093750000
vt 0.104012582873 0.996093750000
vt 0.104012582873 0.985364686087
vt 0.093750000000 0.985364686087
vt 0.093750000000 0.996093750000
vt 0.106344988071 0.996093750000
vt 0.106344988071 0.985364686087
vt 0.093750000000 0.985364686087
vt 0.093750000000 0.996093750000
vt 0.104479063913 0.996093750000
vt 0.104479063913 0.983498761929
vt 0.093750000000 0.983498761929
vt 0.093750000000 0.996093750000
vt 0.106344988071 0.996093750000
vt 0.106344988071 0.985831167127
vt 0.093750000000 0.985831167127
vt 0.093750000000 0.996093750000
vt 0.104012582873 0.996093750000
vt 0.104012582873 0.983498761929
vt 0.093750000000 0.983498761929
vt 0.332031250000 0.968750000000
vt 0.339028465595 0.968750000000
vt 0.339028465595 0.963152227524
vt 0.332031250000 0.963152227524
vt 0.332031250000 0.968750000000
vt 0.337629022476 0.968750000000
vt 0.337629022476 0.961752784405
vt 0.332031250000 0.961752784405
vt 0.332031250000 0.968750000000
vt 0.337629022476 0.968750000000
vt 0.337629022476 0.961752784405
vt 0.332031250000 0.961752784405
vt 0.332031250000 0.968750000000
vt 0.339028465595 0.968750000000
vt 0.339028465595 0.963152227524
vt 0.332031250000 0.963152227524
vt 0.332031250000 0.968750000000
vt 0.337629022476 0.968750000000
vt 0.337629022476 0.963152227524
vt 0.332031250000 0.963152227524
vt 0.332031250000 0.968750000000
vt 0.337629022476 0.968750000000
vt 0.337629022476 0.963152227524
vt 0.332031250000 0.963152227524
vt 0.097970859813 0.996093750000
vt 0.144421516212 0.996093750000
vt 0.137492935009 0.956105705786
vt 0.093750000000 0.971733217318
vt 0.101680177674 0.996093750000
vt 0.126403672777 0.996093750000
vt 0.134333850452 0.950325029656
vt 0.093750000000 0.950325029656
vt 0.098089153822 0.996093750000
vt 0.111617103973 0.996093750000
vt 0.115956257795 0.949846207103
vt 0.093750000000 0.949846207103
vt 0.095013703490 0.996093750000
vt 0.141464359889 0.996093750000
vt 0.139389978688 0.973984592895
vt 0.093750000000 0.982624953143
vt 0.093750000000 0.996093750000
vt 0.115956257795 0.996093750000
vt 0.115956257795 0.955509899548
vt 0.093750000000 0.955509899548
vt 0.093750000000 0.996093750000
vt 0.118473495103 0.996093750000
vt 0.118473495103 0.982565799849
vt 0.093750000000 0.982565799849
vt 0.182023091249 0.996093750000
vt 0.227991490839 0.996093750000
vt 0.224157595770 0.966307423677
vt 0.179687500000 0.977948056953
vt 0.185555831479 0.996093750000
vt 0.203851217855 0.996093750000
vt 0.209719549335 0.950501465055
vt 0.179687500000 0.950501465055
vt 0.181333385932 0.996093750000
vt 0.186464677369 0.996093750000
vt 0.188110563301 0.950154825106
vt 0.179687500000 0.950154825106
vt 0.179871224482 0.996093750000
vt 0.225839624072 0.996093750000
vt 0.225538038602 0.987676087523
vt 0.179687500000 0.990965748721
vt 0.179687500000 0.996093750000
vt 0.188110563301 0.996093750000
vt 0.188110563301 0.966061700665
vt 0.179687500000 0.966061700665
vt 0.179687500000 0.996093750000
vt 0.197982886376 0.996093750000
vt 0.197982886376 0.990962458564
vt 0.179687500000 0.990962458564
vt 0.093750000000 0.996093750000
vt 0.134101284032 0.996093750000
vt 0.135994140791 0.959757497598
vt 0.095861263308 0.955564853090
vt 0.093750000000 0.996093750000
vt 0.134333850452 0.996093750000
vt 0.132234685773 0.955797104597
vt 0.095849164679 0.955797104597
vt 0.093750000000 0.996093750000
vt 0.107277950151 0.996093750000
vt 0.106578228591 0.955748533273
vt 0.094449721560 0.955748533273
vt 0.093750000000 0.996093750000
vt 0.134101284032 0.996093750000
vt 0.134311601450 0.983967066636
vt 0.093984584812 0.982567833941
vt 0.093750000000 0.996093750000
vt 0.105878507032 0.996093750000
vt 0.105878507032 0.959708228905
vt 0.093750000000 0.959708228905
vt 0.093750000000 0.996093750000
vt 0.134333850452 0.996093750000
vt 0.134333850452 0.982565799849
vt 0.093750000000 0.982565799849
vt 0.179687500000 0.996093750000
vt 0.220008877196 0.996093750000
vt 0.221046174362 0.969188452756
vt 0.180844485301 0.966083995382
vt 0.179687500000 0.996093750000
vt 0.209719549335 0.996093750000
vt 0.208166167472 0.955802305948
vt 0.181240881862 0.955802305948
vt 0.179687500000 0.996093750000
vt 0.184818791437 0.996093750000
vt 0.184553379810 0.955773246337
vt 0.179952911626 0.955773246337
vt 0.179687500000 0.996093750000
vt 0.220008877196 0.996093750000
vt 0.220039159340 0.991493381481
vt 0.179721276237 0.990962569729
vt 0.179687500000 0.996093750000
vt 0.184287968184 0.996093750000
vt 0.184287968185 0.969168464390
vt 0.179687500000 0.969168464390
vt 0.179687500000 0.996093750000
vt 0.209719549335 0.996093750000
vt 0.209719549335 0.990962458563
vt 0.179687500000 0.990962458563
vt 0.093750000000 0.996093750000
vt 0.136303678629 0.996093750000
vt 0.140028971655 0.982120912980
vt 0.103123317937 0.960936289110
vt 0.093750000000 0.996093750000
vt 0.130135521095 0.996093750000
vt 0.119173216663 0.954976315177
vt 0.104712304433 0.954976315177
vt 0.093750000000 0.996093750000
vt 0.107277950151 0.996093750000
vt 0.103202221580 0.953735704702
vt 0.097825728571 0.953735704702
vt 0.093750000000 0.996093750000
vt 0.136303678629 0.996093750000
vt 0.136818631199 0.990741974507
vt 0.095045687111 0.982627992309
vt 0.093750000000 0.996093750000
vt 0.099126493009 0.996093750000
vt 0.099126493009 0.981632837770
vt 0.093750000000 0.981632837770
vt 0.093750000000 0.996093750000
vt 0.130135521095 0.996093750000
vt 0.130135521095 0.982565799849
vt 0.093750000000 0.982565799849
vt 0.179687500000 0.996093750000
vt 0.221427506540 0.996093750000
vt 0.223507243814 0.985596717081
vt 0.184920387334 0.969681860720
vt 0.179687500000 0.996093750000
vt 0.206612785610 0.996093750000
vt 0.198500680330 0.955149618627
vt 0.187799605280 0.955149618627
vt 0.179687500000 0.996093750000
vt 0.184818791436 0.996093750000
vt 0.183272825427 0.954382383023
vt 0.181233466010 0.954382383023
vt 0.179687500000 0.996093750000
vt 0.221427506540 0.996093750000
vt 0.221503040317 0.994055789873
vt 0.179877552729 0.990965979357
vt 0.179687500000 0.996093750000
vt 0.181726859417 0.996093750000
vt 0.181726859417 0.985392674950
vt 0.179687500000 0.985392674950
vt 0.179687500000 0.996093750000
vt 0.206612785610 0.996093750000
vt 0.206612785610 0.990962458564
vt 0.179687500000 0.990962458564
vt 0.292968750000 0.996093750000
vt 0.304164294952 0.996093750000
vt 0.304164294952 0.989096534405
vt 0.292968750000 0.989096534405
vt 0.312500000000 0.968750000000
vt 0.319497215595 0.968750000000
vt 0.319497215595 0.957554455048
vt 0.312500000000 0.957554455048
vt 0.312500000000 0.968750000000
vt 0.319497215595 0.968750000000
vt 0.319497215595 0.957554455048
vt 0.312500000000 0.957554455048
vt 0.312500000000 0.968750000000
vt 0.323695544952 0.968750000000
vt 0.323695544952 0.961752784405
vt 0.312500000000 0.961752784405
vt 0.312500000000 0.968750000000
vt 0.319497215595 0.968750000000
vt 0.319497215595 0.961752784405
vt 0.312500000000 0.961752784405
vt 0.312500000000 0.968750000000
vt 0.319497215595 0.968750000000
vt 0.319497215595 0.961752784405
vt 0.312500000000 0.961752784405
vt 0.312500000000 0.996093750000
vt 0.330226279508 0.996093750000
vt 0.330226279508 0.987697091286
vt 0.312500000000 0.987697091286
vt 0.312500000000 0.996093750000
vt 0.320896658714 0.996093750000
vt 0.320896658714 0.978367470492
vt 0.312500000000 0.978367470492
vt 0.312500000000 0.996093750000
vt 0.320896658714 0.996093750000
vt 0.320896658714 0.978367470492
vt 0.312500000000 0.978367470492
vt 0.312500000000 0.996093750000
vt 0.330226279508 0.996093750000
vt 0.330226279508 0.987697091286
vt 0.312500000000 0.987697091286
vt 0.312500000000 0.996093750000
vt 0.320896658714 0.996093750000
vt 0.320896658714 0.987697091286
vt 0.312500000000 0.987697091286
vt 0.312500000000 0.996093750000
vt 0.320896658714 0.996093750000
vt 0.320896658714 0.987697091286
vt 0.312500000000 0.987697091286
vt 0.003906250000 0.996093750000
vt 0.056138509720 0.996093750000
vt 0.056988393117 0.972318402268
vt 0.004889448440 0.968588935958
vt 0.003906250000 0.996093750000
vt 0.031428631341 0.996093750000
vt 0.029562707182 0.943894829681
vt 0.005772174159 0.943894829681
vt 0.003906250000 0.996093750000
vt 0.030962150301 0.996093750000
vt 0.029127851976 0.943893708764
vt 0.005740548325 0.943893708764
vt 0.003906250000 0.996093750000
vt 0.056138509720 0.996093750000
vt 0.056959827659 0.972720872366
vt 0.004856402126 0.969054538620
vt 0.003906250000 0.996093750000
vt 0.027293553650 0.996093750000
vt 0.027293553650 0.972303216976
vt 0.003906250000 0.972303216976
vt 0.003906250000 0.996093750000
vt 0.031428631341 0.996093750000
vt 0.031428631341 0.969037849699
vt 0.003906250000 0.969037849699
vt 0.246093750000 0.996093750000
vt 0.261021143270 0.996093750000
vt 0.261021143270 0.967171925540
vt 0.246093750000 0.967171925540
vt 0.246093750000 0.996093750000
vt 0.275015574460 0.996093750000
vt 0.275015574460 0.981166356730
vt 0.246093750000 0.981166356730
vt 0.246093750000 0.996093750000
vt 0.257998346133 0.996093750000
vt 0.257998346133 0.981166356730
vt 0.246093750000 0.981166356730
vt 0.246093750000 0.996093750000
vt 0.261021143270 0.996093750000
vt 0.261021143270 0.984189153867
vt 0.246093750000 0.984189153867
vt 0.246093750000 0.996093750000
vt 0.257998346133 0.996093750000
vt 0.257998346133 0.967171925540
vt 0.246093750000 0.967171925540
vt 0.246093750000 0.996093750000
vt 0.275015574460 0.996093750000
vt 0.275015574460 0.984189153867
vt 0.246093750000 0.984189153867
vt 0.312500000000 0.996093750000
vt 0.326027950151 0.996093750000
vt 0.326027950151 0.980233394651
vt 0.312500000000 0.980233394651
vt 0.312500000000 0.996093750000
vt 0.328360355349 0.996093750000
vt 0.328360355349 0.982565799849
vt 0.312500000000 0.982565799849
vt 0.312500000000 0.996093750000
vt 0.326960912230 0.996093750000
vt 0.326960912230 0.982565799849
vt 0.312500000000 0.982565799849
vt 0.312500000000 0.996093750000
vt 0.326027950151 0.996093750000
vt 0.326027950151 0.981632837770
vt 0.312500000000 0.981632837770
vt 0.312500000000 0.996093750000
vt 0.326960912230 0.996093750000
vt 0.326960912230 0.980233394651
vt 0.312500000000 0.980233394651
vt 0.312500000000 0.996093750000
vt 0.328360355349 0.996093750000
vt 0.328360355349 0.981632837770
vt 0.312500000000 0.981632837770
vt 0.003906250000 0.996093750000
vt 0.081778094341 0.996093750000
vt 0.082392860868 0.977444638527
vt 0.004690077322 0.972316132872
vt 0.003906250000 0.996093750000
vt 0.027696783024 0.996093750000
vt 0.025131137305 0.918264182333
vt 0.006471895718 0.918264182333
vt 0.003906250000 0.996093750000
vt 0.026763820944 0.996093750000
vt 0.024298788784 0.918260930717
vt 0.006371282161 0.918260930717
vt 0.003906250000 0.996093750000
vt 0.081778094341 0.996093750000
vt 0.082345589317 0.978175227651
vt 0.004629806094 0.973247634005
vt 0.003906250000 0.996093750000
vt 0.021833756623 0.996093750000
vt 0.021833756623 0.977434508413
vt 0.003906250000 0.977434508413
vt 0.003906250000 0.996093750000
vt 0.027696783024 0.996093750000
vt 0.027696783024 0.973236179056
vt 0.003906250000 0.973236179056
vt 0.246093750000 0.996093750000
vt 0.261021143270 0.996093750000
vt 0.261021143270 0.971836735937
vt 0.246093750000 0.971836735937
vt 0.246093750000 0.996093750000
vt 0.270350764063 0.996093750000
vt 0.270350764063 0.981166356730
vt 0.246093750000 0.981166356730
vt 0.246093750000 0.996093750000
vt 0.268951320944 0.996093750000
vt 0.268951320944 0.981166356730
vt 0.246093750000 0.981166356730
vt 0.246093750000 0.996093750000
vt 0.261021143270 0.996093750000
vt 0.261021143270 0.973236179056
vt 0.246093750000 0.973236179056
vt 0.246093750000 0.996093750000
vt 0.268951320944 0.996093750000
vt 0.268951320944 0.971836735937
vt 0.246093750000 0.971836735937
vt 0.246093750000 0.996093750000
vt 0.270350764063 0.996093750000
vt 0.270350764063 0.973236179056
vt 0.246093750000 0.973236179056
vt 0.312500000000 0.996093750000
vt 0.326027950151 0.996093750000
vt 0.326027950151 0.980233394651
vt 0.312500000000 0.980233394651
vt 0.312500000000 0.996093750000
vt 0.328360355349 0.996093750000
vt 0.328360355349 0.982565799849
vt 0.312500000000 0.982565799849
vt 0.312500000000 0.996093750000
vt 0.326960912230 0.996093750000
vt 0.326960912230 0.982565799849
vt 0.312500000000 0.982565799849
vt 0.312500000000 0.996093750000
vt 0.326027950151 0.996093750000
vt 0.326027950151 0.981632837770
vt 0.312500000000 0.981632837770
vt 0.312500000000 0.996093750000
vt 0.326960912230 0.996093750000
vt 0.326960912230 0.980233394651
vt 0.312500000000 0.980233394651
vt 0.312500000000 0.996093750000
vt 0.328360355349 0.996093750000
vt 0.328360355349 0.981632837770
vt 0.312500000000 0.981632837770
vt 0.003906250000 0.996093750000
vt 0.054792041138 0.996093750000
vt 0.055542537485 0.983521141689
vt 0.005018096439 0.977467663613
vt 0.003906250000 0.996093750000
vt 0.022565491587 0.996093750000
vt 0.019533364829 0.945298376715
vt 0.006938376758 0.945298376715
vt 0.003906250000 0.996093750000
vt 0.021166048468 0.996093750000
vt 0.018361331217 0.945285312699
vt 0.006710967251 0.945285312699
vt 0.003906250000 0.996093750000
vt 0.054792041138 0.996093750000
vt 0.055434184575 0.984461096290
vt 0.004857573610 0.978860188947
vt 0.003906250000 0.996093750000
vt 0.015556613966 0.996093750000
vt 0.015556613966 0.983498761929
vt 0.003906250000 0.983498761929
vt 0.003906250000 0.996093750000
vt 0.022565491587 0.996093750000
vt 0.022565491587 0.978833951532
vt 0.003906250000 0.978833951532
vt 0.246093750000 0.996093750000
vt 0.261021143270 0.996093750000
vt 0.261021143270 0.976501546333
vt 0.246093750000 0.976501546333
vt 0.246093750000 0.996093750000
vt 0.265685953667 0.996093750000
vt 0.265685953667 0.981166356730
vt 0.246093750000 0.981166356730
vt 0.246093750000 0.996093750000
vt 0.264752991587 0.996093750000
vt 0.264752991587 0.981166356730
vt 0.246093750000 0.981166356730
vt 0.246093750000 0.996093750000
vt 0.261021143270 0.996093750000
vt 0.261021143270 0.977434508413
vt 0.246093750000 0.977434508413
vt 0.246093750000 0.996093750000
vt 0.264752991587 0.996093750000
vt 0.264752991587 0.976501546333
vt 0.246093750000 0.976501546333
vt 0.246093750000 0.996093750000
vt 0.265685953667 0.996093750000
vt 0.265685953667 0.977434508413
vt 0.246093750000 0.977434508413
vt 0.312500000000 0.996093750000
vt 0.326027950151 0.996093750000
vt 0.326027950151 0.980233394651
vt 0.312500000000 0.980233394651
vt 0.312500000000 0.996093750000
vt 0.328360355349 0.996093750000
vt 0.328360355349 0.982565799849
vt 0.312500000000 0.982565799849
vt 0.312500000000 0.996093750000
vt 0.326960912230 0.996093750000
vt 0.326960912230 0.982565799849
vt 0.312500000000 0.982565799849
vt 0.312500000000 0.996093750000
vt 0.326027950151 0.996093750000
vt 0.326027950151 0.981632837770
vt 0.312500000000 0.981632837770
vt 0.312500000000 0.996093750000
vt 0.326960912230 0.996093750000
vt 0.326960912230 0.980233394651
vt 0.312500000000 0.980233394651
vt 0.312500000000 0.996093750000
vt 0.328360355349 0.996093750000
vt 0.328360355349 0.981632837770
vt 0.312500000000 0.981632837770
vt 0.003906250000 0.996093750000
vt 0.033468871193 0.996093750000
vt 0.034043013641 0.990525499185
vt 0.005102380101 0.984493227468
vt 0.003906250000 0.996093750000
vt 0.015568275992 0.996093750000
vt 0.012536149234 0.966687036836
vt 0.006938376758 0.966687036836
vt 0.003906250000 0.996093750000
vt 0.015568275992 0.996093750000
vt 0.012536149234 0.966687036836
vt 0.006938376758 0.966687036836
vt 0.003906250000 0.996093750000
vt 0.033468871193 0.996093750000
vt 0.034043013641 0.990525499185
vt 0.005102380101 0.984493227468
vt 0.003906250000 0.996093750000
vt 0.009504022476 0.996093750000
vt 0.009504022476 0.990495977524
vt 0.003906250000 0.990495977524
vt 0.003906250000 0.996093750000
vt 0.015568275992 0.996093750000
vt 0.015568275992 0.984431724008
vt 0.003906250000 0.984431724008
vt 0.093750000000 0.996093750000
vt 0.104479063913 0.996093750000
vt 0.104479063913 0.985831167127
vt 0.093750000000 0.985831167127
vt 0.093750000000 0.996093750000
vt 0.104012582873 0.996093750000
vt 0.104012582873 0.985364686087
vt 0.093750000000 0.985364686087
vt 0.093750000000 0.996093750000
vt 0.106344988071 0.996093750000
vt 0.106344988071 0.985364686087
vt 0.093750000000 0.985364686087
vt 0.093750000000 0.996093750000
vt 0.104479063913 0.996093750000
vt 0.104479063913 0.983498761929
vt 0.093750000000 0.983498761929
vt 0.093750000000 0.996093750000
vt 0.106344988071 0.996093750000
vt 0.106344988071 0.985831167127
vt 0.093750000000 0.985831167127
vt 0.093750000000 0.996093750000
vt 0.104012582873 0.996093750000
vt 0.104012582873 0.983498761929
vt 0.093750000000 0.983498761929
vt 0.003906250000 0.996093750000
vt 0.033468871193 0.996093750000
vt 0.034043013641 0.990525499185
vt 0.005102380101 0.984493227468
vt 0.003906250000 0.996093750000
vt 0.015568275992 0.996093750000
vt 0.012536149234 0.966687036836
vt 0.006938376758 0.966687036836
vt 0.003906250000 0.996093750000
vt 0.015568275992 0.996093750000
vt 0.012536149234 0.966687036836
vt 0.006938376758 0.966687036836
vt 0.003906250000 0.996093750000
vt 0.033468871193 0.996093750000
vt 0.034043013641 0.990525499185
vt 0.005102380101 0.984493227468
vt 0.003906250000 0.996093750000
vt 0.009504022476 0.996093750000
vt 0.009504022476 0.990495977524
vt 0.003906250000 0.990495977524
vt 0.003906250000 0.996093750000
vt 0.015568275992 0.996093750000
vt 0.015568275992 0.984431724008
vt 0.003906250000 0.984431724008
vt 0.093750000000 0.996093750000
vt 0.104479063913 0.996093750000
vt 0.104479063913 0.985831167127
vt 0.093750000000 0.985831167127
vt 0.093750000000 0.996093750000
vt 0.104012582873 0.996093750000
vt 0.104012582873 0.985364686087
vt 0.093750000000 0.985364686087
vt 0.093750000000 0.996093750000
vt 0.106344988071 0.996093750000
vt 0.106344988071 0.985364686087
vt 0.093750000000 0.985364686087
vt 0.093750000000 0.996093750000
vt 0.104479063913 0.996093750000
vt 0.104479063913 0.983498761929
vt 0.093750000000 0.983498761929
vt 0.093750000000 0.996093750000
vt 0.106344988071 0.996093750000
vt 0.106344988071 0.985831167127
vt 0.093750000000 0.985831167127
vt 0.093750000000 0.996093750000
vt 0.104012582873 0.996093750000
vt 0.104012582873 0.983498761929
vt 0.093750000000 0.983498761929
vt 0.332031250000 0.968750000000
vt 0.339028465595 0.968750000000
vt 0.339028465595 0.963152227524
vt 0.332031250000 0.963152227524
vt 0.332031250000 0.968750000000
vt 0.337629022476 0.968750000000
vt 0.337629022476 0.961752784405
vt 0.332031250000 0.961752784405
vt 0.332031250000 0.968750000000
vt 0.337629022476 0.968750000000
vt 0.337629022476 0.961752784405
vt 0.332031250000 0.961752784405
vt 0.332031250000 0.968750000000
vt 0.339028465595 0.968750000000
vt 0.339028465595 0.963152227524
vt 0.332031250000 0.963152227524
vt 0.332031250000 0.968750000000
vt 0.337629022476 0.968750000000
vt 0.337629022476 0.963152227524
vt 0.332031250000 0.963152227524
vt 0.332031250000 0.968750000000
vt 0.337629022476 0.968750000000
vt 0.337629022476 0.963152227524
vt 0.332031250000 0.963152227524
vt 0.097970859813 0.996093750000
vt 0.144421516212 0.996093750000
vt 0.137492935009 0.956105705786
vt 0.093750000000 0.971733217318
vt 0.101680177675 0.996093750000
vt 0.126403672778 0.996093750000
vt 0.134333850452 0.950325029656
vt 0.093750000000 0.950325029656
vt 0.098089153822 0.996093750000
vt 0.111617103972 0.996093750000
vt 0.115956257795 0.949846207103
vt 0.093750000000 0.949846207103
vt 0.095013703490 0.996093750000
vt 0.141464359889 0.996093750000
vt 0.139389978688 0.973984592895
vt 0.093750000000 0.982624953143
vt 0.093750000000 0.996093750000
vt 0.115956257795 0.996093750000
vt 0.115956257795 0.955509899548
vt 0.093750000000 0.955509899548
vt 0.093750000000 0.996093750000
vt 0.118473495103 0.996093750000
vt 0.118473495103 0.982565799849
vt 0.093750000000 0.982565799849
vt 0.182023091249 0.996093750000
vt 0.227991490839 0.996093750000
vt 0.224157595770 0.966307423677
vt 0.179687500000 0.977948056953
vt 0.185555831479 0.996093750000
vt 0.203851217855 0.996093750000
vt 0.209719549335 0.950501465055
vt 0.179687500000 0.950501465055
vt 0.181333385933 0.996093750000
vt 0.186464677369 0.996093750000
vt 0.188110563301 0.950154825106
vt 0.179687500000 0.950154825106
vt 0.179871224482 0.996093750000
vt 0.225839624072 0.996093750000
vt 0.225538038602 0.987676087523
vt 0.179687500000 0.990965748721
vt 0.179687500000 0.996093750000
vt 0.188110563301 0.996093750000
vt 0.188110563301 0.966061700665
vt 0.179687500000 0.966061700665
vt 0.179687500000 0.996093750000
vt 0.197982886376 0.996093750000
vt 0.197982886376 0.990962458564
vt 0.179687500000 0.990962458564
vt 0.093750000000 0.996093750000
vt 0.134101284032 0.996093750000
vt 0.135994140791 0.959757497598
vt 0.095861263308 0.955564853090
vt 0.093750000000 0.996093750000
vt 0.134333850452 0.996093750000
vt 0.132234685774 0.955797104597
vt 0.095849164679 0.955797104597
vt 0.093750000000 0.996093750000
vt 0.107277950151 0.996093750000
vt 0.106578228591 0.955748533273
vt 0.094449721560 0.955748533273
vt 0.093750000000 0.996093750000
vt 0.134101284032 0.996093750000
vt 0.134311601450 0.983967066636
vt 0.093984584812 0.982567833941
vt 0.093750000000 0.996093750000
vt 0.105878507032 0.996093750000
vt 0.105878507032 0.959708228905
vt 0.093750000000 0.959708228905
vt 0.093750000000 0.996093750000
vt 0.134333850452 0.996093750000
vt 0.134333850452 0.982565799849
vt 0.093750000000 0.982565799849
vt 0.179687500000 0.996093750000
vt 0.220008877196 0.996093750000
vt 0.221046174362 0.969188452756
vt 0.180844485301 0.966083995382
vt 0.179687500000 0.996093750000
vt 0.209719549335 0.996093750000
vt 0.208166167472 0.955802305948
vt 0.181240881862 0.955802305948
vt 0.179687500000 0.996093750000
vt 0.184818791437 0.996093750000
vt 0.184553379810 0.955773246337
vt 0.179952911626 0.955773246337
vt 0.179687500000 0.996093750000
vt 0.220008877196 0.996093750000
vt 0.220039159340 0.991493381481
vt 0.179721276237 0.990962569729
vt 0.179687500000 0.996093750000
vt 0.184287968185 0.996093750000
vt 0.184287968184 0.969168464390
vt 0.179687500000 0.969168464390
vt 0.179687500000 0.996093750000
vt 0.209719549335 0.996093750000
vt 0.209719549335 0.990962458563
vt 0.179687500000 0.990962458563
vt 0.093750000000 0.996093750000
vt 0.136303678629 0.996093750000
vt 0.140028971655 0.982120912980
vt 0.103123317937 0.960936289110
vt 0.093750000000 0.996093750000
vt 0.130135521095 0.996093750000
vt 0.119173216662 0.954976315177
vt 0.104712304432 0.954976315177
vt 0.093750000000 0.996093750000
vt 0.107277950151 0.996093750000
vt 0.103202221580 0.953735704702
vt 0.097825728571 0.953735704702
vt 0.093750000000 0.996093750000
vt 0.136303678629 0.996093750000
vt 0.136818631199 0.990741974507
vt 0.095045687111 0.982627992309
vt 0.093750000000 0.996093750000
vt 0.099126493009 0.996093750000
vt 0.099126493009 0.981632837770
vt 0.093750000000 0.981632837770
vt 0.093750000000 0.996093750000
vt 0.130135521095 0.996093750000
vt 0.130135521095 0.982565799849
vt 0.093750000000 0.982565799849
vt 0.179687500000 0.996093750000
vt 0.221427506540 0.996093750000
vt 0.223507243814 0.985596717081
vt 0.184920387334 0.969681860720
vt 0.179687500000 0.996093750000
vt 0.206612785610 0.996093750000
vt 0.198500680330 0.955149618627
vt 0.187799605280 0.955149618627
vt 0.179687500000 0.996093750000
vt 0.184818791436 0.996093750000
vt 0.183272825427 0.954382383023
vt 0.181233466010 0.954382383023
vt 0.179687500000 0.996093750000
vt 0.221427506540 0.996093750000
vt 0.221503040317 0.994055789873
vt 0.179877552729 0.990965979357
vt 0.179687500000 0.996093750000
vt 0.181726859417 0.996093750000
vt 0.181726859417 0.985392674950
vt 0.179687500000 0.985392674950
vt 0.179687500000 0.996093750000
vt 0.206612785610 0.996093750000
vt 0.206612785610 0.990962458564
vt 0.179687500000 0.990962458564
vt 0.292968750000 0.996093750000
vt 0.304164294952 0.996093750000
vt 0.304164294952 0.989096534405
vt 0.292968750000 0.989096534405
vt 0.312500000000 0.968750000000
vt 0.319497215595 0.968750000000
vt 0.319497215595 0.957554455048
vt 0.312500000000 0.957554455048
vt 0.312500000000 0.968750000000
vt 0.319497215595 0.968750000000
vt 0.319497215595 0.957554455048
vt 0.312500000000 0.957554455048
vt 0.312500000000 0.968750000000
vt 0.323695544952 0.968750000000
vt 0.323695544952 0.961752784405
vt 0.312500000000 0.961752784405
vt 0.312500000000 0.968750000000
vt 0.319497215595 0.968750000000
vt 0.319497215595 0.961752784405
vt 0.312500000000 0.961752784405
vt 0.312500000000 0.968750000000
vt 0.319497215595 0.968750000000
vt 0.319497215595 0.961752784405
vt 0.312500000000 0.961752784405
vt 0.312500000000 0.996093750000
vt 0.330226279508 0.996093750000
vt 0.330226279508 0.987697091286
vt 0.312500000000 0.987697091286
vt 0.312500000000 0.996093750000
vt 0.320896658714 0.996093750000
vt 0.320896658714 0.978367470492
vt 0.312500000000 0.978367470492
vt 0.312500000000 0.996093750000
vt 0.320896658714 0.996093750000
vt 0.320896658714 0.978367470492
vt 0.312500000000 0.978367470492
vt 0.312500000000 0.996093750000
vt 0.330226279508 0.996093750000
vt 0.330226279508 0.987697091286
vt 0.312500000000 0.987697091286
vt 0.312500000000 0.996093750000
vt 0.320896658714 0.996093750000
vt 0.320896658714 0.987697091286
vt 0.312500000000 0.987697091286
vt 0.312500000000 0.996093750000
vt 0.320896658714 0.996093750000
vt 0.320896658714 0.987697091286
vt 0.312500000000 0.987697091286
vt 0.003906250000 0.996093750000
vt 0.056138509720 0.996093750000
vt 0.056988393117 0.972318402268
vt 0.004889448440 0.968588935958
vt 0.003906250000 0.996093750000
vt 0.031428631341 0.996093750000
vt 0.029562707182 0.943894829681
vt 0.005772174159 0.943894829681
vt 0.003906250000 0.996093750000
vt 0.030962150301 0.996093750000
vt 0.029127851976 0.943893708764
vt 0.005740548325 0.943893708764
vt 0.003906250000 0.996093750000
vt 0.056138509720 0.996093750000
vt 0.056959827659 0.972720872366
vt 0.004856402126 0.969054538620
vt 0.003906250000 0.996093750000
vt 0.027293553650 0.996093750000
vt 0.027293553650 0.972303216976
vt 0.003906250000 0.972303216976
vt 0.003906250000 0.996093750000
vt 0.031428631341 0.996093750000
vt 0.031428631341 0.969037849699
vt 0.003906250000 0.969037849699
vt 0.246093750000 0.996093750000
vt 0.261021143270 0.996093750000
vt 0.261021143270 0.967171925540
vt 0.246093750000 0.967171925540
vt 0.246093750000 0.996093750000
vt 0.275015574460 0.996093750000
vt 0.275015574460 0.981166356730
vt 0.246093750000 0.981166356730
vt 0.246093750000 0.996093750000
vt 0.257998346133 0.996093750000
vt 0.257998346133 0.981166356730
vt 0.246093750000 0.981166356730
vt 0.246093750000 0.996093750000
vt 0.261021143270 0.996093750000
vt 0.261021143270 0.984189153867
vt 0.246093750000 0.984189153867
vt 0.246093750000 0.996093750000
vt 0.257998346133 0.996093750000
vt 0.257998346133 0.967171925540
vt 0.246093750000 0.967171925540
vt 0.246093750000 0.996093750000
vt 0.275015574460 0.996093750000
vt 0.275015574460 0.984189153867
vt 0.246093750000 0.984189153867
vt 0.312500000000 0.996093750000
vt 0.326027950151 0.996093750000
vt 0.326027950151 0.980233394651
vt 0.312500000000 0.980233394651
vt 0.312500000000 0.996093750000
vt 0.328360355349 0.996093750000
vt 0.328360355349 0.982565799849
vt 0.312500000000 0.982565799849
vt 0.312500000000 0.996093750000
vt 0.326960912230 0.996093750000
vt 0.326960912230 0.982565799849
vt 0.312500000000 0.982565799849
vt 0.312500000000 0.996093750000
vt 0.326027950151 0.996093750000
vt 0.326027950151 0.981632837770
vt 0.312500000000 0.981632837770
vt 0.312500000000 0.996093750000
vt 0.326960912230 0.996093750000
vt 0.326960912230 0.980233394651
vt 0.312500000000 0.980233394651
vt 0.312500000000 0.996093750000
vt 0.328360355349 0.996093750000
vt 0.328360355349 0.981632837770
vt 0.312500000000 0.981632837770
vt 0.003906250000 0.996093750000
vt 0.081778094341 0.996093750000
vt 0.082392860868 0.977444638527
vt 0.004690077322 0.972316132872
vt 0.003906250000 0.996093750000
vt 0.027696783024 0.996093750000
vt 0.025131137305 0.918264182333
vt 0.006471895718 0.918264182333
vt 0.003906250000 0.996093750000
vt 0.026763820944 0.996093750000
vt 0.024298788784 0.918260930717
vt 0.006371282161 0.918260930717
vt 0.003906250000 0.996093750000
vt 0.081778094341 0.996093750000
vt 0.082345589317 0.978175227651
vt 0.004629806094 0.973247634005
vt 0.003906250000 0.996093750000
vt 0.021833756623 0.996093750000
vt 0.021833756623 0.977434508413
vt 0.003906250000 0.977434508413
vt 0.003906250000 0.996093750000
vt 0.027696783024 0.996093750000
vt 0.027696783024 0.973236179056
vt 0.003906250000 0.973236179056
vt 0.246093750000 0.996093750000
vt 0.261021143270 0.996093750000
vt 0.261021143270 0.971836735937
vt 0.246093750000 0.971836735937
vt 0.246093750000 0.996093750000
vt 0.270350764063 0.996093750000
vt 0.270350764063 0.981166356730
vt 0.246093750000 0.981166356730
vt 0.246093750000 0.996093750000
vt 0.268951320944 0.996093750000
vt 0.268951320944 0.981166356730
vt 0.246093750000 0.981166356730
vt 0.246093750000 0.996093750000
vt 0.261021143270 0.996093750000
vt 0.261021143270 0.973236179056
vt 0.246093750000 0.973236179056
vt 0.246093750000 0.996093750000
vt 0.268951320944 0.996093750000
vt 0.268951320944 0.971836735937
vt 0.246093750000 0.971836735937
vt 0.246093750000 0.996093750000
vt 0.270350764063 0.996093750000
vt 0.270350764063 0.973236179056
vt 0.246093750000 0.973236179056
vt 0.312500000000 0.996093750000
vt 0.326027950151 0.996093750000
vt 0.326027950151 0.980233394651
vt 0.312500000000 0.980233394651
vt 0.312500000000 0.996093750000
vt 0.328360355349 0.996093750000
vt 0.328360355349 0.982565799849
vt 0.312500000000 0.982565799849
vt 0.312500000000 0.996093750000
vt 0.326960912230 0.996093750000
vt 0.326960912230 0.982565799849
vt 0.312500000000 0.982565799849
vt 0.312500000000 0.996093750000
vt 0.326027950151 0.996093750000
vt 0.326027950151 0.981632837770
vt 0.312500000000 0.981632837770
vt 0.312500000000 0.996093750000
vt 0.326960912230 0.996093750000
vt 0.326960912230 0.980233394651
vt 0.312500000000 0.980233394651
vt 0.312500000000 0.996093750000
vt 0.328360355349 0.996093750000
vt 0.328360355349 0.981632837770
vt 0.312500000000 0.981632837770
vt 0.003906250000 0.996093750000
vt 0.054792041138 0.996093750000
vt 0.055542537485 0.983521141689
vt 0.005018096440 0.977467663613
vt 0.003906250000 0.996093750000
vt 0.022565491587 0.996093750000
vt 0.019533364829 0.945298376715
vt 0.006938376758 0.945298376715
vt 0.003906250000 0.996093750000
vt 0.021166048468 0.996093750000
vt 0.018361331217 0.945285312699
vt 0.006710967251 0.945285312699
vt 0.003906250000 0.996093750000
vt 0.054792041138 0.996093750000
vt 0.055434184575 0.984461096290
vt 0.004857573610 0.978860188947
vt 0.003906250000 0.996093750000
vt 0.015556613966 0.996093750000
vt 0.015556613966 0.983498761929
vt 0.003906250000 0.983498761929
vt 0.003906250000 0.996093750000
vt 0.022565491587 0.996093750000
vt 0.022565491587 0.978833951532
vt 0.003906250000 0.978833951532
vt 0.246093750000 0.996093750000
vt 0.261021143270 0.996093750000
vt 0.261021143270 0.976501546333
vt 0.246093750000 0.976501546333
vt 0.246093750000 0.996093750000
vt 0.265685953667 0.996093750000
vt 0.265685953667 0.981166356730
vt 0.246093750000 0.981166356730
vt 0.246093750000 0.996093750000
vt 0.264752991587 0.996093750000
vt 0.264752991587 0.981166356730
vt 0.246093750000 0.981166356730
vt 0.246093750000 0.996093750000
vt 0.261021143270 0.996093750000
vt 0.261021143270 0.977434508413
vt 0.246093750000 0.977434508413
vt 0.246093750000 0.996093750000
vt 0.264752991587 0.996093750000
vt 0.264752991587 0.976501546333
vt 0.246093750000 0.976501546333
vt 0.246093750000 0.996093750000
vt 0.265685953667 0.996093750000
vt 0.265685953667 0.977434508413
vt 0.246093750000 0.977434508413
vt 0.312500000000 0.996093750000
vt 0.326027950151 0.996093750000
vt 0.326027950151 0.980233394651
vt 0.312500000000 0.980233394651
vt 0.312500000000 0.996093750000
vt 0.328360355349 0.996093750000
vt 0.328360355349 0.982565799849
vt 0.312500000000 0.982565799849
vt 0.312500000000 0.996093750000
vt 0.326960912230 0.996093750000
vt 0.326960912230 0.982565799849
vt 0.312500000000 0.982565799849
vt 0.312500000000 0.996093750000
vt 0.326027950151 0.996093750000
vt 0.326027950151 0.981632837770
vt 0.312500000000 0.981632837770
vt 0.312500000000 0.996093750000
vt 0.326960912230 0.996093750000
vt 0.326960912230 0.980233394651
vt 0.312500000000 0.980233394651
vt 0.312500000000 0.996093750000
vt 0.328360355349 0.996093750000
vt 0.328360355349 0.981632837770
vt 0.312500000000 0.981632837770
vt 0.003906250000 0.996093750000
vt 0.033468871193 0.996093750000
vt 0.034043013641 0.990525499185
vt 0.005102380101 0.984493227468
vt 0.003906250000 0.996093750000
vt 0.015568275992 0.996093750000
vt 0.012536149234 0.966687036836
vt 0.006938376758 0.966687036836
vt 0.003906250000 0.996093750000
vt 0.015568275992 0.996093750000
vt 0.012536149234 0.966687036836
vt 0.006938376758 0.966687036836
vt 0.003906250000 0.996093750000
vt 0.033468871193 0.996093750000
vt 0.034043013641 0.990525499185
vt 0.005102380101 0.984493227468
vt 0.003906250000 0.996093750000
vt 0.009504022476 0.996093750000
vt 0.009504022476 0.990495977524
vt 0.003906250000 0.990495977524
vt 0.003906250000 0.996093750000
vt 0.015568275992 0.996093750000
vt 0.015568275992 0.984431724008
vt 0.003906250000 0.984431724008
vt 0.093750000000 0.996093750000
vt 0.104479063913 0.996093750000
vt 0.104479063913 0.985831167127
vt 0.093750000000 0.985831167127
vt 0.093750000000 0.996093750000
vt 0.104012582873 0.996093750000
vt 0.104012582873 0.985364686087
vt 0.093750000000 0.985364686087
vt 0.093750000000 0.996093750000
vt 0.106344988071 0.996093750000
vt 0.106344988071 0.985364686087
vt 0.093750000000 0.985364686087
vt 0.093750000000 0.996093750000
vt 0.104479063913 0.996093750000
vt 0.104479063913 0.983498761929
vt 0.093750000000 0.983498761929
vt 0.093750000000 0.996093750000
vt 0.106344988071 0.996093750000
vt 0.106344988071 0.985831167127
vt 0.093750000000 0.985831167127
vt 0.093750000000 0.996093750000
vt 0.104012582873 0.996093750000
vt 0.104012582873 0.983498761929
vt 0.093750000000 0.983498761929
vt 0.003906250000 0.996093750000
vt 0.033468871193 0.996093750000
vt 0.034043013641 0.990525499185
vt 0.005102380101 0.984493227468
vt 0.003906250000 0.996093750000
vt 0.015568275992 0.996093750000
vt 0.012536149234 0.966687036836
vt 0.006938376758 0.966687036836
vt 0.003906250000 0.996093750000
vt 0.015568275992 0.996093750000
vt 0.012536149234 0.966687036836
vt 0.006938376758 0.966687036836
vt 0.003906250000 0.996093750000
vt 0.033468871193 0.996093750000
vt 0.034043013641 0.990525499185
vt 0.005102380101 0.984493227468
vt 0.003906250000 0.996093750000
vt 0.009504022476 0.996093750000
vt 0.009504022476 0.990495977524
vt 0.003906250000 0.990495977524
vt 0.003906250000 0.996093750000
vt 0.015568275992 0.996093750000
vt 0.015568275992 0.984431724008
vt 0.003906250000 0.984431724008
vt 0.093750000000 0.996093750000
vt 0.104479063913 0.996093750000
vt 0.104479063913 0.985831167127
vt 0.093750000000 0.985831167127
vt 0.093750000000 0.996093750000
vt 0.104012582873 0.996093750000
vt 0.104012582873 0.985364686087
vt 0.093750000000 0.985364686087
vt 0.093750000000 0.996093750000
vt 0.106344988071 0.996093750000
vt 0.106344988071 0.985364686087
vt 0.093750000000 0.985364686087
vt 0.093750000000 0.996093750000
vt 0.104479063913 0.996093750000
vt 0.104479063913 0.983498761929
vt 0.093750000000 0.983498761929
vt 0.093750000000 0.996093750000
vt 0.106344988071 0.996093750000
vt 0.106344988071 0.985831167127
vt 0.093750000000 0.985831167127
vt 0.093750000000 0.996093750000
vt 0.104012582873 0.996093750000
vt 0.104012582873 0.983498761929
vt 0.093750000000 0.983498761929
vt 0.332031250000 0.968750000000
vt 0.339028465595 0.968750000000
vt 0.339028465595 0.963152227524
vt 0.332031250000 0.963152227524
vt 0.332031250000 0.968750000000
vt 0.337629022476 0.968750000000
vt 0.337629022476 0.961752784405
vt 0.332031250000 0.961752784405
vt 0.332031250000 0.968750000000
vt 0.337629022476 0.968750000000
vt 0.337629022476 0.961752784405
vt 0.332031250000 0.961752784405
vt 0.332031250000 0.968750000000
vt 0.339028465595 0.968750000000
vt 0.339028465595 0.963152227524
vt 0.332031250000 0.963152227524
vt 0.332031250000 0.968750000000
vt 0.337629022476 0.968750000000
vt 0.337629022476 0.963152227524
vt 0.332031250000 0.963152227524
vt 0.332031250000 0.968750000000
vt 0.337629022476 0.968750000000
vt 0.337629022476 0.963152227524
vt 0.332031250000 0.963152227524
vt 0.097970859814 0.996093750000
vt 0.144421516212 0.996093750000
vt 0.137492935009 0.956105705786
vt 0.093750000000 0.971733217318
vt 0.101680177675 0.996093750000
vt 0.126403672778 0.996093750000
vt 0.134333850452 0.950325029656
vt 0.093750000000 0.950325029656
vt 0.098089153822 0.996093750000
vt 0.111617103973 0.996093750000
vt 0.115956257795 0.949846207103
vt 0.093750000000 0.949846207103
vt 0.095013703490 0.996093750000
vt 0.141464359889 0.996093750000
vt 0.139389978688 0.973984592895
vt 0.093750000000 0.982624953143
vt 0.093750000000 0.996093750000
vt 0.115956257795 0.996093750000
vt 0.115956257795 0.955509899548
vt 0.093750000000 0.955509899548
vt 0.093750000000 0.996093750000
vt 0.118473495103 0.996093750000
vt 0.118473495103 0.982565799849
vt 0.093750000000 0.982565799849
vt 0.182023091249 0.996093750000
vt 0.227991490839 0.996093750000
vt 0.224157595770 0.966307423677
vt 0.179687500000 0.977948056952
vt 0.185555831479 0.996093750000
vt 0.203851217855 0.996093750000
vt 0.209719549335 0.950501465055
vt 0.179687500000 0.950501465055
vt 0.181333385932 0.996093750000
vt 0.186464677369 0.996093750000
vt 0.188110563301 0.950154825106
vt 0.179687500000 0.950154825106
vt 0.179871224482 0.996093750000
vt 0.225839624072 0.996093750000
vt 0.225538038602 0.987676087523
vt 0.179687500000 0.990965748721
vt 0.179687500000 0.996093750000
vt 0.188110563301 0.996093750000
vt 0.188110563301 0.966061700665
vt 0.179687500000 0.966061700665
vt 0.179687500000 0.996093750000
vt 0.197982886376 0.996093750000
vt 0.197982886376 0.990962458564
vt 0.179687500000 0.990962458564
vt 0.093750000000 0.996093750000
vt 0.134101284032 0.996093750000
vt 0.135994140791 0.959757497598
vt 0.095861263308 0.955564853090
vt 0.093750000000 0.996093750000
vt 0.134333850452 0.996093750000
vt 0.132234685774 0.955797104597
vt 0.095849164679 0.955797104597
vt 0.093750000000 0.996093750000
vt 0.107277950151 0.996093750000
vt 0.106578228591 0.955748533273
vt 0.094449721559 0.955748533273
vt 0.093750000000 0.996093750000
vt 0.134101284032 0.996093750000
vt 0.134311601450 0.983967066636
vt 0.093984584812 0.982567833941
vt 0.093750000000 0.996093750000
vt 0.105878507032 0.996093750000
vt 0.105878507032 0.959708228905
vt 0.093750000000 0.959708228905
vt 0.093750000000 0.996093750000
vt 0.134333850452 0.996093750000
vt 0.134333850452 0.982565799849
vt 0.093750000000 0.982565799849
vt 0.179687500000 0.996093750000
vt 0.220008877196 0.996093750000
vt 0.221046174362 0.969188452756
vt 0.180844485301 0.966083995382
vt 0.179687500000 0.996093750000
vt 0.209719549335 0.996093750000
vt 0.208166167472 0.955802305948
vt 0.181240881862 0.955802305948
vt 0.179687500000 0.996093750000
vt 0.184818791436 0.996093750000
vt 0.184553379811 0.955773246337
vt 0.179952911626 0.955773246337
vt 0.179687500000 0.996093750000
vt 0.220008877196 0.996093750000
vt 0.220039159340 0.991493381481
vt 0.179721276237 0.990962569729
vt 0.179687500000 0.996093750000
vt 0.184287968184 0.996093750000
vt 0.184287968184 0.969168464390
vt 0.179687500000 0.969168464390
vt 0.179687500000 0.996093750000
vt 0.209719549335 0.996093750000
vt 0.209719549335 0.990962458564
vt 0.179687500000 0.990962458564
vt 0.093750000000 0.996093750000
vt 0.136303678629 0.996093750000
vt 0.140028971655 0.982120912980
vt 0.103123317937 0.960936289110
vt 0.093750000000 0.996093750000
vt 0.130135521095 0.996093750000
vt 0.119173216663 0.954976315177
vt 0.104712304432 0.954976315177
vt 0.093750000000 0.996093750000
vt 0.107277950151 0.996093750000
vt 0.103202221580 0.953735704702
vt 0.097825728571 0.953735704702
vt 0.093750000000 0.996093750000
vt 0.136303678629 0.996093750000
vt 0.136818631199 0.990741974507
vt 0.095045687111 0.982627992309
vt 0.093750000000 0.996093750000
vt 0.099126493009 0.996093750000
vt 0.099126493009 0.981632837770
vt 0.093750000000 0.981632837770
vt 0.093750000000 0.996093750000
vt 0.130135521095 0.996093750000
vt 0.130135521095 0.982565799849
vt 0.093750000000 0.982565799849
vt 0.179687500000 0.996093750000
vt 0.221427506540 0.996093750000
vt 0.223507243814 0.985596717081
vt 0.184920387334 0.969681860720
vt 0.179687500000 0.996093750000
vt 0.206612785610 0.996093750000
vt 0.198500680330 0.955149618627
vt 0.187799605280 0.955149618627
vt 0.179687500000 0.996093750000
vt 0.184818791436 0.996093750000
vt 0.183272825427 0.954382383023
vt 0.181233466010 0.954382383023
vt 0.179687500000 0.996093750000
vt 0.221427506540 0.996093750000
vt 0.221503040317 0.994055789873
vt 0.179877552729 0.990965979357
vt 0.179687500000 0.996093750000
vt 0.181726859417 0.996093750000
vt 0.181726859417 0.985392674950
vt 0.179687500000 0.985392674950
vt 0.179687500000 0.996093750000
vt 0.206612785610 0.996093750000
vt 0.206612785610 0.990962458564
vt 0.179687500000 0.990962458564
vt 0.292968750000 0.996093750000
vt 0.304164294952 0.996093750000
vt 0.304164294952 0.989096534405
vt 0.292968750000 0.989096534405
vt 0.312500000000 0.968750000000
vt 0.319497215595 0.968750000000
vt 0.319497215595 0.957554455048
vt 0.312500000000 0.957554455048
vt 0.312500000000 0.968750000000
vt 0.319497215595 0.968750000000
vt 0.319497215595 0.957554455048
vt 0.312500000000 0.957554455048
vt 0.312500000000 0.968750000000
vt 0.323695544952 0.968750000000
vt 0.323695544952 0.961752784405
vt 0.312500000000 0.961752784405
vt 0.312500000000 0.968750000000
vt 0.319497215595 0.968750000000
vt 0.319497215595 0.961752784405
vt 0.312500000000 0.961752784405
vt 0.312500000000 0.968750000000
vt 0.319497215595 0.968750000000
vt 0.319497215595 0.961752784405
vt 0.312500000000 0.961752784405
vt 0.312500000000 0.996093750000
vt 0.330226279508 0.996093750000
vt 0.330226279508 0.987697091286
vt 0.312500000000 0.987697091286
vt 0.312500000000 0.996093750000
vt 0.320896658714 0.996093750000
vt 0.320896658714 0.978367470492
vt 0.312500000000 0.978367470492
vt 0.312500000000 0.996093750000
vt 0.320896658714 0.996093750000
vt 0.320896658714 0.978367470492
vt 0.312500000000 0.978367470492
vt 0.312500000000 0.996093750000
vt 0.330226279508 0.996093750000
vt 0.330226279508 0.987697091286
vt 0.312500000000 0.987697091286
vt 0.312500000000 0.996093750000
vt 0.320896658714 0.996093750000
vt 0.320896658714 0.987697091286
vt 0.312500000000 0.987697091286
vt 0.312500000000 0.996093750000
vt 0.320896658714 0.996093750000
vt 0.320896658714 0.987697091286
vt 0.312500000000 0.987697091286
vt 0.003906250000 0.996093750000
vt 0.056138509720 0.996093750000
vt 0.056988393117 0.972318402268
vt 0.004889448440 0.968588935958
vt 0.003906250000 0.996093750000
vt 0.031428631341 0.996093750000
vt 0.029562707182 0.943894829681
vt 0.005772174159 0.943894829681
vt 0.003906250000 0.996093750000
vt 0.030962150301 0.996093750000
vt 0.029127851976 0.943893708764
vt 0.005740548326 0.943893708764
vt 0.003906250000 0.996093750000
vt 0.056138509720 0.996093750000
vt 0.056959827659 0.972720872366
vt 0.004856402126 0.969054538620
vt 0.003906250000 0.996093750000
vt 0.027293553650 0.996093750000
vt 0.027293553650 0.972303216976
vt 0.003906250000 0.972303216976
vt 0.003906250000 0.996093750000
vt 0.031428631341 0.996093750000
vt 0.031428631341 0.969037849699
vt 0.003906250000 0.969037849699
vt 0.246093750000 0.996093750000
vt 0.261021143270 0.996093750000
vt 0.261021143270 0.967171925540
vt 0.246093750000 0.967171925540
vt 0.246093750000 0.996093750000
vt 0.275015574460 0.996093750000
vt 0.275015574460 0.981166356730
vt 0.246093750000 0.981166356730
vt 0.246093750000 0.996093750000
vt 0.257998346133 0.996093750000
vt 0.257998346133 0.981166356730
vt 0.246093750000 0.981166356730
vt 0.246093750000 0.996093750000
vt 0.261021143270 0.996093750000
vt 0.261021143270 0.984189153867
vt 0.246093750000 0.984189153867
vt 0.246093750000 0.996093750000
vt 0.257998346133 0.996093750000
vt 0.257998346133 0.967171925540
vt 0.246093750000 0.967171925540
vt 0.246093750000 0.996093750000
vt 0.275015574460 0.996093750000
vt 0.275015574460 0.984189153867
vt 0.246093750000 0.984189153867
vt 0.312500000000 0.996093750000
vt 0.326027950151 0.996093750000
vt 0.326027950151 0.980233394651
vt 0.312500000000 0.980233394651
vt 0.312500000000 0.996093750000
vt 0.328360355349 0.996093750000
vt 0.328360355349 0.982565799849
vt 0.312500000000 0.982565799849
vt 0.312500000000 0.996093750000
vt 0.326960912230 0.996093750000
vt 0.326960912230 0.982565799849
vt 0.312500000000 0.982565799849
vt 0.312500000000 0.996093750000
vt 0.326027950151 0.996093750000
vt 0.326027950151 0.981632837770
vt 0.312500000000 0.981632837770
vt 0.312500000000 0.996093750000
vt 0.326960912230 0.996093750000
vt 0.326960912230 0.980233394651
vt 0.312500000000 0.980233394651
vt 0.312500000000 0.996093750000
vt 0.328360355349 0.996093750000
vt 0.328360355349 0.981632837770
vt 0.312500000000 0.981632837770
vt 0.003906250000 0.996093750000
vt 0.081778094341 0.996093750000
vt 0.082392860868 0.977444638527
vt 0.004690077322 0.972316132872
vt 0.003906250000 0.996093750000
vt 0.027696783024 0.996093750000
vt 0.025131137305 0.918264182333
vt 0.006471895718 0.918264182333
vt 0.003906250000 0.996093750000
vt 0.026763820944 0.996093750000
vt 0.024298788784 0.918260930717
vt 0.006371282161 0.918260930717
vt 0.003906250000 0.996093750000
vt 0.081778094341 0.996093750000
vt 0.082345589317 0.978175227651
vt 0.004629806094 0.973247634005
vt 0.003906250000 0.996093750000
vt 0.021833756623 0.996093750000
vt 0.021833756623 0.977434508413
vt 0.003906250000 0.977434508413
vt 0.003906250000 0.996093750000
vt 0.027696783024 0.996093750000
vt 0.027696783024 0.973236179056
vt 0.003906250000 0.973236179056
vt 0.246093750000 0.996093750000
vt 0.261021143270 0.996093750000
vt 0.261021143270 0.971836735937
vt 0.246093750000 0.971836735937
vt 0.246093750000 0.996093750000
vt 0.270350764063 0.996093750000
vt 0.270350764063 0.981166356730
vt 0.246093750000 0.981166356730
vt 0.246093750000 0.996093750000
vt 0.268951320944 0.996093750000
vt 0.268951320944 0.981166356730
vt 0.246093750000 0.981166356730
vt 0.246093750000 0.996093750000
vt 0.261021143270 0.996093750000
vt 0.261021143270 0.973236179056
vt 0.246093750000 0.973236179056
vt 0.246093750000 0.996093750000
vt 0.268951320944 0.996093750000
vt 0.268951320944 0.971836735937
vt 0.246093750000 0.971836735937
vt 0.246093750000 0.996093750000
vt 0.270350764063 0.996093750000
vt 0.270350764063 0.973236179056
vt 0.246093750000 0.973236179056
vt 0.312500000000 0.996093750000
vt 0.326027950151 0.996093750000
vt 0.326027950151 0.980233394651
vt 0.312500000000 0.980233394651
vt 0.312500000000 0.996093750000
vt 0.328360355349 0.996093750000
vt 0.328360355349 0.982565799849
vt 0.312500000000 0.982565799849
vt 0.312500000000 0.996093750000
vt 0.326960912230 0.996093750000
vt 0.326960912230 0.982565799849
vt 0.312500000000 0.982565799849
vt 0.312500000000 0.996093750000
vt 0.326027950151 0.996093750000
vt 0.326027950151 0.981632837770
vt 0.312500000000 0.981632837770
vt 0.312500000000 0.996093750000
vt 0.326960912230 0.996093750000
vt 0.326960912230 0.980233394651
vt 0.312500000000 0.980233394651
vt 0.312500000000 0.996093750000
vt 0.328360355349 0.996093750000
vt 0.328360355349 0.981632837770
vt 0.312500000000 0.981632837770
vt 0.003906250000 0.996093750000
vt 0.054792041138 0.996093750000
vt 0.055542537485 0.983521141689
vt 0.005018096440 0.977467663613
vt 0.003906250000 0.996093750000
vt 0.022565491587 0.996093750000
vt 0.019533364829 0.945298376716
vt 0.006938376758 0.945298376716
vt 0.003906250000 0.996093750000
vt 0.021166048468 0.996093750000
vt 0.018361331217 0.945285312699
vt 0.006710967251 0.945285312699
vt 0.003906250000 0.996093750000
vt 0.054792041138 0.996093750000
vt 0.055434184575 0.984461096290
vt 0.004857573610 0.978860188948
vt 0.003906250000 0.996093750000
vt 0.015556613966 0.996093750000
vt 0.015556613966 0.983498761929
vt 0.003906250000 0.983498761929
vt 0.003906250000 0.996093750000
vt 0.022565491587 0.996093750000
vt 0.022565491587 0.978833951532
vt 0.003906250000 0.978833951532
vt 0.246093750000 0.996093750000
vt 0.261021143270 0.996093750000
vt 0.261021143270 0.976501546333
vt 0.246093750000 0.976501546333
vt 0.246093750000 0.996093750000
vt 0.265685953667 0.996093750000
vt 0.265685953667 0.981166356730
vt 0.246093750000 0.981166356730
vt 0.246093750000 0.996093750000
vt 0.264752991587 0.996093750000
vt 0.264752991587 0.981166356730
vt 0.246093750000 0.981166356730
vt 0.246093750000 0.996093750000
vt 0.261021143270 0.996093750000
vt 0.261021143270 0.977434508413
vt 0.246093750000 0.977434508413
vt 0.246093750000 0.996093750000
vt 0.264752991587 0.996093750000
vt 0.264752991587 0.976501546333
vt 0.246093750000 0.976501546333
vt 0.246093750000 0.996093750000
vt 0.265685953667 0.996093750000
vt 0.265685953667 0.977434508413
vt 0.246093750000 0.977434508413
vt 0.312500000000 0.996093750000
vt 0.326027950151 0.996093750000
vt 0.326027950151 0.980233394651
vt 0.312500000000 0.980233394651
vt 0.312500000000 0.996093750000
vt 0.328360355349 0.996093750000
vt 0.328360355349 0.982565799849
vt 0.312500000000 0.982565799849
vt 0.312500000000 0.996093750000
vt 0.326960912230 0.996093750000
vt 0.326960912230 0.982565799849
vt 0.312500000000 0.982565799849
vt 0.312500000000 0.996093750000
vt 0.326027950151 0.996093750000
vt 0.326027950151 0.981632837770
vt 0.312500000000 0.981632837770
vt 0.312500000000 0.996093750000
vt 0.326960912230 0.996093750000
vt 0.326960912230 0.980233394651
vt 0.312500000000 0.980233394651
vt 0.312500000000 0.996093750000
vt 0.328360355349 0.996093750000
vt 0.328360355349 0.981632837770
vt 0.312500000000 0.981632837770
vt 0.003906250000 0.996093750000
vt 0.033468871193 0.996093750000
vt 0.034043013641 0.990525499185
vt 0.005102380101 0.984493227468
vt 0.003906250000 0.996093750000
vt 0.015568275992 0.996093750000
vt 0.012536149234 0.966687036836
vt 0.006938376758 0.966687036836
vt 0.003906250000 0.996093750000
vt 0.015568275992 0.996093750000
vt 0.012536149234 0.966687036836
vt 0.006938376758 0.966687036836
vt 0.003906250000 0.996093750000
vt 0.033468871193 0.996093750000
vt 0.034043013641 0.990525499185
vt 0.005102380101 0.984493227468
vt 0.003906250000 0.996093750000
vt 0.009504022476 0.996093750000
vt 0.009504022476 0.990495977524
vt 0.003906250000 0.990495977524
vt 0.003906250000 0.996093750000
vt 0.015568275992 0.996093750000
vt 0.015568275992 0.984431724008
vt 0.003906250000 0.984431724008
vt 0.093750000000 0.996093750000
vt 0.104479063913 0.996093750000
vt 0.104479063913 0.985831167127
vt 0.093750000000 0.985831167127
vt 0.093750000000 0.996093750000
vt 0.104012582873 0.996093750000
vt 0.104012582873 0.985364686087
vt 0.093750000000 0.985364686087
vt 0.093750000000 0.996093750000
vt 0.106344988071 0.996093750000
vt 0.106344988071 0.985364686087
vt 0.093750000000 0.985364686087
vt 0.093750000000 0.996093750000
vt 0.104479063913 0.996093750000
vt 0.104479063913 0.983498761929
vt 0.093750000000 0.983498761929
vt 0.093750000000 0.996093750000
vt 0.106344988071 0.996093750000
vt 0.106344988071 0.985831167127
vt 0.093750000000 0.985831167127
vt 0.093750000000 0.996093750000
vt 0.104012582873 0.996093750000
vt 0.104012582873 0.983498761929
vt 0.093750000000 0.983498761929
vt 0.003906250000 0.996093750000
vt 0.033468871193 0.996093750000
vt 0.034043013641 0.990525499185
vt 0.005102380101 0.984493227468
vt 0.003906250000 0.996093750000
vt 0.015568275992 0.996093750000
vt 0.012536149234 0.966687036836
vt 0.006938376758 0.966687036836
vt 0.003906250000 0.996093750000
vt 0.015568275992 0.996093750000
vt 0.012536149234 0.966687036836
vt 0.006938376758 0.966687036836
vt 0.003906250000 0.996093750000
vt 0.033468871193 0.996093750000
vt 0.034043013641 0.990525499185
vt 0.005102380101 0.984493227468
vt 0.003906250000 0.996093750000
vt 0.009504022476 0.996093750000
vt 0.009504022476 0.990495977524
vt 0.003906250000 0.990495977524
vt 0.003906250000 0.996093750000
vt 0.015568275992 0.996093750000
vt 0.015568275992 0.984431724008
vt 0.003906250000 0.984431724008
vt 0.093750000000 0.996093750000
vt 0.104479063913 0.996093750000
vt 0.104479063913 0.985831167127
vt 0.093750000000 0.985831167127
vt 0.093750000000 0.996093750000
vt 0.104012582873 0.996093750000
vt 0.104012582873 0.985364686087
vt 0.093750000000 0.985364686087
vt 0.093750000000 0.996093750000
vt 0.106344988071 0.996093750000
vt 0.106344988071 0.985364686087
vt 0.093750000000 0.985364686087
vt 0.093750000000 0.996093750000
vt 0.104479063913 0.996093750000
vt 0.104479063913 0.983498761929
vt 0.093750000000 0.983498761929
vt 0.093750000000 0.996093750000
vt 0.106344988071 0.996093750000
vt 0.106344988071 0.985831167127
vt 0.093750000000 0.985831167127
vt 0.093750000000 0.996093750000
vt 0.104012582873 0.996093750000
vt 0.104012582873 0.983498761929
vt 0.093750000000 0.983498761929
vt 0.332031250000 0.968750000000
vt 0.339028465595 0.968750000000
vt 0.339028465595 0.963152227524
vt 0.332031250000 0.963152227524
vt 0.332031250000 0.968750000000
vt 0.337629022476 0.968750000000
vt 0.337629022476 0.961752784405
vt 0.332031250000 0.961752784405
vt 0.332031250000 0.968750000000
vt 0.337629022476 0.968750000000
vt 0.337629022476 0.961752784405
vt 0.332031250000 0.961752784405
vt 0.332031250000 0.968750000000
vt 0.339028465595 0.968750000000
vt 0.339028465595 0.963152227524
vt 0.332031250000 0.963152227524
vt 0.332031250000 0.968750000000
vt 0.337629022476 0.968750000000
vt 0.337629022476 0.963152227524
vt 0.332031250000 0.963152227524
vt 0.332031250000 0.968750000000
vt 0.337629022476 0.968750000000
vt 0.337629022476 0.963152227524
vt 0.332031250000 0.963152227524
usemtl atlas
s off
g root
g body
g bulb
f 1/1 2/2 3/3
f 1/1 3/3 4/4
f 1/1 4/4 5/5
f 1/1 5/5 6/6
f 1/1 6/6 7/7
f 1/1 7/7 8/8
f 16/9 15/10 14/11
f 16/9 14/11 13/12
f 16/9 13/12 12/13
f 16/9 12/13 11/14
f 16/9 11/14 10/15
f 16/9 10/15 9/16
f 1/17 9/18 10/19
f 1/17 10/19 2/20
f 2/21 10/22 11/23
f 2/21 11/23 3/24
f 3/25 11/26 12/27
f 3/25 12/27 4/28
f 4/29 12/30 13/31
f 4/29 13/31 5/32
f 5/33 13/34 14/35
f 5/33 14/35 6/36
f 6/37 14/38 15/39
f 6/37 15/39 7/40
f 7/41 15/42 16/43
f 7/41 16/43 8/44
f 8/45 16/46 9/47
f 8/45 9/47 1/48
f 17/49 18/50 19/51
f 17/49 19/51 20/52
f 17/49 20/52 21/53
f 17/49 21/53 22/54
f 17/49 22/54 23/55
f 17/49 23/55 24/56
f 32/57 31/58 30/59
f 32/57 30/59 29/60
f 32/57 29/60 28/61
f 32/57 28/61 27/62
f 32/57 27/62 26/63
f 32/57 26/63 25/64
f 17/65 25/66 26/67
f 17/65 26/67 18/68
f 18/69 26/70 27/71
f 18/69 27/71 19/72
f 19/73 27/74 28/75
f 19/73 28/75 20/76
f 20/77 28/78 29/79
f 20/77 29/79 21/80
f 21/81 29/82 30/83
f 21/81 30/83 22/84
f 22/85 30/86 31/87
f 22/85 31/87 23/88
f 23/89 31/90 32/91
f 23/89 32/91 24/92
f 24/93 32/94 25/95
f 24/93 25/95 17/96
f 33/97 34/98 35/99
f 33/97 35/99 36/100
f 33/97 36/100 37/101
f 33/97 37/101 38/102
f 33/97 38/102 39/103
f 33/97 39/103 40/104
f 48/105 47/106 46/107
f 48/105 46/107 45/108
f 48/105 45/108 44/109
f 48/105 44/109 43/110
f 48/105 43/110 42/111
f 48/105 42/111 41/112
f 33/113 41/114 42/115
f 33/113 42/115 34/116
f 34/117 42/118 43/119
f 34/117 43/119 35/120
f 35/121 43/122 44/123
f 35/121 44/123 36/124
f 36/125 44/126 45/127
f 36/125 45/127 37/128
f 37/129 45/130 46/131
f 37/129 46/131 38/132
f 38/133 46/134 47/135
f 38/133 47/135 39/136
f 39/137 47/138 48/139
f 39/137 48/139 40/140
f 40/141 48/142 41/143
f 40/141 41/143 33/144
g petal_1
f 49/145 52/146 51/147
f 49/145 51/147 50/148
f 53/149 54/150 55/151
f 53/149 55/151 56/152
f 49/153 53/154 56/155
f 49/153 56/155 52/156
f 50/157 51/158 55/159
f 50/157 55/159 54/160
f 52/161 56/162 55/163
f 52/161 55/163 51/164
f 49/165 50/166 54/167
f 49/165 54/167 53/168
f 57/169 60/170 59/171
f 57/169 59/171 58/172
f 61/173 62/174 63/175
f 61/173 63/175 64/176
f 57/177 61/178 64/179
f 57/177 64/179 60/180
f 58/181 59/182 63/183
f 58/181 63/183 62/184
f 60/185 64/186 63/187
f 60/185 63/187 59/188
f 57/189 58/190 62/191
f 57/189 62/191 61/192
f 65/193 68/194 67/195
f 65/193 67/195 66/196
f 69/197 70/198 71/199
f 69/197 71/199 72/200
f 65/201 69/202 72/203
f 65/201 72/203 68/204
f 66/205 67/206 71/207
f 66/205 71/207 70/208
f 68/209 72/210 71/211
f 68/209 71/211 67/212
f 65/213 66/214 70/215
f 65/213 70/215 69/216
f 73/217 76/218 75/219
f 73/217 75/219 74/220
f 77/221 78/222 79/223
f 77/221 79/223 80/224
f 73/225 77/226 80/227
f 73/225 80/227 76/228
f 74/229 75/230 79/231
f 74/229 79/231 78/232
f 76/233 80/234 79/235
f 76/233 79/235 75/236
f 73/237 74/238 78/239
f 73/237 78/239 77/240
f 81/241 84/242 83/243
f 81/241 83/243 82/244
f 85/245 86/246 87/247
f 85/245 87/247 88/248
f 81/249 85/250 88/251
f 81/249 88/251 84/252
f 82/253 83/254 87/255
f 82/253 87/255 86/256
f 84/257 88/258 87/259
f 84/257 87/259 83/260
f 81/261 82/262 86/263
f 81/261 86/263 85/264
f 89/265 92/266 91/267
f 89/265 91/267 90/268
f 93/269 94/270 95/271
f 93/269 95/271 96/272
f 89/273 93/274 96/275
f 89/273 96/275 92/276
f 90/277 91/278 95/279
f 90/277 95/279 94/280
f 92/281 96/282 95/283
f 92/281 95/283 91/284
f 89/285 90/286 94/287
f 89/285 94/287 93/288
f 101/293 102/294 103/295
f 101/293 103/295 104/296
f 97/297 101/298 104/299
f 97/297 104/299 100/300
f 98/301 99/302 103/303
f 98/301 103/303 102/304
f 100/305 104/306 103/307
f 100/305 103/307 99/308
f 97/309 98/310 102/311
f 97/309 102/311 101/312
f 105/313 108/314 107/315
f 105/313 107/315 106/316
f 109/317 110/318 111/319
f 109/317 111/319 112/320
f 105/321 109/322 112/323
f 105/321 112/323 108/324
f 106/325 107/326 111/327
f 106/325 111/327 110/328
f 108/329 112/330 111/331
f 108/329 111/331 107/332
f 105/333 106/334 110/335
f 105/333 110/335 109/336
g vine_1_1
f 113/337 116/338 115/339
f 113/337 115/339 114/340
f 117/341 118/342 119/343
f 117/341 119/343 120/344
f 113/345 117/346 120/347
f 113/345 120/347 116/348
f 114/349 115/350 119/351
f 114/349 119/351 118/352
f 116/353 120/354 119/355
f 116/353 119/355 115/356
f 113/357 114/358 118/359
f 113/357 118/359 117/360
f 121/361 124/362 123/363
f 121/361 123/363 122/364
f 125/365 126/366 127/367
f 125/365 127/367 128/368
f 121/369 125/370 128/371
f 121/369 128/371 124/372
f 122/373 123/374 127/375
f 122/373 127/375 126/376
f 124/377 128/378 127/379
f 124/377 127/379 123/380
f 121/381 122/382 126/383
f 121/381 126/383 125/384
f 129/385 132/386 131/387
f 129/385 131/387 130/388
f 133/389 134/390 135/391
f 133/389 135/391 136/392
f 129/393 133/394 136/395
f 129/393 136/395 132/396
f 130/397 131/398 135/399
f 130/397 135/399 134/400
f 132/401 136/402 135/403
f 132/401 135/403 131/404
f 129/405 130/406 134/407
f 129/405 134/407 133/408
g vine_1_2
f 137/409 140/410 139/411
f 137/409 139/411 138/412
f 141/413 142/414 143/415
f 141/413 143/415 144/416
f 137/417 141/418 144/419
f 137/417 144/419 140/420
f 138/421 139/422 143/423
f 138/421 143/423 142/424
f 140/425 144/426 143/427
f 140/425 143/427 139/428
f 137/429 138/430 142/431
f 137/429 142/431 141/432
f 145/433 148/434 147/435
f 145/433 147/435 146/436
f 149/437 150/438 151/439
f 149/437 151/439 152/440
f 145/441 149/442 152/443
f 145/441 152/443 148/444
f 146/445 147/446 151/447
f 146/445 151/447 150/448
f 148/449 152/450 151/451
f 148/449 151/451 147/452
f 145/453 146/454 150/455
f 145/453 150/455 149/456
f 153/457 156/458 155/459
f 153/457 155/459 154/460
f 157/461 158/462 159/463
f 157/461 159/463 160/464
f 153/465 157/466 160/467
f 153/465 160/467 156/468
f 154/469 155/470 159/471
f 154/469 159/471 158/472
f 156/473 160/474 159/475
f 156/473 159/475 155/476
f 153/477 154/478 158/479
f 153/477 158/479 157/480
g vine_1_3
f 161/481 164/482 163/483
f 161/481 163/483 162/484
f 165/485 166/486 167/487
f 165/485 167/487 168/488
f 161/489 165/490 168/491
f 161/489 168/491 164/492
f 162/493 163/494 167/495
f 162/493 167/495 166/496
f 164/497 168/498 167/499
f 164/497 167/499 163/500
f 161/501 162/502 166/503
f 161/501 166/503 165/504
f 169/505 172/506 171/507
f 169/505 171/507 170/508
f 173/509 174/510 175/511
f 173/509 175/511 176/512
f 169/513 173/514 176/515
f 169/513 176/515 172/516
f 170/517 171/518 175/519
f 170/517 175/519 174/520
f 172/521 176/522 175/523
f 172/521 175/523 171/524
f 169/525 170/526 174/527
f 169/525 174/527 173/528
f 177/529 180/530 179/531
f 177/529 179/531 178/532
f 181/533 182/534 183/535
f 181/533 183/535 184/536
f 177/537 181/538 184/539
f 177/537 184/539 180/540
f 178/541 179/542 183/543
f 178/541 183/543 182/544
f 180/545 184/546 183/547
f 180/545 183/547 179/548
f 177/549 178/550 182/551
f 177/549 182/551 181/552
f 185/553 188/554 187/555
f 185/553 187/555 186/556
f 189/557 190/558 191/559
f 189/557 191/559 192/560
f 185/561 189/562 192/563
f 185/561 192/563 188/564
f 186/565 187/566 191/567
f 186/565 191/567 190/568
f 188/569 192/570 191/571
f 188/569 191/571 187/572
f 185/573 186/574 190/575
f 185/573 190/575 189/576
f 193/577 196/578 195/579
f 193/577 195/579 194/580
f 197/581 198/582 199/583
f 197/581 199/583 200/584
f 193/585 197/586 200/587
f 193/585 200/587 196/588
f 194/589 195/590 199/591
f 194/589 199/591 198/592
f 196/593 200/594 199/595
f 196/593 199/595 195/596
f 193/597 194/598 198/599
f 193/597 198/599 197/600
f 201/601 204/602 203/603
f 201/601 203/603 202/604
f 205/605 206/606 207/607
f 205/605 207/607 208/608
f 201/609 205/610 208/611
f 201/609 208/611 204/612
f 202/613 203/614 207/615
f 202/613 207/615 206/616
f 204/617 208/618 207/619
f 204/617 207/619 203/620
f 201/621 202/622 206/623
f 201/621 206/623 205/624
f 209/625 212/626 211/627
f 209/625 211/627 210/628
f 213/629 214/630 215/631
f 213/629 215/631 216/632
f 209/633 213/634 216/635
f 209/633 216/635 212/636
f 210/637 211/638 215/639
f 210/637 215/639 214/640
f 212/641 216/642 215/643
f 212/641 215/643 211/644
f 209/645 210/646 214/647
f 209/645 214/647 213/648
g spore_1
f 217/649 220/650 219/651
f 217/649 219/651 218/652
f 221/653 222/654 223/655
f 221/653 223/655 224/656
f 217/657 221/658 224/659
f 217/657 224/659 220/660
f 218/661 219/662 223/663
f 218/661 223/663 222/664
f 220/665 224/666 223/667
f 220/665 223/667 219/668
f 217/669 218/670 222/671
f 217/669 222/671 221/672
g petal_2
f 225/673 228/674 227/675
f 225/673 227/675 226/676
f 229/677 230/678 231/679
f 229/677 231/679 232/680
f 225/681 229/682 232/683
f 225/681 232/683 228/684
f 226/685 227/686 231/687
f 226/685 231/687 230/688
f 228/689 232/690 231/691
f 228/689 231/691 227/692
f 225/693 226/694 230/695
f 225/693 230/695 229/696
f 233/697 236/698 235/699
f 233/697 235/699 234/700
f 237/701 238/702 239/703
f 237/701 239/703 240/704
f 233/705 237/706 240/707
f 233/705 240/707 236/708
f 234/709 235/710 239/711
f 234/709 239/711 238/712
f 236/713 240/714 239/715
f 236/713 239/715 235/716
f 233/717 234/718 238/719
f 233/717 238/719 237/720
f 241/721 244/722 243/723
f 241/721 243/723 242/724
f 245/725 246/726 247/727
f 245/725 247/727 248/728
f 241/729 245/730 248/731
f 241/729 248/731 244/732
f 242/733 243/734 247/735
f 242/733 247/735 246/736
f 244/737 248/738 247/739
f 244/737 247/739 243/740
f 241/741 242/742 246/743
f 241/741 246/743 245/744
f 249/745 252/746 251/747
f 249/745 251/747 250/748
f 253/749 254/750 255/751
f 253/749 255/751 256/752
f 249/753 253/754 256/755
f 249/753 256/755 252/756
f 250/757 251/758 255/759
f 250/757 255/759 254/760
f 252/761 256/762 255/763
f 252/761 255/763 251/764
f 249/765 250/766 254/767
f 249/765 254/767 253/768
f 257/769 260/770 259/771
f 257/769 259/771 258/772
f 261/773 262/774 263/775
f 261/773 263/775 264/776
f 257/777 261/778 264/779
f 257/777 264/779 260/780
f 258/781 259/782 263/783
f 258/781 263/783 262/784
f 260/785 264/786 263/787
f 260/785 263/787 259/788
f 257/789 258/790 262/791
f 257/789 262/791 261/792
f 265/793 268/794 267/795
f 265/793 267/795 266/796
f 269/797 270/798 271/799
f 269/797 271/799 272/800
f 265/801 269/802 272/803
f 265/801 272/803 268/804
f 266/805 267/806 271/807
f 266/805 271/807 270/808
f 268/809 272/810 271/811
f 268/809 271/811 267/812
f 265/813 266/814 270/815
f 265/813 270/815 269/816
f 277/821 278/822 279/823
f 277/821 279/823 280/824
f 273/825 277/826 280/827
f 273/825 280/827 276/828
f 274/829 275/830 279/831
f 274/829 279/831 278/832
f 276/833 280/834 279/835
f 276/833 279/835 275/836
f 273/837 274/838 278/839
f 273/837 278/839 277/840
f 281/841 284/842 283/843
f 281/841 283/843 282/844
f 285/845 286/846 287/847
f 285/845 287/847 288/848
f 281/849 285/850 288/851
f 281/849 288/851 284/852
f 282/853 283/854 287/855
f 282/853 287/855 286/856
f 284/857 288/858 287/859
f 284/857 287/859 283/860
f 281/861 282/862 286/863
f 281/861 286/863 285/864
g vine_2_1
f 289/865 292/866 291/867
f 289/865 291/867 290/868
f 293/869 294/870 295/871
f 293/869 295/871 296/872
f 289/873 293/874 296/875
f 289/873 296/875 292/876
f 290/877 291/878 295/879
f 290/877 295/879 294/880
f 292/881 296/882 295/883
f 292/881 295/883 291/884
f 289/885 290/886 294/887
f 289/885 294/887 293/888
f 297/889 300/890 299/891
f 297/889 299/891 298/892
f 301/893 302/894 303/895
f 301/893 303/895 304/896
f 297/897 301/898 304/899
f 297/897 304/899 300/900
f 298/901 299/902 303/903
f 298/901 303/903 302/904
f 300/905 304/906 303/907
f 300/905 303/907 299/908
f 297/909 298/910 302/911
f 297/909 302/911 301/912
f 305/913 308/914 307/915
f 305/913 307/915 306/916
f 309/917 310/918 311/919
f 309/917 311/919 312/920
f 305/921 309/922 312/923
f 305/921 312/923 308/924
f 306/925 307/926 311/927
f 306/925 311/927 310/928
f 308/929 312/930 311/931
f 308/929 311/931 307/932
f 305/933 306/934 310/935
f 305/933 310/935 309/936
g vine_2_2
f 313/937 316/938 315/939
f 313/937 315/939 314/940
f 317/941 318/942 319/943
f 317/941 319/943 320/944
f 313/945 317/946 320/947
f 313/945 320/947 316/948
f 314/949 315/950 319/951
f 314/949 319/951 318/952
f 316/953 320/954 319/955
f 316/953 319/955 315/956
f 313/957 314/958 318/959
f 313/957 318/959 317/960
f 321/961 324/962 323/963
f 321/961 323/963 322/964
f 325/965 326/966 327/967
f 325/965 327/967 328/968
f 321/969 325/970 328/971
f 321/969 328/971 324/972
f 322/973 323/974 327/975
f 322/973 327/975 326/976
f 324/977 328/978 327/979
f 324/977 327/979 323/980
f 321/981 322/982 326/983
f 321/981 326/983 325/984
f 329/985 332/986 331/987
f 329/985 331/987 330/988
f 333/989 334/990 335/991
f 333/989 335/991 336/992
f 329/993 333/994 336/995
f 329/993 336/995 332/996
f 330/997 331/998 335/999
f 330/997 335/999 334/1000
f 332/1001 336/1002 335/1003
f 332/1001 335/1003 331/1004
f 329/1005 330/1006 334/1007
f 329/1005 334/1007 333/1008
g vine_2_3
f 337/1009 340/1010 339/1011
f 337/1009 339/1011 338/1012
f 341/1013 342/1014 343/1015
f 341/1013 343/1015 344/1016
f 337/1017 341/1018 344/1019
f 337/1017 344/1019 340/1020
f 338/1021 339/1022 343/1023
f 338/1021 343/1023 342/1024
f 340/1025 344/1026 343/1027
f 340/1025 343/1027 339/1028
f 337/1029 338/1030 342/1031
f 337/1029 342/1031 341/1032
f 345/1033 348/1034 347/1035
f 345/1033 347/1035 346/1036
f 349/1037 350/1038 351/1039
f 349/1037 351/1039 352/1040
f 345/1041 349/1042 352/1043
f 345/1041 352/1043 348/1044
f 346/1045 347/1046 351/1047
f 346/1045 351/1047 350/1048
f 348/1049 352/1050 351/1051
f 348/1049 351/1051 347/1052
f 345/1053 346/1054 350/1055
f 345/1053 350/1055 349/1056
f 353/1057 356/1058 355/1059
f 353/1057 355/1059 354/1060
f 357/1061 358/1062 359/1063
f 357/1061 359/1063 360/1064
f 353/1065 357/1066 360/1067
f 353/1065 360/1067 356/1068
f 354/1069 355/1070 359/1071
f 354/1069 359/1071 358/1072
f 356/1073 360/1074 359/1075
f 356/1073 359/1075 355/1076
f 353/1077 354/1078 358/1079
f 353/1077 358/1079 357/1080
f 361/1081 364/1082 363/1083
f 361/1081 363/1083 362/1084
f 365/1085 366/1086 367/1087
f 365/1085 367/1087 368/1088
f 361/1089 365/1090 368/1091
f 361/1089 368/1091 364/1092
f 362/1093 363/1094 367/1095
f 362/1093 367/1095 366/1096
f 364/1097 368/1098 367/1099
f 364/1097 367/1099 363/1100
f 361/1101 362/1102 366/1103
f 361/1101 366/1103 365/1104
f 369/1105 372/1106 371/1107
f 369/1105 371/1107 370/1108
f 373/1109 374/1110 375/1111
f 373/1109 375/1111 376/1112
f 369/1113 373/1114 376/1115
f 369/1113 376/1115 372/1116
f 370/1117 371/1118 375/1119
f 370/1117 375/1119 374/1120
f 372/1121 376/1122 375/1123
f 372/1121 375/1123 371/1124
f 369/1125 370/1126 374/1127
f 369/1125 374/1127 373/1128
f 377/1129 380/1130 379/1131
f 377/1129 379/1131 378/1132
f 381/1133 382/1134 383/1135
f 381/1133 383/1135 384/1136
f 377/1137 381/1138 384/1139
f 377/1137 384/1139 380/1140
f 378/1141 379/1142 383/1143
f 378/1141 383/1143 382/1144
f 380/1145 384/1146 383/1147
f 380/1145 383/1147 379/1148
f 377/1149 378/1150 382/1151
f 377/1149 382/1151 381/1152
f 385/1153 388/1154 387/1155
f 385/1153 387/1155 386/1156
f 389/1157 390/1158 391/1159
f 389/1157 391/1159 392/1160
f 385/1161 389/1162 392/1163
f 385/1161 392/1163 388/1164
f 386/1165 387/1166 391/1167
f 386/1165 391/1167 390/1168
f 388/1169 392/1170 391/1171
f 388/1169 391/1171 387/1172
f 385/1173 386/1174 390/1175
f 385/1173 390/1175 389/1176
g spore_2
f 393/1177 396/1178 395/1179
f 393/1177 395/1179 394/1180
f 397/1181 398/1182 399/1183
f 397/1181 399/1183 400/1184
f 393/1185 397/1186 400/1187
f 393/1185 400/1187 396/1188
f 394/1189 395/1190 399/1191
f 394/1189 399/1191 398/1192
f 396/1193 400/1194 399/1195
f 396/1193 399/1195 395/1196
f 393/1197 394/1198 398/1199
f 393/1197 398/1199 397/1200
g petal_3
f 401/1201 404/1202 403/1203
f 401/1201 403/1203 402/1204
f 405/1205 406/1206 407/1207
f 405/1205 407/1207 408/1208
f 401/1209 405/1210 408/1211
f 401/1209 408/1211 404/1212
f 402/1213 403/1214 407/1215
f 402/1213 407/1215 406/1216
f 404/1217 408/1218 407/1219
f 404/1217 407/1219 403/1220
f 401/1221 402/1222 406/1223
f 401/1221 406/1223 405/1224
f 409/1225 412/1226 411/1227
f 409/1225 411/1227 410/1228
f 413/1229 414/1230 415/1231
f 413/1229 415/1231 416/1232
f 409/1233 413/1234 416/1235
f 409/1233 416/1235 412/1236
f 410/1237 411/1238 415/1239
f 410/1237 415/1239 414/1240
f 412/1241 416/1242 415/1243
f 412/1241 415/1243 411/1244
f 409/1245 410/1246 414/1247
f 409/1245 414/1247 413/1248
f 417/1249 420/1250 419/1251
f 417/1249 419/1251 418/1252
f 421/1253 422/1254 423/1255
f 421/1253 423/1255 424/1256
f 417/1257 421/1258 424/1259
f 417/1257 424/1259 420/1260
f 418/1261 419/1262 423/1263
f 418/1261 423/1263 422/1264
f 420/1265 424/1266 423/1267
f 420/1265 423/1267 419/1268
f 417/1269 418/1270 422/1271
f 417/1269 422/1271 421/1272
f 425/1273 428/1274 427/1275
f 425/1273 427/1275 426/1276
f 429/1277 430/1278 431/1279
f 429/1277 431/1279 432/1280
f 425/1281 429/1282 432/1283
f 425/1281 432/1283 428/1284
f 426/1285 427/1286 431/1287
f 426/1285 431/1287 430/1288
f 428/1289 432/1290 431/1291
f 428/1289 431/1291 427/1292
f 425/1293 426/1294 430/1295
f 425/1293 430/1295 429/1296
f 433/1297 436/1298 435/1299
f 433/1297 435/1299 434/1300
f 437/1301 438/1302 439/1303
f 437/1301 439/1303 440/1304
f 433/1305 437/1306 440/1307
f 433/1305 440/1307 436/1308
f 434/1309 435/1310 439/1311
f 434/1309 439/1311 438/1312
f 436/1313 440/1314 439/1315
f 436/1313 439/1315 435/1316
f 433/1317 434/1318 438/1319
f 433/1317 438/1319 437/1320
f 441/1321 444/1322 443/1323
f 441/1321 443/1323 442/1324
f 445/1325 446/1326 447/1327
f 445/1325 447/1327 448/1328
f 441/1329 445/1330 448/1331
f 441/1329 448/1331 444/1332
f 442/1333 443/1334 447/1335
f 442/1333 447/1335 446/1336
f 444/1337 448/1338 447/1339
f 444/1337 447/1339 443/1340
f 441/1341 442/1342 446/1343
f 441/1341 446/1343 445/1344
f 453/1349 454/1350 455/1351
f 453/1349 455/1351 456/1352
f 449/1353 453/1354 456/1355
f 449/1353 456/1355 452/1356
f 450/1357 451/1358 455/1359
f 450/1357 455/1359 454/1360
f 452/1361 456/1362 455/1363
f 452/1361 455/1363 451/1364
f 449/1365 450/1366 454/1367
f 449/1365 454/1367 453/1368
f 457/1369 460/1370 459/1371
f 457/1369 459/1371 458/1372
f 461/1373 462/1374 463/1375
f 461/1373 463/1375 464/1376
f 457/1377 461/1378 464/1379
f 457/1377 464/1379 460/1380
f 458/1381 459/1382 463/1383
f 458/1381 463/1383 462/1384
f 460/1385 464/1386 463/1387
f 460/1385 463/1387 459/1388
f 457/1389 458/1390 462/1391
f 457/1389 462/1391 461/1392
g vine_3_1
f 465/1393 468/1394 467/1395
f 465/1393 467/1395 466/1396
f 469/1397 470/1398 471/1399
f 469/1397 471/1399 472/1400
f 465/1401 469/1402 472/1403
f 465/1401 472/1403 468/1404
f 466/1405 467/1406 471/1407
f 466/1405 471/1407 470/1408
f 468/1409 472/1410 471/1411
f 468/1409 471/1411 467/1412
f 465/1413 466/1414 470/1415
f 465/1413 470/1415 469/1416
f 473/1417 476/1418 475/1419
f 473/1417 475/1419 474/1420
f 477/1421 478/1422 479/1423
f 477/1421 479/1423 480/1424
f 473/1425 477/1426 480/1427
f 473/1425 480/1427 476/1428
f 474/1429 475/1430 479/1431
f 474/1429 479/1431 478/1432
f 476/1433 480/1434 479/1435
f 476/1433 479/1435 475/1436
f 473/1437 474/1438 478/1439
f 473/1437 478/1439 477/1440
f 481/1441 484/1442 483/1443
f 481/1441 483/1443 482/1444
f 485/1445 486/1446 487/1447
f 485/1445 487/1447 488/1448
f 481/1449 485/1450 488/1451
f 481/1449 488/1451 484/1452
f 482/1453 483/1454 487/1455
f 482/1453 487/1455 486/1456
f 484/1457 488/1458 487/1459
f 484/1457 487/1459 483/1460
f 481/1461 482/1462 486/1463
f 481/1461 486/1463 485/1464
g vine_3_2
f 489/1465 492/1466 491/1467
f 489/1465 491/1467 490/1468
f 493/1469 494/1470 495/1471
f 493/1469 495/1471 496/1472
f 489/1473 493/1474 496/1475
f 489/1473 496/1475 492/1476
f 490/1477 491/1478 495/1479
f 490/1477 495/1479 494/1480
f 492/1481 496/1482 495/1483
f 492/1481 495/1483 491/1484
f 489/1485 490/1486 494/1487
f 489/1485 494/1487 493/1488
f 497/1489 500/1490 499/1491
f 497/1489 499/1491 498/1492
f 501/1493 502/1494 503/1495
f 501/1493 503/1495 504/1496
f 497/1497 501/1498 504/1499
f 497/1497 504/1499 500/1500
f 498/1501 499/1502 503/1503
f 498/1501 503/1503 502/1504
f 500/1505 504/1506 503/1507
f 500/1505 503/1507 499/1508
f 497/1509 498/1510 502/1511
f 497/1509 502/1511 501/1512
f 505/1513 508/1514 507/1515
f 505/1513 507/1515 506/1516
f 509/1517 510/1518 511/1519
f 509/1517 511/1519 512/1520
f 505/1521 509/1522 512/1523
f 505/1521 512/1523 508/1524
f 506/1525 507/1526 511/1527
f 506/1525 511/1527 510/1528
f 508/1529 512/1530 511/1531
f 508/1529 511/1531 507/1532
f 505/1533 506/1534 510/1535
f 505/1533 510/1535 509/1536
g vine_3_3
f 513/1537 516/1538 515/1539
f 513/1537 515/1539 514/1540
f 517/1541 518/1542 519/1543
f 517/1541 519/1543 520/1544
f 513/1545 517/1546 520/1547
f 513/1545 520/1547 516/1548
f 514/1549 515/1550 519/1551
f 514/1549 519/1551 518/1552
f 516/1553 520/1554 519/1555
f 516/1553 519/1555 515/1556
f 513/1557 514/1558 518/1559
f 513/1557 518/1559 517/1560
f 521/1561 524/1562 523/1563
f 521/1561 523/1563 522/1564
f 525/1565 526/1566 527/1567
f 525/1565 527/1567 528/1568
f 521/1569 525/1570 528/1571
f 521/1569 528/1571 524/1572
f 522/1573 523/1574 527/1575
f 522/1573 527/1575 526/1576
f 524/1577 528/1578 527/1579
f 524/1577 527/1579 523/1580
f 521/1581 522/1582 526/1583
f 521/1581 526/1583 525/1584
f 529/1585 532/1586 531/1587
f 529/1585 531/1587 530/1588
f 533/1589 534/1590 535/1591
f 533/1589 535/1591 536/1592
f 529/1593 533/1594 536/1595
f 529/1593 536/1595 532/1596
f 530/1597 531/1598 535/1599
f 530/1597 535/1599 534/1600
f 532/1601 536/1602 535/1603
f 532/1601 535/1603 531/1604
f 529/1605 530/1606 534/1607
f 529/1605 534/1607 533/1608
f 537/1609 540/1610 539/1611
f 537/1609 539/1611 538/1612
f 541/1613 542/1614 543/1615
f 541/1613 543/1615 544/1616
f 537/1617 541/1618 544/1619
f 537/1617 544/1619 540/1620
f 538/1621 539/1622 543/1623
f 538/1621 543/1623 542/1624
f 540/1625 544/1626 543/1627
f 540/1625 543/1627 539/1628
f 537/1629 538/1630 542/1631
f 537/1629 542/1631 541/1632
f 545/1633 548/1634 547/1635
f 545/1633 547/1635 546/1636
f 549/1637 550/1638 551/1639
f 549/1637 551/1639 552/1640
f 545/1641 549/1642 552/1643
f 545/1641 552/1643 548/1644
f 546/1645 547/1646 551/1647
f 546/1645 551/1647 550/1648
f 548/1649 552/1650 551/1651
f 548/1649 551/1651 547/1652
f 545/1653 546/1654 550/1655
f 545/1653 550/1655 549/1656
f 553/1657 556/1658 555/1659
f 553/1657 555/1659 554/1660
f 557/1661 558/1662 559/1663
f 557/1661 559/1663 560/1664
f 553/1665 557/1666 560/1667
f 553/1665 560/1667 556/1668
f 554/1669 555/1670 559/1671
f 554/1669 559/1671 558/1672
f 556/1673 560/1674 559/1675
f 556/1673 559/1675 555/1676
f 553/1677 554/1678 558/1679
f 553/1677 558/1679 557/1680
f 561/1681 564/1682 563/1683
f 561/1681 563/1683 562/1684
f 565/1685 566/1686 567/1687
f 565/1685 567/1687 568/1688
f 561/1689 565/1690 568/1691
f 561/1689 568/1691 564/1692
f 562/1693 563/1694 567/1695
f 562/1693 567/1695 566/1696
f 564/1697 568/1698 567/1699
f 564/1697 567/1699 563/1700
f 561/1701 562/1702 566/1703
f 561/1701 566/1703 565/1704
g spore_3
f 569/1705 572/1706 571/1707
f 569/1705 571/1707 570/1708
f 573/1709 574/1710 575/1711
f 573/1709 575/1711 576/1712
f 569/1713 573/1714 576/1715
f 569/1713 576/1715 572/1716
f 570/1717 571/1718 575/1719
f 570/1717 575/1719 574/1720
f 572/1721 576/1722 575/1723
f 572/1721 575/1723 571/1724
f 569/1725 570/1726 574/1727
f 569/1725 574/1727 573/1728
g petal_4
f 577/1729 580/1730 579/1731
f 577/1729 579/1731 578/1732
f 581/1733 582/1734 583/1735
f 581/1733 583/1735 584/1736
f 577/1737 581/1738 584/1739
f 577/1737 584/1739 580/1740
f 578/1741 579/1742 583/1743
f 578/1741 583/1743 582/1744
f 580/1745 584/1746 583/1747
f 580/1745 583/1747 579/1748
f 577/1749 578/1750 582/1751
f 577/1749 582/1751 581/1752
f 585/1753 588/1754 587/1755
f 585/1753 587/1755 586/1756
f 589/1757 590/1758 591/1759
f 589/1757 591/1759 592/1760
f 585/1761 589/1762 592/1763
f 585/1761 592/1763 588/1764
f 586/1765 587/1766 591/1767
f 586/1765 591/1767 590/1768
f 588/1769 592/1770 591/1771
f 588/1769 591/1771 587/1772
f 585/1773 586/1774 590/1775
f 585/1773 590/1775 589/1776
f 593/1777 596/1778 595/1779
f 593/1777 595/1779 594/1780
f 597/1781 598/1782 599/1783
f 597/1781 599/1783 600/1784
f 593/1785 597/1786 600/1787
f 593/1785 600/1787 596/1788
f 594/1789 595/1790 599/1791
f 594/1789 599/1791 598/1792
f 596/1793 600/1794 599/1795
f 596/1793 599/1795 595/1796
f 593/1797 594/1798 598/1799
f 593/1797 598/1799 597/1800
f 601/1801 604/1802 603/1803
f 601/1801 603/1803 602/1804
f 605/1805 606/1806 607/1807
f 605/1805 607/1807 608/1808
f 601/1809 605/1810 608/1811
f 601/1809 608/1811 604/1812
f 602/1813 603/1814 607/1815
f 602/1813 607/1815 606/1816
f 604/1817 608/1818 607/1819
f 604/1817 607/1819 603/1820
f 601/1821 602/1822 606/1823
f 601/1821 606/1823 605/1824
f 609/1825 612/1826 611/1827
f 609/1825 611/1827 610/1828
f 613/1829 614/1830 615/1831
f 613/1829 615/1831 616/1832
f 609/1833 613/1834 616/1835
f 609/1833 616/1835 612/1836
f 610/1837 611/1838 615/1839
f 610/1837 615/1839 614/1840
f 612/1841 616/1842 615/1843
f 612/1841 615/1843 611/1844
f 609/1845 610/1846 614/1847
f 609/1845 614/1847 613/1848
f 617/1849 620/1850 619/1851
f 617/1849 619/1851 618/1852
f 621/1853 622/1854 623/1855
f 621/1853 623/1855 624/1856
f 617/1857 621/1858 624/1859
f 617/1857 624/1859 620/1860
f 618/1861 619/1862 623/1863
f 618/1861 623/1863 622/1864
f 620/1865 624/1866 623/1867
f 620/1865 623/1867 619/1868
f 617/1869 618/1870 622/1871
f 617/1869 622/1871 621/1872
f 629/1877 630/1878 631/1879
f 629/1877 631/1879 632/1880
f 625/1881 629/1882 632/1883
f 625/1881 632/1883 628/1884
f 626/1885 627/1886 631/1887
f 626/1885 631/1887 630/1888
f 628/1889 632/1890 631/1891
f 628/1889 631/1891 627/1892
f 625/1893 626/1894 630/1895
f 625/1893 630/1895 629/1896
f 633/1897 636/1898 635/1899
f 633/1897 635/1899 634/1900
f 637/1901 638/1902 639/1903
f 637/1901 639/1903 640/1904
f 633/1905 637/1906 640/1907
f 633/1905 640/1907 636/1908
f 634/1909 635/1910 639/1911
f 634/1909 639/1911 638/1912
f 636/1913 640/1914 639/1915
f 636/1913 639/1915 635/1916
f 633/1917 634/1918 638/1919
f 633/1917 638/1919 637/1920
g vine_4_1
f 641/1921 644/1922 643/1923
f 641/1921 643/1923 642/1924
f 645/1925 646/1926 647/1927
f 645/1925 647/1927 648/1928
f 641/1929 645/1930 648/1931
f 641/1929 648/1931 644/1932
f 642/1933 643/1934 647/1935
f 642/1933 647/1935 646/1936
f 644/1937 648/1938 647/1939
f 644/1937 647/1939 643/1940
f 641/1941 642/1942 646/1943
f 641/1941 646/1943 645/1944
f 649/1945 652/1946 651/1947
f 649/1945 651/1947 650/1948
f 653/1949 654/1950 655/1951
f 653/1949 655/1951 656/1952
f 649/1953 653/1954 656/1955
f 649/1953 656/1955 652/1956
f 650/1957 651/1958 655/1959
f 650/1957 655/1959 654/1960
f 652/1961 656/1962 655/1963
f 652/1961 655/1963 651/1964
f 649/1965 650/1966 654/1967
f 649/1965 654/1967 653/1968
f 657/1969 660/1970 659/1971
f 657/1969 659/1971 658/1972
f 661/1973 662/1974 663/1975
f 661/1973 663/1975 664/1976
f 657/1977 661/1978 664/1979
f 657/1977 664/1979 660/1980
f 658/1981 659/1982 663/1983
f 658/1981 663/1983 662/1984
f 660/1985 664/1986 663/1987
f 660/1985 663/1987 659/1988
f 657/1989 658/1990 662/1991
f 657/1989 662/1991 661/1992
g vine_4_2
f 665/1993 668/1994 667/1995
f 665/1993 667/1995 666/1996
f 669/1997 670/1998 671/1999
f 669/1997 671/1999 672/2000
f 665/2001 669/2002 672/2003
f 665/2001 672/2003 668/2004
f 666/2005 667/2006 671/2007
f 666/2005 671/2007 670/2008
f 668/2009 672/2010 671/2011
f 668/2009 671/2011 667/2012
f 665/2013 666/2014 670/2015
f 665/2013 670/2015 669/2016
f 673/2017 676/2018 675/2019
f 673/2017 675/2019 674/2020
f 677/2021 678/2022 679/2023
f 677/2021 679/2023 680/2024
f 673/2025 677/2026 680/2027
f 673/2025 680/2027 676/2028
f 674/2029 675/2030 679/2031
f 674/2029 679/2031 678/2032
f 676/2033 680/2034 679/2035
f 676/2033 679/2035 675/2036
f 673/2037 674/2038 678/2039
f 673/2037 678/2039 677/2040
f 681/2041 684/2042 683/2043
f 681/2041 683/2043 682/2044
f 685/2045 686/2046 687/2047
f 685/2045 687/2047 688/2048
f 681/2049 685/2050 688/2051
f 681/2049 688/2051 684/2052
f 682/2053 683/2054 687/2055
f 682/2053 687/2055 686/2056
f 684/2057 688/2058 687/2059
f 684/2057 687/2059 683/2060
f 681/2061 682/2062 686/2063
f 681/2061 686/2063 685/2064
g vine_4_3
f 689/2065 692/2066 691/2067
f 689/2065 691/2067 690/2068
f 693/2069 694/2070 695/2071
f 693/2069 695/2071 696/2072
f 689/2073 693/2074 696/2075
f 689/2073 696/2075 692/2076
f 690/2077 691/2078 695/2079
f 690/2077 695/2079 694/2080
f 692/2081 696/2082 695/2083
f 692/2081 695/2083 691/2084
f 689/2085 690/2086 694/2087
f 689/2085 694/2087 693/2088
f 697/2089 700/2090 699/2091
f 697/2089 699/2091 698/2092
f 701/2093 702/2094 703/2095
f 701/2093 703/2095 704/2096
f 697/2097 701/2098 704/2099
f 697/2097 704/2099 700/2100
f 698/2101 699/2102 703/2103
f 698/2101 703/2103 702/2104
f 700/2105 704/2106 703/2107
f 700/2105 703/2107 699/2108
f 697/2109 698/2110 702/2111
f 697/2109 702/2111 701/2112
f 705/2113 708/2114 707/2115
f 705/2113 707/2115 706/2116
f 709/2117 710/2118 711/2119
f 709/2117 711/2119 712/2120
f 705/2121 709/2122 712/2123
f 705/2121 712/2123 708/2124
f 706/2125 707/2126 711/2127
f 706/2125 711/2127 710/2128
f 708/2129 712/2130 711/2131
f 708/2129 711/2131 707/2132
f 705/2133 706/2134 710/2135
f 705/2133 710/2135 709/2136
f 713/2137 716/2138 715/2139
f 713/2137 715/2139 714/2140
f 717/2141 718/2142 719/2143
f 717/2141 719/2143 720/2144
f 713/2145 717/2146 720/2147
f 713/2145 720/2147 716/2148
f 714/2149 715/2150 719/2151
f 714/2149 719/2151 718/2152
f 716/2153 720/2154 719/2155
f 716/2153 719/2155 715/2156
f 713/2157 714/2158 718/2159
f 713/2157 718/2159 717/2160
f 721/2161 724/2162 723/2163
f 721/2161 723/2163 722/2164
f 725/2165 726/2166 727/2167
f 725/2165 727/2167 728/2168
f 721/2169 725/2170 728/2171
f 721/2169 728/2171 724/2172
f 722/2173 723/2174 727/2175
f 722/2173 727/2175 726/2176
f 724/2177 728/2178 727/2179
f 724/2177 727/2179 723/2180
f 721/2181 722/2182 726/2183
f 721/2181 726/2183 725/2184
f 729/2185 732/2186 731/2187
f 729/2185 731/2187 730/2188
f 733/2189 734/2190 735/2191
f 733/2189 735/2191 736/2192
f 729/2193 733/2194 736/2195
f 729/2193 736/2195 732/2196
f 730/2197 731/2198 735/2199
f 730/2197 735/2199 734/2200
f 732/2201 736/2202 735/2203
f 732/2201 735/2203 731/2204
f 729/2205 730/2206 734/2207
f 729/2205 734/2207 733/2208
f 737/2209 740/2210 739/2211
f 737/2209 739/2211 738/2212
f 741/2213 742/2214 743/2215
f 741/2213 743/2215 744/2216
f 737/2217 741/2218 744/2219
f 737/2217 744/2219 740/2220
f 738/2221 739/2222 743/2223
f 738/2221 743/2223 742/2224
f 740/2225 744/2226 743/2227
f 740/2225 743/2227 739/2228
f 737/2229 738/2230 742/2231
f 737/2229 742/2231 741/2232
g spore_4
f 745/2233 748/2234 747/2235
f 745/2233 747/2235 746/2236
f 749/2237 750/2238 751/2239
f 749/2237 751/2239 752/2240
f 745/2241 749/2242 752/2243
f 745/2241 752/2243 748/2244
f 746/2245 747/2246 751/2247
f 746/2245 751/2247 750/2248
f 748/2249 752/2250 751/2251
f 748/2249 751/2251 747/2252
f 745/2253 746/2254 750/2255
f 745/2253 750/2255 749/2256
g petal_5
f 753/2257 756/2258 755/2259
f 753/2257 755/2259 754/2260
f 757/2261 758/2262 759/2263
f 757/2261 759/2263 760/2264
f 753/2265 757/2266 760/2267
f 753/2265 760/2267 756/2268
f 754/2269 755/2270 759/2271
f 754/2269 759/2271 758/2272
f 756/2273 760/2274 759/2275
f 756/2273 759/2275 755/2276
f 753/2277 754/2278 758/2279
f 753/2277 758/2279 757/2280
f 761/2281 764/2282 763/2283
f 761/2281 763/2283 762/2284
f 765/2285 766/2286 767/2287
f 765/2285 767/2287 768/2288
f 761/2289 765/2290 768/2291
f 761/2289 768/2291 764/2292
f 762/2293 763/2294 767/2295
f 762/2293 767/2295 766/2296
f 764/2297 768/2298 767/2299
f 764/2297 767/2299 763/2300
f 761/2301 762/2302 766/2303
f 761/2301 766/2303 765/2304
f 769/2305 772/2306 771/2307
f 769/2305 771/2307 770/2308
f 773/2309 774/2310 775/2311
f 773/2309 775/2311 776/2312
f 769/2313 773/2314 776/2315
f 769/2313 776/2315 772/2316
f 770/2317 771/2318 775/2319
f 770/2317 775/2319 774/2320
f 772/2321 776/2322 775/2323
f 772/2321 775/2323 771/2324
f 769/2325 770/2326 774/2327
f 769/2325 774/2327 773/2328
f 777/2329 780/2330 779/2331
f 777/2329 779/2331 778/2332
f 781/2333 782/2334 783/2335
f 781/2333 783/2335 784/2336
f 777/2337 781/2338 784/2339
f 777/2337 784/2339 780/2340
f 778/2341 779/2342 783/2343
f 778/2341 783/2343 782/2344
f 780/2345 784/2346 783/2347
f 780/2345 783/2347 779/2348
f 777/2349 778/2350 782/2351
f 777/2349 782/2351 781/2352
f 785/2353 788/2354 787/2355
f 785/2353 787/2355 786/2356
f 789/2357 790/2358 791/2359
f 789/2357 791/2359 792/2360
f 785/2361 789/2362 792/2363
f 785/2361 792/2363 788/2364
f 786/2365 787/2366 791/2367
f 786/2365 791/2367 790/2368
f 788/2369 792/2370 791/2371
f 788/2369 791/2371 787/2372
f 785/2373 786/2374 790/2375
f 785/2373 790/2375 789/2376
f 793/2377 796/2378 795/2379
f 793/2377 795/2379 794/2380
f 797/2381 798/2382 799/2383
f 797/2381 799/2383 800/2384
f 793/2385 797/2386 800/2387
f 793/2385 800/2387 796/2388
f 794/2389 795/2390 799/2391
f 794/2389 799/2391 798/2392
f 796/2393 800/2394 799/2395
f 796/2393 799/2395 795/2396
f 793/2397 794/2398 798/2399
f 793/2397 798/2399 797/2400
f 805/2405 806/2406 807/2407
f 805/2405 807/2407 808/2408
f 801/2409 805/2410 808/2411
f 801/2409 808/2411 804/2412
f 802/2413 803/2414 807/2415
f 802/2413 807/2415 806/2416
f 804/2417 808/2418 807/2419
f 804/2417 807/2419 803/2420
f 801/2421 802/2422 806/2423
f 801/2421 806/2423 805/2424
f 809/2425 812/2426 811/2427
f 809/2425 811/2427 810/2428
f 813/2429 814/2430 815/2431
f 813/2429 815/2431 816/2432
f 809/2433 813/2434 816/2435
f 809/2433 816/2435 812/2436
f 810/2437 811/2438 815/2439
f 810/2437 815/2439 814/2440
f 812/2441 816/2442 815/2443
f 812/2441 815/2443 811/2444
f 809/2445 810/2446 814/2447
f 809/2445 814/2447 813/2448
g vine_5_1
f 817/2449 820/2450 819/2451
f 817/2449 819/2451 818/2452
f 821/2453 822/2454 823/2455
f 821/2453 823/2455 824/2456
f 817/2457 821/2458 824/2459
f 817/2457 824/2459 820/2460
f 818/2461 819/2462 823/2463
f 818/2461 823/2463 822/2464
f 820/2465 824/2466 823/2467
f 820/2465 823/2467 819/2468
f 817/2469 818/2470 822/2471
f 817/2469 822/2471 821/2472
f 825/2473 828/2474 827/2475
f 825/2473 827/2475 826/2476
f 829/2477 830/2478 831/2479
f 829/2477 831/2479 832/2480
f 825/2481 829/2482 832/2483
f 825/2481 832/2483 828/2484
f 826/2485 827/2486 831/2487
f 826/2485 831/2487 830/2488
f 828/2489 832/2490 831/2491
f 828/2489 831/2491 827/2492
f 825/2493 826/2494 830/2495
f 825/2493 830/2495 829/2496
f 833/2497 836/2498 835/2499
f 833/2497 835/2499 834/2500
f 837/2501 838/2502 839/2503
f 837/2501 839/2503 840/2504
f 833/2505 837/2506 840/2507
f 833/2505 840/2507 836/2508
f 834/2509 835/2510 839/2511
f 834/2509 839/2511 838/2512
f 836/2513 840/2514 839/2515
f 836/2513 839/2515 835/2516
f 833/2517 834/2518 838/2519
f 833/2517 838/2519 837/2520
g vine_5_2
f 841/2521 844/2522 843/2523
f 841/2521 843/2523 842/2524
f 845/2525 846/2526 847/2527
f 845/2525 847/2527 848/2528
f 841/2529 845/2530 848/2531
f 841/2529 848/2531 844/2532
f 842/2533 843/2534 847/2535
f 842/2533 847/2535 846/2536
f 844/2537 848/2538 847/2539
f 844/2537 847/2539 843/2540
f 841/2541 842/2542 846/2543
f 841/2541 846/2543 845/2544
f 849/2545 852/2546 851/2547
f 849/2545 851/2547 850/2548
f 853/2549 854/2550 855/2551
f 853/2549 855/2551 856/2552
f 849/2553 853/2554 856/2555
f 849/2553 856/2555 852/2556
f 850/2557 851/2558 855/2559
f 850/2557 855/2559 854/2560
f 852/2561 856/2562 855/2563
f 852/2561 855/2563 851/2564
f 849/2565 850/2566 854/2567
f 849/2565 854/2567 853/2568
f 857/2569 860/2570 859/2571
f 857/2569 859/2571 858/2572
f 861/2573 862/2574 863/2575
f 861/2573 863/2575 864/2576
f 857/2577 861/2578 864/2579
f 857/2577 864/2579 860/2580
f 858/2581 859/2582 863/2583
f 858/2581 863/2583 862/2584
f 860/2585 864/2586 863/2587
f 860/2585 863/2587 859/2588
f 857/2589 858/2590 862/2591
f 857/2589 862/2591 861/2592
g vine_5_3
f 865/2593 868/2594 867/2595
f 865/2593 867/2595 866/2596
f 869/2597 870/2598 871/2599
f 869/2597 871/2599 872/2600
f 865/2601 869/2602 872/2603
f 865/2601 872/2603 868/2604
f 866/2605 867/2606 871/2607
f 866/2605 871/2607 870/2608
f 868/2609 872/2610 871/2611
f 868/2609 871/2611 867/2612
f 865/2613 866/2614 870/2615
f 865/2613 870/2615 869/2616
f 873/2617 876/2618 875/2619
f 873/2617 875/2619 874/2620
f 877/2621 878/2622 879/2623
f 877/2621 879/2623 880/2624
f 873/2625 877/2626 880/2627
f 873/2625 880/2627 876/2628
f 874/2629 875/2630 879/2631
f 874/2629 879/2631 878/2632
f 876/2633 880/2634 879/2635
f 876/2633 879/2635 875/2636
f 873/2637 874/2638 878/2639
f 873/2637 878/2639 877/2640
f 881/2641 884/2642 883/2643
f 881/2641 883/2643 882/2644
f 885/2645 886/2646 887/2647
f 885/2645 887/2647 888/2648
f 881/2649 885/2650 888/2651
f 881/2649 888/2651 884/2652
f 882/2653 883/2654 887/2655
f 882/2653 887/2655 886/2656
f 884/2657 888/2658 887/2659
f 884/2657 887/2659 883/2660
f 881/2661 882/2662 886/2663
f 881/2661 886/2663 885/2664
f 889/2665 892/2666 891/2667
f 889/2665 891/2667 890/2668
f 893/2669 894/2670 895/2671
f 893/2669 895/2671 896/2672
f 889/2673 893/2674 896/2675
f 889/2673 896/2675 892/2676
f 890/2677 891/2678 895/2679
f 890/2677 895/2679 894/2680
f 892/2681 896/2682 895/2683
f 892/2681 895/2683 891/2684
f 889/2685 890/2686 894/2687
f 889/2685 894/2687 893/2688
f 897/2689 900/2690 899/2691
f 897/2689 899/2691 898/2692
f 901/2693 902/2694 903/2695
f 901/2693 903/2695 904/2696
f 897/2697 901/2698 904/2699
f 897/2697 904/2699 900/2700
f 898/2701 899/2702 903/2703
f 898/2701 903/2703 902/2704
f 900/2705 904/2706 903/2707
f 900/2705 903/2707 899/2708
f 897/2709 898/2710 902/2711
f 897/2709 902/2711 901/2712
f 905/2713 908/2714 907/2715
f 905/2713 907/2715 906/2716
f 909/2717 910/2718 911/2719
f 909/2717 911/2719 912/2720
f 905/2721 909/2722 912/2723
f 905/2721 912/2723 908/2724
f 906/2725 907/2726 911/2727
f 906/2725 911/2727 910/2728
f 908/2729 912/2730 911/2731
f 908/2729 911/2731 907/2732
f 905/2733 906/2734 910/2735
f 905/2733 910/2735 909/2736
f 913/2737 916/2738 915/2739
f 913/2737 915/2739 914/2740
f 917/2741 918/2742 919/2743
f 917/2741 919/2743 920/2744
f 913/2745 917/2746 920/2747
f 913/2745 920/2747 916/2748
f 914/2749 915/2750 919/2751
f 914/2749 919/2751 918/2752
f 916/2753 920/2754 919/2755
f 916/2753 919/2755 915/2756
f 913/2757 914/2758 918/2759
f 913/2757 918/2759 917/2760
g spore_5
f 921/2761 924/2762 923/2763
f 921/2761 923/2763 922/2764
f 925/2765 926/2766 927/2767
f 925/2765 927/2767 928/2768
f 921/2769 925/2770 928/2771
f 921/2769 928/2771 924/2772
f 922/2773 923/2774 927/2775
f 922/2773 927/2775 926/2776
f 924/2777 928/2778 927/2779
f 924/2777 927/2779 923/2780
f 921/2781 922/2782 926/2783
f 921/2781 926/2783 925/2784
g petal_6
f 929/2785 932/2786 931/2787
f 929/2785 931/2787 930/2788
f 933/2789 934/2790 935/2791
f 933/2789 935/2791 936/2792
f 929/2793 933/2794 936/2795
f 929/2793 936/2795 932/2796
f 930/2797 931/2798 935/2799
f 930/2797 935/2799 934/2800
f 932/2801 936/2802 935/2803
f 932/2801 935/2803 931/2804
f 929/2805 930/2806 934/2807
f 929/2805 934/2807 933/2808
f 937/2809 940/2810 939/2811
f 937/2809 939/2811 938/2812
f 941/2813 942/2814 943/2815
f 941/2813 943/2815 944/2816
f 937/2817 941/2818 944/2819
f 937/2817 944/2819 940/2820
f 938/2821 939/2822 943/2823
f 938/2821 943/2823 942/2824
f 940/2825 944/2826 943/2827
f 940/2825 943/2827 939/2828
f 937/2829 938/2830 942/2831
f 937/2829 942/2831 941/2832
f 945/2833 948/2834 947/2835
f 945/2833 947/2835 946/2836
f 949/2837 950/2838 951/2839
f 949/2837 951/2839 952/2840
f 945/2841 949/2842 952/2843
f 945/2841 952/2843 948/2844
f 946/2845 947/2846 951/2847
f 946/2845 951/2847 950/2848
f 948/2849 952/2850 951/2851
f 948/2849 951/2851 947/2852
f 945/2853 946/2854 950/2855
f 945/2853 950/2855 949/2856
f 953/2857 956/2858 955/2859
f 953/2857 955/2859 954/2860
f 957/2861 958/2862 959/2863
f 957/2861 959/2863 960/2864
f 953/2865 957/2866 960/2867
f 953/2865 960/2867 956/2868
f 954/2869 955/2870 959/2871
f 954/2869 959/2871 958/2872
f 956/2873 960/2874 959/2875
f 956/2873 959/2875 955/2876
f 953/2877 954/2878 958/2879
f 953/2877 958/2879 957/2880
f 961/2881 964/2882 963/2883
f 961/2881 963/2883 962/2884
f 965/2885 966/2886 967/2887
f 965/2885 967/2887 968/2888
f 961/2889 965/2890 968/2891
f 961/2889 968/2891 964/2892
f 962/2893 963/2894 967/2895
f 962/2893 967/2895 966/2896
f 964/2897 968/2898 967/2899
f 964/2897 967/2899 963/2900
f 961/2901 962/2902 966/2903
f 961/2901 966/2903 965/2904
f 969/2905 972/2906 971/2907
f 969/2905 971/2907 970/2908
f 973/2909 974/2910 975/2911
f 973/2909 975/2911 976/2912
f 969/2913 973/2914 976/2915
f 969/2913 976/2915 972/2916
f 970/2917 971/2918 975/2919
f 970/2917 975/2919 974/2920
f 972/2921 976/2922 975/2923
f 972/2921 975/2923 971/2924
f 969/2925 970/2926 974/2927
f 969/2925 974/2927 973/2928
f 981/2933 982/2934 983/2935
f 981/2933 983/2935 984/2936
f 977/2937 981/2938 984/2939
f 977/2937 984/2939 980/2940
f 978/2941 979/2942 983/2943
f 978/2941 983/2943 982/2944
f 980/2945 984/2946 983/2947
f 980/2945 983/2947 979/2948
f 977/2949 978/2950 982/2951
f 977/2949 982/2951 981/2952
f 985/2953 988/2954 987/2955
f 985/2953 987/2955 986/2956
f 989/2957 990/2958 991/2959
f 989/2957 991/2959 992/2960
f 985/2961 989/2962 992/2963
f 985/2961 992/2963 988/2964
f 986/2965 987/2966 991/2967
f 986/2965 991/2967 990/2968
f 988/2969 992/2970 991/2971
f 988/2969 991/2971 987/2972
f 985/2973 986/2974 990/2975
f 985/2973 990/2975 989/2976
g vine_6_1
f 993/2977 996/2978 995/2979
f 993/2977 995/2979 994/2980
f 997/2981 998/2982 999/2983
f 997/2981 999/2983 1000/2984
f 993/2985 997/2986 1000/2987
f 993/2985 1000/2987 996/2988
f 994/2989 995/2990 999/2991
f 994/2989 999/2991 998/2992
f 996/2993 1000/2994 999/2995
f 996/2993 999/2995 995/2996
f 993/2997 994/2998 998/2999
f 993/2997 998/2999 997/3000
f 1001/3001 1004/3002 1003/3003
f 1001/3001 1003/3003 1002/3004
f 1005/3005 1006/3006 1007/3007
f 1005/3005 1007/3007 1008/3008
f 1001/3009 1005/3010 1008/3011
f 1001/3009 1008/3011 1004/3012
f 1002/3013 1003/3014 1007/3015
f 1002/3013 1007/3015 1006/3016
f 1004/3017 1008/3018 1007/3019
f 1004/3017 1007/3019 1003/3020
f 1001/3021 1002/3022 1006/3023
f 1001/3021 1006/3023 1005/3024
f 1009/3025 1012/3026 1011/3027
f 1009/3025 1011/3027 1010/3028
f 1013/3029 1014/3030 1015/3031
f 1013/3029 1015/3031 1016/3032
f 1009/3033 1013/3034 1016/3035
f 1009/3033 1016/3035 1012/3036
f 1010/3037 1011/3038 1015/3039
f 1010/3037 1015/3039 1014/3040
f 1012/3041 1016/3042 1015/3043
f 1012/3041 1015/3043 1011/3044
f 1009/3045 1010/3046 1014/3047
f 1009/3045 1014/3047 1013/3048
g vine_6_2
f 1017/3049 1020/3050 1019/3051
f 1017/3049 1019/3051 1018/3052
f 1021/3053 1022/3054 1023/3055
f 1021/3053 1023/3055 1024/3056
f 1017/3057 1021/3058 1024/3059
f 1017/3057 1024/3059 1020/3060
f 1018/3061 1019/3062 1023/3063
f 1018/3061 1023/3063 1022/3064
f 1020/3065 1024/3066 1023/3067
f 1020/3065 1023/3067 1019/3068
f 1017/3069 1018/3070 1022/3071
f 1017/3069 1022/3071 1021/3072
f 1025/3073 1028/3074 1027/3075
f 1025/3073 1027/3075 1026/3076
f 1029/3077 1030/3078 1031/3079
f 1029/3077 1031/3079 1032/3080
f 1025/3081 1029/3082 1032/3083
f 1025/3081 1032/3083 1028/3084
f 1026/3085 1027/3086 1031/3087
f 1026/3085 1031/3087 1030/3088
f 1028/3089 1032/3090 1031/3091
f 1028/3089 1031/3091 1027/3092
f 1025/3093 1026/3094 1030/3095
f 1025/3093 1030/3095 1029/3096
f 1033/3097 1036/3098 1035/3099
f 1033/3097 1035/3099 1034/3100
f 1037/3101 1038/3102 1039/3103
f 1037/3101 1039/3103 1040/3104
f 1033/3105 1037/3106 1040/3107
f 1033/3105 1040/3107 1036/3108
f 1034/3109 1035/3110 1039/3111
f 1034/3109 1039/3111 1038/3112
f 1036/3113 1040/3114 1039/3115
f 1036/3113 1039/3115 1035/3116
f 1033/3117 1034/3118 1038/3119
f 1033/3117 1038/3119 1037/3120
g vine_6_3
f 1041/3121 1044/3122 1043/3123
f 1041/3121 1043/3123 1042/3124
f 1045/3125 1046/3126 1047/3127
f 1045/3125 1047/3127 1048/3128
f 1041/3129 1045/3130 1048/3131
f 1041/3129 1048/3131 1044/3132
f 1042/3133 1043/3134 1047/3135
f 1042/3133 1047/3135 1046/3136
f 1044/3137 1048/3138 1047/3139
f 1044/3137 1047/3139 1043/3140
f 1041/3141 1042/3142 1046/3143
f 1041/3141 1046/3143 1045/3144
f 1049/3145 1052/3146 1051/3147
f 1049/3145 1051/3147 1050/3148
f 1053/3149 1054/3150 1055/3151
f 1053/3149 1055/3151 1056/3152
f 1049/3153 1053/3154 1056/3155
f 1049/3153 1056/3155 1052/3156
f 1050/3157 1051/3158 1055/3159
f 1050/3157 1055/3159 1054/3160
f 1052/3161 1056/3162 1055/3163
f 1052/3161 1055/3163 1051/3164
f 1049/3165 1050/3166 1054/3167
f 1049/3165 1054/3167 1053/3168
f 1057/3169 1060/3170 1059/3171
f 1057/3169 1059/3171 1058/3172
f 1061/3173 1062/3174 1063/3175
f 1061/3173 1063/3175 1064/3176
f 1057/3177 1061/3178 1064/3179
f 1057/3177 1064/3179 1060/3180
f 1058/3181 1059/3182 1063/3183
f 1058/3181 1063/3183 1062/3184
f 1060/3185 1064/3186 1063/3187
f 1060/3185 1063/3187 1059/3188
f 1057/3189 1058/3190 1062/3191
f 1057/3189 1062/3191 1061/3192
f 1065/3193 1068/3194 1067/3195
f 1065/3193 1067/3195 1066/3196
f 1069/3197 1070/3198 1071/3199
f 1069/3197 1071/3199 1072/3200
f 1065/3201 1069/3202 1072/3203
f 1065/3201 1072/3203 1068/3204
f 1066/3205 1067/3206 1071/3207
f 1066/3205 1071/3207 1070/3208
f 1068/3209 1072/3210 1071/3211
f 1068/3209 1071/3211 1067/3212
f 1065/3213 1066/3214 1070/3215
f 1065/3213 1070/3215 1069/3216
f 1073/3217 1076/3218 1075/3219
f 1073/3217 1075/3219 1074/3220
f 1077/3221 1078/3222 1079/3223
f 1077/3221 1079/3223 1080/3224
f 1073/3225 1077/3226 1080/3227
f 1073/3225 1080/3227 1076/3228
f 1074/3229 1075/3230 1079/3231
f 1074/3229 1079/3231 1078/3232
f 1076/3233 1080/3234 1079/3235
f 1076/3233 1079/3235 1075/3236
f 1073/3237 1074/3238 1078/3239
f 1073/3237 1078/3239 1077/3240
f 1081/3241 1084/3242 1083/3243
f 1081/3241 1083/3243 1082/3244
f 1085/3245 1086/3246 1087/3247
f 1085/3245 1087/3247 1088/3248
f 1081/3249 1085/3250 1088/3251
f 1081/3249 1088/3251 1084/3252
f 1082/3253 1083/3254 1087/3255
f 1082/3253 1087/3255 1086/3256
f 1084/3257 1088/3258 1087/3259
f 1084/3257 1087/3259 1083/3260
f 1081/3261 1082/3262 1086/3263
f 1081/3261 1086/3263 1085/3264
f 1089/3265 1092/3266 1091/3267
f 1089/3265 1091/3267 1090/3268
f 1093/3269 1094/3270 1095/3271
f 1093/3269 1095/3271 1096/3272
f 1089/3273 1093/3274 1096/3275
f 1089/3273 1096/3275 1092/3276
f 1090/3277 1091/3278 1095/3279
f 1090/3277 1095/3279 1094/3280
f 1092/3281 1096/3282 1095/3283
f 1092/3281 1095/3283 1091/3284
f 1089/3285 1090/3286 1094/3287
f 1089/3285 1094/3287 1093/3288
g spore_6
f 1097/3289 1100/3290 1099/3291
f 1097/3289 1099/3291 1098/3292
f 1101/3293 1102/3294 1103/3295
f 1101/3293 1103/3295 1104/3296
f 1097/3297 1101/3298 1104/3299
f 1097/3297 1104/3299 1100/3300
f 1098/3301 1099/3302 1103/3303
f 1098/3301 1103/3303 1102/3304
f 1100/3305 1104/3306 1103/3307
f 1100/3305 1103/3307 1099/3308
f 1097/3309 1098/3310 1102/3311
f 1097/3309 1102/3311 1101/3312
g petal_7
f 1105/3313 1108/3314 1107/3315
f 1105/3313 1107/3315 1106/3316
f 1109/3317 1110/3318 1111/3319
f 1109/3317 1111/3319 1112/3320
f 1105/3321 1109/3322 1112/3323
f 1105/3321 1112/3323 1108/3324
f 1106/3325 1107/3326 1111/3327
f 1106/3325 1111/3327 1110/3328
f 1108/3329 1112/3330 1111/3331
f 1108/3329 1111/3331 1107/3332
f 1105/3333 1106/3334 1110/3335
f 1105/3333 1110/3335 1109/3336
f 1113/3337 1116/3338 1115/3339
f 1113/3337 1115/3339 1114/3340
f 1117/3341 1118/3342 1119/3343
f 1117/3341 1119/3343 1120/3344
f 1113/3345 1117/3346 1120/3347
f 1113/3345 1120/3347 1116/3348
f 1114/3349 1115/3350 1119/3351
f 1114/3349 1119/3351 1118/3352
f 1116/3353 1120/3354 1119/3355
f 1116/3353 1119/3355 1115/3356
f 1113/3357 1114/3358 1118/3359
f 1113/3357 1118/3359 1117/3360
f 1121/3361 1124/3362 1123/3363
f 1121/3361 1123/3363 1122/3364
f 1125/3365 1126/3366 1127/3367
f 1125/3365 1127/3367 1128/3368
f 1121/3369 1125/3370 1128/3371
f 1121/3369 1128/3371 1124/3372
f 1122/3373 1123/3374 1127/3375
f 1122/3373 1127/3375 1126/3376
f 1124/3377 1128/3378 1127/3379
f 1124/3377 1127/3379 1123/3380
f 1121/3381 1122/3382 1126/3383
f 1121/3381 1126/3383 1125/3384
f 1129/3385 1132/3386 1131/3387
f 1129/3385 1131/3387 1130/3388
f 1133/3389 1134/3390 1135/3391
f 1133/3389 1135/3391 1136/3392
f 1129/3393 1133/3394 1136/3395
f 1129/3393 1136/3395 1132/3396
f 1130/3397 1131/3398 1135/3399
f 1130/3397 1135/3399 1134/3400
f 1132/3401 1136/3402 1135/3403
f 1132/3401 1135/3403 1131/3404
f 1129/3405 1130/3406 1134/3407
f 1129/3405 1134/3407 1133/3408
f 1137/3409 1140/3410 1139/3411
f 1137/3409 1139/3411 1138/3412
f 1141/3413 1142/3414 1143/3415
f 1141/3413 1143/3415 1144/3416
f 1137/3417 1141/3418 1144/3419
f 1137/3417 1144/3419 1140/3420
f 1138/3421 1139/3422 1143/3423
f 1138/3421 1143/3423 1142/3424
f 1140/3425 1144/3426 1143/3427
f 1140/3425 1143/3427 1139/3428
f 1137/3429 1138/3430 1142/3431
f 1137/3429 1142/3431 1141/3432
f 1145/3433 1148/3434 1147/3435
f 1145/3433 1147/3435 1146/3436
f 1149/3437 1150/3438 1151/3439
f 1149/3437 1151/3439 1152/3440
f 1145/3441 1149/3442 1152/3443
f 1145/3441 1152/3443 1148/3444
f 1146/3445 1147/3446 1151/3447
f 1146/3445 1151/3447 1150/3448
f 1148/3449 1152/3450 1151/3451
f 1148/3449 1151/3451 1147/3452
f 1145/3453 1146/3454 1150/3455
f 1145/3453 1150/3455 1149/3456
f 1157/3461 1158/3462 1159/3463
f 1157/3461 1159/3463 1160/3464
f 1153/3465 1157/3466 1160/3467
f 1153/3465 1160/3467 1156/3468
f 1154/3469 1155/3470 1159/3471
f 1154/3469 1159/3471 1158/3472
f 1156/3473 1160/3474 1159/3475
f 1156/3473 1159/3475 1155/3476
f 1153/3477 1154/3478 1158/3479
f 1153/3477 1158/3479 1157/3480
f 1161/3481 1164/3482 1163/3483
f 1161/3481 1163/3483 1162/3484
f 1165/3485 1166/3486 1167/3487
f 1165/3485 1167/3487 1168/3488
f 1161/3489 1165/3490 1168/3491
f 1161/3489 1168/3491 1164/3492
f 1162/3493 1163/3494 1167/3495
f 1162/3493 1167/3495 1166/3496
f 1164/3497 1168/3498 1167/3499
f 1164/3497 1167/3499 1163/3500
f 1161/3501 1162/3502 1166/3503
f 1161/3501 1166/3503 1165/3504
g vine_7_1
f 1169/3505 1172/3506 1171/3507
f 1169/3505 1171/3507 1170/3508
f 1173/3509 1174/3510 1175/3511
f 1173/3509 1175/3511 1176/3512
f 1169/3513 1173/3514 1176/3515
f 1169/3513 1176/3515 1172/3516
f 1170/3517 1171/3518 1175/3519
f 1170/3517 1175/3519 1174/3520
f 1172/3521 1176/3522 1175/3523
f 1172/3521 1175/3523 1171/3524
f 1169/3525 1170/3526 1174/3527
f 1169/3525 1174/3527 1173/3528
f 1177/3529 1180/3530 1179/3531
f 1177/3529 1179/3531 1178/3532
f 1181/3533 1182/3534 1183/3535
f 1181/3533 1183/3535 1184/3536
f 1177/3537 1181/3538 1184/3539
f 1177/3537 1184/3539 1180/3540
f 1178/3541 1179/3542 1183/3543
f 1178/3541 1183/3543 1182/3544
f 1180/3545 1184/3546 1183/3547
f 1180/3545 1183/3547 1179/3548
f 1177/3549 1178/3550 1182/3551
f 1177/3549 1182/3551 1181/3552
f 1185/3553 1188/3554 1187/3555
f 1185/3553 1187/3555 1186/3556
f 1189/3557 1190/3558 1191/3559
f 1189/3557 1191/3559 1192/3560
f 1185/3561 1189/3562 1192/3563
f 1185/3561 1192/3563 1188/3564
f 1186/3565 1187/3566 1191/3567
f 1186/3565 1191/3567 1190/3568
f 1188/3569 1192/3570 1191/3571
f 1188/3569 1191/3571 1187/3572
f 1185/3573 1186/3574 1190/3575
f 1185/3573 1190/3575 1189/3576
g vine_7_2
f 1193/3577 1196/3578 1195/3579
f 1193/3577 1195/3579 1194/3580
f 1197/3581 1198/3582 1199/3583
f 1197/3581 1199/3583 1200/3584
f 1193/3585 1197/3586 1200/3587
f 1193/3585 1200/3587 1196/3588
f 1194/3589 1195/3590 1199/3591
f 1194/3589 1199/3591 1198/3592
f 1196/3593 1200/3594 1199/3595
f 1196/3593 1199/3595 1195/3596
f 1193/3597 1194/3598 1198/3599
f 1193/3597 1198/3599 1197/3600
f 1201/3601 1204/3602 1203/3603
f 1201/3601 1203/3603 1202/3604
f 1205/3605 1206/3606 1207/3607
f 1205/3605 1207/3607 1208/3608
f 1201/3609 1205/3610 1208/3611
f 1201/3609 1208/3611 1204/3612
f 1202/3613 1203/3614 1207/3615
f 1202/3613 1207/3615 1206/3616
f 1204/3617 1208/3618 1207/3619
f 1204/3617 1207/3619 1203/3620
f 1201/3621 1202/3622 1206/3623
f 1201/3621 1206/3623 1205/3624
f 1209/3625 1212/3626 1211/3627
f 1209/3625 1211/3627 1210/3628
f 1213/3629 1214/3630 1215/3631
f 1213/3629 1215/3631 1216/3632
f 1209/3633 1213/3634 1216/3635
f 1209/3633 1216/3635 1212/3636
f 1210/3637 1211/3638 1215/3639
f 1210/3637 1215/3639 1214/3640
f 1212/3641 1216/3642 1215/3643
f 1212/3641 1215/3643 1211/3644
f 1209/3645 1210/3646 1214/3647
f 1209/3645 1214/3647 1213/3648
g vine_7_3
f 1217/3649 1220/3650 1219/3651
f 1217/3649 1219/3651 1218/3652
f 1221/3653 1222/3654 1223/3655
f 1221/3653 1223/3655 1224/3656
f 1217/3657 1221/3658 1224/3659
f 1217/3657 1224/3659 1220/3660
f 1218/3661 1219/3662 1223/3663
f 1218/3661 1223/3663 1222/3664
f 1220/3665 1224/3666 1223/3667
f 1220/3665 1223/3667 1219/3668
f 1217/3669 1218/3670 1222/3671
f 1217/3669 1222/3671 1221/3672
f 1225/3673 1228/3674 1227/3675
f 1225/3673 1227/3675 1226/3676
f 1229/3677 1230/3678 1231/3679
f 1229/3677 1231/3679 1232/3680
f 1225/3681 1229/3682 1232/3683
f 1225/3681 1232/3683 1228/3684
f 1226/3685 1227/3686 1231/3687
f 1226/3685 1231/3687 1230/3688
f 1228/3689 1232/3690 1231/3691
f 1228/3689 1231/3691 1227/3692
f 1225/3693 1226/3694 1230/3695
f 1225/3693 1230/3695 1229/3696
f 1233/3697 1236/3698 1235/3699
f 1233/3697 1235/3699 1234/3700
f 1237/3701 1238/3702 1239/3703
f 1237/3701 1239/3703 1240/3704
f 1233/3705 1237/3706 1240/3707
f 1233/3705 1240/3707 1236/3708
f 1234/3709 1235/3710 1239/3711
f 1234/3709 1239/3711 1238/3712
f 1236/3713 1240/3714 1239/3715
f 1236/3713 1239/3715 1235/3716
f 1233/3717 1234/3718 1238/3719
f 1233/3717 1238/3719 1237/3720
f 1241/3721 1244/3722 1243/3723
f 1241/3721 1243/3723 1242/3724
f 1245/3725 1246/3726 1247/3727
f 1245/3725 1247/3727 1248/3728
f 1241/3729 1245/3730 1248/3731
f 1241/3729 1248/3731 1244/3732
f 1242/3733 1243/3734 1247/3735
f 1242/3733 1247/3735 1246/3736
f 1244/3737 1248/3738 1247/3739
f 1244/3737 1247/3739 1243/3740
f 1241/3741 1242/3742 1246/3743
f 1241/3741 1246/3743 1245/3744
f 1249/3745 1252/3746 1251/3747
f 1249/3745 1251/3747 1250/3748
f 1253/3749 1254/3750 1255/3751
f 1253/3749 1255/3751 1256/3752
f 1249/3753 1253/3754 1256/3755
f 1249/3753 1256/3755 1252/3756
f 1250/3757 1251/3758 1255/3759
f 1250/3757 1255/3759 1254/3760
f 1252/3761 1256/3762 1255/3763
f 1252/3761 1255/3763 1251/3764
f 1249/3765 1250/3766 1254/3767
f 1249/3765 1254/3767 1253/3768
f 1257/3769 1260/3770 1259/3771
f 1257/3769 1259/3771 1258/3772
f 1261/3773 1262/3774 1263/3775
f 1261/3773 1263/3775 1264/3776
f 1257/3777 1261/3778 1264/3779
f 1257/3777 1264/3779 1260/3780
f 1258/3781 1259/3782 1263/3783
f 1258/3781 1263/3783 1262/3784
f 1260/3785 1264/3786 1263/3787
f 1260/3785 1263/3787 1259/3788
f 1257/3789 1258/3790 1262/3791
f 1257/3789 1262/3791 1261/3792
f 1265/3793 1268/3794 1267/3795
f 1265/3793 1267/3795 1266/3796
f 1269/3797 1270/3798 1271/3799
f 1269/3797 1271/3799 1272/3800
f 1265/3801 1269/3802 1272/3803
f 1265/3801 1272/3803 1268/3804
f 1266/3805 1267/3806 1271/3807
f 1266/3805 1271/3807 1270/3808
f 1268/3809 1272/3810 1271/3811
f 1268/3809 1271/3811 1267/3812
f 1265/3813 1266/3814 1270/3815
f 1265/3813 1270/3815 1269/3816
g spore_7
f 1273/3817 1276/3818 1275/3819
f 1273/3817 1275/3819 1274/3820
f 1277/3821 1278/3822 1279/3823
f 1277/3821 1279/3823 1280/3824
f 1273/3825 1277/3826 1280/3827
f 1273/3825 1280/3827 1276/3828
f 1274/3829 1275/3830 1279/3831
f 1274/3829 1279/3831 1278/3832
f 1276/3833 1280/3834 1279/3835
f 1276/3833 1279/3835 1275/3836
f 1273/3837 1274/3838 1278/3839
f 1273/3837 1278/3839 1277/3840
g petal_8
f 1281/3841 1284/3842 1283/3843
f 1281/3841 1283/3843 1282/3844
f 1285/3845 1286/3846 1287/3847
f 1285/3845 1287/3847 1288/3848
f 1281/3849 1285/3850 1288/3851
f 1281/3849 1288/3851 1284/3852
f 1282/3853 1283/3854 1287/3855
f 1282/3853 1287/3855 1286/3856
f 1284/3857 1288/3858 1287/3859
f 1284/3857 1287/3859 1283/3860
f 1281/3861 1282/3862 1286/3863
f 1281/3861 1286/3863 1285/3864
f 1289/3865 1292/3866 1291/3867
f 1289/3865 1291/3867 1290/3868
f 1293/3869 1294/3870 1295/3871
f 1293/3869 1295/3871 1296/3872
f 1289/3873 1293/3874 1296/3875
f 1289/3873 1296/3875 1292/3876
f 1290/3877 1291/3878 1295/3879
f 1290/3877 1295/3879 1294/3880
f 1292/3881 1296/3882 1295/3883
f 1292/3881 1295/3883 1291/3884
f 1289/3885 1290/3886 1294/3887
f 1289/3885 1294/3887 1293/3888
f 1297/3889 1300/3890 1299/3891
f 1297/3889 1299/3891 1298/3892
f 1301/3893 1302/3894 1303/3895
f 1301/3893 1303/3895 1304/3896
f 1297/3897 1301/3898 1304/3899
f 1297/3897 1304/3899 1300/3900
f 1298/3901 1299/3902 1303/3903
f 1298/3901 1303/3903 1302/3904
f 1300/3905 1304/3906 1303/3907
f 1300/3905 1303/3907 1299/3908
f 1297/3909 1298/3910 1302/3911
f 1297/3909 1302/3911 1301/3912
f 1305/3913 1308/3914 1307/3915
f 1305/3913 1307/3915 1306/3916
f 1309/3917 1310/3918 1311/3919
f 1309/3917 1311/3919 1312/3920
f 1305/3921 1309/3922 1312/3923
f 1305/3921 1312/3923 1308/3924
f 1306/3925 1307/3926 1311/3927
f 1306/3925 1311/3927 1310/3928
f 1308/3929 1312/3930 1311/3931
f 1308/3929 1311/3931 1307/3932
f 1305/3933 1306/3934 1310/3935
f 1305/3933 1310/3935 1309/3936
f 1313/3937 1316/3938 1315/3939
f 1313/3937 1315/3939 1314/3940
f 1317/3941 1318/3942 1319/3943
f 1317/3941 1319/3943 1320/3944
f 1313/3945 1317/3946 1320/3947
f 1313/3945 1320/3947 1316/3948
f 1314/3949 1315/3950 1319/3951
f 1314/3949 1319/3951 1318/3952
f 1316/3953 1320/3954 1319/3955
f 1316/3953 1319/3955 1315/3956
f 1313/3957 1314/3958 1318/3959
f 1313/3957 1318/3959 1317/3960
f 1321/3961 1324/3962 1323/3963
f 1321/3961 1323/3963 1322/3964
f 1325/3965 1326/3966 1327/3967
f 1325/3965 1327/3967 1328/3968
f 1321/3969 1325/3970 1328/3971
f 1321/3969 1328/3971 1324/3972
f 1322/3973 1323/3974 1327/3975
f 1322/3973 1327/3975 1326/3976
f 1324/3977 1328/3978 1327/3979
f 1324/3977 1327/3979 1323/3980
f 1321/3981 1322/3982 1326/3983
f 1321/3981 1326/3983 1325/3984
f 1333/3989 1334/3990 1335/3991
f 1333/3989 1335/3991 1336/3992
f 1329/3993 1333/3994 1336/3995
f 1329/3993 1336/3995 1332/3996
f 1330/3997 1331/3998 1335/3999
f 1330/3997 1335/3999 1334/4000
f 1332/4001 1336/4002 1335/4003
f 1332/4001 1335/4003 1331/4004
f 1329/4005 1330/4006 1334/4007
f 1329/4005 1334/4007 1333/4008
f 1337/4009 1340/4010 1339/4011
f 1337/4009 1339/4011 1338/4012
f 1341/4013 1342/4014 1343/4015
f 1341/4013 1343/4015 1344/4016
f 1337/4017 1341/4018 1344/4019
f 1337/4017 1344/4019 1340/4020
f 1338/4021 1339/4022 1343/4023
f 1338/4021 1343/4023 1342/4024
f 1340/4025 1344/4026 1343/4027
f 1340/4025 1343/4027 1339/4028
f 1337/4029 1338/4030 1342/4031
f 1337/4029 1342/4031 1341/4032
g vine_8_1
f 1345/4033 1348/4034 1347/4035
f 1345/4033 1347/4035 1346/4036
f 1349/4037 1350/4038 1351/4039
f 1349/4037 1351/4039 1352/4040
f 1345/4041 1349/4042 1352/4043
f 1345/4041 1352/4043 1348/4044
f 1346/4045 1347/4046 1351/4047
f 1346/4045 1351/4047 1350/4048
f 1348/4049 1352/4050 1351/4051
f 1348/4049 1351/4051 1347/4052
f 1345/4053 1346/4054 1350/4055
f 1345/4053 1350/4055 1349/4056
f 1353/4057 1356/4058 1355/4059
f 1353/4057 1355/4059 1354/4060
f 1357/4061 1358/4062 1359/4063
f 1357/4061 1359/4063 1360/4064
f 1353/4065 1357/4066 1360/4067
f 1353/4065 1360/4067 1356/4068
f 1354/4069 1355/4070 1359/4071
f 1354/4069 1359/4071 1358/4072
f 1356/4073 1360/4074 1359/4075
f 1356/4073 1359/4075 1355/4076
f 1353/4077 1354/4078 1358/4079
f 1353/4077 1358/4079 1357/4080
f 1361/4081 1364/4082 1363/4083
f 1361/4081 1363/4083 1362/4084
f 1365/4085 1366/4086 1367/4087
f 1365/4085 1367/4087 1368/4088
f 1361/4089 1365/4090 1368/4091
f 1361/4089 1368/4091 1364/4092
f 1362/4093 1363/4094 1367/4095
f 1362/4093 1367/4095 1366/4096
f 1364/4097 1368/4098 1367/4099
f 1364/4097 1367/4099 1363/4100
f 1361/4101 1362/4102 1366/4103
f 1361/4101 1366/4103 1365/4104
g vine_8_2
f 1369/4105 1372/4106 1371/4107
f 1369/4105 1371/4107 1370/4108
f 1373/4109 1374/4110 1375/4111
f 1373/4109 1375/4111 1376/4112
f 1369/4113 1373/4114 1376/4115
f 1369/4113 1376/4115 1372/4116
f 1370/4117 1371/4118 1375/4119
f 1370/4117 1375/4119 1374/4120
f 1372/4121 1376/4122 1375/4123
f 1372/4121 1375/4123 1371/4124
f 1369/4125 1370/4126 1374/4127
f 1369/4125 1374/4127 1373/4128
f 1377/4129 1380/4130 1379/4131
f 1377/4129 1379/4131 1378/4132
f 1381/4133 1382/4134 1383/4135
f 1381/4133 1383/4135 1384/4136
f 1377/4137 1381/4138 1384/4139
f 1377/4137 1384/4139 1380/4140
f 1378/4141 1379/4142 1383/4143
f 1378/4141 1383/4143 1382/4144
f 1380/4145 1384/4146 1383/4147
f 1380/4145 1383/4147 1379/4148
f 1377/4149 1378/4150 1382/4151
f 1377/4149 1382/4151 1381/4152
f 1385/4153 1388/4154 1387/4155
f 1385/4153 1387/4155 1386/4156
f 1389/4157 1390/4158 1391/4159
f 1389/4157 1391/4159 1392/4160
f 1385/4161 1389/4162 1392/4163
f 1385/4161 1392/4163 1388/4164
f 1386/4165 1387/4166 1391/4167
f 1386/4165 1391/4167 1390/4168
f 1388/4169 1392/4170 1391/4171
f 1388/4169 1391/4171 1387/4172
f 1385/4173 1386/4174 1390/4175
f 1385/4173 1390/4175 1389/4176
g vine_8_3
f 1393/4177 1396/4178 1395/4179
f 1393/4177 1395/4179 1394/4180
f 1397/4181 1398/4182 1399/4183
f 1397/4181 1399/4183 1400/4184
f 1393/4185 1397/4186 1400/4187
f 1393/4185 1400/4187 1396/4188
f 1394/4189 1395/4190 1399/4191
f 1394/4189 1399/4191 1398/4192
f 1396/4193 1400/4194 1399/4195
f 1396/4193 1399/4195 1395/4196
f 1393/4197 1394/4198 1398/4199
f 1393/4197 1398/4199 1397/4200
f 1401/4201 1404/4202 1403/4203
f 1401/4201 1403/4203 1402/4204
f 1405/4205 1406/4206 1407/4207
f 1405/4205 1407/4207 1408/4208
f 1401/4209 1405/4210 1408/4211
f 1401/4209 1408/4211 1404/4212
f 1402/4213 1403/4214 1407/4215
f 1402/4213 1407/4215 1406/4216
f 1404/4217 1408/4218 1407/4219
f 1404/4217 1407/4219 1403/4220
f 1401/4221 1402/4222 1406/4223
f 1401/4221 1406/4223 1405/4224
f 1409/4225 1412/4226 1411/4227
f 1409/4225 1411/4227 1410/4228
f 1413/4229 1414/4230 1415/4231
f 1413/4229 1415/4231 1416/4232
f 1409/4233 1413/4234 1416/4235
f 1409/4233 1416/4235 1412/4236
f 1410/4237 1411/4238 1415/4239
f 1410/4237 1415/4239 1414/4240
f 1412/4241 1416/4242 1415/4243
f 1412/4241 1415/4243 1411/4244
f 1409/4245 1410/4246 1414/4247
f 1409/4245 1414/4247 1413/4248
f 1417/4249 1420/4250 1419/4251
f 1417/4249 1419/4251 1418/4252
f 1421/4253 1422/4254 1423/4255
f 1421/4253 1423/4255 1424/4256
f 1417/4257 1421/4258 1424/4259
f 1417/4257 1424/4259 1420/4260
f 1418/4261 1419/4262 1423/4263
f 1418/4261 1423/4263 1422/4264
f 1420/4265 1424/4266 1423/4267
f 1420/4265 1423/4267 1419/4268
f 1417/4269 1418/4270 1422/4271
f 1417/4269 1422/4271 1421/4272
f 1425/4273 1428/4274 1427/4275
f 1425/4273 1427/4275 1426/4276
f 1429/4277 1430/4278 1431/4279
f 1429/4277 1431/4279 1432/4280
f 1425/4281 1429/4282 1432/4283
f 1425/4281 1432/4283 1428/4284
f 1426/4285 1427/4286 1431/4287
f 1426/4285 1431/4287 1430/4288
f 1428/4289 1432/4290 1431/4291
f 1428/4289 1431/4291 1427/4292
f 1425/4293 1426/4294 1430/4295
f 1425/4293 1430/4295 1429/4296
f 1433/4297 1436/4298 1435/4299
f 1433/4297 1435/4299 1434/4300
f 1437/4301 1438/4302 1439/4303
f 1437/4301 1439/4303 1440/4304
f 1433/4305 1437/4306 1440/4307
f 1433/4305 1440/4307 1436/4308
f 1434/4309 1435/4310 1439/4311
f 1434/4309 1439/4311 1438/4312
f 1436/4313 1440/4314 1439/4315
f 1436/4313 1439/4315 1435/4316
f 1433/4317 1434/4318 1438/4319
f 1433/4317 1438/4319 1437/4320
f 1441/4321 1444/4322 1443/4323
f 1441/4321 1443/4323 1442/4324
f 1445/4325 1446/4326 1447/4327
f 1445/4325 1447/4327 1448/4328
f 1441/4329 1445/4330 1448/4331
f 1441/4329 1448/4331 1444/4332
f 1442/4333 1443/4334 1447/4335
f 1442/4333 1447/4335 1446/4336
f 1444/4337 1448/4338 1447/4339
f 1444/4337 1447/4339 1443/4340
f 1441/4341 1442/4342 1446/4343
f 1441/4341 1446/4343 1445/4344
g spore_8
f 1449/4345 1452/4346 1451/4347
f 1449/4345 1451/4347 1450/4348
f 1453/4349 1454/4350 1455/4351
f 1453/4349 1455/4351 1456/4352
f 1449/4353 1453/4354 1456/4355
f 1449/4353 1456/4355 1452/4356
f 1450/4357 1451/4358 1455/4359
f 1450/4357 1455/4359 1454/4360
f 1452/4361 1456/4362 1455/4363
f 1452/4361 1455/4363 1451/4364
f 1449/4365 1450/4366 1454/4367
f 1449/4365 1454/4367 1453/4368
g petal_1__glow
f 97/289 100/290 99/291
f 97/289 99/291 98/292
g petal_2__glow
f 273/817 276/818 275/819
f 273/817 275/819 274/820
g petal_3__glow
f 449/1345 452/1346 451/1347
f 449/1345 451/1347 450/1348
g petal_4__glow
f 625/1873 628/1874 627/1875
f 625/1873 627/1875 626/1876
g petal_5__glow
f 801/2401 804/2402 803/2403
f 801/2401 803/2403 802/2404
g petal_6__glow
f 977/2929 980/2930 979/2931
f 977/2929 979/2931 978/2932
g petal_7__glow
f 1153/3457 1156/3458 1155/3459
f 1153/3457 1155/3459 1154/3460
g petal_8__glow
f 1329/3985 1332/3986 1331/3987
f 1329/3985 1331/3987 1330/3988
