# di-14 | final single-asset pipeline | blocks +Y up -Z front
mtllib di-14.mtl
v 0.628066396765 0.134081590321 0.251384396478
v 0.260153619611 0.134081590321 0.606895619346
v -0.260153619611 0.134081590321 0.606895619346
v -0.628066396765 0.134081590321 0.251384396478
v -0.628066396765 0.134081590321 -0.251384396478
v -0.260153619611 0.134081590321 -0.606895619346
v 0.260153619611 0.134081590321 -0.606895619346
v 0.628066396765 0.134081590321 -0.251384396478
v 0.628066396765 2.519322512868 0.251384396478
v 0.260153619611 2.519322512868 0.606895619346
v -0.260153619611 2.519322512868 0.606895619346
v -0.628066396765 2.519322512868 0.251384396478
v -0.628066396765 2.519322512868 -0.251384396478
v -0.260153619611 2.519322512868 -0.606895619346
v 0.260153619611 2.519322512868 -0.606895619346
v 0.628066396765 2.519322512868 -0.251384396478
v -0.254049329029 0.345789364511 -0.670407951604
v 0.254049329029 0.345789364511 -0.670407951604
v 0.254049329029 2.335842441903 -0.670407951604
v -0.254049329029 2.335842441903 -0.670407951604
v -0.254049329029 0.345789364511 -0.543383287089
v 0.254049329029 0.345789364511 -0.543383287089
v 0.254049329029 2.335842441903 -0.543383287089
v -0.254049329029 2.335842441903 -0.543383287089
v 0.423415548381 0.000000000000 -0.345789364511
v 1.100880425791 0.000000000000 -0.345789364511
v 1.100880425791 0.479870954832 -0.345789364511
v 0.423415548381 0.479870954832 -0.345789364511
v 0.423415548381 0.000000000000 0.345789364511
v 1.100880425791 0.000000000000 0.345789364511
v 1.100880425791 0.479870954832 0.345789364511
v 0.423415548381 0.479870954832 0.345789364511
v -1.100880425791 0.000000000000 -0.345789364511
v -0.423415548381 0.000000000000 -0.345789364511
v -0.423415548381 0.479870954832 -0.345789364511
v -1.100880425791 0.479870954832 -0.345789364511
v -1.100880425791 0.000000000000 0.345789364511
v -0.423415548381 0.000000000000 0.345789364511
v -0.423415548381 0.479870954832 0.345789364511
v -1.100880425791 0.479870954832 0.345789364511
v -0.338732438705 0.000000000000 0.388130919349
v 0.338732438705 0.000000000000 0.388130919349
v 0.338732438705 0.479870954832 0.388130919349
v -0.338732438705 0.479870954832 0.388130919349
v -0.338732438705 0.000000000000 1.079709648372
v 0.338732438705 0.000000000000 1.079709648372
v 0.338732438705 0.479870954832 1.079709648372
v -0.338732438705 0.479870954832 1.079709648372
v -0.338732438705 0.000000000000 -1.079709648372
v 0.338732438705 0.000000000000 -1.079709648372
v 0.338732438705 0.479870954832 -1.079709648372
v -0.338732438705 0.479870954832 -1.079709648372
v -0.338732438705 0.000000000000 -0.388130919349
v 0.338732438705 0.000000000000 -0.388130919349
v 0.338732438705 0.479870954832 -0.388130919349
v -0.338732438705 0.479870954832 -0.388130919349
v 0.733920283861 2.131191593519 0.298153586521
v 0.303999735276 2.131191593519 0.719806432248
v -0.303999735276 2.131191593519 0.719806432248
v -0.733920283861 2.131191593519 0.298153586521
v -0.733920283861 2.131191593519 -0.298153586521
v -0.303999735276 2.131191593519 -0.719806432248
v 0.303999735276 2.131191593519 -0.719806432248
v 0.733920283861 2.131191593519 -0.298153586521
v 0.733920283861 2.526379438675 0.298153586521
v 0.303999735276 2.526379438675 0.719806432248
v -0.303999735276 2.526379438675 0.719806432248
v -0.733920283861 2.526379438675 0.298153586521
v -0.733920283861 2.526379438675 -0.298153586521
v -0.303999735276 2.526379438675 -0.719806432248
v 0.303999735276 2.526379438675 -0.719806432248
v 0.733920283861 2.526379438675 -0.298153586521
v 0.797432616118 2.406411699967 0.327384330297
v 0.330307404675 2.406411699967 0.790375690312
v -0.330307404675 2.406411699967 0.790375690312
v -0.797432616118 2.406411699967 0.327384330297
v -0.797432616118 2.406411699967 -0.327384330297
v -0.330307404675 2.406411699967 -0.790375690312
v 0.330307404675 2.406411699967 -0.790375690312
v 0.797432616118 2.406411699967 -0.327384330297
v 0.797432616118 2.956851912862 0.327384330297
v 0.330307404675 2.956851912862 0.790375690312
v -0.330307404675 2.956851912862 0.790375690312
v -0.797432616118 2.956851912862 0.327384330297
v -0.797432616118 2.956851912862 -0.327384330297
v -0.330307404675 2.956851912862 -0.790375690312
v 0.330307404675 2.956851912862 -0.790375690312
v 0.797432616118 2.956851912862 -0.327384330297
v 0.550440212896 2.815713396735 0.227999801457
v 0.227999801457 2.815713396735 0.550440212896
v -0.227999801457 2.815713396735 0.550440212896
v -0.550440212896 2.815713396735 0.227999801457
v -0.550440212896 2.815713396735 -0.227999801457
v -0.227999801457 2.815713396735 -0.550440212896
v 0.227999801457 2.815713396735 -0.550440212896
v 0.550440212896 2.815713396735 -0.227999801457
v 0.550440212896 3.126218132215 0.227999801457
v 0.227999801457 3.126218132215 0.550440212896
v -0.227999801457 3.126218132215 0.550440212896
v -0.550440212896 3.126218132215 0.227999801457
v -0.550440212896 3.126218132215 -0.227999801457
v -0.227999801457 3.126218132215 -0.550440212896
v 0.227999801457 3.126218132215 -0.550440212896
v 0.550440212896 3.126218132215 -0.227999801457
v -0.324618587092 3.172088149956 -0.324618587092
v 0.324618587092 3.172088149956 -0.324618587092
v 0.324618587092 3.172088149956 0.324618587092
v -0.324618587092 3.172088149956 0.324618587092
v -0.324618587092 3.122689669312 -0.324618587092
v 0.324618587092 3.122689669312 -0.324618587092
v 0.324618587092 3.122689669312 0.324618587092
v -0.324618587092 3.122689669312 0.324618587092
v -0.402244770962 2.952852712475 0.300800416079
v 0.402244770962 2.952852712475 0.300800416079
v 0.402244770962 3.600492706695 0.630789475244
v -0.402244770962 3.600492706695 0.630789475244
v -0.402244770962 2.811886512444 0.577462161183
v 0.402244770962 2.811886512444 0.577462161183
v 0.402244770962 3.459526506663 0.907451220348
v -0.402244770962 3.459526506663 0.907451220348
v -0.317773369060 2.978824217086 0.288689005073
v 0.317773369060 2.978824217086 0.288689005073
v 0.317773369060 3.595025376635 0.602659177871
v -0.317773369060 3.595025376635 0.602659177871
v -0.317773369060 2.969853640720 0.306294752489
v 0.317773369060 2.969853640720 0.306294752489
v 0.317773369060 3.586054800269 0.620264925287
v -0.317773369060 3.586054800269 0.620264925287
v -0.329840712189 2.979063792311 0.257130382789
v 0.329840712189 2.979063792311 0.257130382789
v 0.329840712189 3.620416019597 0.583915664682
v -0.329840712189 3.620416019597 0.583915664682
v -0.329840712189 2.968811705036 0.277251236979
v 0.329840712189 2.968811705036 0.277251236979
v 0.329840712189 3.610163932322 0.604036518871
v -0.329840712189 3.610163932322 0.604036518871
v -0.420945624349 2.962763513327 0.242488837422
v -0.343319440479 2.962763513327 0.242488837422
v -0.343319440479 3.641842342218 0.588496782955
v -0.420945624349 3.641842342218 0.588496782955
v -0.420945624349 2.815389758749 0.531726116394
v -0.343319440479 2.815389758749 0.531726116394
v -0.343319440479 3.494468587640 0.877734061927
v -0.420945624349 3.494468587640 0.877734061927
v 0.343319440479 2.962763513327 0.242488837422
v 0.420945624349 2.962763513327 0.242488837422
v 0.420945624349 3.641842342218 0.588496782955
v 0.343319440479 3.641842342218 0.588496782955
v 0.343319440479 2.815389758749 0.531726116394
v 0.420945624349 2.815389758749 0.531726116394
v 0.420945624349 3.494468587640 0.877734061927
v 0.343319440479 3.494468587640 0.877734061927
v -0.691578729023 3.619356007498 0.640400807065
v 0.691578729023 3.619356007498 0.640400807065
v 0.691578729023 4.266996001718 0.970389866230
v -0.691578729023 4.266996001718 0.970389866230
v -0.691578729023 3.478389807466 0.917062552168
v 0.691578729023 3.478389807466 0.917062552168
v 0.691578729023 4.126029801686 1.247051611334
v -0.691578729023 4.126029801686 1.247051611334
v -0.546347195928 3.645327512108 0.628289396059
v 0.546347195928 3.645327512108 0.628289396059
v 0.546347195928 4.261528671657 0.942259568857
v -0.546347195928 4.261528671657 0.942259568857
v -0.546347195928 3.636356935743 0.645895143475
v 0.546347195928 3.636356935743 0.645895143475
v 0.546347195928 4.252558095292 0.959865316273
v -0.546347195928 4.252558095292 0.959865316273
v -0.567094557799 3.645567087334 0.596730773775
v 0.567094557799 3.645567087334 0.596730773775
v 0.567094557799 4.286919314620 0.923516055667
v -0.567094557799 4.286919314620 0.923516055667
v -0.567094557799 3.635315000059 0.616851627965
v 0.567094557799 3.635315000059 0.616851627965
v 0.567094557799 4.276667227344 0.943636909857
v -0.567094557799 4.276667227344 0.943636909857
v -0.695812884506 3.629266808350 0.582089228408
v -0.618186700637 3.629266808350 0.582089228408
v -0.618186700637 4.308345637241 0.928097173940
v -0.695812884506 4.308345637241 0.928097173940
v -0.695812884506 3.481893053771 0.871326507380
v -0.618186700637 3.481893053771 0.871326507380
v -0.618186700637 4.160971882662 1.217334452912
v -0.695812884506 4.160971882662 1.217334452912
v 0.618186700637 3.629266808350 0.582089228408
v 0.695812884506 3.629266808350 0.582089228408
v 0.695812884506 4.308345637241 0.928097173940
v 0.618186700637 4.308345637241 0.928097173940
v 0.618186700637 3.481893053771 0.871326507380
v 0.695812884506 3.481893053771 0.871326507380
v 0.695812884506 4.160971882662 1.217334452912
v 0.618186700637 4.160971882662 1.217334452912
v -0.621009470959 4.311010370257 0.992816307144
v 0.621009470959 4.311010370257 0.992816307144
v 0.621009470959 4.958650364477 1.322805366310
v -0.621009470959 4.958650364477 1.322805366310
v -0.621009470959 4.170044170225 1.269478052248
v 0.621009470959 4.170044170225 1.269478052248
v 0.621009470959 4.817684164445 1.599467111413
v -0.621009470959 4.817684164445 1.599467111413
v -0.490597482058 4.336981874867 0.980704896139
v 0.490597482058 4.336981874867 0.980704896139
v 0.490597482058 4.953183034417 1.294675068937
v -0.490597482058 4.953183034417 1.294675068937
v -0.490597482058 4.328011298502 0.998310643554
v 0.490597482058 4.328011298502 0.998310643554
v 0.490597482058 4.944212458051 1.312280816353
v -0.490597482058 4.944212458051 1.312280816353
v -0.509227766186 4.337221450093 0.949146273855
v 0.509227766186 4.337221450093 0.949146273855
v 0.509227766186 4.978573677379 1.275931555747
v -0.509227766186 4.978573677379 1.275931555747
v -0.509227766186 4.326969362818 0.969267128044
v 0.509227766186 4.326969362818 0.969267128044
v 0.509227766186 4.968321590104 1.296052409936
v -0.509227766186 4.968321590104 1.296052409936
v -0.628772089346 4.320921171109 0.934504728487
v -0.551145905476 4.320921171109 0.934504728487
v -0.551145905476 5.000000000000 1.280512674020
v -0.628772089346 5.000000000000 1.280512674020
v -0.628772089346 4.173547416530 1.223742007459
v -0.551145905476 4.173547416530 1.223742007459
v -0.551145905476 4.852626245421 1.569749952992
v -0.628772089346 4.852626245421 1.569749952992
v 0.551145905476 4.320921171109 0.934504728487
v 0.628772089346 4.320921171109 0.934504728487
v 0.628772089346 5.000000000000 1.280512674020
v 0.551145905476 5.000000000000 1.280512674020
v 0.551145905476 4.173547416530 1.223742007459
v 0.628772089346 4.173547416530 1.223742007459
v 0.628772089346 4.852626245421 1.569749952992
v 0.551145905476 4.852626245421 1.569749952992
v 0.300800416079 2.952852712475 0.402244770962
v 0.300800416079 2.952852712475 -0.402244770962
v 0.630789475244 3.600492706695 -0.402244770962
v 0.630789475244 3.600492706695 0.402244770962
v 0.577462161183 2.811886512444 0.402244770962
v 0.577462161183 2.811886512444 -0.402244770962
v 0.907451220348 3.459526506663 -0.402244770962
v 0.907451220348 3.459526506663 0.402244770962
v 0.288689005073 2.978824217086 0.317773369060
v 0.288689005073 2.978824217086 -0.317773369060
v 0.602659177871 3.595025376635 -0.317773369060
v 0.602659177871 3.595025376635 0.317773369060
v 0.306294752489 2.969853640720 0.317773369060
v 0.306294752489 2.969853640720 -0.317773369060
v 0.620264925287 3.586054800269 -0.317773369060
v 0.620264925287 3.586054800269 0.317773369060
v 0.257130382789 2.979063792311 0.329840712189
v 0.257130382789 2.979063792311 -0.329840712189
v 0.583915664682 3.620416019597 -0.329840712189
v 0.583915664682 3.620416019597 0.329840712189
v 0.277251236979 2.968811705036 0.329840712189
v 0.277251236979 2.968811705036 -0.329840712189
v 0.604036518871 3.610163932322 -0.329840712189
v 0.604036518871 3.610163932322 0.329840712189
v 0.242488837422 2.962763513327 0.420945624349
v 0.242488837422 2.962763513327 0.343319440479
v 0.588496782955 3.641842342218 0.343319440479
v 0.588496782955 3.641842342218 0.420945624349
v 0.531726116394 2.815389758749 0.420945624349
v 0.531726116394 2.815389758749 0.343319440479
v 0.877734061927 3.494468587640 0.343319440479
v 0.877734061927 3.494468587640 0.420945624349
v 0.242488837422 2.962763513327 -0.343319440479
v 0.242488837422 2.962763513327 -0.420945624349
v 0.588496782955 3.641842342218 -0.420945624349
v 0.588496782955 3.641842342218 -0.343319440479
v 0.531726116394 2.815389758749 -0.343319440479
v 0.531726116394 2.815389758749 -0.420945624349
v 0.877734061927 3.494468587640 -0.420945624349
v 0.877734061927 3.494468587640 -0.343319440479
v 0.640400807065 3.619356007498 0.691578729023
v 0.640400807065 3.619356007498 -0.691578729023
v 0.970389866230 4.266996001718 -0.691578729023
v 0.970389866230 4.266996001718 0.691578729023
v 0.917062552168 3.478389807466 0.691578729023
v 0.917062552168 3.478389807466 -0.691578729023
v 1.247051611334 4.126029801686 -0.691578729023
v 1.247051611334 4.126029801686 0.691578729023
v 0.628289396059 3.645327512108 0.546347195928
v 0.628289396059 3.645327512108 -0.546347195928
v 0.942259568857 4.261528671657 -0.546347195928
v 0.942259568857 4.261528671657 0.546347195928
v 0.645895143475 3.636356935743 0.546347195928
v 0.645895143475 3.636356935743 -0.546347195928
v 0.959865316273 4.252558095292 -0.546347195928
v 0.959865316273 4.252558095292 0.546347195928
v 0.596730773775 3.645567087334 0.567094557799
v 0.596730773775 3.645567087334 -0.567094557799
v 0.923516055667 4.286919314620 -0.567094557799
v 0.923516055667 4.286919314620 0.567094557799
v 0.616851627965 3.635315000059 0.567094557799
v 0.616851627965 3.635315000059 -0.567094557799
v 0.943636909857 4.276667227344 -0.567094557799
v 0.943636909857 4.276667227344 0.567094557799
v 0.582089228408 3.629266808350 0.695812884506
v 0.582089228408 3.629266808350 0.618186700637
v 0.928097173940 4.308345637241 0.618186700637
v 0.928097173940 4.308345637241 0.695812884506
v 0.871326507380 3.481893053771 0.695812884506
v 0.871326507380 3.481893053771 0.618186700637
v 1.217334452912 4.160971882662 0.618186700637
v 1.217334452912 4.160971882662 0.695812884506
v 0.582089228408 3.629266808350 -0.618186700637
v 0.582089228408 3.629266808350 -0.695812884506
v 0.928097173940 4.308345637241 -0.695812884506
v 0.928097173940 4.308345637241 -0.618186700637
v 0.871326507380 3.481893053771 -0.618186700637
v 0.871326507380 3.481893053771 -0.695812884506
v 1.217334452912 4.160971882662 -0.695812884506
v 1.217334452912 4.160971882662 -0.618186700637
v 0.992816307144 4.311010370257 0.621009470959
v 0.992816307144 4.311010370257 -0.621009470959
v 1.322805366310 4.958650364477 -0.621009470959
v 1.322805366310 4.958650364477 0.621009470959
v 1.269478052248 4.170044170225 0.621009470959
v 1.269478052248 4.170044170225 -0.621009470959
v 1.599467111413 4.817684164445 -0.621009470959
v 1.599467111413 4.817684164445 0.621009470959
v 0.980704896139 4.336981874867 0.490597482058
v 0.980704896139 4.336981874867 -0.490597482058
v 1.294675068937 4.953183034417 -0.490597482058
v 1.294675068937 4.953183034417 0.490597482058
v 0.998310643554 4.328011298502 0.490597482058
v 0.998310643554 4.328011298502 -0.490597482058
v 1.312280816353 4.944212458051 -0.490597482058
v 1.312280816353 4.944212458051 0.490597482058
v 0.949146273855 4.337221450093 0.509227766186
v 0.949146273855 4.337221450093 -0.509227766186
v 1.275931555747 4.978573677379 -0.509227766186
v 1.275931555747 4.978573677379 0.509227766186
v 0.969267128044 4.326969362818 0.509227766186
v 0.969267128044 4.326969362818 -0.509227766186
v 1.296052409936 4.968321590104 -0.509227766186
v 1.296052409936 4.968321590104 0.509227766186
v 0.934504728487 4.320921171109 0.628772089346
v 0.934504728487 4.320921171109 0.551145905476
v 1.280512674020 5.000000000000 0.551145905476
v 1.280512674020 5.000000000000 0.628772089346
v 1.223742007459 4.173547416530 0.628772089346
v 1.223742007459 4.173547416530 0.551145905476
v 1.569749952992 4.852626245421 0.551145905476
v 1.569749952992 4.852626245421 0.628772089346
v 0.934504728487 4.320921171109 -0.551145905476
v 0.934504728487 4.320921171109 -0.628772089346
v 1.280512674020 5.000000000000 -0.628772089346
v 1.280512674020 5.000000000000 -0.551145905476
v 1.223742007459 4.173547416530 -0.551145905476
v 1.223742007459 4.173547416530 -0.628772089346
v 1.569749952992 4.852626245421 -0.628772089346
v 1.569749952992 4.852626245421 -0.551145905476
v 0.402244770962 2.952852712475 -0.300800416079
v -0.402244770962 2.952852712475 -0.300800416079
v -0.402244770962 3.600492706695 -0.630789475244
v 0.402244770962 3.600492706695 -0.630789475244
v 0.402244770962 2.811886512444 -0.577462161183
v -0.402244770962 2.811886512444 -0.577462161183
v -0.402244770962 3.459526506663 -0.907451220348
v 0.402244770962 3.459526506663 -0.907451220348
v 0.317773369060 2.978824217086 -0.288689005073
v -0.317773369060 2.978824217086 -0.288689005073
v -0.317773369060 3.595025376635 -0.602659177871
v 0.317773369060 3.595025376635 -0.602659177871
v 0.317773369060 2.969853640720 -0.306294752489
v -0.317773369060 2.969853640720 -0.306294752489
v -0.317773369060 3.586054800269 -0.620264925287
v 0.317773369060 3.586054800269 -0.620264925287
v 0.329840712189 2.979063792311 -0.257130382789
v -0.329840712189 2.979063792311 -0.257130382789
v -0.329840712189 3.620416019597 -0.583915664682
v 0.329840712189 3.620416019597 -0.583915664682
v 0.329840712189 2.968811705036 -0.277251236979
v -0.329840712189 2.968811705036 -0.277251236979
v -0.329840712189 3.610163932322 -0.604036518871
v 0.329840712189 3.610163932322 -0.604036518871
v 0.420945624349 2.962763513327 -0.242488837422
v 0.343319440479 2.962763513327 -0.242488837422
v 0.343319440479 3.641842342218 -0.588496782955
v 0.420945624349 3.641842342218 -0.588496782955
v 0.420945624349 2.815389758749 -0.531726116394
v 0.343319440479 2.815389758749 -0.531726116394
v 0.343319440479 3.494468587640 -0.877734061927
v 0.420945624349 3.494468587640 -0.877734061927
v -0.343319440479 2.962763513327 -0.242488837422
v -0.420945624349 2.962763513327 -0.242488837422
v -0.420945624349 3.641842342218 -0.588496782955
v -0.343319440479 3.641842342218 -0.588496782955
v -0.343319440479 2.815389758749 -0.531726116394
v -0.420945624349 2.815389758749 -0.531726116394
v -0.420945624349 3.494468587640 -0.877734061927
v -0.343319440479 3.494468587640 -0.877734061927
v 0.691578729023 3.619356007498 -0.640400807065
v -0.691578729023 3.619356007498 -0.640400807065
v -0.691578729023 4.266996001718 -0.970389866230
v 0.691578729023 4.266996001718 -0.970389866230
v 0.691578729023 3.478389807466 -0.917062552168
v -0.691578729023 3.478389807466 -0.917062552168
v -0.691578729023 4.126029801686 -1.247051611334
v 0.691578729023 4.126029801686 -1.247051611334
v 0.546347195928 3.645327512108 -0.628289396059
v -0.546347195928 3.645327512108 -0.628289396059
v -0.546347195928 4.261528671657 -0.942259568857
v 0.546347195928 4.261528671657 -0.942259568857
v 0.546347195928 3.636356935743 -0.645895143475
v -0.546347195928 3.636356935743 -0.645895143475
v -0.546347195928 4.252558095292 -0.959865316273
v 0.546347195928 4.252558095292 -0.959865316273
v 0.567094557799 3.645567087334 -0.596730773775
v -0.567094557799 3.645567087334 -0.596730773775
v -0.567094557799 4.286919314620 -0.923516055667
v 0.567094557799 4.286919314620 -0.923516055667
v 0.567094557799 3.635315000059 -0.616851627965
v -0.567094557799 3.635315000059 -0.616851627965
v -0.567094557799 4.276667227344 -0.943636909857
v 0.567094557799 4.276667227344 -0.943636909857
v 0.695812884506 3.629266808350 -0.582089228408
v 0.618186700637 3.629266808350 -0.582089228408
v 0.618186700637 4.308345637241 -0.928097173940
v 0.695812884506 4.308345637241 -0.928097173940
v 0.695812884506 3.481893053771 -0.871326507380
v 0.618186700637 3.481893053771 -0.871326507380
v 0.618186700637 4.160971882662 -1.217334452912
v 0.695812884506 4.160971882662 -1.217334452912
v -0.618186700637 3.629266808350 -0.582089228408
v -0.695812884506 3.629266808350 -0.582089228408
v -0.695812884506 4.308345637241 -0.928097173940
v -0.618186700637 4.308345637241 -0.928097173940
v -0.618186700637 3.481893053771 -0.871326507380
v -0.695812884506 3.481893053771 -0.871326507380
v -0.695812884506 4.160971882662 -1.217334452912
v -0.618186700637 4.160971882662 -1.217334452912
v 0.621009470959 4.311010370257 -0.992816307144
v -0.621009470959 4.311010370257 -0.992816307144
v -0.621009470959 4.958650364477 -1.322805366310
v 0.621009470959 4.958650364477 -1.322805366310
v 0.621009470959 4.170044170225 -1.269478052248
v -0.621009470959 4.170044170225 -1.269478052248
v -0.621009470959 4.817684164445 -1.599467111413
v 0.621009470959 4.817684164445 -1.599467111413
v 0.490597482058 4.336981874867 -0.980704896139
v -0.490597482058 4.336981874867 -0.980704896139
v -0.490597482058 4.953183034417 -1.294675068937
v 0.490597482058 4.953183034417 -1.294675068937
v 0.490597482058 4.328011298502 -0.998310643554
v -0.490597482058 4.328011298502 -0.998310643554
v -0.490597482058 4.944212458051 -1.312280816353
v 0.490597482058 4.944212458051 -1.312280816353
v 0.509227766186 4.337221450093 -0.949146273855
v -0.509227766186 4.337221450093 -0.949146273855
v -0.509227766186 4.978573677379 -1.275931555747
v 0.509227766186 4.978573677379 -1.275931555747
v 0.509227766186 4.326969362818 -0.969267128044
v -0.509227766186 4.326969362818 -0.969267128044
v -0.509227766186 4.968321590104 -1.296052409936
v 0.509227766186 4.968321590104 -1.296052409936
v 0.628772089346 4.320921171109 -0.934504728487
v 0.551145905476 4.320921171109 -0.934504728487
v 0.551145905476 5.000000000000 -1.280512674020
v 0.628772089346 5.000000000000 -1.280512674020
v 0.628772089346 4.173547416530 -1.223742007459
v 0.551145905476 4.173547416530 -1.223742007459
v 0.551145905476 4.852626245421 -1.569749952992
v 0.628772089346 4.852626245421 -1.569749952992
v -0.551145905476 4.320921171109 -0.934504728487
v -0.628772089346 4.320921171109 -0.934504728487
v -0.628772089346 5.000000000000 -1.280512674020
v -0.551145905476 5.000000000000 -1.280512674020
v -0.551145905476 4.173547416530 -1.223742007459
v -0.628772089346 4.173547416530 -1.223742007459
v -0.628772089346 4.852626245421 -1.569749952992
v -0.551145905476 4.852626245421 -1.569749952992
v -0.300800416079 2.952852712475 -0.402244770962
v -0.300800416079 2.952852712475 0.402244770962
v -0.630789475244 3.600492706695 0.402244770962
v -0.630789475244 3.600492706695 -0.402244770962
v -0.577462161183 2.811886512444 -0.402244770962
v -0.577462161183 2.811886512444 0.402244770962
v -0.907451220348 3.459526506663 0.402244770962
v -0.907451220348 3.459526506663 -0.402244770962
v -0.288689005073 2.978824217086 -0.317773369060
v -0.288689005073 2.978824217086 0.317773369060
v -0.602659177871 3.595025376635 0.317773369060
v -0.602659177871 3.595025376635 -0.317773369060
v -0.306294752489 2.969853640720 -0.317773369060
v -0.306294752489 2.969853640720 0.317773369060
v -0.620264925287 3.586054800269 0.317773369060
v -0.620264925287 3.586054800269 -0.317773369060
v -0.257130382789 2.979063792311 -0.329840712189
v -0.257130382789 2.979063792311 0.329840712189
v -0.583915664682 3.620416019597 0.329840712189
v -0.583915664682 3.620416019597 -0.329840712189
v -0.277251236979 2.968811705036 -0.329840712189
v -0.277251236979 2.968811705036 0.329840712189
v -0.604036518871 3.610163932322 0.329840712189
v -0.604036518871 3.610163932322 -0.329840712189
v -0.242488837422 2.962763513327 -0.420945624349
v -0.242488837422 2.962763513327 -0.343319440479
v -0.588496782955 3.641842342218 -0.343319440479
v -0.588496782955 3.641842342218 -0.420945624349
v -0.531726116394 2.815389758749 -0.420945624349
v -0.531726116394 2.815389758749 -0.343319440479
v -0.877734061927 3.494468587640 -0.343319440479
v -0.877734061927 3.494468587640 -0.420945624349
v -0.242488837422 2.962763513327 0.343319440479
v -0.242488837422 2.962763513327 0.420945624349
v -0.588496782955 3.641842342218 0.420945624349
v -0.588496782955 3.641842342218 0.343319440479
v -0.531726116394 2.815389758749 0.343319440479
v -0.531726116394 2.815389758749 0.420945624349
v -0.877734061927 3.494468587640 0.420945624349
v -0.877734061927 3.494468587640 0.343319440479
v -0.640400807065 3.619356007498 -0.691578729023
v -0.640400807065 3.619356007498 0.691578729023
v -0.970389866230 4.266996001718 0.691578729023
v -0.970389866230 4.266996001718 -0.691578729023
v -0.917062552168 3.478389807466 -0.691578729023
v -0.917062552168 3.478389807466 0.691578729023
v -1.247051611334 4.126029801686 0.691578729023
v -1.247051611334 4.126029801686 -0.691578729023
v -0.628289396059 3.645327512108 -0.546347195928
v -0.628289396059 3.645327512108 0.546347195928
v -0.942259568857 4.261528671657 0.546347195928
v -0.942259568857 4.261528671657 -0.546347195928
v -0.645895143475 3.636356935743 -0.546347195928
v -0.645895143475 3.636356935743 0.546347195928
v -0.959865316273 4.252558095292 0.546347195928
v -0.959865316273 4.252558095292 -0.546347195928
v -0.596730773775 3.645567087334 -0.567094557799
v -0.596730773775 3.645567087334 0.567094557799
v -0.923516055667 4.286919314620 0.567094557799
v -0.923516055667 4.286919314620 -0.567094557799
v -0.616851627965 3.635315000059 -0.567094557799
v -0.616851627965 3.635315000059 0.567094557799
v -0.943636909857 4.276667227344 0.567094557799
v -0.943636909857 4.276667227344 -0.567094557799
v -0.582089228408 3.629266808350 -0.695812884506
v -0.582089228408 3.629266808350 -0.618186700637
v -0.928097173940 4.308345637241 -0.618186700637
v -0.928097173940 4.308345637241 -0.695812884506
v -0.871326507380 3.481893053771 -0.695812884506
v -0.871326507380 3.481893053771 -0.618186700637
v -1.217334452912 4.160971882662 -0.618186700637
v -1.217334452912 4.160971882662 -0.695812884506
v -0.582089228408 3.629266808350 0.618186700637
v -0.582089228408 3.629266808350 0.695812884506
v -0.928097173940 4.308345637241 0.695812884506
v -0.928097173940 4.308345637241 0.618186700637
v -0.871326507380 3.481893053771 0.618186700637
v -0.871326507380 3.481893053771 0.695812884506
v -1.217334452912 4.160971882662 0.695812884506
v -1.217334452912 4.160971882662 0.618186700637
v -0.992816307144 4.311010370257 -0.621009470959
v -0.992816307144 4.311010370257 0.621009470959
v -1.322805366310 4.958650364477 0.621009470959
v -1.322805366310 4.958650364477 -0.621009470959
v -1.269478052248 4.170044170225 -0.621009470959
v -1.269478052248 4.170044170225 0.621009470959
v -1.599467111413 4.817684164445 0.621009470959
v -1.599467111413 4.817684164445 -0.621009470959
v -0.980704896139 4.336981874867 -0.490597482058
v -0.980704896139 4.336981874867 0.490597482058
v -1.294675068937 4.953183034417 0.490597482058
v -1.294675068937 4.953183034417 -0.490597482058
v -0.998310643554 4.328011298502 -0.490597482058
v -0.998310643554 4.328011298502 0.490597482058
v -1.312280816353 4.944212458051 0.490597482058
v -1.312280816353 4.944212458051 -0.490597482058
v -0.949146273855 4.337221450093 -0.509227766186
v -0.949146273855 4.337221450093 0.509227766186
v -1.275931555747 4.978573677379 0.509227766186
v -1.275931555747 4.978573677379 -0.509227766186
v -0.969267128044 4.326969362818 -0.509227766186
v -0.969267128044 4.326969362818 0.509227766186
v -1.296052409936 4.968321590104 0.509227766186
v -1.296052409936 4.968321590104 -0.509227766186
v -0.934504728487 4.320921171109 -0.628772089346
v -0.934504728487 4.320921171109 -0.551145905476
v -1.280512674020 5.000000000000 -0.551145905476
v -1.280512674020 5.000000000000 -0.628772089346
v -1.223742007459 4.173547416530 -0.628772089346
v -1.223742007459 4.173547416530 -0.551145905476
v -1.569749952992 4.852626245421 -0.551145905476
v -1.569749952992 4.852626245421 -0.628772089346
v -0.934504728487 4.320921171109 0.551145905476
v -0.934504728487 4.320921171109 0.628772089346
v -1.280512674020 5.000000000000 0.628772089346
v -1.280512674020 5.000000000000 0.551145905476
v -1.223742007459 4.173547416530 0.551145905476
v -1.223742007459 4.173547416530 0.628772089346
v -1.569749952992 4.852626245421 0.628772089346
v -1.569749952992 4.852626245421 0.551145905476
v -0.737481233936 2.355424167034 -0.017642267782
v -0.815047584198 2.358471416508 -0.017642267782
v -0.877148531293 0.777720035885 -0.015384051524
v -0.799582181032 0.774672786410 -0.015384051524
v -0.737476093200 2.355555022136 0.074097674233
v -0.815042443461 2.358602271611 0.074097674233
v -0.877143390557 0.777850890987 0.076355890491
v -0.799577040296 0.774803641513 0.076355890491
v -0.648531481604 1.754351755460 0.112614279090
v -0.764279321608 1.754351755460 0.228362119094
v -0.927971486756 1.754351755460 0.228362119094
v -1.043719326760 1.754351755460 0.112614279090
v -1.043719326760 1.754351755460 -0.051077886059
v -0.927971486756 1.754351755460 -0.166825726062
v -0.764279321608 1.754351755460 -0.166825726062
v -0.648531481604 1.754351755460 -0.051077886059
v -0.648531481604 2.169298992873 0.112614279090
v -0.764279321608 2.169298992873 0.228362119094
v -0.927971486756 2.169298992873 0.228362119094
v -1.043719326760 2.169298992873 0.112614279090
v -1.043719326760 2.169298992873 -0.051077886059
v -0.927971486756 2.169298992873 -0.166825726062
v -0.764279321608 2.169298992873 -0.166825726062
v -0.648531481604 2.169298992873 -0.051077886059
v -0.909637736439 2.105504383584 -0.039801061548
v -0.782613071925 2.105504383584 -0.039801061548
v -0.782613071925 2.260756751323 -0.039801061548
v -0.909637736439 2.260756751323 -0.039801061548
v -0.909637736439 2.105504383584 0.101337454579
v -0.782613071925 2.105504383584 0.101337454579
v -0.782613071925 2.260756751323 0.101337454579
v -0.909637736439 2.260756751323 0.101337454579
v -0.664056718378 1.290782299240 0.106183515459
v -0.770710085238 1.290782299240 0.212836882320
v -0.921540723125 1.290782299240 0.212836882320
v -1.028194089986 1.290782299240 0.106183515459
v -1.028194089986 1.290782299240 -0.044647122428
v -0.921540723125 1.290782299240 -0.151300489288
v -0.770710085238 1.290782299240 -0.151300489288
v -0.664056718378 1.290782299240 -0.044647122428
v -0.664056718378 1.673126539428 0.106183515459
v -0.770710085238 1.673126539428 0.212836882320
v -0.921540723125 1.673126539428 0.212836882320
v -1.028194089986 1.673126539428 0.106183515459
v -1.028194089986 1.673126539428 -0.044647122428
v -0.921540723125 1.673126539428 -0.151300489288
v -0.770710085238 1.673126539428 -0.151300489288
v -0.664056718378 1.673126539428 -0.044647122428
v -0.909637736439 1.608245163565 -0.039801061548
v -0.782613071925 1.608245163565 -0.039801061548
v -0.782613071925 1.763497531305 -0.039801061548
v -0.909637736439 1.763497531305 -0.039801061548
v -0.909637736439 1.608245163565 0.101337454579
v -0.782613071925 1.608245163565 0.101337454579
v -0.782613071925 1.763497531305 0.101337454579
v -0.909637736439 1.763497531305 0.101337454579
v -0.679581955152 0.827212843021 0.099752751828
v -0.777140848869 0.827212843021 0.197311645546
v -0.915109959494 0.827212843021 0.197311645546
v -1.012668853212 0.827212843021 0.099752751828
v -1.012668853212 0.827212843021 -0.038216358797
v -0.915109959494 0.827212843021 -0.135775252514
v -0.777140848869 0.827212843021 -0.135775252514
v -0.679581955152 0.827212843021 -0.038216358797
v -0.679581955152 1.176954085984 0.099752751828
v -0.777140848869 1.176954085984 0.197311645546
v -0.915109959494 1.176954085984 0.197311645546
v -1.012668853212 1.176954085984 0.099752751828
v -1.012668853212 1.176954085984 -0.038216358797
v -0.915109959494 1.176954085984 -0.135775252514
v -0.777140848869 1.176954085984 -0.135775252514
v -0.679581955152 1.176954085984 -0.038216358797
v -0.909637736439 1.110985943546 -0.039801061548
v -0.782613071925 1.110985943546 -0.039801061548
v -0.782613071925 1.266238311286 -0.039801061548
v -0.909637736439 1.266238311286 -0.039801061548
v -0.909637736439 1.110985943546 0.101337454579
v -0.782613071925 1.110985943546 0.101337454579
v -0.782613071925 1.266238311286 0.101337454579
v -0.909637736439 1.266238311286 0.101337454579
v 0.815051439715 2.358373276056 0.024699532407
v 0.737485089454 2.355326026582 0.024699532407
v 0.799586036550 0.774574645958 0.030345073052
v 0.877152386811 0.777621895433 0.030345073052
v 0.815038587944 2.358700412063 0.116438983720
v 0.737472237682 2.355653162588 0.116438983720
v 0.799573184778 0.774901781965 0.122084524365
v 0.877139535040 0.777949031439 0.122084524365
v 1.043719326760 1.754351755460 0.158766573864
v 0.927971486756 1.754351755460 0.274514413867
v 0.764279321608 1.754351755460 0.274514413867
v 0.648531481604 1.754351755460 0.158766573864
v 0.648531481604 1.754351755460 -0.004925591285
v 0.764279321608 1.754351755460 -0.120673431289
v 0.927971486756 1.754351755460 -0.120673431289
v 1.043719326760 1.754351755460 -0.004925591285
v 1.043719326760 2.169298992873 0.158766573864
v 0.927971486756 2.169298992873 0.274514413867
v 0.764279321608 2.169298992873 0.274514413867
v 0.648531481604 2.169298992873 0.158766573864
v 0.648531481604 2.169298992873 -0.004925591285
v 0.764279321608 2.169298992873 -0.120673431289
v 0.927971486756 2.169298992873 -0.120673431289
v 1.043719326760 2.169298992873 -0.004925591285
v 0.782613071925 2.105504383584 0.006351233226
v 0.909637736439 2.105504383584 0.006351233226
v 0.909637736439 2.260756751323 0.006351233226
v 0.782613071925 2.260756751323 0.006351233226
v 0.782613071925 2.105504383584 0.147489749353
v 0.909637736439 2.105504383584 0.147489749353
v 0.909637736439 2.260756751323 0.147489749353
v 0.782613071925 2.260756751323 0.147489749353
v 1.028194089986 1.290782299240 0.152335810233
v 0.921540723125 1.290782299240 0.258989177093
v 0.770710085238 1.290782299240 0.258989177093
v 0.664056718378 1.290782299240 0.152335810233
v 0.664056718378 1.290782299240 0.001505172346
v 0.770710085238 1.290782299240 -0.105148194515
v 0.921540723125 1.290782299240 -0.105148194515
v 1.028194089986 1.290782299240 0.001505172346
v 1.028194089986 1.673126539428 0.152335810233
v 0.921540723125 1.673126539428 0.258989177093
v 0.770710085238 1.673126539428 0.258989177093
v 0.664056718378 1.673126539428 0.152335810233
v 0.664056718378 1.673126539428 0.001505172346
v 0.770710085238 1.673126539428 -0.105148194515
v 0.921540723125 1.673126539428 -0.105148194515
v 1.028194089986 1.673126539428 0.001505172346
v 0.782613071925 1.608245163565 0.006351233226
v 0.909637736439 1.608245163565 0.006351233226
v 0.909637736439 1.763497531305 0.006351233226
v 0.782613071925 1.763497531305 0.006351233226
v 0.782613071925 1.608245163565 0.147489749353
v 0.909637736439 1.608245163565 0.147489749353
v 0.909637736439 1.763497531305 0.147489749353
v 0.782613071925 1.763497531305 0.147489749353
v 1.012668853212 0.827212843021 0.145905046602
v 0.915109959494 0.827212843021 0.243463940319
v 0.777140848869 0.827212843021 0.243463940319
v 0.679581955152 0.827212843021 0.145905046602
v 0.679581955152 0.827212843021 0.007935935977
v 0.777140848869 0.827212843021 -0.089622957741
v 0.915109959494 0.827212843021 -0.089622957741
v 1.012668853212 0.827212843021 0.007935935977
v 1.012668853212 1.176954085984 0.145905046602
v 0.915109959494 1.176954085984 0.243463940319
v 0.777140848869 1.176954085984 0.243463940319
v 0.679581955152 1.176954085984 0.145905046602
v 0.679581955152 1.176954085984 0.007935935977
v 0.777140848869 1.176954085984 -0.089622957741
v 0.915109959494 1.176954085984 -0.089622957741
v 1.012668853212 1.176954085984 0.007935935977
v 0.782613071925 1.110985943546 0.006351233226
v 0.909637736439 1.110985943546 0.006351233226
v 0.909637736439 1.266238311286 0.006351233226
v 0.782613071925 1.266238311286 0.006351233226
v 0.782613071925 1.110985943546 0.147489749353
v 0.909637736439 1.110985943546 0.147489749353
v 0.909637736439 1.266238311286 0.147489749353
v 0.782613071925 1.266238311286 0.147489749353
v 0.095273391232 2.355356170382 0.716312052717
v 0.017647524202 2.355134382190 0.716312052717
v 0.022163956718 0.774383001567 0.777283891684
v 0.099789823748 0.774604789758 0.777283891684
v 0.095263288700 2.358892056454 0.807983921455
v 0.017637421670 2.358670268263 0.807983921455
v 0.022153854186 0.777918887639 0.868955760422
v 0.099779721216 0.778140675831 0.868955760422
v 0.259130315609 1.754351755460 0.912587388498
v 0.143382475606 1.754351755460 1.028335228502
v -0.020309689543 1.754351755460 1.028335228502
v -0.136057529546 1.754351755460 0.912587388498
v -0.136057529546 1.754351755460 0.748895223350
v -0.020309689543 1.754351755460 0.633147383346
v 0.143382475606 1.754351755460 0.633147383346
v 0.259130315609 1.754351755460 0.748895223350
v 0.259130315609 2.169298992873 0.912587388498
v 0.143382475606 2.169298992873 1.028335228502
v -0.020309689543 2.169298992873 1.028335228502
v -0.136057529546 2.169298992873 0.912587388498
v -0.136057529546 2.169298992873 0.748895223350
v -0.020309689543 2.169298992873 0.633147383346
v 0.143382475606 2.169298992873 0.633147383346
v 0.259130315609 2.169298992873 0.748895223350
v -0.001975939226 2.105504383584 0.760172047860
v 0.125048725289 2.105504383584 0.760172047860
v 0.125048725289 2.260756751323 0.760172047860
v -0.001975939226 2.260756751323 0.760172047860
v -0.001975939226 2.105504383584 0.901310563987
v 0.125048725289 2.105504383584 0.901310563987
v 0.125048725289 2.260756751323 0.901310563987
v -0.001975939226 2.260756751323 0.901310563987
v 0.243605078835 1.290782299240 0.906156624867
v 0.136951711975 1.290782299240 1.012809991728
v -0.013878925912 1.290782299240 1.012809991728
v -0.120532292773 1.290782299240 0.906156624867
v -0.120532292773 1.290782299240 0.755325986981
v -0.013878925912 1.290782299240 0.648672620120
v 0.136951711975 1.290782299240 0.648672620120
v 0.243605078835 1.290782299240 0.755325986981
v 0.243605078835 1.673126539428 0.906156624867
v 0.136951711975 1.673126539428 1.012809991728
v -0.013878925912 1.673126539428 1.012809991728
v -0.120532292773 1.673126539428 0.906156624867
v -0.120532292773 1.673126539428 0.755325986981
v -0.013878925912 1.673126539428 0.648672620120
v 0.136951711975 1.673126539428 0.648672620120
v 0.243605078835 1.673126539428 0.755325986981
v -0.001975939226 1.608245163565 0.760172047860
v 0.125048725289 1.608245163565 0.760172047860
v 0.125048725289 1.763497531305 0.760172047860
v -0.001975939226 1.763497531305 0.760172047860
v -0.001975939226 1.608245163565 0.901310563987
v 0.125048725289 1.608245163565 0.901310563987
v 0.125048725289 1.763497531305 0.901310563987
v -0.001975939226 1.763497531305 0.901310563987
v 0.228079842061 0.827212843021 0.899725861237
v 0.130520948344 0.827212843021 0.997284754954
v -0.007448162281 0.827212843021 0.997284754954
v -0.105007055999 0.827212843021 0.899725861237
v -0.105007055999 0.827212843021 0.761756750611
v -0.007448162281 0.827212843021 0.664197856894
v 0.130520948344 0.827212843021 0.664197856894
v 0.228079842061 0.827212843021 0.761756750611
v 0.228079842061 1.176954085984 0.899725861237
v 0.130520948344 1.176954085984 0.997284754954
v -0.007448162281 1.176954085984 0.997284754954
v -0.105007055999 1.176954085984 0.899725861237
v -0.105007055999 1.176954085984 0.761756750611
v -0.007448162281 1.176954085984 0.664197856894
v 0.130520948344 1.176954085984 0.664197856894
v 0.228079842061 1.176954085984 0.761756750611
v -0.001975939226 1.110985943546 0.760172047860
v 0.125048725289 1.110985943546 0.760172047860
v 0.125048725289 1.266238311286 0.760172047860
v -0.001975939226 1.266238311286 0.760172047860
v -0.001975939226 1.110985943546 0.901310563987
v 0.125048725289 1.110985943546 0.901310563987
v 0.125048725289 1.266238311286 0.901310563987
v -0.001975939226 1.266238311286 0.901310563987
vt 0.020282753744 0.996093750000
vt 0.044264621338 0.996093750000
vt 0.061803599996 0.979145972870
vt 0.062625593891 0.955178196599
vt 0.046249090147 0.938230419469
vt 0.022267222553 0.938230419469
vt 0.004728243895 0.955178196600
vt 0.003906250000 0.979145972870
vt 0.020282753744 0.996093750000
vt 0.044264621338 0.996093750000
vt 0.061803599996 0.979145972870
vt 0.062625593891 0.955178196599
vt 0.046249090147 0.938230419469
vt 0.022267222553 0.938230419469
vt 0.004728243895 0.955178196600
vt 0.003906250000 0.979145972870
vt 0.003906250000 0.996093750000
vt 0.115714418244 0.996093750000
vt 0.115714418244 0.972111882406
vt 0.003906250000 0.972111882406
vt 0.003906250000 0.996093750000
vt 0.115714418244 0.996093750000
vt 0.115714418244 0.971704348161
vt 0.003906250000 0.971704348161
vt 0.003906250000 0.996093750000
vt 0.115714418244 0.996093750000
vt 0.115714418244 0.972111882406
vt 0.003906250000 0.972111882406
vt 0.003906250000 0.996093750000
vt 0.115714418244 0.996093750000
vt 0.115714418244 0.972526462830
vt 0.003906250000 0.972526462830
vt 0.003906250000 0.996093750000
vt 0.115714418244 0.996093750000
vt 0.115714418244 0.972111882406
vt 0.003906250000 0.972111882406
vt 0.003906250000 0.996093750000
vt 0.115714418244 0.996093750000
vt 0.115714418244 0.971704348161
vt 0.003906250000 0.971704348161
vt 0.003906250000 0.996093750000
vt 0.115714418244 0.996093750000
vt 0.115714418244 0.972111882406
vt 0.003906250000 0.972111882406
vt 0.003906250000 0.996093750000
vt 0.115714418244 0.996093750000
vt 0.115714418244 0.972526462830
vt 0.003906250000 0.972526462830
vt 0.089843750000 0.914062500000
vt 0.183127488003 0.914062500000
vt 0.183127488003 0.890245375404
vt 0.089843750000 0.890245375404
vt 0.089843750000 0.914062500000
vt 0.113660874596 0.914062500000
vt 0.113660874596 0.820778761997
vt 0.089843750000 0.820778761997
vt 0.089843750000 0.914062500000
vt 0.095798031149 0.914062500000
vt 0.095798031149 0.820778761997
vt 0.089843750000 0.820778761997
vt 0.089843750000 0.914062500000
vt 0.183127488003 0.914062500000
vt 0.183127488003 0.908108218851
vt 0.089843750000 0.908108218851
vt 0.089843750000 0.914062500000
vt 0.095798031149 0.914062500000
vt 0.095798031149 0.890245375404
vt 0.089843750000 0.890245375404
vt 0.089843750000 0.914062500000
vt 0.113660874596 0.914062500000
vt 0.113660874596 0.908108218851
vt 0.089843750000 0.908108218851
vt 0.089843750000 0.914062500000
vt 0.112337701008 0.914062500000
vt 0.112337701008 0.882306333871
vt 0.089843750000 0.882306333871
vt 0.089843750000 0.914062500000
vt 0.121599916129 0.914062500000
vt 0.121599916129 0.891568548992
vt 0.089843750000 0.891568548992
vt 0.089843750000 0.914062500000
vt 0.122261502923 0.914062500000
vt 0.122261502923 0.891568548992
vt 0.089843750000 0.891568548992
vt 0.089843750000 0.914062500000
vt 0.112337701008 0.914062500000
vt 0.112337701008 0.881644747077
vt 0.089843750000 0.881644747077
vt 0.089843750000 0.914062500000
vt 0.122261502923 0.914062500000
vt 0.122261502923 0.882306333871
vt 0.089843750000 0.882306333871
vt 0.089843750000 0.914062500000
vt 0.121599916129 0.914062500000
vt 0.121599916129 0.881644747077
vt 0.089843750000 0.881644747077
vt 0.089843750000 0.914062500000
vt 0.112337701008 0.914062500000
vt 0.112337701008 0.882306333871
vt 0.089843750000 0.882306333871
vt 0.089843750000 0.914062500000
vt 0.121599916129 0.914062500000
vt 0.121599916129 0.891568548992
vt 0.089843750000 0.891568548992
vt 0.089843750000 0.914062500000
vt 0.122261502923 0.914062500000
vt 0.122261502923 0.891568548992
vt 0.089843750000 0.891568548992
vt 0.089843750000 0.914062500000
vt 0.112337701008 0.914062500000
vt 0.112337701008 0.881644747077
vt 0.089843750000 0.881644747077
vt 0.089843750000 0.914062500000
vt 0.122261502923 0.914062500000
vt 0.122261502923 0.882306333871
vt 0.089843750000 0.882306333871
vt 0.089843750000 0.914062500000
vt 0.121599916129 0.914062500000
vt 0.121599916129 0.881644747077
vt 0.089843750000 0.881644747077
vt 0.089843750000 0.914062500000
vt 0.112337701008 0.914062500000
vt 0.112337701008 0.882306333871
vt 0.089843750000 0.882306333871
vt 0.089843750000 0.914062500000
vt 0.121599916129 0.914062500000
vt 0.121599916129 0.891568548992
vt 0.089843750000 0.891568548992
vt 0.089843750000 0.914062500000
vt 0.122261502923 0.914062500000
vt 0.122261502923 0.891568548992
vt 0.089843750000 0.891568548992
vt 0.089843750000 0.914062500000
vt 0.112337701008 0.914062500000
vt 0.112337701008 0.881644747077
vt 0.089843750000 0.881644747077
vt 0.089843750000 0.914062500000
vt 0.122261502923 0.914062500000
vt 0.122261502923 0.882306333871
vt 0.089843750000 0.882306333871
vt 0.089843750000 0.914062500000
vt 0.121599916129 0.914062500000
vt 0.121599916129 0.881644747077
vt 0.089843750000 0.881644747077
vt 0.089843750000 0.914062500000
vt 0.112337701008 0.914062500000
vt 0.112337701008 0.882306333871
vt 0.089843750000 0.882306333871
vt 0.089843750000 0.914062500000
vt 0.121599916129 0.914062500000
vt 0.121599916129 0.891568548992
vt 0.089843750000 0.891568548992
vt 0.089843750000 0.914062500000
vt 0.122261502923 0.914062500000
vt 0.122261502923 0.891568548992
vt 0.089843750000 0.891568548992
vt 0.089843750000 0.914062500000
vt 0.112337701008 0.914062500000
vt 0.112337701008 0.881644747077
vt 0.089843750000 0.881644747077
vt 0.089843750000 0.914062500000
vt 0.122261502923 0.914062500000
vt 0.122261502923 0.882306333871
vt 0.089843750000 0.882306333871
vt 0.089843750000 0.914062500000
vt 0.121599916129 0.914062500000
vt 0.121599916129 0.881644747077
vt 0.089843750000 0.881644747077
vt 0.210978411751 0.914062500000
vt 0.239205678962 0.914062500000
vt 0.259552901328 0.894106570371
vt 0.260100951945 0.865884624041
vt 0.240528790194 0.845928694412
vt 0.212301522984 0.845928694412
vt 0.191954300617 0.865884624041
vt 0.191406250000 0.894106570371
vt 0.210978411751 0.914062500000
vt 0.239205678962 0.914062500000
vt 0.259552901328 0.894106570371
vt 0.260100951945 0.865884624041
vt 0.240528790194 0.845928694412
vt 0.212301522984 0.845928694412
vt 0.191954300617 0.865884624041
vt 0.191406250000 0.894106570371
vt 0.191406250000 0.914062500000
vt 0.209930680242 0.914062500000
vt 0.209930680242 0.885835232790
vt 0.191406250000 0.885835232790
vt 0.191406250000 0.914062500000
vt 0.209930680242 0.914062500000
vt 0.209930680242 0.885562524818
vt 0.191406250000 0.885562524818
vt 0.191406250000 0.914062500000
vt 0.209930680242 0.914062500000
vt 0.209930680242 0.885835232790
vt 0.191406250000 0.885835232790
vt 0.191406250000 0.914062500000
vt 0.209930680242 0.914062500000
vt 0.209930680242 0.886110601264
vt 0.191406250000 0.886110601264
vt 0.191406250000 0.914062500000
vt 0.209930680242 0.914062500000
vt 0.209930680242 0.885835232790
vt 0.191406250000 0.885835232790
vt 0.191406250000 0.914062500000
vt 0.209930680242 0.914062500000
vt 0.209930680242 0.885562524818
vt 0.191406250000 0.885562524818
vt 0.191406250000 0.914062500000
vt 0.209930680242 0.914062500000
vt 0.209930680242 0.885835232790
vt 0.191406250000 0.885835232790
vt 0.191406250000 0.914062500000
vt 0.209930680242 0.914062500000
vt 0.209930680242 0.886110601264
vt 0.191406250000 0.886110601264
vt 0.213012300075 0.914062500000
vt 0.243841904638 0.914062500000
vt 0.265835499457 0.892263538763
vt 0.266109534973 0.861435152137
vt 0.244503484898 0.839636190900
vt 0.213673880336 0.839636190900
vt 0.191680285516 0.861435152137
vt 0.191406250000 0.892263538763
vt 0.213012300075 0.914062500000
vt 0.243841904638 0.914062500000
vt 0.265835499457 0.892263538763
vt 0.266109534973 0.861435152137
vt 0.244503484898 0.839636190900
vt 0.213673880336 0.839636190900
vt 0.191680285516 0.861435152137
vt 0.191406250000 0.892263538763
vt 0.191406250000 0.914062500000
vt 0.217208134979 0.914062500000
vt 0.217208134979 0.883232895438
vt 0.191406250000 0.883232895438
vt 0.191406250000 0.914062500000
vt 0.217208134979 0.914062500000
vt 0.217208134979 0.883096180812
vt 0.191406250000 0.883096180812
vt 0.191406250000 0.914062500000
vt 0.217208134979 0.914062500000
vt 0.217208134979 0.883232895438
vt 0.191406250000 0.883232895438
vt 0.191406250000 0.914062500000
vt 0.217208134979 0.914062500000
vt 0.217208134979 0.883370219035
vt 0.191406250000 0.883370219035
vt 0.191406250000 0.914062500000
vt 0.217208134979 0.914062500000
vt 0.217208134979 0.883232895438
vt 0.191406250000 0.883232895438
vt 0.191406250000 0.914062500000
vt 0.217208134979 0.914062500000
vt 0.217208134979 0.883096180812
vt 0.191406250000 0.883096180812
vt 0.191406250000 0.914062500000
vt 0.217208134979 0.914062500000
vt 0.217208134979 0.883232895438
vt 0.191406250000 0.883232895438
vt 0.191406250000 0.914062500000
vt 0.217208134979 0.914062500000
vt 0.217208134979 0.883370219035
vt 0.191406250000 0.883370219035
vt 0.354958144286 0.914062500000
vt 0.376333125673 0.914062500000
vt 0.391447519959 0.898948105714
vt 0.391447519959 0.877573124327
vt 0.376333125673 0.862458730041
vt 0.354958144286 0.862458730041
vt 0.339843750000 0.877573124327
vt 0.339843750000 0.898948105714
vt 0.354958144286 0.914062500000
vt 0.376333125673 0.914062500000
vt 0.391447519959 0.898948105714
vt 0.391447519959 0.877573124327
vt 0.376333125673 0.862458730041
vt 0.354958144286 0.862458730041
vt 0.339843750000 0.877573124327
vt 0.339843750000 0.898948105714
vt 0.339843750000 0.914062500000
vt 0.354398659476 0.914062500000
vt 0.354398659476 0.892687518613
vt 0.339843750000 0.892687518613
vt 0.339843750000 0.914062500000
vt 0.354398659476 0.914062500000
vt 0.354398659476 0.892687518613
vt 0.339843750000 0.892687518613
vt 0.339843750000 0.914062500000
vt 0.354398659476 0.914062500000
vt 0.354398659476 0.892687518613
vt 0.339843750000 0.892687518613
vt 0.339843750000 0.914062500000
vt 0.354398659476 0.914062500000
vt 0.354398659476 0.892687518613
vt 0.339843750000 0.892687518613
vt 0.339843750000 0.914062500000
vt 0.354398659476 0.914062500000
vt 0.354398659476 0.892687518613
vt 0.339843750000 0.892687518613
vt 0.339843750000 0.914062500000
vt 0.354398659476 0.914062500000
vt 0.354398659476 0.892687518613
vt 0.339843750000 0.892687518613
vt 0.339843750000 0.914062500000
vt 0.354398659476 0.914062500000
vt 0.354398659476 0.892687518613
vt 0.339843750000 0.892687518613
vt 0.339843750000 0.914062500000
vt 0.354398659476 0.914062500000
vt 0.354398659476 0.892687518613
vt 0.339843750000 0.892687518613
vt 0.003906250000 0.914062500000
vt 0.034339242540 0.914062500000
vt 0.034339242540 0.883629507460
vt 0.003906250000 0.883629507460
vt 0.613281250000 0.914062500000
vt 0.643714242540 0.914062500000
vt 0.643714242540 0.883629507460
vt 0.613281250000 0.883629507460
vt 0.613281250000 0.914062500000
vt 0.615596803780 0.914062500000
vt 0.615596803780 0.883629507460
vt 0.613281250000 0.883629507460
vt 0.613281250000 0.914062500000
vt 0.643714242540 0.914062500000
vt 0.643714242540 0.911746946220
vt 0.613281250000 0.911746946220
vt 0.613281250000 0.914062500000
vt 0.615596803780 0.914062500000
vt 0.615596803780 0.883629507460
vt 0.613281250000 0.883629507460
vt 0.613281250000 0.914062500000
vt 0.643714242540 0.914062500000
vt 0.643714242540 0.911746946220
vt 0.613281250000 0.911746946220
vt 0.191406250000 0.914062500000
vt 0.225477969909 0.914062500000
vt 0.225477969909 0.876352052722
vt 0.191406250000 0.876352052722
vt 0.191406250000 0.914062500000
vt 0.229116697278 0.914062500000
vt 0.229116697278 0.879990780091
vt 0.191406250000 0.879990780091
vt 0.191406250000 0.914062500000
vt 0.205961159476 0.914062500000
vt 0.205961159476 0.879990780091
vt 0.191406250000 0.879990780091
vt 0.191406250000 0.914062500000
vt 0.225477969909 0.914062500000
vt 0.225477969909 0.899507590524
vt 0.191406250000 0.899507590524
vt 0.191406250000 0.914062500000
vt 0.205961159476 0.914062500000
vt 0.205961159476 0.876352052722
vt 0.191406250000 0.876352052722
vt 0.191406250000 0.914062500000
vt 0.229116697278 0.914062500000
vt 0.229116697278 0.899507590524
vt 0.191406250000 0.899507590524
vt 0.402343750000 0.914062500000
vt 0.434761502923 0.914062500000
vt 0.434761502923 0.884271246651
vt 0.402343750000 0.884271246651
vt 0.402343750000 0.914062500000
vt 0.432135003349 0.914062500000
vt 0.432135003349 0.881644747077
vt 0.402343750000 0.881644747077
vt 0.402343750000 0.914062500000
vt 0.403269971512 0.914062500000
vt 0.403269971512 0.881644747077
vt 0.402343750000 0.881644747077
vt 0.402343750000 0.914062500000
vt 0.434761502923 0.914062500000
vt 0.434761502923 0.913136278488
vt 0.402343750000 0.913136278488
vt 0.402343750000 0.914062500000
vt 0.403269971512 0.914062500000
vt 0.403269971512 0.884271246651
vt 0.402343750000 0.884271246651
vt 0.402343750000 0.914062500000
vt 0.432135003349 0.914062500000
vt 0.432135003349 0.913136278488
vt 0.402343750000 0.913136278488
vt 0.570312500000 0.914062500000
vt 0.604053426512 0.914062500000
vt 0.604053426512 0.883139933232
vt 0.570312500000 0.883139933232
vt 0.570312500000 0.914062500000
vt 0.601235066768 0.914062500000
vt 0.601235066768 0.880321573488
vt 0.570312500000 0.880321573488
vt 0.570312500000 0.914062500000
vt 0.571371038871 0.914062500000
vt 0.571371038871 0.880321573488
vt 0.570312500001 0.880321573488
vt 0.570312500000 0.914062500000
vt 0.604053426512 0.914062500000
vt 0.604053426512 0.913003961129
vt 0.570312500000 0.913003961129
vt 0.570312500000 0.914062500000
vt 0.571371038871 0.914062500000
vt 0.571371038871 0.883139933232
vt 0.570312500000 0.883139933232
vt 0.570312500000 0.914062500000
vt 0.601235066768 0.914062500000
vt 0.601235066768 0.913003961129
vt 0.570312500000 0.913003961129
vt 0.523437500000 0.914062500000
vt 0.559163186895 0.914062500000
vt 0.559163186895 0.910423772631
vt 0.523437500000 0.910423772631
vt 0.523437500000 0.914062500000
vt 0.527076227369 0.914062500000
vt 0.527076227369 0.878336813105
vt 0.523437500000 0.878336813105
vt 0.523437500000 0.914062500000
vt 0.538653996270 0.914062500000
vt 0.538653996270 0.878336813105
vt 0.523437500000 0.878336813105
vt 0.523437500000 0.914062500000
vt 0.559163186895 0.914062500000
vt 0.559163186895 0.898846003730
vt 0.523437500000 0.898846003730
vt 0.523437500000 0.914062500000
vt 0.538653996270 0.914062500000
vt 0.538653996270 0.910423772631
vt 0.523437500000 0.910423772631
vt 0.523437500000 0.914062500000
vt 0.527076227369 0.914062500000
vt 0.527076227369 0.898846003730
vt 0.523437500000 0.898846003730
vt 0.523437500000 0.914062500000
vt 0.559163186895 0.914062500000
vt 0.559163186895 0.910423772631
vt 0.523437500000 0.910423772631
vt 0.523437500000 0.914062500000
vt 0.527076227369 0.914062500000
vt 0.527076227369 0.878336813105
vt 0.523437500000 0.878336813105
vt 0.523437500000 0.914062500000
vt 0.538653996270 0.914062500000
vt 0.538653996270 0.878336813105
vt 0.523437500000 0.878336813105
vt 0.523437500000 0.914062500000
vt 0.559163186895 0.914062500000
vt 0.559163186895 0.898846003730
vt 0.523437500000 0.898846003730
vt 0.523437500000 0.914062500000
vt 0.538653996270 0.914062500000
vt 0.538653996270 0.910423772631
vt 0.523437500000 0.910423772631
vt 0.523437500000 0.914062500000
vt 0.527076227369 0.914062500000
vt 0.527076227369 0.898846003730
vt 0.523437500000 0.898846003730
vt 0.191406250000 0.914062500000
vt 0.225477969909 0.914062500000
vt 0.225477969909 0.849226994154
vt 0.191406250000 0.849226994154
vt 0.191406250000 0.914062500000
vt 0.256241755846 0.914062500000
vt 0.256241755846 0.879990780091
vt 0.191406250000 0.879990780091
vt 0.191406250000 0.914062500000
vt 0.205961159476 0.914062500000
vt 0.205961159476 0.879990780091
vt 0.191406250000 0.879990780091
vt 0.191406250000 0.914062500000
vt 0.225477969909 0.914062500000
vt 0.225477969909 0.899507590524
vt 0.191406250000 0.899507590524
vt 0.191406250000 0.914062500000
vt 0.205961159476 0.914062500000
vt 0.205961159476 0.849226994154
vt 0.191406250000 0.849226994154
vt 0.191406250000 0.914062500000
vt 0.256241755846 0.914062500000
vt 0.256241755846 0.899507590524
vt 0.191406250000 0.899507590524
vt 0.402343750000 0.914062500000
vt 0.434761502923 0.914062500000
vt 0.434761502923 0.862842450382
vt 0.402343750000 0.862842450382
vt 0.402343750000 0.914062500000
vt 0.453563799618 0.914062500000
vt 0.453563799618 0.881644747077
vt 0.402343750000 0.881644747077
vt 0.402343750000 0.914062500000
vt 0.403269971512 0.914062500000
vt 0.403269971513 0.881644747077
vt 0.402343750001 0.881644747077
vt 0.402343750000 0.914062500000
vt 0.434761502923 0.914062500000
vt 0.434761502923 0.913136278488
vt 0.402343750000 0.913136278488
vt 0.402343750000 0.914062500000
vt 0.403269971512 0.914062500000
vt 0.403269971512 0.862842450382
vt 0.402343750000 0.862842450382
vt 0.402343750000 0.914062500000
vt 0.453563799618 0.914062500000
vt 0.453563799618 0.913136278488
vt 0.402343750000 0.913136278488
vt 0.277343750000 0.914062500000
vt 0.311084676512 0.914062500000
vt 0.311084676512 0.860897385206
vt 0.277343750000 0.860897385206
vt 0.277343750000 0.914062500000
vt 0.330508864794 0.914062500000
vt 0.330508864794 0.880321573488
vt 0.277343750000 0.880321573488
vt 0.277343750000 0.914062500000
vt 0.278402288871 0.914062500000
vt 0.278402288871 0.880321573488
vt 0.277343750000 0.880321573488
vt 0.277343750000 0.914062500000
vt 0.311084676512 0.914062500000
vt 0.311084676512 0.913003961129
vt 0.277343750000 0.913003961129
vt 0.277343750000 0.914062500000
vt 0.278402288871 0.914062500000
vt 0.278402288871 0.860897385206
vt 0.277343750000 0.860897385206
vt 0.277343750000 0.914062500000
vt 0.330508864794 0.914062500000
vt 0.330508864794 0.913003961129
vt 0.277343750000 0.913003961129
vt 0.523437500000 0.914062500000
vt 0.559163186895 0.914062500000
vt 0.559163186895 0.910423772631
vt 0.523437500000 0.910423772631
vt 0.523437500000 0.914062500000
vt 0.527076227369 0.914062500000
vt 0.527076227369 0.878336813105
vt 0.523437500000 0.878336813105
vt 0.523437500000 0.914062500000
vt 0.538653996270 0.914062500000
vt 0.538653996270 0.878336813105
vt 0.523437500000 0.878336813105
vt 0.523437500000 0.914062500000
vt 0.559163186895 0.914062500000
vt 0.559163186895 0.898846003730
vt 0.523437500000 0.898846003730
vt 0.523437500000 0.914062500000
vt 0.538653996270 0.914062500000
vt 0.538653996270 0.910423772631
vt 0.523437500000 0.910423772631
vt 0.523437500000 0.914062500000
vt 0.527076227369 0.914062500000
vt 0.527076227369 0.898846003730
vt 0.523437500000 0.898846003730
vt 0.523437500000 0.914062500000
vt 0.559163186895 0.914062500000
vt 0.559163186895 0.910423772631
vt 0.523437500000 0.910423772631
vt 0.523437500000 0.914062500000
vt 0.527076227369 0.914062500000
vt 0.527076227369 0.878336813105
vt 0.523437500000 0.878336813105
vt 0.523437500000 0.914062500000
vt 0.538653996270 0.914062500000
vt 0.538653996270 0.878336813105
vt 0.523437500000 0.878336813105
vt 0.523437500000 0.914062500000
vt 0.559163186895 0.914062500000
vt 0.559163186895 0.898846003730
vt 0.523437500000 0.898846003730
vt 0.523437500000 0.914062500000
vt 0.538653996270 0.914062500000
vt 0.538653996270 0.910423772631
vt 0.523437500000 0.910423772631
vt 0.523437500000 0.914062500000
vt 0.527076227369 0.914062500000
vt 0.527076227369 0.898846003730
vt 0.523437500000 0.898846003730
vt 0.191406250000 0.914062500000
vt 0.225477969909 0.914062500000
vt 0.225477969909 0.855842862098
vt 0.191406250000 0.855842862098
vt 0.191406250000 0.914062500000
vt 0.249625887902 0.914062500000
vt 0.249625887902 0.879990780091
vt 0.191406250000 0.879990780091
vt 0.191406250000 0.914062500000
vt 0.205961159476 0.914062500000
vt 0.205961159476 0.879990780091
vt 0.191406250000 0.879990780091
vt 0.191406250000 0.914062500000
vt 0.225477969909 0.914062500000
vt 0.225477969909 0.899507590524
vt 0.191406250000 0.899507590524
vt 0.191406250000 0.914062500000
vt 0.205961159476 0.914062500000
vt 0.205961159476 0.855842862098
vt 0.191406250000 0.855842862098
vt 0.191406250000 0.914062500000
vt 0.249625887902 0.914062500000
vt 0.249625887902 0.899507590524
vt 0.191406250000 0.899507590524
vt 0.402343750000 0.914062500000
vt 0.434761502923 0.914062500000
vt 0.434761502923 0.868068986057
vt 0.402343750000 0.868068986057
vt 0.402343750000 0.914062500000
vt 0.448337263943 0.914062500000
vt 0.448337263943 0.881644747077
vt 0.402343750000 0.881644747077
vt 0.402343750000 0.914062500000
vt 0.403269971512 0.914062500000
vt 0.403269971513 0.881644747077
vt 0.402343750000 0.881644747077
vt 0.402343750000 0.914062500000
vt 0.434761502923 0.914062500000
vt 0.434761502923 0.913136278488
vt 0.402343750000 0.913136278488
vt 0.402343750000 0.914062500000
vt 0.403269971512 0.914062500000
vt 0.403269971512 0.868068986057
vt 0.402343750000 0.868068986057
vt 0.402343750000 0.914062500000
vt 0.448337263943 0.914062500000
vt 0.448337263943 0.913136278488
vt 0.402343750000 0.913136278488
vt 0.464843750000 0.914062500000
vt 0.498584676512 0.914062500000
vt 0.498584676512 0.866322396920
vt 0.464843750000 0.866322396920
vt 0.464843750000 0.914062500000
vt 0.512583853080 0.914062500000
vt 0.512583853080 0.880321573488
vt 0.464843750000 0.880321573488
vt 0.464843750000 0.914062500000
vt 0.465902288871 0.914062500000
vt 0.465902288871 0.880321573488
vt 0.464843750000 0.880321573488
vt 0.464843750000 0.914062500000
vt 0.498584676512 0.914062500000
vt 0.498584676512 0.913003961129
vt 0.464843750000 0.913003961129
vt 0.464843750000 0.914062500000
vt 0.465902288871 0.914062500000
vt 0.465902288871 0.866322396920
vt 0.464843750000 0.866322396920
vt 0.464843750000 0.914062500000
vt 0.512583853080 0.914062500000
vt 0.512583853080 0.913003961129
vt 0.464843750000 0.913003961129
vt 0.523437500000 0.914062500000
vt 0.559163186895 0.914062500000
vt 0.559163186895 0.910423772631
vt 0.523437500000 0.910423772631
vt 0.523437500000 0.914062500000
vt 0.527076227369 0.914062500000
vt 0.527076227369 0.878336813105
vt 0.523437500000 0.878336813105
vt 0.523437500000 0.914062500000
vt 0.538653996270 0.914062500000
vt 0.538653996270 0.878336813105
vt 0.523437500000 0.878336813105
vt 0.523437500000 0.914062500000
vt 0.559163186895 0.914062500000
vt 0.559163186895 0.898846003730
vt 0.523437500000 0.898846003730
vt 0.523437500000 0.914062500000
vt 0.538653996270 0.914062500000
vt 0.538653996270 0.910423772631
vt 0.523437500000 0.910423772631
vt 0.523437500000 0.914062500000
vt 0.527076227369 0.914062500000
vt 0.527076227369 0.898846003730
vt 0.523437500000 0.898846003730
vt 0.042968750000 0.914062500000
vt 0.078694436895 0.914062500000
vt 0.078694436895 0.910423772631
vt 0.042968750000 0.910423772631
vt 0.523437500000 0.914062500000
vt 0.527076227369 0.914062500000
vt 0.527076227369 0.878336813105
vt 0.523437500000 0.878336813105
vt 0.523437500000 0.914062500000
vt 0.538653996270 0.914062500000
vt 0.538653996270 0.878336813105
vt 0.523437500000 0.878336813105
vt 0.523437500000 0.914062500000
vt 0.559163186895 0.914062500000
vt 0.559163186895 0.898846003730
vt 0.523437500000 0.898846003730
vt 0.523437500000 0.914062500000
vt 0.538653996270 0.914062500000
vt 0.538653996270 0.910423772631
vt 0.523437500000 0.910423772631
vt 0.523437500000 0.914062500000
vt 0.527076227369 0.914062500000
vt 0.527076227369 0.898846003730
vt 0.523437500000 0.898846003730
vt 0.191406250000 0.914062500000
vt 0.225477969909 0.914062500000
vt 0.225477969909 0.876352052722
vt 0.191406250000 0.876352052722
vt 0.191406250000 0.914062500000
vt 0.229116697278 0.914062500000
vt 0.229116697278 0.879990780091
vt 0.191406250000 0.879990780091
vt 0.191406250000 0.914062500000
vt 0.205961159476 0.914062500000
vt 0.205961159476 0.879990780091
vt 0.191406250000 0.879990780091
vt 0.191406250000 0.914062500000
vt 0.225477969909 0.914062500000
vt 0.225477969909 0.899507590524
vt 0.191406250000 0.899507590524
vt 0.191406250000 0.914062500000
vt 0.205961159476 0.914062500000
vt 0.205961159476 0.876352052722
vt 0.191406250000 0.876352052722
vt 0.191406250000 0.914062500000
vt 0.229116697278 0.914062500000
vt 0.229116697278 0.899507590524
vt 0.191406250000 0.899507590524
vt 0.402343750000 0.914062500000
vt 0.434761502923 0.914062500000
vt 0.434761502923 0.884271246651
vt 0.402343750000 0.884271246651
vt 0.402343750000 0.914062500000
vt 0.432135003349 0.914062500000
vt 0.432135003349 0.881644747077
vt 0.402343750000 0.881644747077
vt 0.402343750000 0.914062500000
vt 0.403269971512 0.914062500000
vt 0.403269971512 0.881644747077
vt 0.402343750000 0.881644747077
vt 0.402343750000 0.914062500000
vt 0.434761502923 0.914062500000
vt 0.434761502923 0.913136278488
vt 0.402343750000 0.913136278488
vt 0.402343750000 0.914062500000
vt 0.403269971512 0.914062500000
vt 0.403269971512 0.884271246651
vt 0.402343750000 0.884271246651
vt 0.402343750000 0.914062500000
vt 0.432135003349 0.914062500000
vt 0.432135003349 0.913136278488
vt 0.402343750000 0.913136278488
vt 0.570312500000 0.914062500000
vt 0.604053426512 0.914062500000
vt 0.604053426512 0.883139933232
vt 0.570312500000 0.883139933232
vt 0.570312500000 0.914062500000
vt 0.601235066768 0.914062500000
vt 0.601235066768 0.880321573488
vt 0.570312500000 0.880321573488
vt 0.570312500000 0.914062500000
vt 0.571371038871 0.914062500000
vt 0.571371038871 0.880321573488
vt 0.570312500001 0.880321573488
vt 0.570312500000 0.914062500000
vt 0.604053426512 0.914062500000
vt 0.604053426512 0.913003961129
vt 0.570312500000 0.913003961129
vt 0.570312500000 0.914062500000
vt 0.571371038871 0.914062500000
vt 0.571371038871 0.883139933232
vt 0.570312500000 0.883139933232
vt 0.570312500000 0.914062500000
vt 0.601235066768 0.914062500000
vt 0.601235066768 0.913003961129
vt 0.570312500000 0.913003961129
vt 0.523437500000 0.914062500000
vt 0.559163186895 0.914062500000
vt 0.559163186895 0.910423772631
vt 0.523437500000 0.910423772631
vt 0.523437500000 0.914062500000
vt 0.527076227369 0.914062500000
vt 0.527076227369 0.878336813105
vt 0.523437500000 0.878336813105
vt 0.523437500000 0.914062500000
vt 0.538653996270 0.914062500000
vt 0.538653996270 0.878336813105
vt 0.523437500000 0.878336813105
vt 0.523437500000 0.914062500000
vt 0.559163186895 0.914062500000
vt 0.559163186895 0.898846003730
vt 0.523437500000 0.898846003730
vt 0.523437500000 0.914062500000
vt 0.538653996270 0.914062500000
vt 0.538653996270 0.910423772631
vt 0.523437500000 0.910423772631
vt 0.523437500000 0.914062500000
vt 0.527076227369 0.914062500000
vt 0.527076227369 0.898846003730
vt 0.523437500000 0.898846003730
vt 0.523437500000 0.914062500000
vt 0.559163186895 0.914062500000
vt 0.559163186895 0.910423772631
vt 0.523437500000 0.910423772631
vt 0.523437500000 0.914062500000
vt 0.527076227369 0.914062500000
vt 0.527076227369 0.878336813105
vt 0.523437500000 0.878336813105
vt 0.523437500000 0.914062500000
vt 0.538653996270 0.914062500000
vt 0.538653996270 0.878336813105
vt 0.523437500000 0.878336813105
vt 0.523437500000 0.914062500000
vt 0.559163186895 0.914062500000
vt 0.559163186895 0.898846003730
vt 0.523437500000 0.898846003730
vt 0.523437500000 0.914062500000
vt 0.538653996270 0.914062500000
vt 0.538653996270 0.910423772631
vt 0.523437500000 0.910423772631
vt 0.523437500000 0.914062500000
vt 0.527076227369 0.914062500000
vt 0.527076227369 0.898846003730
vt 0.523437500000 0.898846003730
vt 0.191406250000 0.914062500000
vt 0.225477969909 0.914062500000
vt 0.225477969909 0.849226994154
vt 0.191406250000 0.849226994154
vt 0.191406250000 0.914062500000
vt 0.256241755846 0.914062500000
vt 0.256241755846 0.879990780091
vt 0.191406250000 0.879990780091
vt 0.191406250000 0.914062500000
vt 0.205961159476 0.914062500000
vt 0.205961159476 0.879990780091
vt 0.191406250000 0.879990780091
vt 0.191406250000 0.914062500000
vt 0.225477969909 0.914062500000
vt 0.225477969909 0.899507590524
vt 0.191406250000 0.899507590524
vt 0.191406250000 0.914062500000
vt 0.205961159476 0.914062500000
vt 0.205961159476 0.849226994154
vt 0.191406250000 0.849226994154
vt 0.191406250000 0.914062500000
vt 0.256241755846 0.914062500000
vt 0.256241755846 0.899507590524
vt 0.191406250000 0.899507590524
vt 0.402343750000 0.914062500000
vt 0.434761502923 0.914062500000
vt 0.434761502923 0.862842450382
vt 0.402343750000 0.862842450382
vt 0.402343750000 0.914062500000
vt 0.453563799618 0.914062500000
vt 0.453563799618 0.881644747077
vt 0.402343750000 0.881644747077
vt 0.402343750000 0.914062500000
vt 0.403269971512 0.914062500000
vt 0.403269971513 0.881644747077
vt 0.402343750001 0.881644747077
vt 0.402343750000 0.914062500000
vt 0.434761502923 0.914062500000
vt 0.434761502923 0.913136278488
vt 0.402343750000 0.913136278488
vt 0.402343750000 0.914062500000
vt 0.403269971512 0.914062500000
vt 0.403269971512 0.862842450382
vt 0.402343750000 0.862842450382
vt 0.402343750000 0.914062500000
vt 0.453563799618 0.914062500000
vt 0.453563799618 0.913136278488
vt 0.402343750000 0.913136278488
vt 0.277343750000 0.914062500000
vt 0.311084676512 0.914062500000
vt 0.311084676512 0.860897385206
vt 0.277343750000 0.860897385206
vt 0.277343750000 0.914062500000
vt 0.330508864794 0.914062500000
vt 0.330508864794 0.880321573488
vt 0.277343750000 0.880321573488
vt 0.277343750000 0.914062500000
vt 0.278402288871 0.914062500000
vt 0.278402288871 0.880321573488
vt 0.277343750000 0.880321573488
vt 0.277343750000 0.914062500000
vt 0.311084676512 0.914062500000
vt 0.311084676512 0.913003961129
vt 0.277343750000 0.913003961129
vt 0.277343750000 0.914062500000
vt 0.278402288871 0.914062500000
vt 0.278402288871 0.860897385206
vt 0.277343750000 0.860897385206
vt 0.277343750000 0.914062500000
vt 0.330508864794 0.914062500000
vt 0.330508864794 0.913003961129
vt 0.277343750000 0.913003961129
vt 0.523437500000 0.914062500000
vt 0.559163186895 0.914062500000
vt 0.559163186895 0.910423772631
vt 0.523437500000 0.910423772631
vt 0.523437500000 0.914062500000
vt 0.527076227369 0.914062500000
vt 0.527076227369 0.878336813105
vt 0.523437500000 0.878336813105
vt 0.523437500000 0.914062500000
vt 0.538653996270 0.914062500000
vt 0.538653996270 0.878336813105
vt 0.523437500000 0.878336813105
vt 0.523437500000 0.914062500000
vt 0.559163186895 0.914062500000
vt 0.559163186895 0.898846003730
vt 0.523437500000 0.898846003730
vt 0.523437500000 0.914062500000
vt 0.538653996270 0.914062500000
vt 0.538653996270 0.910423772631
vt 0.523437500000 0.910423772631
vt 0.523437500000 0.914062500000
vt 0.527076227369 0.914062500000
vt 0.527076227369 0.898846003730
vt 0.523437500000 0.898846003730
vt 0.523437500000 0.914062500000
vt 0.559163186895 0.914062500000
vt 0.559163186895 0.910423772631
vt 0.523437500000 0.910423772631
vt 0.523437500000 0.914062500000
vt 0.527076227369 0.914062500000
vt 0.527076227369 0.878336813105
vt 0.523437500000 0.878336813105
vt 0.523437500000 0.914062500000
vt 0.538653996270 0.914062500000
vt 0.538653996270 0.878336813105
vt 0.523437500000 0.878336813105
vt 0.523437500000 0.914062500000
vt 0.559163186895 0.914062500000
vt 0.559163186895 0.898846003730
vt 0.523437500000 0.898846003730
vt 0.523437500000 0.914062500000
vt 0.538653996270 0.914062500000
vt 0.538653996270 0.910423772631
vt 0.523437500000 0.910423772631
vt 0.523437500000 0.914062500000
vt 0.527076227369 0.914062500000
vt 0.527076227369 0.898846003730
vt 0.523437500000 0.898846003730
vt 0.191406250000 0.914062500000
vt 0.225477969909 0.914062500000
vt 0.225477969909 0.855842862098
vt 0.191406250000 0.855842862098
vt 0.191406250000 0.914062500000
vt 0.249625887902 0.914062500000
vt 0.249625887902 0.879990780091
vt 0.191406250000 0.879990780091
vt 0.191406250000 0.914062500000
vt 0.205961159476 0.914062500000
vt 0.205961159476 0.879990780091
vt 0.191406250000 0.879990780091
vt 0.191406250000 0.914062500000
vt 0.225477969909 0.914062500000
vt 0.225477969909 0.899507590524
vt 0.191406250000 0.899507590524
vt 0.191406250000 0.914062500000
vt 0.205961159476 0.914062500000
vt 0.205961159476 0.855842862098
vt 0.191406250000 0.855842862098
vt 0.191406250000 0.914062500000
vt 0.249625887902 0.914062500000
vt 0.249625887902 0.899507590524
vt 0.191406250000 0.899507590524
vt 0.402343750000 0.914062500000
vt 0.434761502923 0.914062500000
vt 0.434761502923 0.868068986057
vt 0.402343750000 0.868068986057
vt 0.402343750000 0.914062500000
vt 0.448337263943 0.914062500000
vt 0.448337263943 0.881644747077
vt 0.402343750000 0.881644747077
vt 0.402343750000 0.914062500000
vt 0.403269971512 0.914062500000
vt 0.403269971513 0.881644747077
vt 0.402343750000 0.881644747077
vt 0.402343750000 0.914062500000
vt 0.434761502923 0.914062500000
vt 0.434761502923 0.913136278488
vt 0.402343750000 0.913136278488
vt 0.402343750000 0.914062500000
vt 0.403269971512 0.914062500000
vt 0.403269971512 0.868068986057
vt 0.402343750000 0.868068986057
vt 0.402343750000 0.914062500000
vt 0.448337263943 0.914062500000
vt 0.448337263943 0.913136278488
vt 0.402343750000 0.913136278488
vt 0.464843750000 0.914062500000
vt 0.498584676512 0.914062500000
vt 0.498584676512 0.866322396920
vt 0.464843750000 0.866322396920
vt 0.464843750000 0.914062500000
vt 0.512583853080 0.914062500000
vt 0.512583853080 0.880321573488
vt 0.464843750000 0.880321573488
vt 0.464843750000 0.914062500000
vt 0.465902288871 0.914062500000
vt 0.465902288871 0.880321573488
vt 0.464843750000 0.880321573488
vt 0.464843750000 0.914062500000
vt 0.498584676512 0.914062500000
vt 0.498584676512 0.913003961129
vt 0.464843750000 0.913003961129
vt 0.464843750000 0.914062500000
vt 0.465902288871 0.914062500000
vt 0.465902288871 0.866322396920
vt 0.464843750000 0.866322396920
vt 0.464843750000 0.914062500000
vt 0.512583853080 0.914062500000
vt 0.512583853080 0.913003961129
vt 0.464843750000 0.913003961129
vt 0.523437500000 0.914062500000
vt 0.559163186895 0.914062500000
vt 0.559163186895 0.910423772631
vt 0.523437500000 0.910423772631
vt 0.523437500000 0.914062500000
vt 0.527076227369 0.914062500000
vt 0.527076227369 0.878336813105
vt 0.523437500000 0.878336813105
vt 0.523437500000 0.914062500000
vt 0.538653996270 0.914062500000
vt 0.538653996270 0.878336813105
vt 0.523437500000 0.878336813105
vt 0.523437500000 0.914062500000
vt 0.559163186895 0.914062500000
vt 0.559163186895 0.898846003730
vt 0.523437500000 0.898846003730
vt 0.523437500000 0.914062500000
vt 0.538653996270 0.914062500000
vt 0.538653996270 0.910423772631
vt 0.523437500000 0.910423772631
vt 0.523437500000 0.914062500000
vt 0.527076227369 0.914062500000
vt 0.527076227369 0.898846003730
vt 0.523437500000 0.898846003730
vt 0.042968750000 0.914062500000
vt 0.078694436895 0.914062500000
vt 0.078694436895 0.910423772631
vt 0.042968750000 0.910423772631
vt 0.523437500000 0.914062500000
vt 0.527076227369 0.914062500000
vt 0.527076227369 0.878336813105
vt 0.523437500000 0.878336813105
vt 0.523437500000 0.914062500000
vt 0.538653996270 0.914062500000
vt 0.538653996270 0.878336813105
vt 0.523437500000 0.878336813105
vt 0.523437500000 0.914062500000
vt 0.559163186895 0.914062500000
vt 0.559163186895 0.898846003730
vt 0.523437500000 0.898846003730
vt 0.523437500000 0.914062500000
vt 0.538653996270 0.914062500000
vt 0.538653996270 0.910423772631
vt 0.523437500000 0.910423772631
vt 0.523437500000 0.914062500000
vt 0.527076227369 0.914062500000
vt 0.527076227369 0.898846003730
vt 0.523437500000 0.898846003730
vt 0.191406250000 0.914062500000
vt 0.225477969909 0.914062500000
vt 0.225477969909 0.876352052722
vt 0.191406250000 0.876352052722
vt 0.191406250000 0.914062500000
vt 0.229116697278 0.914062500000
vt 0.229116697278 0.879990780091
vt 0.191406250000 0.879990780091
vt 0.191406250000 0.914062500000
vt 0.205961159476 0.914062500000
vt 0.205961159476 0.879990780091
vt 0.191406250000 0.879990780091
vt 0.191406250000 0.914062500000
vt 0.225477969909 0.914062500000
vt 0.225477969909 0.899507590524
vt 0.191406250000 0.899507590524
vt 0.191406250000 0.914062500000
vt 0.205961159476 0.914062500000
vt 0.205961159476 0.876352052722
vt 0.191406250000 0.876352052722
vt 0.191406250000 0.914062500000
vt 0.229116697278 0.914062500000
vt 0.229116697278 0.899507590524
vt 0.191406250000 0.899507590524
vt 0.402343750000 0.914062500000
vt 0.434761502923 0.914062500000
vt 0.434761502923 0.884271246651
vt 0.402343750000 0.884271246651
vt 0.402343750000 0.914062500000
vt 0.432135003349 0.914062500000
vt 0.432135003349 0.881644747077
vt 0.402343750000 0.881644747077
vt 0.402343750000 0.914062500000
vt 0.403269971512 0.914062500000
vt 0.403269971512 0.881644747077
vt 0.402343750000 0.881644747077
vt 0.402343750000 0.914062500000
vt 0.434761502923 0.914062500000
vt 0.434761502923 0.913136278488
vt 0.402343750000 0.913136278488
vt 0.402343750000 0.914062500000
vt 0.403269971512 0.914062500000
vt 0.403269971512 0.884271246651
vt 0.402343750000 0.884271246651
vt 0.402343750000 0.914062500000
vt 0.432135003349 0.914062500000
vt 0.432135003349 0.913136278488
vt 0.402343750000 0.913136278488
vt 0.570312500000 0.914062500000
vt 0.604053426512 0.914062500000
vt 0.604053426512 0.883139933232
vt 0.570312500000 0.883139933232
vt 0.570312500000 0.914062500000
vt 0.601235066768 0.914062500000
vt 0.601235066768 0.880321573488
vt 0.570312500000 0.880321573488
vt 0.570312500000 0.914062500000
vt 0.571371038871 0.914062500000
vt 0.571371038871 0.880321573488
vt 0.570312500001 0.880321573488
vt 0.570312500000 0.914062500000
vt 0.604053426512 0.914062500000
vt 0.604053426512 0.913003961129
vt 0.570312500000 0.913003961129
vt 0.570312500000 0.914062500000
vt 0.571371038871 0.914062500000
vt 0.571371038871 0.883139933232
vt 0.570312500000 0.883139933232
vt 0.570312500000 0.914062500000
vt 0.601235066768 0.914062500000
vt 0.601235066768 0.913003961129
vt 0.570312500000 0.913003961129
vt 0.523437500000 0.914062500000
vt 0.559163186895 0.914062500000
vt 0.559163186895 0.910423772631
vt 0.523437500000 0.910423772631
vt 0.523437500000 0.914062500000
vt 0.527076227369 0.914062500000
vt 0.527076227369 0.878336813105
vt 0.523437500000 0.878336813105
vt 0.523437500000 0.914062500000
vt 0.538653996270 0.914062500000
vt 0.538653996270 0.878336813105
vt 0.523437500000 0.878336813105
vt 0.523437500000 0.914062500000
vt 0.559163186895 0.914062500000
vt 0.559163186895 0.898846003730
vt 0.523437500000 0.898846003730
vt 0.523437500000 0.914062500000
vt 0.538653996270 0.914062500000
vt 0.538653996270 0.910423772631
vt 0.523437500000 0.910423772631
vt 0.523437500000 0.914062500000
vt 0.527076227369 0.914062500000
vt 0.527076227369 0.898846003730
vt 0.523437500000 0.898846003730
vt 0.523437500000 0.914062500000
vt 0.559163186895 0.914062500000
vt 0.559163186895 0.910423772631
vt 0.523437500000 0.910423772631
vt 0.523437500000 0.914062500000
vt 0.527076227369 0.914062500000
vt 0.527076227369 0.878336813105
vt 0.523437500000 0.878336813105
vt 0.523437500000 0.914062500000
vt 0.538653996270 0.914062500000
vt 0.538653996270 0.878336813105
vt 0.523437500000 0.878336813105
vt 0.523437500000 0.914062500000
vt 0.559163186895 0.914062500000
vt 0.559163186895 0.898846003730
vt 0.523437500000 0.898846003730
vt 0.523437500000 0.914062500000
vt 0.538653996270 0.914062500000
vt 0.538653996270 0.910423772631
vt 0.523437500000 0.910423772631
vt 0.523437500000 0.914062500000
vt 0.527076227369 0.914062500000
vt 0.527076227369 0.898846003730
vt 0.523437500000 0.898846003730
vt 0.191406250000 0.914062500000
vt 0.225477969909 0.914062500000
vt 0.225477969909 0.849226994154
vt 0.191406250000 0.849226994154
vt 0.191406250000 0.914062500000
vt 0.256241755846 0.914062500000
vt 0.256241755846 0.879990780091
vt 0.191406250000 0.879990780091
vt 0.191406250000 0.914062500000
vt 0.205961159476 0.914062500000
vt 0.205961159476 0.879990780091
vt 0.191406250000 0.879990780091
vt 0.191406250000 0.914062500000
vt 0.225477969909 0.914062500000
vt 0.225477969909 0.899507590524
vt 0.191406250000 0.899507590524
vt 0.191406250000 0.914062500000
vt 0.205961159476 0.914062500000
vt 0.205961159476 0.849226994154
vt 0.191406250000 0.849226994154
vt 0.191406250000 0.914062500000
vt 0.256241755846 0.914062500000
vt 0.256241755846 0.899507590524
vt 0.191406250000 0.899507590524
vt 0.402343750000 0.914062500000
vt 0.434761502923 0.914062500000
vt 0.434761502923 0.862842450382
vt 0.402343750000 0.862842450382
vt 0.402343750000 0.914062500000
vt 0.453563799618 0.914062500000
vt 0.453563799618 0.881644747077
vt 0.402343750000 0.881644747077
vt 0.402343750000 0.914062500000
vt 0.403269971512 0.914062500000
vt 0.403269971513 0.881644747077
vt 0.402343750001 0.881644747077
vt 0.402343750000 0.914062500000
vt 0.434761502923 0.914062500000
vt 0.434761502923 0.913136278488
vt 0.402343750000 0.913136278488
vt 0.402343750000 0.914062500000
vt 0.403269971512 0.914062500000
vt 0.403269971512 0.862842450382
vt 0.402343750000 0.862842450382
vt 0.402343750000 0.914062500000
vt 0.453563799618 0.914062500000
vt 0.453563799618 0.913136278488
vt 0.402343750000 0.913136278488
vt 0.277343750000 0.914062500000
vt 0.311084676512 0.914062500000
vt 0.311084676512 0.860897385206
vt 0.277343750000 0.860897385206
vt 0.277343750000 0.914062500000
vt 0.330508864794 0.914062500000
vt 0.330508864794 0.880321573488
vt 0.277343750000 0.880321573488
vt 0.277343750000 0.914062500000
vt 0.278402288871 0.914062500000
vt 0.278402288871 0.880321573488
vt 0.277343750000 0.880321573488
vt 0.277343750000 0.914062500000
vt 0.311084676512 0.914062500000
vt 0.311084676512 0.913003961129
vt 0.277343750000 0.913003961129
vt 0.277343750000 0.914062500000
vt 0.278402288871 0.914062500000
vt 0.278402288871 0.860897385206
vt 0.277343750000 0.860897385206
vt 0.277343750000 0.914062500000
vt 0.330508864794 0.914062500000
vt 0.330508864794 0.913003961129
vt 0.277343750000 0.913003961129
vt 0.523437500000 0.914062500000
vt 0.559163186895 0.914062500000
vt 0.559163186895 0.910423772631
vt 0.523437500000 0.910423772631
vt 0.523437500000 0.914062500000
vt 0.527076227369 0.914062500000
vt 0.527076227369 0.878336813105
vt 0.523437500000 0.878336813105
vt 0.523437500000 0.914062500000
vt 0.538653996270 0.914062500000
vt 0.538653996270 0.878336813105
vt 0.523437500000 0.878336813105
vt 0.523437500000 0.914062500000
vt 0.559163186895 0.914062500000
vt 0.559163186895 0.898846003730
vt 0.523437500000 0.898846003730
vt 0.523437500000 0.914062500000
vt 0.538653996270 0.914062500000
vt 0.538653996270 0.910423772631
vt 0.523437500000 0.910423772631
vt 0.523437500000 0.914062500000
vt 0.527076227369 0.914062500000
vt 0.527076227369 0.898846003730
vt 0.523437500000 0.898846003730
vt 0.523437500000 0.914062500000
vt 0.559163186895 0.914062500000
vt 0.559163186895 0.910423772631
vt 0.523437500000 0.910423772631
vt 0.523437500000 0.914062500000
vt 0.527076227369 0.914062500000
vt 0.527076227369 0.878336813105
vt 0.523437500000 0.878336813105
vt 0.523437500000 0.914062500000
vt 0.538653996270 0.914062500000
vt 0.538653996270 0.878336813105
vt 0.523437500000 0.878336813105
vt 0.523437500000 0.914062500000
vt 0.559163186895 0.914062500000
vt 0.559163186895 0.898846003730
vt 0.523437500000 0.898846003730
vt 0.523437500000 0.914062500000
vt 0.538653996270 0.914062500000
vt 0.538653996270 0.910423772631
vt 0.523437500000 0.910423772631
vt 0.523437500000 0.914062500000
vt 0.527076227369 0.914062500000
vt 0.527076227369 0.898846003730
vt 0.523437500000 0.898846003730
vt 0.191406250000 0.914062500000
vt 0.225477969909 0.914062500000
vt 0.225477969909 0.855842862098
vt 0.191406250000 0.855842862098
vt 0.191406250000 0.914062500000
vt 0.249625887902 0.914062500000
vt 0.249625887902 0.879990780091
vt 0.191406250000 0.879990780091
vt 0.191406250000 0.914062500000
vt 0.205961159476 0.914062500000
vt 0.205961159476 0.879990780091
vt 0.191406250000 0.879990780091
vt 0.191406250000 0.914062500000
vt 0.225477969909 0.914062500000
vt 0.225477969909 0.899507590524
vt 0.191406250000 0.899507590524
vt 0.191406250000 0.914062500000
vt 0.205961159476 0.914062500000
vt 0.205961159476 0.855842862098
vt 0.191406250000 0.855842862098
vt 0.191406250000 0.914062500000
vt 0.249625887902 0.914062500000
vt 0.249625887902 0.899507590524
vt 0.191406250000 0.899507590524
vt 0.402343750000 0.914062500000
vt 0.434761502923 0.914062500000
vt 0.434761502923 0.868068986057
vt 0.402343750000 0.868068986057
vt 0.402343750000 0.914062500000
vt 0.448337263943 0.914062500000
vt 0.448337263943 0.881644747077
vt 0.402343750000 0.881644747077
vt 0.402343750000 0.914062500000
vt 0.403269971512 0.914062500000
vt 0.403269971513 0.881644747077
vt 0.402343750000 0.881644747077
vt 0.402343750000 0.914062500000
vt 0.434761502923 0.914062500000
vt 0.434761502923 0.913136278488
vt 0.402343750000 0.913136278488
vt 0.402343750000 0.914062500000
vt 0.403269971512 0.914062500000
vt 0.403269971512 0.868068986057
vt 0.402343750000 0.868068986057
vt 0.402343750000 0.914062500000
vt 0.448337263943 0.914062500000
vt 0.448337263943 0.913136278488
vt 0.402343750000 0.913136278488
vt 0.464843750000 0.914062500000
vt 0.498584676512 0.914062500000
vt 0.498584676512 0.866322396920
vt 0.464843750000 0.866322396920
vt 0.464843750000 0.914062500000
vt 0.512583853080 0.914062500000
vt 0.512583853080 0.880321573488
vt 0.464843750000 0.880321573488
vt 0.464843750000 0.914062500000
vt 0.465902288871 0.914062500000
vt 0.465902288871 0.880321573488
vt 0.464843750000 0.880321573488
vt 0.464843750000 0.914062500000
vt 0.498584676512 0.914062500000
vt 0.498584676512 0.913003961129
vt 0.464843750000 0.913003961129
vt 0.464843750000 0.914062500000
vt 0.465902288871 0.914062500000
vt 0.465902288871 0.866322396920
vt 0.464843750000 0.866322396920
vt 0.464843750000 0.914062500000
vt 0.512583853080 0.914062500000
vt 0.512583853080 0.913003961129
vt 0.464843750000 0.913003961129
vt 0.523437500000 0.914062500000
vt 0.559163186895 0.914062500000
vt 0.559163186895 0.910423772631
vt 0.523437500000 0.910423772631
vt 0.523437500000 0.914062500000
vt 0.527076227369 0.914062500000
vt 0.527076227369 0.878336813105
vt 0.523437500000 0.878336813105
vt 0.523437500000 0.914062500000
vt 0.538653996270 0.914062500000
vt 0.538653996270 0.878336813105
vt 0.523437500000 0.878336813105
vt 0.523437500000 0.914062500000
vt 0.559163186895 0.914062500000
vt 0.559163186895 0.898846003730
vt 0.523437500000 0.898846003730
vt 0.523437500000 0.914062500000
vt 0.538653996270 0.914062500000
vt 0.538653996270 0.910423772631
vt 0.523437500000 0.910423772631
vt 0.523437500000 0.914062500000
vt 0.527076227369 0.914062500000
vt 0.527076227369 0.898846003730
vt 0.523437500000 0.898846003730
vt 0.042968750000 0.914062500000
vt 0.078694436895 0.914062500000
vt 0.078694436895 0.910423772631
vt 0.042968750000 0.910423772631
vt 0.523437500000 0.914062500000
vt 0.527076227369 0.914062500000
vt 0.527076227369 0.878336813105
vt 0.523437500000 0.878336813105
vt 0.523437500000 0.914062500000
vt 0.538653996270 0.914062500000
vt 0.538653996270 0.878336813105
vt 0.523437500000 0.878336813105
vt 0.523437500000 0.914062500000
vt 0.559163186895 0.914062500000
vt 0.559163186895 0.898846003730
vt 0.523437500000 0.898846003730
vt 0.523437500000 0.914062500000
vt 0.538653996270 0.914062500000
vt 0.538653996270 0.910423772631
vt 0.523437500000 0.910423772631
vt 0.523437500000 0.914062500000
vt 0.527076227369 0.914062500000
vt 0.527076227369 0.898846003730
vt 0.523437500000 0.898846003730
vt 0.191406250000 0.914062500000
vt 0.225477969909 0.914062500000
vt 0.225477969909 0.876352052722
vt 0.191406250000 0.876352052722
vt 0.191406250000 0.914062500000
vt 0.229116697278 0.914062500000
vt 0.229116697278 0.879990780091
vt 0.191406250000 0.879990780091
vt 0.191406250000 0.914062500000
vt 0.205961159476 0.914062500000
vt 0.205961159476 0.879990780091
vt 0.191406250000 0.879990780091
vt 0.191406250000 0.914062500000
vt 0.225477969909 0.914062500000
vt 0.225477969909 0.899507590524
vt 0.191406250000 0.899507590524
vt 0.191406250000 0.914062500000
vt 0.205961159476 0.914062500000
vt 0.205961159476 0.876352052722
vt 0.191406250000 0.876352052722
vt 0.191406250000 0.914062500000
vt 0.229116697278 0.914062500000
vt 0.229116697278 0.899507590524
vt 0.191406250000 0.899507590524
vt 0.402343750000 0.914062500000
vt 0.434761502923 0.914062500000
vt 0.434761502923 0.884271246651
vt 0.402343750000 0.884271246651
vt 0.402343750000 0.914062500000
vt 0.432135003349 0.914062500000
vt 0.432135003349 0.881644747077
vt 0.402343750000 0.881644747077
vt 0.402343750000 0.914062500000
vt 0.403269971512 0.914062500000
vt 0.403269971512 0.881644747077
vt 0.402343750000 0.881644747077
vt 0.402343750000 0.914062500000
vt 0.434761502923 0.914062500000
vt 0.434761502923 0.913136278488
vt 0.402343750000 0.913136278488
vt 0.402343750000 0.914062500000
vt 0.403269971512 0.914062500000
vt 0.403269971512 0.884271246651
vt 0.402343750000 0.884271246651
vt 0.402343750000 0.914062500000
vt 0.432135003349 0.914062500000
vt 0.432135003349 0.913136278488
vt 0.402343750000 0.913136278488
vt 0.570312500000 0.914062500000
vt 0.604053426512 0.914062500000
vt 0.604053426512 0.883139933232
vt 0.570312500000 0.883139933232
vt 0.570312500000 0.914062500000
vt 0.601235066768 0.914062500000
vt 0.601235066768 0.880321573488
vt 0.570312500000 0.880321573488
vt 0.570312500000 0.914062500000
vt 0.571371038871 0.914062500000
vt 0.571371038871 0.880321573488
vt 0.570312500001 0.880321573488
vt 0.570312500000 0.914062500000
vt 0.604053426512 0.914062500000
vt 0.604053426512 0.913003961129
vt 0.570312500000 0.913003961129
vt 0.570312500000 0.914062500000
vt 0.571371038871 0.914062500000
vt 0.571371038871 0.883139933232
vt 0.570312500000 0.883139933232
vt 0.570312500000 0.914062500000
vt 0.601235066768 0.914062500000
vt 0.601235066768 0.913003961129
vt 0.570312500000 0.913003961129
vt 0.523437500000 0.914062500000
vt 0.559163186895 0.914062500000
vt 0.559163186895 0.910423772631
vt 0.523437500000 0.910423772631
vt 0.523437500000 0.914062500000
vt 0.527076227369 0.914062500000
vt 0.527076227369 0.878336813105
vt 0.523437500000 0.878336813105
vt 0.523437500000 0.914062500000
vt 0.538653996270 0.914062500000
vt 0.538653996270 0.878336813105
vt 0.523437500000 0.878336813105
vt 0.523437500000 0.914062500000
vt 0.559163186895 0.914062500000
vt 0.559163186895 0.898846003730
vt 0.523437500000 0.898846003730
vt 0.523437500000 0.914062500000
vt 0.538653996270 0.914062500000
vt 0.538653996270 0.910423772631
vt 0.523437500000 0.910423772631
vt 0.523437500000 0.914062500000
vt 0.527076227369 0.914062500000
vt 0.527076227369 0.898846003730
vt 0.523437500000 0.898846003730
vt 0.523437500000 0.914062500000
vt 0.559163186895 0.914062500000
vt 0.559163186895 0.910423772631
vt 0.523437500000 0.910423772631
vt 0.523437500000 0.914062500000
vt 0.527076227369 0.914062500000
vt 0.527076227369 0.878336813105
vt 0.523437500000 0.878336813105
vt 0.523437500000 0.914062500000
vt 0.538653996270 0.914062500000
vt 0.538653996270 0.878336813105
vt 0.523437500000 0.878336813105
vt 0.523437500000 0.914062500000
vt 0.559163186895 0.914062500000
vt 0.559163186895 0.898846003730
vt 0.523437500000 0.898846003730
vt 0.523437500000 0.914062500000
vt 0.538653996270 0.914062500000
vt 0.538653996270 0.910423772631
vt 0.523437500000 0.910423772631
vt 0.523437500000 0.914062500000
vt 0.527076227369 0.914062500000
vt 0.527076227369 0.898846003730
vt 0.523437500000 0.898846003730
vt 0.191406250000 0.914062500000
vt 0.225477969909 0.914062500000
vt 0.225477969909 0.849226994154
vt 0.191406250000 0.849226994154
vt 0.191406250000 0.914062500000
vt 0.256241755846 0.914062500000
vt 0.256241755846 0.879990780091
vt 0.191406250000 0.879990780091
vt 0.191406250000 0.914062500000
vt 0.205961159476 0.914062500000
vt 0.205961159476 0.879990780091
vt 0.191406250000 0.879990780091
vt 0.191406250000 0.914062500000
vt 0.225477969909 0.914062500000
vt 0.225477969909 0.899507590524
vt 0.191406250000 0.899507590524
vt 0.191406250000 0.914062500000
vt 0.205961159476 0.914062500000
vt 0.205961159476 0.849226994154
vt 0.191406250000 0.849226994154
vt 0.191406250000 0.914062500000
vt 0.256241755846 0.914062500000
vt 0.256241755846 0.899507590524
vt 0.191406250000 0.899507590524
vt 0.402343750000 0.914062500000
vt 0.434761502923 0.914062500000
vt 0.434761502923 0.862842450382
vt 0.402343750000 0.862842450382
vt 0.402343750000 0.914062500000
vt 0.453563799618 0.914062500000
vt 0.453563799618 0.881644747077
vt 0.402343750000 0.881644747077
vt 0.402343750000 0.914062500000
vt 0.403269971512 0.914062500000
vt 0.403269971513 0.881644747077
vt 0.402343750001 0.881644747077
vt 0.402343750000 0.914062500000
vt 0.434761502923 0.914062500000
vt 0.434761502923 0.913136278488
vt 0.402343750000 0.913136278488
vt 0.402343750000 0.914062500000
vt 0.403269971512 0.914062500000
vt 0.403269971512 0.862842450382
vt 0.402343750000 0.862842450382
vt 0.402343750000 0.914062500000
vt 0.453563799618 0.914062500000
vt 0.453563799618 0.913136278488
vt 0.402343750000 0.913136278488
vt 0.277343750000 0.914062500000
vt 0.311084676512 0.914062500000
vt 0.311084676512 0.860897385206
vt 0.277343750000 0.860897385206
vt 0.277343750000 0.914062500000
vt 0.330508864794 0.914062500000
vt 0.330508864794 0.880321573488
vt 0.277343750000 0.880321573488
vt 0.277343750000 0.914062500000
vt 0.278402288871 0.914062500000
vt 0.278402288871 0.880321573488
vt 0.277343750000 0.880321573488
vt 0.277343750000 0.914062500000
vt 0.311084676512 0.914062500000
vt 0.311084676512 0.913003961129
vt 0.277343750000 0.913003961129
vt 0.277343750000 0.914062500000
vt 0.278402288871 0.914062500000
vt 0.278402288871 0.860897385206
vt 0.277343750000 0.860897385206
vt 0.277343750000 0.914062500000
vt 0.330508864794 0.914062500000
vt 0.330508864794 0.913003961129
vt 0.277343750000 0.913003961129
vt 0.523437500000 0.914062500000
vt 0.559163186895 0.914062500000
vt 0.559163186895 0.910423772631
vt 0.523437500000 0.910423772631
vt 0.523437500000 0.914062500000
vt 0.527076227369 0.914062500000
vt 0.527076227369 0.878336813105
vt 0.523437500000 0.878336813105
vt 0.523437500000 0.914062500000
vt 0.538653996270 0.914062500000
vt 0.538653996270 0.878336813105
vt 0.523437500000 0.878336813105
vt 0.523437500000 0.914062500000
vt 0.559163186895 0.914062500000
vt 0.559163186895 0.898846003730
vt 0.523437500000 0.898846003730
vt 0.523437500000 0.914062500000
vt 0.538653996270 0.914062500000
vt 0.538653996270 0.910423772631
vt 0.523437500000 0.910423772631
vt 0.523437500000 0.914062500000
vt 0.527076227369 0.914062500000
vt 0.527076227369 0.898846003730
vt 0.523437500000 0.898846003730
vt 0.523437500000 0.914062500000
vt 0.559163186895 0.914062500000
vt 0.559163186895 0.910423772631
vt 0.523437500000 0.910423772631
vt 0.523437500000 0.914062500000
vt 0.527076227369 0.914062500000
vt 0.527076227369 0.878336813105
vt 0.523437500000 0.878336813105
vt 0.523437500000 0.914062500000
vt 0.538653996270 0.914062500000
vt 0.538653996270 0.878336813105
vt 0.523437500000 0.878336813105
vt 0.523437500000 0.914062500000
vt 0.559163186895 0.914062500000
vt 0.559163186895 0.898846003730
vt 0.523437500000 0.898846003730
vt 0.523437500000 0.914062500000
vt 0.538653996270 0.914062500000
vt 0.538653996270 0.910423772631
vt 0.523437500000 0.910423772631
vt 0.523437500000 0.914062500000
vt 0.527076227369 0.914062500000
vt 0.527076227369 0.898846003730
vt 0.523437500000 0.898846003730
vt 0.191406250000 0.914062500000
vt 0.225477969909 0.914062500000
vt 0.225477969909 0.855842862098
vt 0.191406250000 0.855842862098
vt 0.191406250000 0.914062500000
vt 0.249625887902 0.914062500000
vt 0.249625887902 0.879990780091
vt 0.191406250000 0.879990780091
vt 0.191406250000 0.914062500000
vt 0.205961159476 0.914062500000
vt 0.205961159476 0.879990780091
vt 0.191406250000 0.879990780091
vt 0.191406250000 0.914062500000
vt 0.225477969909 0.914062500000
vt 0.225477969909 0.899507590524
vt 0.191406250000 0.899507590524
vt 0.191406250000 0.914062500000
vt 0.205961159476 0.914062500000
vt 0.205961159476 0.855842862098
vt 0.191406250000 0.855842862098
vt 0.191406250000 0.914062500000
vt 0.249625887902 0.914062500000
vt 0.249625887902 0.899507590524
vt 0.191406250000 0.899507590524
vt 0.402343750000 0.914062500000
vt 0.434761502923 0.914062500000
vt 0.434761502923 0.868068986057
vt 0.402343750000 0.868068986057
vt 0.402343750000 0.914062500000
vt 0.448337263943 0.914062500000
vt 0.448337263943 0.881644747077
vt 0.402343750000 0.881644747077
vt 0.402343750000 0.914062500000
vt 0.403269971512 0.914062500000
vt 0.403269971513 0.881644747077
vt 0.402343750000 0.881644747077
vt 0.402343750000 0.914062500000
vt 0.434761502923 0.914062500000
vt 0.434761502923 0.913136278488
vt 0.402343750000 0.913136278488
vt 0.402343750000 0.914062500000
vt 0.403269971512 0.914062500000
vt 0.403269971512 0.868068986057
vt 0.402343750000 0.868068986057
vt 0.402343750000 0.914062500000
vt 0.448337263943 0.914062500000
vt 0.448337263943 0.913136278488
vt 0.402343750000 0.913136278488
vt 0.464843750000 0.914062500000
vt 0.498584676512 0.914062500000
vt 0.498584676512 0.866322396920
vt 0.464843750000 0.866322396920
vt 0.464843750000 0.914062500000
vt 0.512583853080 0.914062500000
vt 0.512583853080 0.880321573488
vt 0.464843750000 0.880321573488
vt 0.464843750000 0.914062500000
vt 0.465902288871 0.914062500000
vt 0.465902288871 0.880321573488
vt 0.464843750000 0.880321573488
vt 0.464843750000 0.914062500000
vt 0.498584676512 0.914062500000
vt 0.498584676512 0.913003961129
vt 0.464843750000 0.913003961129
vt 0.464843750000 0.914062500000
vt 0.465902288871 0.914062500000
vt 0.465902288871 0.866322396920
vt 0.464843750000 0.866322396920
vt 0.464843750000 0.914062500000
vt 0.512583853080 0.914062500000
vt 0.512583853080 0.913003961129
vt 0.464843750000 0.913003961129
vt 0.523437500000 0.914062500000
vt 0.559163186895 0.914062500000
vt 0.559163186895 0.910423772631
vt 0.523437500000 0.910423772631
vt 0.523437500000 0.914062500000
vt 0.527076227369 0.914062500000
vt 0.527076227369 0.878336813105
vt 0.523437500000 0.878336813105
vt 0.523437500000 0.914062500000
vt 0.538653996270 0.914062500000
vt 0.538653996270 0.878336813105
vt 0.523437500000 0.878336813105
vt 0.523437500000 0.914062500000
vt 0.559163186895 0.914062500000
vt 0.559163186895 0.898846003730
vt 0.523437500000 0.898846003730
vt 0.523437500000 0.914062500000
vt 0.538653996270 0.914062500000
vt 0.538653996270 0.910423772631
vt 0.523437500000 0.910423772631
vt 0.523437500000 0.914062500000
vt 0.527076227369 0.914062500000
vt 0.527076227369 0.898846003730
vt 0.523437500000 0.898846003730
vt 0.042968750000 0.914062500000
vt 0.078694436895 0.914062500000
vt 0.078694436895 0.910423772631
vt 0.042968750000 0.910423772631
vt 0.523437500000 0.914062500000
vt 0.527076227369 0.914062500000
vt 0.527076227369 0.878336813105
vt 0.523437500000 0.878336813105
vt 0.523437500000 0.914062500000
vt 0.538653996270 0.914062500000
vt 0.538653996270 0.878336813105
vt 0.523437500000 0.878336813105
vt 0.523437500000 0.914062500000
vt 0.559163186895 0.914062500000
vt 0.559163186895 0.898846003730
vt 0.523437500000 0.898846003730
vt 0.523437500000 0.914062500000
vt 0.538653996270 0.914062500000
vt 0.538653996270 0.910423772631
vt 0.523437500000 0.910423772631
vt 0.523437500000 0.914062500000
vt 0.527076227369 0.914062500000
vt 0.527076227369 0.898846003730
vt 0.523437500000 0.898846003730
vt 0.003906250000 0.996093750000
vt 0.078061204474 0.996093750000
vt 0.078061204474 0.992455022631
vt 0.003906250000 0.992455022631
vt 0.003906250000 0.996093750000
vt 0.007544977369 0.996093750000
vt 0.007544977369 0.921938795526
vt 0.003906250000 0.921938795526
vt 0.003906250000 0.996093750000
vt 0.008206564163 0.996093750000
vt 0.008206564164 0.921938795526
vt 0.003906250000 0.921938795526
vt 0.003906250000 0.996093750000
vt 0.078061204474 0.996093750000
vt 0.078061204474 0.991793435837
vt 0.003906250000 0.991793435837
vt 0.003906250000 0.996093750000
vt 0.008206564163 0.996093750000
vt 0.008206564163 0.992455022631
vt 0.003906250000 0.992455022631
vt 0.003906250000 0.996093750000
vt 0.007544977369 0.996093750000
vt 0.007544977369 0.991793435837
vt 0.003906250000 0.991793435837
vt 0.657769430000 0.914062500000
vt 0.665442500242 0.914062500000
vt 0.670868180242 0.908636820000
vt 0.670868180242 0.900963749758
vt 0.665442500242 0.895538069758
vt 0.657769430000 0.895538069758
vt 0.652343750000 0.900963749758
vt 0.652343750000 0.908636820000
vt 0.657769430000 0.914062500000
vt 0.665442500241 0.914062500000
vt 0.670868180242 0.908636820000
vt 0.670868180242 0.900963749759
vt 0.665442500242 0.895538069758
vt 0.657769430000 0.895538069758
vt 0.652343750000 0.900963749758
vt 0.652343750000 0.908636820000
vt 0.652343750000 0.914062500000
vt 0.671794401754 0.914062500000
vt 0.671794401754 0.906389429759
vt 0.652343750000 0.906389429759
vt 0.652343750000 0.914062500000
vt 0.671794401754 0.914062500000
vt 0.671794401754 0.906389429759
vt 0.652343750000 0.906389429759
vt 0.652343750000 0.914062500000
vt 0.671794401754 0.914062500000
vt 0.671794401754 0.906389429759
vt 0.652343750000 0.906389429759
vt 0.652343750000 0.914062500000
vt 0.671794401754 0.914062500000
vt 0.671794401754 0.906389429759
vt 0.652343750000 0.906389429759
vt 0.652343750000 0.914062500000
vt 0.671794401754 0.914062500000
vt 0.671794401754 0.906389429759
vt 0.652343750000 0.906389429759
vt 0.652343750000 0.914062500000
vt 0.671794401754 0.914062500000
vt 0.671794401754 0.906389429759
vt 0.652343750000 0.906389429759
vt 0.652343750000 0.914062500000
vt 0.671794401754 0.914062500000
vt 0.671794401754 0.906389429759
vt 0.652343750000 0.906389429759
vt 0.652343750000 0.914062500000
vt 0.671794401754 0.914062500000
vt 0.671794401754 0.906389429759
vt 0.652343750000 0.906389429759
vt 0.089843750000 0.914062500000
vt 0.097121204738 0.914062500000
vt 0.097121204738 0.908108218851
vt 0.089843750000 0.908108218851
vt 0.089843750000 0.914062500000
vt 0.095798031149 0.914062500000
vt 0.095798031149 0.906785045262
vt 0.089843750000 0.906785045262
vt 0.089843750000 0.914062500000
vt 0.096459617943 0.914062500000
vt 0.096459617943 0.906785045262
vt 0.089843750000 0.906785045262
vt 0.089843750000 0.914062500000
vt 0.097121204738 0.914062500000
vt 0.097121204738 0.907446632057
vt 0.089843750000 0.907446632057
vt 0.089843750000 0.914062500000
vt 0.096459617943 0.914062500000
vt 0.096459617943 0.908108218851
vt 0.089843750000 0.908108218851
vt 0.089843750000 0.914062500000
vt 0.095798031149 0.914062500000
vt 0.095798031149 0.907446632057
vt 0.089843750000 0.907446632057
vt 0.657343126572 0.914062500000
vt 0.664413312723 0.914062500000
vt 0.669412689294 0.909063123428
vt 0.669412689294 0.901992937277
vt 0.664413312723 0.896993560706
vt 0.657343126572 0.896993560706
vt 0.652343750000 0.901992937278
vt 0.652343750000 0.909063123428
vt 0.657343126572 0.914062500000
vt 0.664413312723 0.914062500000
vt 0.669412689294 0.909063123428
vt 0.669412689294 0.901992937277
vt 0.664413312723 0.896993560706
vt 0.657343126572 0.896993560706
vt 0.652343750000 0.901992937277
vt 0.652343750000 0.909063123428
vt 0.652343750000 0.914062500000
vt 0.670266136259 0.914062500000
vt 0.670266136259 0.906992313849
vt 0.652343750000 0.906992313849
vt 0.652343750000 0.914062500000
vt 0.670266136259 0.914062500000
vt 0.670266136259 0.906992313849
vt 0.652343750000 0.906992313849
vt 0.652343750000 0.914062500000
vt 0.670266136259 0.914062500000
vt 0.670266136259 0.906992313849
vt 0.652343750000 0.906992313849
vt 0.652343750000 0.914062500000
vt 0.670266136259 0.914062500000
vt 0.670266136259 0.906992313849
vt 0.652343750000 0.906992313849
vt 0.652343750000 0.914062500000
vt 0.670266136259 0.914062500000
vt 0.670266136259 0.906992313849
vt 0.652343750000 0.906992313849
vt 0.652343750000 0.914062500000
vt 0.670266136259 0.914062500000
vt 0.670266136259 0.906992313849
vt 0.652343750000 0.906992313849
vt 0.652343750000 0.914062500000
vt 0.670266136259 0.914062500000
vt 0.670266136259 0.906992313849
vt 0.652343750000 0.906992313849
vt 0.652343750000 0.914062500000
vt 0.670266136259 0.914062500000
vt 0.670266136259 0.906992313849
vt 0.652343750000 0.906992313849
vt 0.089843750000 0.914062500000
vt 0.097121204738 0.914062500000
vt 0.097121204738 0.908108218851
vt 0.089843750000 0.908108218851
vt 0.089843750000 0.914062500000
vt 0.095798031149 0.914062500000
vt 0.095798031149 0.906785045262
vt 0.089843750000 0.906785045262
vt 0.089843750000 0.914062500000
vt 0.096459617943 0.914062500000
vt 0.096459617943 0.906785045262
vt 0.089843750000 0.906785045262
vt 0.089843750000 0.914062500000
vt 0.097121204738 0.914062500000
vt 0.097121204738 0.907446632057
vt 0.089843750000 0.907446632057
vt 0.089843750000 0.914062500000
vt 0.096459617943 0.914062500000
vt 0.096459617943 0.908108218851
vt 0.089843750000 0.908108218851
vt 0.089843750000 0.914062500000
vt 0.095798031149 0.914062500000
vt 0.095798031149 0.907446632057
vt 0.089843750000 0.907446632057
vt 0.656916823143 0.914062500000
vt 0.663384125204 0.914062500000
vt 0.667957198347 0.909489426857
vt 0.667957198347 0.903022124796
vt 0.663384125204 0.898449051653
vt 0.656916823143 0.898449051653
vt 0.652343750000 0.903022124796
vt 0.652343750000 0.909489426857
vt 0.656916823143 0.914062500000
vt 0.663384125204 0.914062500000
vt 0.667957198347 0.909489426857
vt 0.667957198347 0.903022124796
vt 0.663384125204 0.898449051653
vt 0.656916823143 0.898449051653
vt 0.652343750000 0.903022124796
vt 0.652343750000 0.909489426857
vt 0.652343750000 0.914062500000
vt 0.668737870764 0.914062500000
vt 0.668737870764 0.907595197939
vt 0.652343750000 0.907595197939
vt 0.652343750000 0.914062500000
vt 0.668737870764 0.914062500000
vt 0.668737870764 0.907595197939
vt 0.652343750000 0.907595197939
vt 0.652343750000 0.914062500000
vt 0.668737870764 0.914062500000
vt 0.668737870764 0.907595197939
vt 0.652343750000 0.907595197939
vt 0.652343750000 0.914062500000
vt 0.668737870764 0.914062500000
vt 0.668737870764 0.907595197939
vt 0.652343750000 0.907595197939
vt 0.652343750000 0.914062500000
vt 0.668737870764 0.914062500000
vt 0.668737870764 0.907595197939
vt 0.652343750000 0.907595197939
vt 0.652343750000 0.914062500000
vt 0.668737870764 0.914062500000
vt 0.668737870764 0.907595197939
vt 0.652343750000 0.907595197939
vt 0.652343750000 0.914062500000
vt 0.668737870764 0.914062500000
vt 0.668737870764 0.907595197939
vt 0.652343750000 0.907595197939
vt 0.652343750000 0.914062500000
vt 0.668737870764 0.914062500000
vt 0.668737870764 0.907595197939
vt 0.652343750000 0.907595197939
vt 0.089843750000 0.914062500000
vt 0.097121204738 0.914062500000
vt 0.097121204738 0.908108218851
vt 0.089843750000 0.908108218851
vt 0.089843750000 0.914062500000
vt 0.095798031149 0.914062500000
vt 0.095798031149 0.906785045262
vt 0.089843750000 0.906785045262
vt 0.089843750000 0.914062500000
vt 0.096459617943 0.914062500000
vt 0.096459617943 0.906785045262
vt 0.089843750000 0.906785045262
vt 0.089843750000 0.914062500000
vt 0.097121204738 0.914062500000
vt 0.097121204738 0.907446632057
vt 0.089843750000 0.907446632057
vt 0.089843750000 0.914062500000
vt 0.096459617943 0.914062500000
vt 0.096459617943 0.908108218851
vt 0.089843750000 0.908108218851
vt 0.089843750000 0.914062500000
vt 0.095798031149 0.914062500000
vt 0.095798031149 0.907446632057
vt 0.089843750000 0.907446632057
vt 0.003906250000 0.996093750000
vt 0.078061601119 0.996093750000
vt 0.078061601119 0.992455022631
vt 0.003906250000 0.992455022631
vt 0.003906250000 0.996093750000
vt 0.007544977369 0.996093750000
vt 0.007544977369 0.921938398881
vt 0.003906250000 0.921938398881
vt 0.003906250000 0.996093750000
vt 0.008206564164 0.996093750000
vt 0.008206564163 0.921938398881
vt 0.003906250000 0.921938398881
vt 0.003906250000 0.996093750000
vt 0.078061601119 0.996093750000
vt 0.078061601119 0.991793435837
vt 0.003906250000 0.991793435837
vt 0.003906250000 0.996093750000
vt 0.008206564163 0.996093750000
vt 0.008206564163 0.992455022631
vt 0.003906250000 0.992455022631
vt 0.003906250000 0.996093750000
vt 0.007544977369 0.996093750000
vt 0.007544977369 0.991793435837
vt 0.003906250000 0.991793435837
vt 0.657769430000 0.914062500000
vt 0.665442500241 0.914062500000
vt 0.670868180242 0.908636820000
vt 0.670868180242 0.900963749759
vt 0.665442500242 0.895538069758
vt 0.657769430000 0.895538069758
vt 0.652343750000 0.900963749758
vt 0.652343750000 0.908636820000
vt 0.657769430000 0.914062500000
vt 0.665442500242 0.914062500000
vt 0.670868180242 0.908636820000
vt 0.670868180242 0.900963749758
vt 0.665442500242 0.895538069758
vt 0.657769430000 0.895538069758
vt 0.652343750000 0.900963749758
vt 0.652343750000 0.908636820000
vt 0.652343750000 0.914062500000
vt 0.671794401754 0.914062500000
vt 0.671794401754 0.906389429759
vt 0.652343750000 0.906389429759
vt 0.652343750000 0.914062500000
vt 0.671794401754 0.914062500000
vt 0.671794401754 0.906389429759
vt 0.652343750000 0.906389429759
vt 0.652343750000 0.914062500000
vt 0.671794401754 0.914062500000
vt 0.671794401754 0.906389429759
vt 0.652343750000 0.906389429759
vt 0.652343750000 0.914062500000
vt 0.671794401754 0.914062500000
vt 0.671794401754 0.906389429759
vt 0.652343750000 0.906389429759
vt 0.652343750000 0.914062500000
vt 0.671794401754 0.914062500000
vt 0.671794401754 0.906389429759
vt 0.652343750000 0.906389429759
vt 0.652343750000 0.914062500000
vt 0.671794401754 0.914062500000
vt 0.671794401754 0.906389429759
vt 0.652343750000 0.906389429759
vt 0.652343750000 0.914062500000
vt 0.671794401754 0.914062500000
vt 0.671794401754 0.906389429759
vt 0.652343750000 0.906389429759
vt 0.652343750000 0.914062500000
vt 0.671794401754 0.914062500000
vt 0.671794401754 0.906389429759
vt 0.652343750000 0.906389429759
vt 0.089843750000 0.914062500000
vt 0.097121204738 0.914062500000
vt 0.097121204738 0.908108218851
vt 0.089843750000 0.908108218851
vt 0.089843750000 0.914062500000
vt 0.095798031149 0.914062500000
vt 0.095798031149 0.906785045262
vt 0.089843750000 0.906785045262
vt 0.089843750000 0.914062500000
vt 0.096459617943 0.914062500000
vt 0.096459617943 0.906785045262
vt 0.089843750000 0.906785045262
vt 0.089843750000 0.914062500000
vt 0.097121204738 0.914062500000
vt 0.097121204738 0.907446632057
vt 0.089843750000 0.907446632057
vt 0.089843750000 0.914062500000
vt 0.096459617943 0.914062500000
vt 0.096459617943 0.908108218851
vt 0.089843750000 0.908108218851
vt 0.089843750000 0.914062500000
vt 0.095798031149 0.914062500000
vt 0.095798031149 0.907446632057
vt 0.089843750000 0.907446632057
vt 0.657343126572 0.914062500000
vt 0.664413312723 0.914062500000
vt 0.669412689294 0.909063123428
vt 0.669412689294 0.901992937278
vt 0.664413312723 0.896993560706
vt 0.657343126572 0.896993560706
vt 0.652343750000 0.901992937277
vt 0.652343750000 0.909063123428
vt 0.657343126572 0.914062500000
vt 0.664413312723 0.914062500000
vt 0.669412689294 0.909063123428
vt 0.669412689294 0.901992937277
vt 0.664413312723 0.896993560706
vt 0.657343126572 0.896993560706
vt 0.652343750000 0.901992937277
vt 0.652343750000 0.909063123428
vt 0.652343750000 0.914062500000
vt 0.670266136259 0.914062500000
vt 0.670266136259 0.906992313849
vt 0.652343750000 0.906992313849
vt 0.652343750000 0.914062500000
vt 0.670266136259 0.914062500000
vt 0.670266136259 0.906992313849
vt 0.652343750000 0.906992313849
vt 0.652343750000 0.914062500000
vt 0.670266136259 0.914062500000
vt 0.670266136259 0.906992313849
vt 0.652343750000 0.906992313849
vt 0.652343750000 0.914062500000
vt 0.670266136259 0.914062500000
vt 0.670266136259 0.906992313849
vt 0.652343750000 0.906992313849
vt 0.652343750000 0.914062500000
vt 0.670266136259 0.914062500000
vt 0.670266136259 0.906992313849
vt 0.652343750000 0.906992313849
vt 0.652343750000 0.914062500000
vt 0.670266136259 0.914062500000
vt 0.670266136259 0.906992313849
vt 0.652343750000 0.906992313849
vt 0.652343750000 0.914062500000
vt 0.670266136259 0.914062500000
vt 0.670266136259 0.906992313849
vt 0.652343750000 0.906992313849
vt 0.652343750000 0.914062500000
vt 0.670266136259 0.914062500000
vt 0.670266136259 0.906992313849
vt 0.652343750000 0.906992313849
vt 0.089843750000 0.914062500000
vt 0.097121204738 0.914062500000
vt 0.097121204738 0.908108218851
vt 0.089843750000 0.908108218851
vt 0.089843750000 0.914062500000
vt 0.095798031149 0.914062500000
vt 0.095798031149 0.906785045262
vt 0.089843750000 0.906785045262
vt 0.089843750000 0.914062500000
vt 0.096459617943 0.914062500000
vt 0.096459617943 0.906785045262
vt 0.089843750000 0.906785045262
vt 0.089843750000 0.914062500000
vt 0.097121204738 0.914062500000
vt 0.097121204738 0.907446632057
vt 0.089843750000 0.907446632057
vt 0.089843750000 0.914062500000
vt 0.096459617943 0.914062500000
vt 0.096459617943 0.908108218851
vt 0.089843750000 0.908108218851
vt 0.089843750000 0.914062500000
vt 0.095798031149 0.914062500000
vt 0.095798031149 0.907446632057
vt 0.089843750000 0.907446632057
vt 0.656916823143 0.914062500000
vt 0.663384125204 0.914062500000
vt 0.667957198347 0.909489426857
vt 0.667957198347 0.903022124796
vt 0.663384125204 0.898449051653
vt 0.656916823143 0.898449051653
vt 0.652343750000 0.903022124796
vt 0.652343750000 0.909489426857
vt 0.656916823143 0.914062500000
vt 0.663384125204 0.914062500000
vt 0.667957198347 0.909489426857
vt 0.667957198347 0.903022124796
vt 0.663384125204 0.898449051653
vt 0.656916823143 0.898449051653
vt 0.652343750000 0.903022124796
vt 0.652343750000 0.909489426857
vt 0.652343750000 0.914062500000
vt 0.668737870764 0.914062500000
vt 0.668737870764 0.907595197939
vt 0.652343750000 0.907595197939
vt 0.652343750000 0.914062500000
vt 0.668737870764 0.914062500000
vt 0.668737870764 0.907595197939
vt 0.652343750000 0.907595197939
vt 0.652343750000 0.914062500000
vt 0.668737870764 0.914062500000
vt 0.668737870764 0.907595197939
vt 0.652343750000 0.907595197939
vt 0.652343750000 0.914062500000
vt 0.668737870764 0.914062500000
vt 0.668737870764 0.907595197939
vt 0.652343750000 0.907595197939
vt 0.652343750000 0.914062500000
vt 0.668737870764 0.914062500000
vt 0.668737870764 0.907595197939
vt 0.652343750000 0.907595197939
vt 0.652343750000 0.914062500000
vt 0.668737870764 0.914062500000
vt 0.668737870764 0.907595197939
vt 0.652343750000 0.907595197939
vt 0.652343750000 0.914062500000
vt 0.668737870764 0.914062500000
vt 0.668737870764 0.907595197939
vt 0.652343750000 0.907595197939
vt 0.652343750000 0.914062500000
vt 0.668737870764 0.914062500000
vt 0.668737870764 0.907595197939
vt 0.652343750000 0.907595197939
vt 0.089843750000 0.914062500000
vt 0.097121204738 0.914062500000
vt 0.097121204738 0.908108218851
vt 0.089843750000 0.908108218851
vt 0.089843750000 0.914062500000
vt 0.095798031149 0.914062500000
vt 0.095798031149 0.906785045262
vt 0.089843750000 0.906785045262
vt 0.089843750000 0.914062500000
vt 0.096459617943 0.914062500000
vt 0.096459617943 0.906785045262
vt 0.089843750000 0.906785045262
vt 0.089843750000 0.914062500000
vt 0.097121204738 0.914062500000
vt 0.097121204738 0.907446632057
vt 0.089843750000 0.907446632057
vt 0.089843750000 0.914062500000
vt 0.096459617943 0.914062500000
vt 0.096459617943 0.908108218851
vt 0.089843750000 0.908108218851
vt 0.089843750000 0.914062500000
vt 0.095798031149 0.914062500000
vt 0.095798031149 0.907446632057
vt 0.089843750000 0.907446632057
vt 0.003906250000 0.996093750000
vt 0.078059372326 0.996093750000
vt 0.078059372326 0.992455022631
vt 0.003906250000 0.992455022631
vt 0.003906250000 0.996093750000
vt 0.007544977369 0.996093750000
vt 0.007544977369 0.921940627674
vt 0.003906250000 0.921940627674
vt 0.003906250000 0.996093750000
vt 0.008206564163 0.996093750000
vt 0.008206564164 0.921940627674
vt 0.003906250001 0.921940627674
vt 0.003906250000 0.996093750000
vt 0.078059372326 0.996093750000
vt 0.078059372326 0.991793435837
vt 0.003906250000 0.991793435837
vt 0.003906250000 0.996093750000
vt 0.008206564163 0.996093750000
vt 0.008206564163 0.992455022631
vt 0.003906250000 0.992455022631
vt 0.003906250000 0.996093750000
vt 0.007544977369 0.996093750000
vt 0.007544977369 0.991793435837
vt 0.003906250000 0.991793435837
vt 0.657769430000 0.914062500000
vt 0.665442500242 0.914062500000
vt 0.670868180242 0.908636820000
vt 0.670868180242 0.900963749758
vt 0.665442500241 0.895538069758
vt 0.657769430000 0.895538069758
vt 0.652343750000 0.900963749759
vt 0.652343750000 0.908636820000
vt 0.657769430000 0.914062500000
vt 0.665442500242 0.914062500000
vt 0.670868180242 0.908636820000
vt 0.670868180242 0.900963749758
vt 0.665442500241 0.895538069758
vt 0.657769430000 0.895538069758
vt 0.652343750000 0.900963749759
vt 0.652343750000 0.908636820000
vt 0.652343750000 0.914062500000
vt 0.671794401754 0.914062500000
vt 0.671794401754 0.906389429759
vt 0.652343750000 0.906389429759
vt 0.652343750000 0.914062500000
vt 0.671794401754 0.914062500000
vt 0.671794401754 0.906389429759
vt 0.652343750000 0.906389429759
vt 0.652343750000 0.914062500000
vt 0.671794401754 0.914062500000
vt 0.671794401754 0.906389429759
vt 0.652343750000 0.906389429759
vt 0.652343750000 0.914062500000
vt 0.671794401754 0.914062500000
vt 0.671794401754 0.906389429759
vt 0.652343750000 0.906389429759
vt 0.652343750000 0.914062500000
vt 0.671794401754 0.914062500000
vt 0.671794401754 0.906389429759
vt 0.652343750000 0.906389429759
vt 0.652343750000 0.914062500000
vt 0.671794401754 0.914062500000
vt 0.671794401754 0.906389429759
vt 0.652343750000 0.906389429759
vt 0.652343750000 0.914062500000
vt 0.671794401754 0.914062500000
vt 0.671794401754 0.906389429759
vt 0.652343750000 0.906389429759
vt 0.652343750000 0.914062500000
vt 0.671794401754 0.914062500000
vt 0.671794401754 0.906389429759
vt 0.652343750000 0.906389429759
vt 0.089843750000 0.914062500000
vt 0.097121204738 0.914062500000
vt 0.097121204738 0.908108218851
vt 0.089843750000 0.908108218851
vt 0.089843750000 0.914062500000
vt 0.095798031149 0.914062500000
vt 0.095798031149 0.906785045262
vt 0.089843750000 0.906785045262
vt 0.089843750000 0.914062500000
vt 0.096459617943 0.914062500000
vt 0.096459617943 0.906785045262
vt 0.089843750000 0.906785045262
vt 0.089843750000 0.914062500000
vt 0.097121204738 0.914062500000
vt 0.097121204738 0.907446632057
vt 0.089843750000 0.907446632057
vt 0.089843750000 0.914062500000
vt 0.096459617943 0.914062500000
vt 0.096459617943 0.908108218851
vt 0.089843750000 0.908108218851
vt 0.089843750000 0.914062500000
vt 0.095798031149 0.914062500000
vt 0.095798031149 0.907446632057
vt 0.089843750000 0.907446632057
vt 0.657343126572 0.914062500000
vt 0.664413312723 0.914062500000
vt 0.669412689294 0.909063123428
vt 0.669412689294 0.901992937277
vt 0.664413312723 0.896993560706
vt 0.657343126572 0.896993560706
vt 0.652343750000 0.901992937278
vt 0.652343750000 0.909063123428
vt 0.657343126572 0.914062500000
vt 0.664413312723 0.914062500000
vt 0.669412689294 0.909063123428
vt 0.669412689294 0.901992937277
vt 0.664413312723 0.896993560706
vt 0.657343126572 0.896993560706
vt 0.652343750000 0.901992937278
vt 0.652343750000 0.909063123428
vt 0.652343750000 0.914062500000
vt 0.670266136259 0.914062500000
vt 0.670266136259 0.906992313849
vt 0.652343750000 0.906992313849
vt 0.652343750000 0.914062500000
vt 0.670266136259 0.914062500000
vt 0.670266136259 0.906992313849
vt 0.652343750000 0.906992313849
vt 0.652343750000 0.914062500000
vt 0.670266136259 0.914062500000
vt 0.670266136259 0.906992313849
vt 0.652343750000 0.906992313849
vt 0.652343750000 0.914062500000
vt 0.670266136259 0.914062500000
vt 0.670266136259 0.906992313849
vt 0.652343750000 0.906992313849
vt 0.652343750000 0.914062500000
vt 0.670266136259 0.914062500000
vt 0.670266136259 0.906992313849
vt 0.652343750000 0.906992313849
vt 0.652343750000 0.914062500000
vt 0.670266136259 0.914062500000
vt 0.670266136259 0.906992313849
vt 0.652343750000 0.906992313849
vt 0.652343750000 0.914062500000
vt 0.670266136259 0.914062500000
vt 0.670266136259 0.906992313849
vt 0.652343750000 0.906992313849
vt 0.652343750000 0.914062500000
vt 0.670266136259 0.914062500000
vt 0.670266136259 0.906992313849
vt 0.652343750000 0.906992313849
vt 0.089843750000 0.914062500000
vt 0.097121204738 0.914062500000
vt 0.097121204738 0.908108218851
vt 0.089843750000 0.908108218851
vt 0.089843750000 0.914062500000
vt 0.095798031149 0.914062500000
vt 0.095798031149 0.906785045262
vt 0.089843750000 0.906785045262
vt 0.089843750000 0.914062500000
vt 0.096459617943 0.914062500000
vt 0.096459617943 0.906785045262
vt 0.089843750000 0.906785045262
vt 0.089843750000 0.914062500000
vt 0.097121204738 0.914062500000
vt 0.097121204738 0.907446632057
vt 0.089843750000 0.907446632057
vt 0.089843750000 0.914062500000
vt 0.096459617943 0.914062500000
vt 0.096459617943 0.908108218851
vt 0.089843750000 0.908108218851
vt 0.089843750000 0.914062500000
vt 0.095798031149 0.914062500000
vt 0.095798031149 0.907446632057
vt 0.089843750000 0.907446632057
vt 0.656916823143 0.914062500000
vt 0.663384125204 0.914062500000
vt 0.667957198347 0.909489426857
vt 0.667957198347 0.903022124796
vt 0.663384125204 0.898449051653
vt 0.656916823143 0.898449051653
vt 0.652343750000 0.903022124796
vt 0.652343750000 0.909489426857
vt 0.656916823143 0.914062500000
vt 0.663384125204 0.914062500000
vt 0.667957198347 0.909489426857
vt 0.667957198347 0.903022124796
vt 0.663384125204 0.898449051653
vt 0.656916823143 0.898449051653
vt 0.652343750000 0.903022124796
vt 0.652343750000 0.909489426857
vt 0.652343750000 0.914062500000
vt 0.668737870764 0.914062500000
vt 0.668737870764 0.907595197939
vt 0.652343750000 0.907595197939
vt 0.652343750000 0.914062500000
vt 0.668737870764 0.914062500000
vt 0.668737870764 0.907595197939
vt 0.652343750000 0.907595197939
vt 0.652343750000 0.914062500000
vt 0.668737870764 0.914062500000
vt 0.668737870764 0.907595197939
vt 0.652343750000 0.907595197939
vt 0.652343750000 0.914062500000
vt 0.668737870764 0.914062500000
vt 0.668737870764 0.907595197939
vt 0.652343750000 0.907595197939
vt 0.652343750000 0.914062500000
vt 0.668737870764 0.914062500000
vt 0.668737870764 0.907595197939
vt 0.652343750000 0.907595197939
vt 0.652343750000 0.914062500000
vt 0.668737870764 0.914062500000
vt 0.668737870764 0.907595197939
vt 0.652343750000 0.907595197939
vt 0.652343750000 0.914062500000
vt 0.668737870764 0.914062500000
vt 0.668737870764 0.907595197939
vt 0.652343750000 0.907595197939
vt 0.652343750000 0.914062500000
vt 0.668737870764 0.914062500000
vt 0.668737870764 0.907595197939
vt 0.652343750000 0.907595197939
vt 0.089843750000 0.914062500000
vt 0.097121204738 0.914062500000
vt 0.097121204738 0.908108218851
vt 0.089843750000 0.908108218851
vt 0.089843750000 0.914062500000
vt 0.095798031149 0.914062500000
vt 0.095798031149 0.906785045262
vt 0.089843750000 0.906785045262
vt 0.089843750000 0.914062500000
vt 0.096459617943 0.914062500000
vt 0.096459617943 0.906785045262
vt 0.089843750000 0.906785045262
vt 0.089843750000 0.914062500000
vt 0.097121204738 0.914062500000
vt 0.097121204738 0.907446632057
vt 0.089843750000 0.907446632057
vt 0.089843750000 0.914062500000
vt 0.096459617943 0.914062500000
vt 0.096459617943 0.908108218851
vt 0.089843750000 0.908108218851
vt 0.089843750000 0.914062500000
vt 0.095798031149 0.914062500000
vt 0.095798031149 0.907446632057
vt 0.089843750000 0.907446632057
usemtl atlas
s off
g root
g body
g stem
f 1/1 2/2 3/3
f 1/1 3/3 4/4
f 1/1 4/4 5/5
f 1/1 5/5 6/6
f 1/1 6/6 7/7
f 1/1 7/7 8/8
f 16/9 15/10 14/11
f 16/9 14/11 13/12
f 16/9 13/12 12/13
f 16/9 12/13 11/14
f 16/9 11/14 10/15
f 16/9 10/15 9/16
f 1/17 9/18 10/19
f 1/17 10/19 2/20
f 2/21 10/22 11/23
f 2/21 11/23 3/24
f 3/25 11/26 12/27
f 3/25 12/27 4/28
f 4/29 12/30 13/31
f 4/29 13/31 5/32
f 5/33 13/34 14/35
f 5/33 14/35 6/36
f 6/37 14/38 15/39
f 6/37 15/39 7/40
f 7/41 15/42 16/43
f 7/41 16/43 8/44
f 8/45 16/46 9/47
f 8/45 9/47 1/48
f 17/49 20/50 19/51
f 17/49 19/51 18/52
f 21/53 22/54 23/55
f 21/53 23/55 24/56
f 17/57 21/58 24/59
f 17/57 24/59 20/60
f 18/61 19/62 23/63
f 18/61 23/63 22/64
f 20/65 24/66 23/67
f 20/65 23/67 19/68
f 17/69 18/70 22/71
f 17/69 22/71 21/72
f 25/73 28/74 27/75
f 25/73 27/75 26/76
f 29/77 30/78 31/79
f 29/77 31/79 32/80
f 25/81 29/82 32/83
f 25/81 32/83 28/84
f 26/85 27/86 31/87
f 26/85 31/87 30/88
f 28/89 32/90 31/91
f 28/89 31/91 27/92
f 25/93 26/94 30/95
f 25/93 30/95 29/96
f 33/97 36/98 35/99
f 33/97 35/99 34/100
f 37/101 38/102 39/103
f 37/101 39/103 40/104
f 33/105 37/106 40/107
f 33/105 40/107 36/108
f 34/109 35/110 39/111
f 34/109 39/111 38/112
f 36/113 40/114 39/115
f 36/113 39/115 35/116
f 33/117 34/118 38/119
f 33/117 38/119 37/120
f 41/121 44/122 43/123
f 41/121 43/123 42/124
f 45/125 46/126 47/127
f 45/125 47/127 48/128
f 41/129 45/130 48/131
f 41/129 48/131 44/132
f 42/133 43/134 47/135
f 42/133 47/135 46/136
f 44/137 48/138 47/139
f 44/137 47/139 43/140
f 41/141 42/142 46/143
f 41/141 46/143 45/144
f 49/145 52/146 51/147
f 49/145 51/147 50/148
f 53/149 54/150 55/151
f 53/149 55/151 56/152
f 49/153 53/154 56/155
f 49/153 56/155 52/156
f 50/157 51/158 55/159
f 50/157 55/159 54/160
f 52/161 56/162 55/163
f 52/161 55/163 51/164
f 49/165 50/166 54/167
f 49/165 54/167 53/168
f 57/169 58/170 59/171
f 57/169 59/171 60/172
f 57/169 60/172 61/173
f 57/169 61/173 62/174
f 57/169 62/174 63/175
f 57/169 63/175 64/176
f 72/177 71/178 70/179
f 72/177 70/179 69/180
f 72/177 69/180 68/181
f 72/177 68/181 67/182
f 72/177 67/182 66/183
f 72/177 66/183 65/184
f 57/185 65/186 66/187
f 57/185 66/187 58/188
f 58/189 66/190 67/191
f 58/189 67/191 59/192
f 59/193 67/194 68/195
f 59/193 68/195 60/196
f 60/197 68/198 69/199
f 60/197 69/199 61/200
f 61/201 69/202 70/203
f 61/201 70/203 62/204
f 62/205 70/206 71/207
f 62/205 71/207 63/208
f 63/209 71/210 72/211
f 63/209 72/211 64/212
f 64/213 72/214 65/215
f 64/213 65/215 57/216
g head_yaw
g head_nod
f 73/217 74/218 75/219
f 73/217 75/219 76/220
f 73/217 76/220 77/221
f 73/217 77/221 78/222
f 73/217 78/222 79/223
f 73/217 79/223 80/224
f 88/225 87/226 86/227
f 88/225 86/227 85/228
f 88/225 85/228 84/229
f 88/225 84/229 83/230
f 88/225 83/230 82/231
f 88/225 82/231 81/232
f 73/233 81/234 82/235
f 73/233 82/235 74/236
f 74/237 82/238 83/239
f 74/237 83/239 75/240
f 75/241 83/242 84/243
f 75/241 84/243 76/244
f 76/245 84/246 85/247
f 76/245 85/247 77/248
f 77/249 85/250 86/251
f 77/249 86/251 78/252
f 78/253 86/254 87/255
f 78/253 87/255 79/256
f 79/257 87/258 88/259
f 79/257 88/259 80/260
f 80/261 88/262 81/263
f 80/261 81/263 73/264
f 89/265 90/266 91/267
f 89/265 91/267 92/268
f 89/265 92/268 93/269
f 89/265 93/269 94/270
f 89/265 94/270 95/271
f 89/265 95/271 96/272
f 104/273 103/274 102/275
f 104/273 102/275 101/276
f 104/273 101/276 100/277
f 104/273 100/277 99/278
f 104/273 99/278 98/279
f 104/273 98/279 97/280
f 89/281 97/282 98/283
f 89/281 98/283 90/284
f 90/285 98/286 99/287
f 90/285 99/287 91/288
f 91/289 99/290 100/291
f 91/289 100/291 92/292
f 92/293 100/294 101/295
f 92/293 101/295 93/296
f 93/297 101/298 102/299
f 93/297 102/299 94/300
f 94/301 102/302 103/303
f 94/301 103/303 95/304
f 95/305 103/306 104/307
f 95/305 104/307 96/308
f 96/309 104/310 97/311
f 96/309 97/311 89/312
f 109/317 110/318 111/319
f 109/317 111/319 112/320
f 105/321 109/322 112/323
f 105/321 112/323 108/324
f 106/325 107/326 111/327
f 106/325 111/327 110/328
f 108/329 112/330 111/331
f 108/329 111/331 107/332
f 105/333 106/334 110/335
f 105/333 110/335 109/336
g petal_0
f 113/337 116/338 115/339
f 113/337 115/339 114/340
f 117/341 118/342 119/343
f 117/341 119/343 120/344
f 113/345 117/346 120/347
f 113/345 120/347 116/348
f 114/349 115/350 119/351
f 114/349 119/351 118/352
f 116/353 120/354 119/355
f 116/353 119/355 115/356
f 113/357 114/358 118/359
f 113/357 118/359 117/360
f 121/361 124/362 123/363
f 121/361 123/363 122/364
f 125/365 126/366 127/367
f 125/365 127/367 128/368
f 121/369 125/370 128/371
f 121/369 128/371 124/372
f 122/373 123/374 127/375
f 122/373 127/375 126/376
f 124/377 128/378 127/379
f 124/377 127/379 123/380
f 121/381 122/382 126/383
f 121/381 126/383 125/384
f 137/409 140/410 139/411
f 137/409 139/411 138/412
f 141/413 142/414 143/415
f 141/413 143/415 144/416
f 137/417 141/418 144/419
f 137/417 144/419 140/420
f 138/421 139/422 143/423
f 138/421 143/423 142/424
f 140/425 144/426 143/427
f 140/425 143/427 139/428
f 137/429 138/430 142/431
f 137/429 142/431 141/432
f 145/433 148/434 147/435
f 145/433 147/435 146/436
f 149/437 150/438 151/439
f 149/437 151/439 152/440
f 145/441 149/442 152/443
f 145/441 152/443 148/444
f 146/445 147/446 151/447
f 146/445 151/447 150/448
f 148/449 152/450 151/451
f 148/449 151/451 147/452
f 145/453 146/454 150/455
f 145/453 150/455 149/456
f 153/457 156/458 155/459
f 153/457 155/459 154/460
f 157/461 158/462 159/463
f 157/461 159/463 160/464
f 153/465 157/466 160/467
f 153/465 160/467 156/468
f 154/469 155/470 159/471
f 154/469 159/471 158/472
f 156/473 160/474 159/475
f 156/473 159/475 155/476
f 153/477 154/478 158/479
f 153/477 158/479 157/480
f 161/481 164/482 163/483
f 161/481 163/483 162/484
f 165/485 166/486 167/487
f 165/485 167/487 168/488
f 161/489 165/490 168/491
f 161/489 168/491 164/492
f 162/493 163/494 167/495
f 162/493 167/495 166/496
f 164/497 168/498 167/499
f 164/497 167/499 163/500
f 161/501 162/502 166/503
f 161/501 166/503 165/504
f 177/529 180/530 179/531
f 177/529 179/531 178/532
f 181/533 182/534 183/535
f 181/533 183/535 184/536
f 177/537 181/538 184/539
f 177/537 184/539 180/540
f 178/541 179/542 183/543
f 178/541 183/543 182/544
f 180/545 184/546 183/547
f 180/545 183/547 179/548
f 177/549 178/550 182/551
f 177/549 182/551 181/552
f 185/553 188/554 187/555
f 185/553 187/555 186/556
f 189/557 190/558 191/559
f 189/557 191/559 192/560
f 185/561 189/562 192/563
f 185/561 192/563 188/564
f 186/565 187/566 191/567
f 186/565 191/567 190/568
f 188/569 192/570 191/571
f 188/569 191/571 187/572
f 185/573 186/574 190/575
f 185/573 190/575 189/576
f 193/577 196/578 195/579
f 193/577 195/579 194/580
f 197/581 198/582 199/583
f 197/581 199/583 200/584
f 193/585 197/586 200/587
f 193/585 200/587 196/588
f 194/589 195/590 199/591
f 194/589 199/591 198/592
f 196/593 200/594 199/595
f 196/593 199/595 195/596
f 193/597 194/598 198/599
f 193/597 198/599 197/600
f 201/601 204/602 203/603
f 201/601 203/603 202/604
f 205/605 206/606 207/607
f 205/605 207/607 208/608
f 201/609 205/610 208/611
f 201/609 208/611 204/612
f 202/613 203/614 207/615
f 202/613 207/615 206/616
f 204/617 208/618 207/619
f 204/617 207/619 203/620
f 201/621 202/622 206/623
f 201/621 206/623 205/624
f 217/649 220/650 219/651
f 217/649 219/651 218/652
f 221/653 222/654 223/655
f 221/653 223/655 224/656
f 217/657 221/658 224/659
f 217/657 224/659 220/660
f 218/661 219/662 223/663
f 218/661 223/663 222/664
f 220/665 224/666 223/667
f 220/665 223/667 219/668
f 217/669 218/670 222/671
f 217/669 222/671 221/672
f 229/677 230/678 231/679
f 229/677 231/679 232/680
f 225/681 229/682 232/683
f 225/681 232/683 228/684
f 226/685 227/686 231/687
f 226/685 231/687 230/688
f 228/689 232/690 231/691
f 228/689 231/691 227/692
f 225/693 226/694 230/695
f 225/693 230/695 229/696
g petal_0_living_membrane
f 129/385 132/386 131/387
f 129/385 131/387 130/388
f 133/389 134/390 135/391
f 133/389 135/391 136/392
f 129/393 133/394 136/395
f 129/393 136/395 132/396
f 130/397 131/398 135/399
f 130/397 135/399 134/400
f 132/401 136/402 135/403
f 132/401 135/403 131/404
f 129/405 130/406 134/407
f 129/405 134/407 133/408
f 169/505 172/506 171/507
f 169/505 171/507 170/508
f 173/509 174/510 175/511
f 173/509 175/511 176/512
f 169/513 173/514 176/515
f 169/513 176/515 172/516
f 170/517 171/518 175/519
f 170/517 175/519 174/520
f 172/521 176/522 175/523
f 172/521 175/523 171/524
f 169/525 170/526 174/527
f 169/525 174/527 173/528
f 209/625 212/626 211/627
f 209/625 211/627 210/628
f 213/629 214/630 215/631
f 213/629 215/631 216/632
f 209/633 213/634 216/635
f 209/633 216/635 212/636
f 210/637 211/638 215/639
f 210/637 215/639 214/640
f 212/641 216/642 215/643
f 212/641 215/643 211/644
f 209/645 210/646 214/647
f 209/645 214/647 213/648
g petal_1
f 233/697 236/698 235/699
f 233/697 235/699 234/700
f 237/701 238/702 239/703
f 237/701 239/703 240/704
f 233/705 237/706 240/707
f 233/705 240/707 236/708
f 234/709 235/710 239/711
f 234/709 239/711 238/712
f 236/713 240/714 239/715
f 236/713 239/715 235/716
f 233/717 234/718 238/719
f 233/717 238/719 237/720
f 241/721 244/722 243/723
f 241/721 243/723 242/724
f 245/725 246/726 247/727
f 245/725 247/727 248/728
f 241/729 245/730 248/731
f 241/729 248/731 244/732
f 242/733 243/734 247/735
f 242/733 247/735 246/736
f 244/737 248/738 247/739
f 244/737 247/739 243/740
f 241/741 242/742 246/743
f 241/741 246/743 245/744
f 257/769 260/770 259/771
f 257/769 259/771 258/772
f 261/773 262/774 263/775
f 261/773 263/775 264/776
f 257/777 261/778 264/779
f 257/777 264/779 260/780
f 258/781 259/782 263/783
f 258/781 263/783 262/784
f 260/785 264/786 263/787
f 260/785 263/787 259/788
f 257/789 258/790 262/791
f 257/789 262/791 261/792
f 265/793 268/794 267/795
f 265/793 267/795 266/796
f 269/797 270/798 271/799
f 269/797 271/799 272/800
f 265/801 269/802 272/803
f 265/801 272/803 268/804
f 266/805 267/806 271/807
f 266/805 271/807 270/808
f 268/809 272/810 271/811
f 268/809 271/811 267/812
f 265/813 266/814 270/815
f 265/813 270/815 269/816
f 273/817 276/818 275/819
f 273/817 275/819 274/820
f 277/821 278/822 279/823
f 277/821 279/823 280/824
f 273/825 277/826 280/827
f 273/825 280/827 276/828
f 274/829 275/830 279/831
f 274/829 279/831 278/832
f 276/833 280/834 279/835
f 276/833 279/835 275/836
f 273/837 274/838 278/839
f 273/837 278/839 277/840
f 281/841 284/842 283/843
f 281/841 283/843 282/844
f 285/845 286/846 287/847
f 285/845 287/847 288/848
f 281/849 285/850 288/851
f 281/849 288/851 284/852
f 282/853 283/854 287/855
f 282/853 287/855 286/856
f 284/857 288/858 287/859
f 284/857 287/859 283/860
f 281/861 282/862 286/863
f 281/861 286/863 285/864
f 297/889 300/890 299/891
f 297/889 299/891 298/892
f 301/893 302/894 303/895
f 301/893 303/895 304/896
f 297/897 301/898 304/899
f 297/897 304/899 300/900
f 298/901 299/902 303/903
f 298/901 303/903 302/904
f 300/905 304/906 303/907
f 300/905 303/907 299/908
f 297/909 298/910 302/911
f 297/909 302/911 301/912
f 305/913 308/914 307/915
f 305/913 307/915 306/916
f 309/917 310/918 311/919
f 309/917 311/919 312/920
f 305/921 309/922 312/923
f 305/921 312/923 308/924
f 306/925 307/926 311/927
f 306/925 311/927 310/928
f 308/929 312/930 311/931
f 308/929 311/931 307/932
f 305/933 306/934 310/935
f 305/933 310/935 309/936
f 313/937 316/938 315/939
f 313/937 315/939 314/940
f 317/941 318/942 319/943
f 317/941 319/943 320/944
f 313/945 317/946 320/947
f 313/945 320/947 316/948
f 314/949 315/950 319/951
f 314/949 319/951 318/952
f 316/953 320/954 319/955
f 316/953 319/955 315/956
f 313/957 314/958 318/959
f 313/957 318/959 317/960
f 321/961 324/962 323/963
f 321/961 323/963 322/964
f 325/965 326/966 327/967
f 325/965 327/967 328/968
f 321/969 325/970 328/971
f 321/969 328/971 324/972
f 322/973 323/974 327/975
f 322/973 327/975 326/976
f 324/977 328/978 327/979
f 324/977 327/979 323/980
f 321/981 322/982 326/983
f 321/981 326/983 325/984
f 337/1009 340/1010 339/1011
f 337/1009 339/1011 338/1012
f 341/1013 342/1014 343/1015
f 341/1013 343/1015 344/1016
f 337/1017 341/1018 344/1019
f 337/1017 344/1019 340/1020
f 338/1021 339/1022 343/1023
f 338/1021 343/1023 342/1024
f 340/1025 344/1026 343/1027
f 340/1025 343/1027 339/1028
f 337/1029 338/1030 342/1031
f 337/1029 342/1031 341/1032
f 349/1037 350/1038 351/1039
f 349/1037 351/1039 352/1040
f 345/1041 349/1042 352/1043
f 345/1041 352/1043 348/1044
f 346/1045 347/1046 351/1047
f 346/1045 351/1047 350/1048
f 348/1049 352/1050 351/1051
f 348/1049 351/1051 347/1052
f 345/1053 346/1054 350/1055
f 345/1053 350/1055 349/1056
g petal_1_living_membrane
f 249/745 252/746 251/747
f 249/745 251/747 250/748
f 253/749 254/750 255/751
f 253/749 255/751 256/752
f 249/753 253/754 256/755
f 249/753 256/755 252/756
f 250/757 251/758 255/759
f 250/757 255/759 254/760
f 252/761 256/762 255/763
f 252/761 255/763 251/764
f 249/765 250/766 254/767
f 249/765 254/767 253/768
f 289/865 292/866 291/867
f 289/865 291/867 290/868
f 293/869 294/870 295/871
f 293/869 295/871 296/872
f 289/873 293/874 296/875
f 289/873 296/875 292/876
f 290/877 291/878 295/879
f 290/877 295/879 294/880
f 292/881 296/882 295/883
f 292/881 295/883 291/884
f 289/885 290/886 294/887
f 289/885 294/887 293/888
f 329/985 332/986 331/987
f 329/985 331/987 330/988
f 333/989 334/990 335/991
f 333/989 335/991 336/992
f 329/993 333/994 336/995
f 329/993 336/995 332/996
f 330/997 331/998 335/999
f 330/997 335/999 334/1000
f 332/1001 336/1002 335/1003
f 332/1001 335/1003 331/1004
f 329/1005 330/1006 334/1007
f 329/1005 334/1007 333/1008
g petal_2
f 353/1057 356/1058 355/1059
f 353/1057 355/1059 354/1060
f 357/1061 358/1062 359/1063
f 357/1061 359/1063 360/1064
f 353/1065 357/1066 360/1067
f 353/1065 360/1067 356/1068
f 354/1069 355/1070 359/1071
f 354/1069 359/1071 358/1072
f 356/1073 360/1074 359/1075
f 356/1073 359/1075 355/1076
f 353/1077 354/1078 358/1079
f 353/1077 358/1079 357/1080
f 361/1081 364/1082 363/1083
f 361/1081 363/1083 362/1084
f 365/1085 366/1086 367/1087
f 365/1085 367/1087 368/1088
f 361/1089 365/1090 368/1091
f 361/1089 368/1091 364/1092
f 362/1093 363/1094 367/1095
f 362/1093 367/1095 366/1096
f 364/1097 368/1098 367/1099
f 364/1097 367/1099 363/1100
f 361/1101 362/1102 366/1103
f 361/1101 366/1103 365/1104
f 377/1129 380/1130 379/1131
f 377/1129 379/1131 378/1132
f 381/1133 382/1134 383/1135
f 381/1133 383/1135 384/1136
f 377/1137 381/1138 384/1139
f 377/1137 384/1139 380/1140
f 378/1141 379/1142 383/1143
f 378/1141 383/1143 382/1144
f 380/1145 384/1146 383/1147
f 380/1145 383/1147 379/1148
f 377/1149 378/1150 382/1151
f 377/1149 382/1151 381/1152
f 385/1153 388/1154 387/1155
f 385/1153 387/1155 386/1156
f 389/1157 390/1158 391/1159
f 389/1157 391/1159 392/1160
f 385/1161 389/1162 392/1163
f 385/1161 392/1163 388/1164
f 386/1165 387/1166 391/1167
f 386/1165 391/1167 390/1168
f 388/1169 392/1170 391/1171
f 388/1169 391/1171 387/1172
f 385/1173 386/1174 390/1175
f 385/1173 390/1175 389/1176
f 393/1177 396/1178 395/1179
f 393/1177 395/1179 394/1180
f 397/1181 398/1182 399/1183
f 397/1181 399/1183 400/1184
f 393/1185 397/1186 400/1187
f 393/1185 400/1187 396/1188
f 394/1189 395/1190 399/1191
f 394/1189 399/1191 398/1192
f 396/1193 400/1194 399/1195
f 396/1193 399/1195 395/1196
f 393/1197 394/1198 398/1199
f 393/1197 398/1199 397/1200
f 401/1201 404/1202 403/1203
f 401/1201 403/1203 402/1204
f 405/1205 406/1206 407/1207
f 405/1205 407/1207 408/1208
f 401/1209 405/1210 408/1211
f 401/1209 408/1211 404/1212
f 402/1213 403/1214 407/1215
f 402/1213 407/1215 406/1216
f 404/1217 408/1218 407/1219
f 404/1217 407/1219 403/1220
f 401/1221 402/1222 406/1223
f 401/1221 406/1223 405/1224
f 417/1249 420/1250 419/1251
f 417/1249 419/1251 418/1252
f 421/1253 422/1254 423/1255
f 421/1253 423/1255 424/1256
f 417/1257 421/1258 424/1259
f 417/1257 424/1259 420/1260
f 418/1261 419/1262 423/1263
f 418/1261 423/1263 422/1264
f 420/1265 424/1266 423/1267
f 420/1265 423/1267 419/1268
f 417/1269 418/1270 422/1271
f 417/1269 422/1271 421/1272
f 425/1273 428/1274 427/1275
f 425/1273 427/1275 426/1276
f 429/1277 430/1278 431/1279
f 429/1277 431/1279 432/1280
f 425/1281 429/1282 432/1283
f 425/1281 432/1283 428/1284
f 426/1285 427/1286 431/1287
f 426/1285 431/1287 430/1288
f 428/1289 432/1290 431/1291
f 428/1289 431/1291 427/1292
f 425/1293 426/1294 430/1295
f 425/1293 430/1295 429/1296
f 433/1297 436/1298 435/1299
f 433/1297 435/1299 434/1300
f 437/1301 438/1302 439/1303
f 437/1301 439/1303 440/1304
f 433/1305 437/1306 440/1307
f 433/1305 440/1307 436/1308
f 434/1309 435/1310 439/1311
f 434/1309 439/1311 438/1312
f 436/1313 440/1314 439/1315
f 436/1313 439/1315 435/1316
f 433/1317 434/1318 438/1319
f 433/1317 438/1319 437/1320
f 441/1321 444/1322 443/1323
f 441/1321 443/1323 442/1324
f 445/1325 446/1326 447/1327
f 445/1325 447/1327 448/1328
f 441/1329 445/1330 448/1331
f 441/1329 448/1331 444/1332
f 442/1333 443/1334 447/1335
f 442/1333 447/1335 446/1336
f 444/1337 448/1338 447/1339
f 444/1337 447/1339 443/1340
f 441/1341 442/1342 446/1343
f 441/1341 446/1343 445/1344
f 457/1369 460/1370 459/1371
f 457/1369 459/1371 458/1372
f 461/1373 462/1374 463/1375
f 461/1373 463/1375 464/1376
f 457/1377 461/1378 464/1379
f 457/1377 464/1379 460/1380
f 458/1381 459/1382 463/1383
f 458/1381 463/1383 462/1384
f 460/1385 464/1386 463/1387
f 460/1385 463/1387 459/1388
f 457/1389 458/1390 462/1391
f 457/1389 462/1391 461/1392
f 469/1397 470/1398 471/1399
f 469/1397 471/1399 472/1400
f 465/1401 469/1402 472/1403
f 465/1401 472/1403 468/1404
f 466/1405 467/1406 471/1407
f 466/1405 471/1407 470/1408
f 468/1409 472/1410 471/1411
f 468/1409 471/1411 467/1412
f 465/1413 466/1414 470/1415
f 465/1413 470/1415 469/1416
g petal_2_living_membrane
f 369/1105 372/1106 371/1107
f 369/1105 371/1107 370/1108
f 373/1109 374/1110 375/1111
f 373/1109 375/1111 376/1112
f 369/1113 373/1114 376/1115
f 369/1113 376/1115 372/1116
f 370/1117 371/1118 375/1119
f 370/1117 375/1119 374/1120
f 372/1121 376/1122 375/1123
f 372/1121 375/1123 371/1124
f 369/1125 370/1126 374/1127
f 369/1125 374/1127 373/1128
f 409/1225 412/1226 411/1227
f 409/1225 411/1227 410/1228
f 413/1229 414/1230 415/1231
f 413/1229 415/1231 416/1232
f 409/1233 413/1234 416/1235
f 409/1233 416/1235 412/1236
f 410/1237 411/1238 415/1239
f 410/1237 415/1239 414/1240
f 412/1241 416/1242 415/1243
f 412/1241 415/1243 411/1244
f 409/1245 410/1246 414/1247
f 409/1245 414/1247 413/1248
f 449/1345 452/1346 451/1347
f 449/1345 451/1347 450/1348
f 453/1349 454/1350 455/1351
f 453/1349 455/1351 456/1352
f 449/1353 453/1354 456/1355
f 449/1353 456/1355 452/1356
f 450/1357 451/1358 455/1359
f 450/1357 455/1359 454/1360
f 452/1361 456/1362 455/1363
f 452/1361 455/1363 451/1364
f 449/1365 450/1366 454/1367
f 449/1365 454/1367 453/1368
g petal_3
f 473/1417 476/1418 475/1419
f 473/1417 475/1419 474/1420
f 477/1421 478/1422 479/1423
f 477/1421 479/1423 480/1424
f 473/1425 477/1426 480/1427
f 473/1425 480/1427 476/1428
f 474/1429 475/1430 479/1431
f 474/1429 479/1431 478/1432
f 476/1433 480/1434 479/1435
f 476/1433 479/1435 475/1436
f 473/1437 474/1438 478/1439
f 473/1437 478/1439 477/1440
f 481/1441 484/1442 483/1443
f 481/1441 483/1443 482/1444
f 485/1445 486/1446 487/1447
f 485/1445 487/1447 488/1448
f 481/1449 485/1450 488/1451
f 481/1449 488/1451 484/1452
f 482/1453 483/1454 487/1455
f 482/1453 487/1455 486/1456
f 484/1457 488/1458 487/1459
f 484/1457 487/1459 483/1460
f 481/1461 482/1462 486/1463
f 481/1461 486/1463 485/1464
f 497/1489 500/1490 499/1491
f 497/1489 499/1491 498/1492
f 501/1493 502/1494 503/1495
f 501/1493 503/1495 504/1496
f 497/1497 501/1498 504/1499
f 497/1497 504/1499 500/1500
f 498/1501 499/1502 503/1503
f 498/1501 503/1503 502/1504
f 500/1505 504/1506 503/1507
f 500/1505 503/1507 499/1508
f 497/1509 498/1510 502/1511
f 497/1509 502/1511 501/1512
f 505/1513 508/1514 507/1515
f 505/1513 507/1515 506/1516
f 509/1517 510/1518 511/1519
f 509/1517 511/1519 512/1520
f 505/1521 509/1522 512/1523
f 505/1521 512/1523 508/1524
f 506/1525 507/1526 511/1527
f 506/1525 511/1527 510/1528
f 508/1529 512/1530 511/1531
f 508/1529 511/1531 507/1532
f 505/1533 506/1534 510/1535
f 505/1533 510/1535 509/1536
f 513/1537 516/1538 515/1539
f 513/1537 515/1539 514/1540
f 517/1541 518/1542 519/1543
f 517/1541 519/1543 520/1544
f 513/1545 517/1546 520/1547
f 513/1545 520/1547 516/1548
f 514/1549 515/1550 519/1551
f 514/1549 519/1551 518/1552
f 516/1553 520/1554 519/1555
f 516/1553 519/1555 515/1556
f 513/1557 514/1558 518/1559
f 513/1557 518/1559 517/1560
f 521/1561 524/1562 523/1563
f 521/1561 523/1563 522/1564
f 525/1565 526/1566 527/1567
f 525/1565 527/1567 528/1568
f 521/1569 525/1570 528/1571
f 521/1569 528/1571 524/1572
f 522/1573 523/1574 527/1575
f 522/1573 527/1575 526/1576
f 524/1577 528/1578 527/1579
f 524/1577 527/1579 523/1580
f 521/1581 522/1582 526/1583
f 521/1581 526/1583 525/1584
f 537/1609 540/1610 539/1611
f 537/1609 539/1611 538/1612
f 541/1613 542/1614 543/1615
f 541/1613 543/1615 544/1616
f 537/1617 541/1618 544/1619
f 537/1617 544/1619 540/1620
f 538/1621 539/1622 543/1623
f 538/1621 543/1623 542/1624
f 540/1625 544/1626 543/1627
f 540/1625 543/1627 539/1628
f 537/1629 538/1630 542/1631
f 537/1629 542/1631 541/1632
f 545/1633 548/1634 547/1635
f 545/1633 547/1635 546/1636
f 549/1637 550/1638 551/1639
f 549/1637 551/1639 552/1640
f 545/1641 549/1642 552/1643
f 545/1641 552/1643 548/1644
f 546/1645 547/1646 551/1647
f 546/1645 551/1647 550/1648
f 548/1649 552/1650 551/1651
f 548/1649 551/1651 547/1652
f 545/1653 546/1654 550/1655
f 545/1653 550/1655 549/1656
f 553/1657 556/1658 555/1659
f 553/1657 555/1659 554/1660
f 557/1661 558/1662 559/1663
f 557/1661 559/1663 560/1664
f 553/1665 557/1666 560/1667
f 553/1665 560/1667 556/1668
f 554/1669 555/1670 559/1671
f 554/1669 559/1671 558/1672
f 556/1673 560/1674 559/1675
f 556/1673 559/1675 555/1676
f 553/1677 554/1678 558/1679
f 553/1677 558/1679 557/1680
f 561/1681 564/1682 563/1683
f 561/1681 563/1683 562/1684
f 565/1685 566/1686 567/1687
f 565/1685 567/1687 568/1688
f 561/1689 565/1690 568/1691
f 561/1689 568/1691 564/1692
f 562/1693 563/1694 567/1695
f 562/1693 567/1695 566/1696
f 564/1697 568/1698 567/1699
f 564/1697 567/1699 563/1700
f 561/1701 562/1702 566/1703
f 561/1701 566/1703 565/1704
f 577/1729 580/1730 579/1731
f 577/1729 579/1731 578/1732
f 581/1733 582/1734 583/1735
f 581/1733 583/1735 584/1736
f 577/1737 581/1738 584/1739
f 577/1737 584/1739 580/1740
f 578/1741 579/1742 583/1743
f 578/1741 583/1743 582/1744
f 580/1745 584/1746 583/1747
f 580/1745 583/1747 579/1748
f 577/1749 578/1750 582/1751
f 577/1749 582/1751 581/1752
f 589/1757 590/1758 591/1759
f 589/1757 591/1759 592/1760
f 585/1761 589/1762 592/1763
f 585/1761 592/1763 588/1764
f 586/1765 587/1766 591/1767
f 586/1765 591/1767 590/1768
f 588/1769 592/1770 591/1771
f 588/1769 591/1771 587/1772
f 585/1773 586/1774 590/1775
f 585/1773 590/1775 589/1776
g petal_3_living_membrane
f 489/1465 492/1466 491/1467
f 489/1465 491/1467 490/1468
f 493/1469 494/1470 495/1471
f 493/1469 495/1471 496/1472
f 489/1473 493/1474 496/1475
f 489/1473 496/1475 492/1476
f 490/1477 491/1478 495/1479
f 490/1477 495/1479 494/1480
f 492/1481 496/1482 495/1483
f 492/1481 495/1483 491/1484
f 489/1485 490/1486 494/1487
f 489/1485 494/1487 493/1488
f 529/1585 532/1586 531/1587
f 529/1585 531/1587 530/1588
f 533/1589 534/1590 535/1591
f 533/1589 535/1591 536/1592
f 529/1593 533/1594 536/1595
f 529/1593 536/1595 532/1596
f 530/1597 531/1598 535/1599
f 530/1597 535/1599 534/1600
f 532/1601 536/1602 535/1603
f 532/1601 535/1603 531/1604
f 529/1605 530/1606 534/1607
f 529/1605 534/1607 533/1608
f 569/1705 572/1706 571/1707
f 569/1705 571/1707 570/1708
f 573/1709 574/1710 575/1711
f 573/1709 575/1711 576/1712
f 569/1713 573/1714 576/1715
f 569/1713 576/1715 572/1716
f 570/1717 571/1718 575/1719
f 570/1717 575/1719 574/1720
f 572/1721 576/1722 575/1723
f 572/1721 575/1723 571/1724
f 569/1725 570/1726 574/1727
f 569/1725 574/1727 573/1728
g nutrient_chain_0
f 593/1777 596/1778 595/1779
f 593/1777 595/1779 594/1780
f 597/1781 598/1782 599/1783
f 597/1781 599/1783 600/1784
f 593/1785 597/1786 600/1787
f 593/1785 600/1787 596/1788
f 594/1789 595/1790 599/1791
f 594/1789 599/1791 598/1792
f 596/1793 600/1794 599/1795
f 596/1793 599/1795 595/1796
f 593/1797 594/1798 598/1799
f 593/1797 598/1799 597/1800
f 601/1801 602/1802 603/1803
f 601/1801 603/1803 604/1804
f 601/1801 604/1804 605/1805
f 601/1801 605/1805 606/1806
f 601/1801 606/1806 607/1807
f 601/1801 607/1807 608/1808
f 616/1809 615/1810 614/1811
f 616/1809 614/1811 613/1812
f 616/1809 613/1812 612/1813
f 616/1809 612/1813 611/1814
f 616/1809 611/1814 610/1815
f 616/1809 610/1815 609/1816
f 601/1817 609/1818 610/1819
f 601/1817 610/1819 602/1820
f 602/1821 610/1822 611/1823
f 602/1821 611/1823 603/1824
f 603/1825 611/1826 612/1827
f 603/1825 612/1827 604/1828
f 604/1829 612/1830 613/1831
f 604/1829 613/1831 605/1832
f 605/1833 613/1834 614/1835
f 605/1833 614/1835 606/1836
f 606/1837 614/1838 615/1839
f 606/1837 615/1839 607/1840
f 607/1841 615/1842 616/1843
f 607/1841 616/1843 608/1844
f 608/1845 616/1846 609/1847
f 608/1845 609/1847 601/1848
f 617/1849 620/1850 619/1851
f 617/1849 619/1851 618/1852
f 621/1853 622/1854 623/1855
f 621/1853 623/1855 624/1856
f 617/1857 621/1858 624/1859
f 617/1857 624/1859 620/1860
f 618/1861 619/1862 623/1863
f 618/1861 623/1863 622/1864
f 620/1865 624/1866 623/1867
f 620/1865 623/1867 619/1868
f 617/1869 618/1870 622/1871
f 617/1869 622/1871 621/1872
f 625/1873 626/1874 627/1875
f 625/1873 627/1875 628/1876
f 625/1873 628/1876 629/1877
f 625/1873 629/1877 630/1878
f 625/1873 630/1878 631/1879
f 625/1873 631/1879 632/1880
f 640/1881 639/1882 638/1883
f 640/1881 638/1883 637/1884
f 640/1881 637/1884 636/1885
f 640/1881 636/1885 635/1886
f 640/1881 635/1886 634/1887
f 640/1881 634/1887 633/1888
f 625/1889 633/1890 634/1891
f 625/1889 634/1891 626/1892
f 626/1893 634/1894 635/1895
f 626/1893 635/1895 627/1896
f 627/1897 635/1898 636/1899
f 627/1897 636/1899 628/1900
f 628/1901 636/1902 637/1903
f 628/1901 637/1903 629/1904
f 629/1905 637/1906 638/1907
f 629/1905 638/1907 630/1908
f 630/1909 638/1910 639/1911
f 630/1909 639/1911 631/1912
f 631/1913 639/1914 640/1915
f 631/1913 640/1915 632/1916
f 632/1917 640/1918 633/1919
f 632/1917 633/1919 625/1920
f 641/1921 644/1922 643/1923
f 641/1921 643/1923 642/1924
f 645/1925 646/1926 647/1927
f 645/1925 647/1927 648/1928
f 641/1929 645/1930 648/1931
f 641/1929 648/1931 644/1932
f 642/1933 643/1934 647/1935
f 642/1933 647/1935 646/1936
f 644/1937 648/1938 647/1939
f 644/1937 647/1939 643/1940
f 641/1941 642/1942 646/1943
f 641/1941 646/1943 645/1944
f 649/1945 650/1946 651/1947
f 649/1945 651/1947 652/1948
f 649/1945 652/1948 653/1949
f 649/1945 653/1949 654/1950
f 649/1945 654/1950 655/1951
f 649/1945 655/1951 656/1952
f 664/1953 663/1954 662/1955
f 664/1953 662/1955 661/1956
f 664/1953 661/1956 660/1957
f 664/1953 660/1957 659/1958
f 664/1953 659/1958 658/1959
f 664/1953 658/1959 657/1960
f 649/1961 657/1962 658/1963
f 649/1961 658/1963 650/1964
f 650/1965 658/1966 659/1967
f 650/1965 659/1967 651/1968
f 651/1969 659/1970 660/1971
f 651/1969 660/1971 652/1972
f 652/1973 660/1974 661/1975
f 652/1973 661/1975 653/1976
f 653/1977 661/1978 662/1979
f 653/1977 662/1979 654/1980
f 654/1981 662/1982 663/1983
f 654/1981 663/1983 655/1984
f 655/1985 663/1986 664/1987
f 655/1985 664/1987 656/1988
f 656/1989 664/1990 657/1991
f 656/1989 657/1991 649/1992
f 665/1993 668/1994 667/1995
f 665/1993 667/1995 666/1996
f 669/1997 670/1998 671/1999
f 669/1997 671/1999 672/2000
f 665/2001 669/2002 672/2003
f 665/2001 672/2003 668/2004
f 666/2005 667/2006 671/2007
f 666/2005 671/2007 670/2008
f 668/2009 672/2010 671/2011
f 668/2009 671/2011 667/2012
f 665/2013 666/2014 670/2015
f 665/2013 670/2015 669/2016
g nutrient_chain_1
f 673/2017 676/2018 675/2019
f 673/2017 675/2019 674/2020
f 677/2021 678/2022 679/2023
f 677/2021 679/2023 680/2024
f 673/2025 677/2026 680/2027
f 673/2025 680/2027 676/2028
f 674/2029 675/2030 679/2031
f 674/2029 679/2031 678/2032
f 676/2033 680/2034 679/2035
f 676/2033 679/2035 675/2036
f 673/2037 674/2038 678/2039
f 673/2037 678/2039 677/2040
f 681/2041 682/2042 683/2043
f 681/2041 683/2043 684/2044
f 681/2041 684/2044 685/2045
f 681/2041 685/2045 686/2046
f 681/2041 686/2046 687/2047
f 681/2041 687/2047 688/2048
f 696/2049 695/2050 694/2051
f 696/2049 694/2051 693/2052
f 696/2049 693/2052 692/2053
f 696/2049 692/2053 691/2054
f 696/2049 691/2054 690/2055
f 696/2049 690/2055 689/2056
f 681/2057 689/2058 690/2059
f 681/2057 690/2059 682/2060
f 682/2061 690/2062 691/2063
f 682/2061 691/2063 683/2064
f 683/2065 691/2066 692/2067
f 683/2065 692/2067 684/2068
f 684/2069 692/2070 693/2071
f 684/2069 693/2071 685/2072
f 685/2073 693/2074 694/2075
f 685/2073 694/2075 686/2076
f 686/2077 694/2078 695/2079
f 686/2077 695/2079 687/2080
f 687/2081 695/2082 696/2083
f 687/2081 696/2083 688/2084
f 688/2085 696/2086 689/2087
f 688/2085 689/2087 681/2088
f 697/2089 700/2090 699/2091
f 697/2089 699/2091 698/2092
f 701/2093 702/2094 703/2095
f 701/2093 703/2095 704/2096
f 697/2097 701/2098 704/2099
f 697/2097 704/2099 700/2100
f 698/2101 699/2102 703/2103
f 698/2101 703/2103 702/2104
f 700/2105 704/2106 703/2107
f 700/2105 703/2107 699/2108
f 697/2109 698/2110 702/2111
f 697/2109 702/2111 701/2112
f 705/2113 706/2114 707/2115
f 705/2113 707/2115 708/2116
f 705/2113 708/2116 709/2117
f 705/2113 709/2117 710/2118
f 705/2113 710/2118 711/2119
f 705/2113 711/2119 712/2120
f 720/2121 719/2122 718/2123
f 720/2121 718/2123 717/2124
f 720/2121 717/2124 716/2125
f 720/2121 716/2125 715/2126
f 720/2121 715/2126 714/2127
f 720/2121 714/2127 713/2128
f 705/2129 713/2130 714/2131
f 705/2129 714/2131 706/2132
f 706/2133 714/2134 715/2135
f 706/2133 715/2135 707/2136
f 707/2137 715/2138 716/2139
f 707/2137 716/2139 708/2140
f 708/2141 716/2142 717/2143
f 708/2141 717/2143 709/2144
f 709/2145 717/2146 718/2147
f 709/2145 718/2147 710/2148
f 710/2149 718/2150 719/2151
f 710/2149 719/2151 711/2152
f 711/2153 719/2154 720/2155
f 711/2153 720/2155 712/2156
f 712/2157 720/2158 713/2159
f 712/2157 713/2159 705/2160
f 721/2161 724/2162 723/2163
f 721/2161 723/2163 722/2164
f 725/2165 726/2166 727/2167
f 725/2165 727/2167 728/2168
f 721/2169 725/2170 728/2171
f 721/2169 728/2171 724/2172
f 722/2173 723/2174 727/2175
f 722/2173 727/2175 726/2176
f 724/2177 728/2178 727/2179
f 724/2177 727/2179 723/2180
f 721/2181 722/2182 726/2183
f 721/2181 726/2183 725/2184
f 729/2185 730/2186 731/2187
f 729/2185 731/2187 732/2188
f 729/2185 732/2188 733/2189
f 729/2185 733/2189 734/2190
f 729/2185 734/2190 735/2191
f 729/2185 735/2191 736/2192
f 744/2193 743/2194 742/2195
f 744/2193 742/2195 741/2196
f 744/2193 741/2196 740/2197
f 744/2193 740/2197 739/2198
f 744/2193 739/2198 738/2199
f 744/2193 738/2199 737/2200
f 729/2201 737/2202 738/2203
f 729/2201 738/2203 730/2204
f 730/2205 738/2206 739/2207
f 730/2205 739/2207 731/2208
f 731/2209 739/2210 740/2211
f 731/2209 740/2211 732/2212
f 732/2213 740/2214 741/2215
f 732/2213 741/2215 733/2216
f 733/2217 741/2218 742/2219
f 733/2217 742/2219 734/2220
f 734/2221 742/2222 743/2223
f 734/2221 743/2223 735/2224
f 735/2225 743/2226 744/2227
f 735/2225 744/2227 736/2228
f 736/2229 744/2230 737/2231
f 736/2229 737/2231 729/2232
f 745/2233 748/2234 747/2235
f 745/2233 747/2235 746/2236
f 749/2237 750/2238 751/2239
f 749/2237 751/2239 752/2240
f 745/2241 749/2242 752/2243
f 745/2241 752/2243 748/2244
f 746/2245 747/2246 751/2247
f 746/2245 751/2247 750/2248
f 748/2249 752/2250 751/2251
f 748/2249 751/2251 747/2252
f 745/2253 746/2254 750/2255
f 745/2253 750/2255 749/2256
g nutrient_chain_2
f 753/2257 756/2258 755/2259
f 753/2257 755/2259 754/2260
f 757/2261 758/2262 759/2263
f 757/2261 759/2263 760/2264
f 753/2265 757/2266 760/2267
f 753/2265 760/2267 756/2268
f 754/2269 755/2270 759/2271
f 754/2269 759/2271 758/2272
f 756/2273 760/2274 759/2275
f 756/2273 759/2275 755/2276
f 753/2277 754/2278 758/2279
f 753/2277 758/2279 757/2280
f 761/2281 762/2282 763/2283
f 761/2281 763/2283 764/2284
f 761/2281 764/2284 765/2285
f 761/2281 765/2285 766/2286
f 761/2281 766/2286 767/2287
f 761/2281 767/2287 768/2288
f 776/2289 775/2290 774/2291
f 776/2289 774/2291 773/2292
f 776/2289 773/2292 772/2293
f 776/2289 772/2293 771/2294
f 776/2289 771/2294 770/2295
f 776/2289 770/2295 769/2296
f 761/2297 769/2298 770/2299
f 761/2297 770/2299 762/2300
f 762/2301 770/2302 771/2303
f 762/2301 771/2303 763/2304
f 763/2305 771/2306 772/2307
f 763/2305 772/2307 764/2308
f 764/2309 772/2310 773/2311
f 764/2309 773/2311 765/2312
f 765/2313 773/2314 774/2315
f 765/2313 774/2315 766/2316
f 766/2317 774/2318 775/2319
f 766/2317 775/2319 767/2320
f 767/2321 775/2322 776/2323
f 767/2321 776/2323 768/2324
f 768/2325 776/2326 769/2327
f 768/2325 769/2327 761/2328
f 777/2329 780/2330 779/2331
f 777/2329 779/2331 778/2332
f 781/2333 782/2334 783/2335
f 781/2333 783/2335 784/2336
f 777/2337 781/2338 784/2339
f 777/2337 784/2339 780/2340
f 778/2341 779/2342 783/2343
f 778/2341 783/2343 782/2344
f 780/2345 784/2346 783/2347
f 780/2345 783/2347 779/2348
f 777/2349 778/2350 782/2351
f 777/2349 782/2351 781/2352
f 785/2353 786/2354 787/2355
f 785/2353 787/2355 788/2356
f 785/2353 788/2356 789/2357
f 785/2353 789/2357 790/2358
f 785/2353 790/2358 791/2359
f 785/2353 791/2359 792/2360
f 800/2361 799/2362 798/2363
f 800/2361 798/2363 797/2364
f 800/2361 797/2364 796/2365
f 800/2361 796/2365 795/2366
f 800/2361 795/2366 794/2367
f 800/2361 794/2367 793/2368
f 785/2369 793/2370 794/2371
f 785/2369 794/2371 786/2372
f 786/2373 794/2374 795/2375
f 786/2373 795/2375 787/2376
f 787/2377 795/2378 796/2379
f 787/2377 796/2379 788/2380
f 788/2381 796/2382 797/2383
f 788/2381 797/2383 789/2384
f 789/2385 797/2386 798/2387
f 789/2385 798/2387 790/2388
f 790/2389 798/2390 799/2391
f 790/2389 799/2391 791/2392
f 791/2393 799/2394 800/2395
f 791/2393 800/2395 792/2396
f 792/2397 800/2398 793/2399
f 792/2397 793/2399 785/2400
f 801/2401 804/2402 803/2403
f 801/2401 803/2403 802/2404
f 805/2405 806/2406 807/2407
f 805/2405 807/2407 808/2408
f 801/2409 805/2410 808/2411
f 801/2409 808/2411 804/2412
f 802/2413 803/2414 807/2415
f 802/2413 807/2415 806/2416
f 804/2417 808/2418 807/2419
f 804/2417 807/2419 803/2420
f 801/2421 802/2422 806/2423
f 801/2421 806/2423 805/2424
f 809/2425 810/2426 811/2427
f 809/2425 811/2427 812/2428
f 809/2425 812/2428 813/2429
f 809/2425 813/2429 814/2430
f 809/2425 814/2430 815/2431
f 809/2425 815/2431 816/2432
f 824/2433 823/2434 822/2435
f 824/2433 822/2435 821/2436
f 824/2433 821/2436 820/2437
f 824/2433 820/2437 819/2438
f 824/2433 819/2438 818/2439
f 824/2433 818/2439 817/2440
f 809/2441 817/2442 818/2443
f 809/2441 818/2443 810/2444
f 810/2445 818/2446 819/2447
f 810/2445 819/2447 811/2448
f 811/2449 819/2450 820/2451
f 811/2449 820/2451 812/2452
f 812/2453 820/2454 821/2455
f 812/2453 821/2455 813/2456
f 813/2457 821/2458 822/2459
f 813/2457 822/2459 814/2460
f 814/2461 822/2462 823/2463
f 814/2461 823/2463 815/2464
f 815/2465 823/2466 824/2467
f 815/2465 824/2467 816/2468
f 816/2469 824/2470 817/2471
f 816/2469 817/2471 809/2472
f 825/2473 828/2474 827/2475
f 825/2473 827/2475 826/2476
f 829/2477 830/2478 831/2479
f 829/2477 831/2479 832/2480
f 825/2481 829/2482 832/2483
f 825/2481 832/2483 828/2484
f 826/2485 827/2486 831/2487
f 826/2485 831/2487 830/2488
f 828/2489 832/2490 831/2491
f 828/2489 831/2491 827/2492
f 825/2493 826/2494 830/2495
f 825/2493 830/2495 829/2496
g head_nod__glow
f 105/313 108/314 107/315
f 105/313 107/315 106/316
g petal_0__glow
f 225/673 228/674 227/675
f 225/673 227/675 226/676
g petal_1__glow
f 345/1033 348/1034 347/1035
f 345/1033 347/1035 346/1036
g petal_2__glow
f 465/1393 468/1394 467/1395
f 465/1393 467/1395 466/1396
g petal_3__glow
f 585/1753 588/1754 587/1755
f 585/1753 587/1755 586/1756
