# di-12 | final single-asset pipeline | blocks +Y up -Z front
mtllib di-12.mtl
v -0.445000000000 1.269692152064 -1.719055420801
v 0.445000000000 1.269692152064 -1.719055420801
v 0.445000000000 1.699692152064 -1.719055420801
v -0.445000000000 1.699692152064 -1.719055420801
v -0.445000000000 1.269692152064 1.240944579199
v 0.445000000000 1.269692152064 1.240944579199
v 0.445000000000 1.699692152064 1.240944579199
v -0.445000000000 1.699692152064 1.240944579199
v -0.295000000000 1.149692152064 -1.364055420801
v 0.295000000000 1.149692152064 -1.364055420801
v 0.295000000000 1.379692152064 -1.364055420801
v -0.295000000000 1.379692152064 -1.364055420801
v -0.295000000000 1.149692152064 0.805944579199
v 0.295000000000 1.149692152064 0.805944579199
v 0.295000000000 1.379692152064 0.805944579199
v -0.295000000000 1.379692152064 0.805944579199
v -0.335000000000 1.319692152064 -2.064055420801
v 0.335000000000 1.319692152064 -2.064055420801
v 0.335000000000 1.589692152064 -2.064055420801
v -0.335000000000 1.589692152064 -2.064055420801
v -0.335000000000 1.319692152064 -1.674055420801
v 0.335000000000 1.319692152064 -1.674055420801
v 0.335000000000 1.589692152064 -1.674055420801
v -0.335000000000 1.589692152064 -1.674055420801
v -0.185000000000 1.329692152064 -2.214055420801
v 0.185000000000 1.329692152064 -2.214055420801
v 0.185000000000 1.519692152064 -2.214055420801
v -0.185000000000 1.519692152064 -2.214055420801
v -0.185000000000 1.329692152064 -2.034055420801
v 0.185000000000 1.329692152064 -2.034055420801
v 0.185000000000 1.519692152064 -2.034055420801
v -0.185000000000 1.519692152064 -2.034055420801
v -0.322500000000 1.510692152064 -1.976555420801
v -0.217500000000 1.510692152064 -1.976555420801
v -0.217500000000 1.558692152064 -1.976555420801
v -0.322500000000 1.558692152064 -1.976555420801
v -0.322500000000 1.510692152064 -1.921555420801
v -0.217500000000 1.510692152064 -1.921555420801
v -0.217500000000 1.558692152064 -1.921555420801
v -0.322500000000 1.558692152064 -1.921555420801
v -0.305000000000 1.527692152064 -1.992055420801
v -0.235000000000 1.527692152064 -1.992055420801
v -0.235000000000 1.549692152064 -1.992055420801
v -0.305000000000 1.549692152064 -1.992055420801
v -0.305000000000 1.527692152064 -1.974055420801
v -0.235000000000 1.527692152064 -1.974055420801
v -0.235000000000 1.549692152064 -1.974055420801
v -0.305000000000 1.549692152064 -1.974055420801
v 0.217500000000 1.510692152064 -1.976555420801
v 0.322500000000 1.510692152064 -1.976555420801
v 0.322500000000 1.558692152064 -1.976555420801
v 0.217500000000 1.558692152064 -1.976555420801
v 0.217500000000 1.510692152064 -1.921555420801
v 0.322500000000 1.510692152064 -1.921555420801
v 0.322500000000 1.558692152064 -1.921555420801
v 0.217500000000 1.558692152064 -1.921555420801
v 0.235000000000 1.527692152064 -1.992055420801
v 0.305000000000 1.527692152064 -1.992055420801
v 0.305000000000 1.549692152064 -1.992055420801
v 0.235000000000 1.549692152064 -1.992055420801
v 0.235000000000 1.527692152064 -1.974055420801
v 0.305000000000 1.527692152064 -1.974055420801
v 0.305000000000 1.549692152064 -1.974055420801
v 0.235000000000 1.549692152064 -1.974055420801
v -0.240000000000 1.692448381126 -1.681667303364
v 0.240000000000 1.692448381126 -1.681667303364
v 0.240000000000 1.807290777623 -1.675648668396
v -0.240000000000 1.807290777623 -1.675648668396
v -0.240000000000 1.662093526505 -1.102462173206
v 0.240000000000 1.662093526505 -1.102462173206
v 0.240000000000 1.776935923002 -1.096443538238
v -0.240000000000 1.776935923002 -1.096443538238
v -0.305000000000 1.662093526505 -1.005648668396
v 0.305000000000 1.662093526505 -1.005648668396
v 0.305000000000 1.776935923002 -1.011667303364
v -0.305000000000 1.776935923002 -1.011667303364
v -0.305000000000 1.692448381126 -0.426443538238
v 0.305000000000 1.692448381126 -0.426443538238
v 0.305000000000 1.807290777623 -0.432462173206
v -0.305000000000 1.807290777623 -0.432462173206
v -0.285000000000 1.692448381126 -0.291667303364
v 0.285000000000 1.692448381126 -0.291667303364
v 0.285000000000 1.807290777623 -0.285648668396
v -0.285000000000 1.807290777623 -0.285648668396
v -0.285000000000 1.662093526505 0.287537826794
v 0.285000000000 1.662093526505 0.287537826794
v 0.285000000000 1.776935923002 0.293556461762
v -0.285000000000 1.776935923002 0.293556461762
v -0.220000000000 1.662093526505 0.394351331604
v 0.220000000000 1.662093526505 0.394351331604
v 0.220000000000 1.776935923002 0.388332696636
v -0.220000000000 1.776935923002 0.388332696636
v -0.220000000000 1.692448381126 0.973556461762
v 0.220000000000 1.692448381126 0.973556461762
v 0.220000000000 1.807290777623 0.967537826794
v -0.220000000000 1.807290777623 0.967537826794
v -0.980000000000 1.414692152064 -1.694055420801
v -0.300000000000 1.414692152064 -1.694055420801
v -0.300000000000 1.594692152064 -1.694055420801
v -0.980000000000 1.594692152064 -1.694055420801
v -0.980000000000 1.414692152064 1.185944579199
v -0.300000000000 1.414692152064 1.185944579199
v -0.300000000000 1.594692152064 1.185944579199
v -0.980000000000 1.594692152064 1.185944579199
v -0.802059896402 1.597192152064 -1.523409319934
v -0.313652537395 1.597192152064 -1.489256550388
v -0.313652537395 1.672192152064 -1.489256550388
v -0.802059896402 1.672192152064 -1.523409319934
v -0.866347462605 1.597192152064 -0.604054291214
v -0.377940103598 1.597192152064 -0.569901521669
v -0.377940103598 1.672192152064 -0.569901521669
v -0.866347462605 1.672192152064 -0.604054291214
v -0.802059896402 1.597192152064 0.118190680066
v -0.313652537395 1.597192152064 0.152343449612
v -0.313652537395 1.672192152064 0.152343449612
v -0.802059896402 1.672192152064 0.118190680066
v -0.866347462605 1.597192152064 1.037545708786
v -0.377940103598 1.597192152064 1.071698478331
v -0.377940103598 1.672192152064 1.071698478331
v -0.866347462605 1.672192152064 1.037545708786
v -0.514230148548 1.432192152064 1.092647270903
v -0.351658340035 1.432192152064 1.142350460706
v -0.351658340035 1.567192152064 1.142350460706
v -0.514230148548 1.567192152064 1.092647270903
v -0.601941659965 1.432192152064 1.379538697692
v -0.439369851452 1.432192152064 1.429241887495
v -0.439369851452 1.567192152064 1.429241887495
v -0.601941659965 1.567192152064 1.379538697692
v -0.816843422637 1.432192152064 1.124075858895
v -0.662771098841 1.432192152064 1.195920963391
v -0.662771098841 1.567192152064 1.195920963391
v -0.816843422637 1.567192152064 1.124075858895
v -0.943628901159 1.432192152064 1.395968195006
v -0.789556577363 1.432192152064 1.467813299502
v -0.789556577363 1.567192152064 1.467813299502
v -0.943628901159 1.567192152064 1.395968195006
v -0.844000000000 1.357692152064 -1.262655420801
v -0.436000000000 1.357692152064 -1.262655420801
v -0.436000000000 1.419692152064 -1.262655420801
v -0.844000000000 1.419692152064 -1.262655420801
v -0.844000000000 1.357692152064 0.724544579199
v -0.436000000000 1.357692152064 0.724544579199
v -0.436000000000 1.419692152064 0.724544579199
v -0.844000000000 1.419692152064 0.724544579199
v -1.595000000000 1.424692152064 -1.409055420801
v -0.945000000000 1.424692152064 -1.409055420801
v -0.945000000000 1.604692152064 -1.409055420801
v -1.595000000000 1.604692152064 -1.409055420801
v -1.595000000000 1.424692152064 0.900944579199
v -0.945000000000 1.424692152064 0.900944579199
v -0.945000000000 1.604692152064 0.900944579199
v -1.595000000000 1.604692152064 0.900944579199
v -1.427647995065 1.607192152064 -1.277778108633
v -0.960788019543 1.607192152064 -1.245132078921
v -0.960788019543 1.682192152064 -1.245132078921
v -1.427647995065 1.682192152064 -1.277778108633
v -1.479211980457 1.607192152064 -0.540378762681
v -1.012352004935 1.607192152064 -0.507732732969
v -1.012352004935 1.682192152064 -0.507732732969
v -1.479211980457 1.682192152064 -0.540378762681
v -1.427647995065 1.607192152064 0.038921891367
v -0.960788019543 1.607192152064 0.071567921079
v -0.960788019543 1.682192152064 0.071567921079
v -1.427647995065 1.682192152064 0.038921891367
v -1.479211980457 1.607192152064 0.776321237319
v -1.012352004935 1.607192152064 0.808967267031
v -1.012352004935 1.682192152064 0.808967267031
v -1.479211980457 1.682192152064 0.776321237319
v -1.147844005714 1.442192152064 0.808743664796
v -0.992444482870 1.442192152064 0.856254066813
v -0.992444482870 1.577192152064 0.856254066813
v -1.147844005714 1.577192152064 0.808743664796
v -1.235555517130 1.442192152064 1.095635091585
v -1.080155994286 1.442192152064 1.143145493602
v -1.080155994286 1.577192152064 1.143145493602
v -1.235555517130 1.577192152064 1.095635091585
v -1.436244768436 1.442192152064 0.840660677377
v -1.288969753042 1.442192152064 0.909336144910
v -1.288969753042 1.577192152064 0.909336144910
v -1.436244768436 1.577192152064 0.840660677377
v -1.563030246958 1.442192152064 1.112553013488
v -1.415755231564 1.442192152064 1.181228481021
v -1.415755231564 1.577192152064 1.181228481021
v -1.563030246958 1.577192152064 1.112553013488
v -1.465000000000 1.367692152064 -1.066005420801
v -1.075000000000 1.367692152064 -1.066005420801
v -1.075000000000 1.429692152064 -1.066005420801
v -1.465000000000 1.429692152064 -1.066005420801
v -1.465000000000 1.367692152064 0.527894579199
v -1.075000000000 1.367692152064 0.527894579199
v -1.075000000000 1.429692152064 0.527894579199
v -1.465000000000 1.429692152064 0.527894579199
v -2.225000000000 1.394692152064 -1.129055420801
v -1.575000000000 1.394692152064 -1.129055420801
v -1.575000000000 1.574692152064 -1.129055420801
v -2.225000000000 1.574692152064 -1.129055420801
v -2.225000000000 1.394692152064 0.620944579199
v -1.575000000000 1.394692152064 0.620944579199
v -1.575000000000 1.574692152064 0.620944579199
v -2.225000000000 1.574692152064 0.620944579199
v -2.063898175112 1.577192152064 -1.037196369730
v -1.597038199591 1.577192152064 -1.004550340018
v -1.597038199591 1.652192152064 -1.004550340018
v -2.063898175112 1.652192152064 -1.037196369730
v -2.102961800409 1.577192152064 -0.478560501585
v -1.636101824888 1.577192152064 -0.445914471872
v -1.636101824888 1.652192152064 -0.445914471872
v -2.102961800409 1.652192152064 -0.478560501585
v -2.063898175112 1.577192152064 -0.039696369730
v -1.597038199591 1.577192152064 -0.007050340018
v -1.597038199591 1.652192152064 -0.007050340018
v -2.063898175112 1.652192152064 -0.039696369730
v -2.102961800409 1.577192152064 0.518939498415
v -1.636101824888 1.577192152064 0.551585528128
v -1.636101824888 1.652192152064 0.551585528128
v -2.102961800409 1.652192152064 0.518939498415
v -1.777844005714 1.412192152064 0.528743664796
v -1.622444482870 1.412192152064 0.576254066813
v -1.622444482870 1.547192152064 0.576254066813
v -1.777844005714 1.547192152064 0.528743664796
v -1.865555517130 1.412192152064 0.815635091585
v -1.710155994286 1.412192152064 0.863145493602
v -1.710155994286 1.547192152064 0.863145493602
v -1.865555517130 1.547192152064 0.815635091585
v -2.066244768436 1.412192152064 0.560660677377
v -1.918969753042 1.412192152064 0.629336144910
v -1.918969753042 1.547192152064 0.629336144910
v -2.066244768436 1.547192152064 0.560660677377
v -2.193030246958 1.412192152064 0.832553013488
v -2.045755231564 1.412192152064 0.901228481021
v -2.045755231564 1.547192152064 0.901228481021
v -2.193030246958 1.547192152064 0.832553013488
v -2.095000000000 1.337692152064 -0.872805420801
v -1.705000000000 1.337692152064 -0.872805420801
v -1.705000000000 1.399692152064 -0.872805420801
v -2.095000000000 1.399692152064 -0.872805420801
v -2.095000000000 1.337692152064 0.334694579199
v -1.705000000000 1.337692152064 0.334694579199
v -1.705000000000 1.399692152064 0.334694579199
v -2.095000000000 1.399692152064 0.334694579199
v -2.810000000000 1.344692152064 -0.829055420801
v -2.210000000000 1.344692152064 -0.829055420801
v -2.210000000000 1.524692152064 -0.829055420801
v -2.810000000000 1.524692152064 -0.829055420801
v -2.810000000000 1.344692152064 0.320944579199
v -2.210000000000 1.344692152064 0.320944579199
v -2.210000000000 1.524692152064 0.320944579199
v -2.810000000000 1.524692152064 0.320944579199
v -2.662638643687 1.527192152064 -0.778174604378
v -2.231690973975 1.527192152064 -0.748039807720
v -2.231690973975 1.602192152064 -0.748039807720
v -2.662638643687 1.602192152064 -0.778174604378
v -2.688309026025 1.527192152064 -0.411071033882
v -2.257361356313 1.527192152064 -0.380936237225
v -2.257361356313 1.602192152064 -0.380936237225
v -2.688309026025 1.602192152064 -0.411071033882
v -2.662638643687 1.527192152064 -0.122674604378
v -2.231690973975 1.527192152064 -0.092539807720
v -2.231690973975 1.602192152064 -0.092539807720
v -2.662638643687 1.602192152064 -0.122674604378
v -2.688309026025 1.527192152064 0.244428966118
v -2.257361356313 1.527192152064 0.274563762775
v -2.257361356313 1.602192152064 0.274563762775
v -2.688309026025 1.602192152064 0.244428966118
v -2.393867100989 1.362192152064 0.230570987950
v -2.250421387594 1.362192152064 0.274426743659
v -2.250421387594 1.497192152064 0.274426743659
v -2.393867100989 1.497192152064 0.230570987950
v -2.481578612406 1.362192152064 0.517462414739
v -2.338132899011 1.362192152064 0.561318170447
v -2.338132899011 1.497192152064 0.561318170447
v -2.481578612406 1.497192152064 0.517462414739
v -2.658580344767 1.362192152064 0.263302041513
v -2.522634176711 1.362192152064 0.326694780774
v -2.522634176711 1.497192152064 0.326694780774
v -2.658580344767 1.497192152064 0.263302041513
v -2.785365823289 1.362192152064 0.535194377624
v -2.649419655233 1.362192152064 0.598587116885
v -2.649419655233 1.497192152064 0.598587116885
v -2.785365823289 1.497192152064 0.535194377624
v -2.690000000000 1.287692152064 -0.665805420801
v -2.330000000000 1.287692152064 -0.665805420801
v -2.330000000000 1.349692152064 -0.665805420801
v -2.690000000000 1.349692152064 -0.665805420801
v -2.690000000000 1.287692152064 0.127694579199
v -2.330000000000 1.287692152064 0.127694579199
v -2.330000000000 1.349692152064 0.127694579199
v -2.690000000000 1.349692152064 0.127694579199
v -3.250000000000 1.294692152064 -0.494055420801
v -2.810000000000 1.294692152064 -0.494055420801
v -2.810000000000 1.474692152064 -0.494055420801
v -3.250000000000 1.474692152064 -0.494055420801
v -3.250000000000 1.294692152064 -0.014055420801
v -2.810000000000 1.294692152064 -0.014055420801
v -2.810000000000 1.474692152064 -0.014055420801
v -3.250000000000 1.474692152064 -0.014055420801
v -3.132656848378 1.477192152064 -0.486317765302
v -2.816628557255 1.477192152064 -0.464218914420
v -2.816628557255 1.552192152064 -0.464218914420
v -3.132656848378 1.552192152064 -0.486317765302
v -3.143371442745 1.477192152064 -0.333091927182
v -2.827343151622 1.477192152064 -0.310993076300
v -2.827343151622 1.552192152064 -0.310993076300
v -3.143371442745 1.552192152064 -0.333091927182
v -3.162000000000 1.237692152064 -0.434655420801
v -2.898000000000 1.237692152064 -0.434655420801
v -2.898000000000 1.299692152064 -0.434655420801
v -3.162000000000 1.299692152064 -0.434655420801
v -3.162000000000 1.237692152064 -0.103455420801
v -2.898000000000 1.237692152064 -0.103455420801
v -2.898000000000 1.299692152064 -0.103455420801
v -3.162000000000 1.299692152064 -0.103455420801
v -0.429307774223 1.499697476562 -0.274055420801
v -0.430692225777 1.589686827565 -0.274055420801
v -1.730692225777 1.569686827565 -0.274055420801
v -1.729307774223 1.479697476562 -0.274055420801
v -0.429307774223 1.499697476562 -0.164055420801
v -0.430692225777 1.589686827565 -0.164055420801
v -1.730692225777 1.569686827565 -0.164055420801
v -1.729307774223 1.479697476562 -0.164055420801
v -1.877081511097 1.482323456963 -0.281555420801
v -1.882918488903 1.547060847165 -0.281555420801
v -3.102918488903 1.437060847165 -0.281555420801
v -3.097081511097 1.372323456963 -0.281555420801
v -1.877081511097 1.482323456963 -0.196555420801
v -1.882918488903 1.547060847165 -0.196555420801
v -3.102918488903 1.437060847165 -0.196555420801
v -3.097081511097 1.372323456963 -0.196555420801
v 0.300000000000 1.414692152064 -1.694055420801
v 0.980000000000 1.414692152064 -1.694055420801
v 0.980000000000 1.594692152064 -1.694055420801
v 0.300000000000 1.594692152064 -1.694055420801
v 0.300000000000 1.414692152064 1.185944579199
v 0.980000000000 1.414692152064 1.185944579199
v 0.980000000000 1.594692152064 1.185944579199
v 0.300000000000 1.594692152064 1.185944579199
v 0.313652537395 1.597192152064 -1.489256550388
v 0.802059896402 1.597192152064 -1.523409319934
v 0.802059896402 1.672192152064 -1.523409319934
v 0.313652537395 1.672192152064 -1.489256550388
v 0.377940103598 1.597192152064 -0.569901521669
v 0.866347462605 1.597192152064 -0.604054291214
v 0.866347462605 1.672192152064 -0.604054291214
v 0.377940103598 1.672192152064 -0.569901521669
v 0.313652537395 1.597192152064 0.152343449612
v 0.802059896402 1.597192152064 0.118190680066
v 0.802059896402 1.672192152064 0.118190680066
v 0.313652537395 1.672192152064 0.152343449612
v 0.377940103598 1.597192152064 1.071698478331
v 0.866347462605 1.597192152064 1.037545708786
v 0.866347462605 1.672192152064 1.037545708786
v 0.377940103598 1.672192152064 1.071698478331
v 0.351658340035 1.432192152064 1.142350460706
v 0.514230148548 1.432192152064 1.092647270903
v 0.514230148548 1.567192152064 1.092647270903
v 0.351658340035 1.567192152064 1.142350460706
v 0.439369851452 1.432192152064 1.429241887495
v 0.601941659965 1.432192152064 1.379538697692
v 0.601941659965 1.567192152064 1.379538697692
v 0.439369851452 1.567192152064 1.429241887495
v 0.662771098841 1.432192152064 1.195920963391
v 0.816843422637 1.432192152064 1.124075858895
v 0.816843422637 1.567192152064 1.124075858895
v 0.662771098841 1.567192152064 1.195920963391
v 0.789556577363 1.432192152064 1.467813299502
v 0.943628901159 1.432192152064 1.395968195006
v 0.943628901159 1.567192152064 1.395968195006
v 0.789556577363 1.567192152064 1.467813299502
v 0.436000000000 1.357692152064 -1.262655420801
v 0.844000000000 1.357692152064 -1.262655420801
v 0.844000000000 1.419692152064 -1.262655420801
v 0.436000000000 1.419692152064 -1.262655420801
v 0.436000000000 1.357692152064 0.724544579199
v 0.844000000000 1.357692152064 0.724544579199
v 0.844000000000 1.419692152064 0.724544579199
v 0.436000000000 1.419692152064 0.724544579199
v 0.945000000000 1.424692152064 -1.409055420801
v 1.595000000000 1.424692152064 -1.409055420801
v 1.595000000000 1.604692152064 -1.409055420801
v 0.945000000000 1.604692152064 -1.409055420801
v 0.945000000000 1.424692152064 0.900944579199
v 1.595000000000 1.424692152064 0.900944579199
v 1.595000000000 1.604692152064 0.900944579199
v 0.945000000000 1.604692152064 0.900944579199
v 0.960788019543 1.607192152064 -1.245132078921
v 1.427647995065 1.607192152064 -1.277778108633
v 1.427647995065 1.682192152064 -1.277778108633
v 0.960788019543 1.682192152064 -1.245132078921
v 1.012352004935 1.607192152064 -0.507732732969
v 1.479211980457 1.607192152064 -0.540378762681
v 1.479211980457 1.682192152064 -0.540378762681
v 1.012352004935 1.682192152064 -0.507732732969
v 0.960788019543 1.607192152064 0.071567921079
v 1.427647995065 1.607192152064 0.038921891367
v 1.427647995065 1.682192152064 0.038921891367
v 0.960788019543 1.682192152064 0.071567921079
v 1.012352004935 1.607192152064 0.808967267031
v 1.479211980457 1.607192152064 0.776321237319
v 1.479211980457 1.682192152064 0.776321237319
v 1.012352004935 1.682192152064 0.808967267031
v 0.992444482870 1.442192152064 0.856254066813
v 1.147844005714 1.442192152064 0.808743664796
v 1.147844005714 1.577192152064 0.808743664796
v 0.992444482870 1.577192152064 0.856254066813
v 1.080155994286 1.442192152064 1.143145493602
v 1.235555517130 1.442192152064 1.095635091585
v 1.235555517130 1.577192152064 1.095635091585
v 1.080155994286 1.577192152064 1.143145493602
v 1.288969753042 1.442192152064 0.909336144910
v 1.436244768436 1.442192152064 0.840660677377
v 1.436244768436 1.577192152064 0.840660677377
v 1.288969753042 1.577192152064 0.909336144910
v 1.415755231564 1.442192152064 1.181228481021
v 1.563030246958 1.442192152064 1.112553013488
v 1.563030246958 1.577192152064 1.112553013488
v 1.415755231564 1.577192152064 1.181228481021
v 1.075000000000 1.367692152064 -1.066005420801
v 1.465000000000 1.367692152064 -1.066005420801
v 1.465000000000 1.429692152064 -1.066005420801
v 1.075000000000 1.429692152064 -1.066005420801
v 1.075000000000 1.367692152064 0.527894579199
v 1.465000000000 1.367692152064 0.527894579199
v 1.465000000000 1.429692152064 0.527894579199
v 1.075000000000 1.429692152064 0.527894579199
v 1.575000000000 1.394692152064 -1.129055420801
v 2.225000000000 1.394692152064 -1.129055420801
v 2.225000000000 1.574692152064 -1.129055420801
v 1.575000000000 1.574692152064 -1.129055420801
v 1.575000000000 1.394692152064 0.620944579199
v 2.225000000000 1.394692152064 0.620944579199
v 2.225000000000 1.574692152064 0.620944579199
v 1.575000000000 1.574692152064 0.620944579199
v 1.597038199591 1.577192152064 -1.004550340018
v 2.063898175112 1.577192152064 -1.037196369730
v 2.063898175112 1.652192152064 -1.037196369730
v 1.597038199591 1.652192152064 -1.004550340018
v 1.636101824888 1.577192152064 -0.445914471872
v 2.102961800409 1.577192152064 -0.478560501585
v 2.102961800409 1.652192152064 -0.478560501585
v 1.636101824888 1.652192152064 -0.445914471872
v 1.597038199591 1.577192152064 -0.007050340018
v 2.063898175112 1.577192152064 -0.039696369730
v 2.063898175112 1.652192152064 -0.039696369730
v 1.597038199591 1.652192152064 -0.007050340018
v 1.636101824888 1.577192152064 0.551585528128
v 2.102961800409 1.577192152064 0.518939498415
v 2.102961800409 1.652192152064 0.518939498415
v 1.636101824888 1.652192152064 0.551585528128
v 1.622444482870 1.412192152064 0.576254066813
v 1.777844005714 1.412192152064 0.528743664796
v 1.777844005714 1.547192152064 0.528743664796
v 1.622444482870 1.547192152064 0.576254066813
v 1.710155994286 1.412192152064 0.863145493602
v 1.865555517130 1.412192152064 0.815635091585
v 1.865555517130 1.547192152064 0.815635091585
v 1.710155994286 1.547192152064 0.863145493602
v 1.918969753042 1.412192152064 0.629336144910
v 2.066244768436 1.412192152064 0.560660677377
v 2.066244768436 1.547192152064 0.560660677377
v 1.918969753042 1.547192152064 0.629336144910
v 2.045755231564 1.412192152064 0.901228481021
v 2.193030246958 1.412192152064 0.832553013488
v 2.193030246958 1.547192152064 0.832553013488
v 2.045755231564 1.547192152064 0.901228481021
v 1.705000000000 1.337692152064 -0.872805420801
v 2.095000000000 1.337692152064 -0.872805420801
v 2.095000000000 1.399692152064 -0.872805420801
v 1.705000000000 1.399692152064 -0.872805420801
v 1.705000000000 1.337692152064 0.334694579199
v 2.095000000000 1.337692152064 0.334694579199
v 2.095000000000 1.399692152064 0.334694579199
v 1.705000000000 1.399692152064 0.334694579199
v 2.210000000000 1.344692152064 -0.829055420801
v 2.810000000000 1.344692152064 -0.829055420801
v 2.810000000000 1.524692152064 -0.829055420801
v 2.210000000000 1.524692152064 -0.829055420801
v 2.210000000000 1.344692152064 0.320944579199
v 2.810000000000 1.344692152064 0.320944579199
v 2.810000000000 1.524692152064 0.320944579199
v 2.210000000000 1.524692152064 0.320944579199
v 2.231690973975 1.527192152064 -0.748039807720
v 2.662638643687 1.527192152064 -0.778174604378
v 2.662638643687 1.602192152064 -0.778174604378
v 2.231690973975 1.602192152064 -0.748039807720
v 2.257361356313 1.527192152064 -0.380936237225
v 2.688309026025 1.527192152064 -0.411071033882
v 2.688309026025 1.602192152064 -0.411071033882
v 2.257361356313 1.602192152064 -0.380936237225
v 2.231690973975 1.527192152064 -0.092539807720
v 2.662638643687 1.527192152064 -0.122674604378
v 2.662638643687 1.602192152064 -0.122674604378
v 2.231690973975 1.602192152064 -0.092539807720
v 2.257361356313 1.527192152064 0.274563762775
v 2.688309026025 1.527192152064 0.244428966118
v 2.688309026025 1.602192152064 0.244428966118
v 2.257361356313 1.602192152064 0.274563762775
v 2.250421387594 1.362192152064 0.274426743659
v 2.393867100989 1.362192152064 0.230570987950
v 2.393867100989 1.497192152064 0.230570987950
v 2.250421387594 1.497192152064 0.274426743659
v 2.338132899011 1.362192152064 0.561318170447
v 2.481578612406 1.362192152064 0.517462414739
v 2.481578612406 1.497192152064 0.517462414739
v 2.338132899011 1.497192152064 0.561318170447
v 2.522634176711 1.362192152064 0.326694780774
v 2.658580344767 1.362192152064 0.263302041513
v 2.658580344767 1.497192152064 0.263302041513
v 2.522634176711 1.497192152064 0.326694780774
v 2.649419655233 1.362192152064 0.598587116885
v 2.785365823289 1.362192152064 0.535194377624
v 2.785365823289 1.497192152064 0.535194377624
v 2.649419655233 1.497192152064 0.598587116885
v 2.330000000000 1.287692152064 -0.665805420801
v 2.690000000000 1.287692152064 -0.665805420801
v 2.690000000000 1.349692152064 -0.665805420801
v 2.330000000000 1.349692152064 -0.665805420801
v 2.330000000000 1.287692152064 0.127694579199
v 2.690000000000 1.287692152064 0.127694579199
v 2.690000000000 1.349692152064 0.127694579199
v 2.330000000000 1.349692152064 0.127694579199
v 2.810000000000 1.294692152064 -0.494055420801
v 3.250000000000 1.294692152064 -0.494055420801
v 3.250000000000 1.474692152064 -0.494055420801
v 2.810000000000 1.474692152064 -0.494055420801
v 2.810000000000 1.294692152064 -0.014055420801
v 3.250000000000 1.294692152064 -0.014055420801
v 3.250000000000 1.474692152064 -0.014055420801
v 2.810000000000 1.474692152064 -0.014055420801
v 2.816628557255 1.477192152064 -0.464218914420
v 3.132656848378 1.477192152064 -0.486317765302
v 3.132656848378 1.552192152064 -0.486317765302
v 2.816628557255 1.552192152064 -0.464218914420
v 2.827343151622 1.477192152064 -0.310993076300
v 3.143371442745 1.477192152064 -0.333091927182
v 3.143371442745 1.552192152064 -0.333091927182
v 2.827343151622 1.552192152064 -0.310993076300
v 2.898000000000 1.237692152064 -0.434655420801
v 3.162000000000 1.237692152064 -0.434655420801
v 3.162000000000 1.299692152064 -0.434655420801
v 2.898000000000 1.299692152064 -0.434655420801
v 2.898000000000 1.237692152064 -0.103455420801
v 3.162000000000 1.237692152064 -0.103455420801
v 3.162000000000 1.299692152064 -0.103455420801
v 2.898000000000 1.299692152064 -0.103455420801
v 0.430692225777 1.589686827565 -0.274055420801
v 0.429307774223 1.499697476562 -0.274055420801
v 1.729307774223 1.479697476562 -0.274055420801
v 1.730692225777 1.569686827565 -0.274055420801
v 0.430692225777 1.589686827565 -0.164055420801
v 0.429307774223 1.499697476562 -0.164055420801
v 1.729307774223 1.479697476562 -0.164055420801
v 1.730692225777 1.569686827565 -0.164055420801
v 1.882918488903 1.547060847165 -0.281555420801
v 1.877081511097 1.482323456963 -0.281555420801
v 3.097081511097 1.372323456963 -0.281555420801
v 3.102918488903 1.437060847165 -0.281555420801
v 1.882918488903 1.547060847165 -0.196555420801
v 1.877081511097 1.482323456963 -0.196555420801
v 3.097081511097 1.372323456963 -0.196555420801
v 3.102918488903 1.437060847165 -0.196555420801
v 0.085000000000 1.339845964936 1.135833363107
v -0.085000000000 1.339845964936 1.135833363107
v -0.085000000000 1.289845964936 1.965833363107
v 0.085000000000 1.289845964936 1.965833363107
v 0.085000000000 1.509538339191 1.146055795291
v -0.085000000000 1.509538339191 1.146055795291
v -0.085000000000 1.459538339191 1.976055795291
v 0.085000000000 1.459538339191 1.976055795291
v -0.441275777699 1.322192152064 1.727833737596
v -0.009017172137 1.322192152064 1.885163003526
v -0.009017172137 1.427192152064 1.885163003526
v -0.441275777699 1.427192152064 1.727833737596
v -0.560982827863 1.322192152064 2.056726154871
v -0.128724222301 1.322192152064 2.214055420801
v -0.128724222301 1.427192152064 2.214055420801
v -0.560982827863 1.427192152064 2.056726154871
v 0.009017172137 1.322192152064 1.885163003526
v 0.441275777699 1.322192152064 1.727833737596
v 0.441275777699 1.427192152064 1.727833737596
v 0.009017172137 1.427192152064 1.885163003526
v 0.128724222301 1.322192152064 2.214055420801
v 0.560982827863 1.322192152064 2.056726154871
v 0.560982827863 1.427192152064 2.056726154871
v 0.128724222301 1.427192152064 2.214055420801
v -0.515000000000 1.079692152064 -0.794055420801
v -0.265000000000 1.079692152064 -0.794055420801
v -0.265000000000 1.289692152064 -0.794055420801
v -0.515000000000 1.289692152064 -0.794055420801
v -0.515000000000 1.079692152064 -0.524055420801
v -0.265000000000 1.079692152064 -0.524055420801
v -0.265000000000 1.289692152064 -0.524055420801
v -0.515000000000 1.289692152064 -0.524055420801
v -0.313253762716 1.131657391289 -0.743739304004
v -0.462945755512 1.171873150548 -0.743739304004
v -0.642945755512 0.501873150548 -0.803739304004
v -0.493253762716 0.461657391289 -0.803739304004
v -0.317054244488 1.117511153580 -0.574371537599
v -0.466746237284 1.157726912838 -0.574371537599
v -0.646746237284 0.487726912838 -0.634371537599
v -0.497054244488 0.447511153580 -0.634371537599
v -0.516350091295 0.517962900043 -0.787652648626
v -0.636403944608 0.456220918340 -0.787652648626
v -0.456403944608 0.106220918340 -0.867652648626
v -0.336350091295 0.167962900043 -0.867652648626
v -0.503596055392 0.493163385788 -0.650458192977
v -0.623649908705 0.431421404084 -0.650458192977
v -0.443649908705 0.081421404084 -0.730458192977
v -0.323596055392 0.143163385788 -0.730458192977
v -0.393370404271 0.161440995532 -0.839913870096
v -0.409403157631 0.093301793749 -0.839913870096
v -0.239403157631 0.053301793749 -0.889913870096
v -0.223370404271 0.121440995532 -0.889913870096
v -0.370596842369 0.156082510379 -0.758196971506
v -0.386629595729 0.087943308595 -0.758196971506
v -0.216629595729 0.047943308595 -0.808196971506
v -0.200596842369 0.116082510379 -0.808196971506
v 0.265000000000 1.079692152064 -0.794055420801
v 0.515000000000 1.079692152064 -0.794055420801
v 0.515000000000 1.289692152064 -0.794055420801
v 0.265000000000 1.289692152064 -0.794055420801
v 0.265000000000 1.079692152064 -0.524055420801
v 0.515000000000 1.079692152064 -0.524055420801
v 0.515000000000 1.289692152064 -0.524055420801
v 0.265000000000 1.289692152064 -0.524055420801
v 0.462945755512 1.171873150548 -0.743739304004
v 0.313253762716 1.131657391289 -0.743739304004
v 0.493253762716 0.461657391289 -0.803739304004
v 0.642945755512 0.501873150548 -0.803739304004
v 0.466746237284 1.157726912838 -0.574371537599
v 0.317054244488 1.117511153580 -0.574371537599
v 0.497054244488 0.447511153580 -0.634371537599
v 0.646746237284 0.487726912838 -0.634371537599
v 0.636403944608 0.456220918340 -0.787652648626
v 0.516350091295 0.517962900043 -0.787652648626
v 0.336350091295 0.167962900043 -0.867652648626
v 0.456403944608 0.106220918340 -0.867652648626
v 0.623649908705 0.431421404084 -0.650458192977
v 0.503596055392 0.493163385788 -0.650458192977
v 0.323596055392 0.143163385788 -0.730458192977
v 0.443649908705 0.081421404084 -0.730458192977
v 0.409403157631 0.093301793749 -0.839913870096
v 0.393370404271 0.161440995532 -0.839913870096
v 0.223370404271 0.121440995532 -0.889913870096
v 0.239403157631 0.053301793749 -0.889913870096
v 0.386629595729 0.087943308595 -0.758196971506
v 0.370596842369 0.156082510379 -0.758196971506
v 0.200596842369 0.116082510379 -0.808196971506
v 0.216629595729 0.047943308595 -0.808196971506
v -0.125000000000 1.069692152064 0.235944579199
v 0.125000000000 1.069692152064 0.235944579199
v 0.125000000000 1.279692152064 0.235944579199
v -0.125000000000 1.279692152064 0.235944579199
v -0.125000000000 1.069692152064 0.505944579199
v 0.125000000000 1.069692152064 0.505944579199
v 0.125000000000 1.279692152064 0.505944579199
v -0.125000000000 1.279692152064 0.505944579199
v 0.080000000000 1.130137983039 0.284358825269
v -0.080000000000 1.130137983039 0.284358825269
v -0.080000000000 0.460137983039 0.474358825269
v 0.080000000000 0.460137983039 0.474358825269
v 0.080000000000 1.179246321088 0.457530333128
v -0.080000000000 1.179246321088 0.457530333128
v -0.080000000000 0.509246321088 0.647530333128
v 0.080000000000 0.509246321088 0.647530333128
v 0.065000000000 0.532713052872 0.510013320766
v -0.065000000000 0.532713052872 0.510013320766
v -0.065000000000 0.182713052872 0.180013320766
v 0.065000000000 0.182713052872 0.180013320766
v 0.065000000000 0.436671251256 0.611875837632
v -0.065000000000 0.436671251256 0.611875837632
v -0.065000000000 0.086671251256 0.281875837632
v 0.065000000000 0.086671251256 0.281875837632
v 0.037500000000 0.179384304128 0.214855404456
v -0.037500000000 0.179384304128 0.214855404456
v -0.037500000000 0.089384304128 -0.035144595544
v 0.037500000000 0.089384304128 -0.035144595544
v 0.037500000000 0.090000000000 0.247033753942
v -0.037500000000 0.090000000000 0.247033753942
v -0.037500000000 0.000000000000 -0.002966246058
v 0.037500000000 0.000000000000 -0.002966246058
vt 0.003906250000 0.996093750000
vt 0.024062500000 0.996093750000
vt 0.024062500000 0.954375000000
vt 0.003906250000 0.954375000000
vt 0.003906250000 0.996093750000
vt 0.045625000000 0.996093750000
vt 0.045625000000 0.975937500000
vt 0.003906250000 0.975937500000
vt 0.003906250000 0.996093750000
vt 0.142656250000 0.996093750000
vt 0.142656250000 0.975937500000
vt 0.003906250000 0.975937500000
vt 0.003906250000 0.996093750000
vt 0.024062500000 0.996093750000
vt 0.024062500000 0.857343750000
vt 0.003906250000 0.857343750000
vt 0.003906250000 0.996093750000
vt 0.142656250000 0.996093750000
vt 0.142656250000 0.954375000000
vt 0.003906250000 0.954375000000
vt 0.003906250000 0.996093750000
vt 0.045625000000 0.996093750000
vt 0.045625000000 0.857343750000
vt 0.003906250000 0.857343750000
vt 0.484375000000 0.996093750000
vt 0.495156250000 0.996093750000
vt 0.495156250000 0.968437500000
vt 0.484375000000 0.968437500000
vt 0.484375000000 0.996093750000
vt 0.512031250000 0.996093750000
vt 0.512031250000 0.985312500000
vt 0.484375000000 0.985312500000
vt 0.484375000000 0.996093750000
vt 0.586093750000 0.996093750000
vt 0.586093750000 0.985312500000
vt 0.484375000000 0.985312500000
vt 0.484375000000 0.996093750000
vt 0.495156250000 0.996093750000
vt 0.495156250000 0.894375000000
vt 0.484375000000 0.894375000000
vt 0.484375000000 0.996093750000
vt 0.586093750000 0.996093750000
vt 0.586093750000 0.968437500000
vt 0.484375000000 0.968437500000
vt 0.484375000000 0.996093750000
vt 0.512031250000 0.996093750000
vt 0.512031250000 0.894375000000
vt 0.484375000000 0.894375000000
vt 0.003906250000 0.996093750000
vt 0.016562500000 0.996093750000
vt 0.016562500000 0.964687500000
vt 0.003906250000 0.964687500000
vt 0.003906250000 0.996093750000
vt 0.035312500000 0.996093750000
vt 0.035312500000 0.983437500000
vt 0.003906250000 0.983437500000
vt 0.003906250000 0.996093750000
vt 0.022187500000 0.996093750000
vt 0.022187500000 0.983437500000
vt 0.003906250000 0.983437500000
vt 0.003906250000 0.996093750000
vt 0.016562500000 0.996093750000
vt 0.016562500000 0.977812500000
vt 0.003906250000 0.977812500000
vt 0.003906250000 0.996093750000
vt 0.022187500000 0.996093750000
vt 0.022187500000 0.964687500000
vt 0.003906250000 0.964687500000
vt 0.003906250000 0.996093750000
vt 0.035312500000 0.996093750000
vt 0.035312500000 0.977812500000
vt 0.003906250000 0.977812500000
vt 0.800781250000 0.996093750000
vt 0.809687500000 0.996093750000
vt 0.809687500000 0.978750000000
vt 0.800781250000 0.978750000000
vt 0.800781250000 0.996093750000
vt 0.818125000000 0.996093750000
vt 0.818125000000 0.987187500000
vt 0.800781250000 0.987187500000
vt 0.800781250000 0.996093750000
vt 0.809218750000 0.996093750000
vt 0.809218750000 0.987187500000
vt 0.800781250000 0.987187500000
vt 0.800781250000 0.996093750000
vt 0.809687500000 0.996093750000
vt 0.809687500000 0.987656250000
vt 0.800781250000 0.987656250000
vt 0.800781250000 0.996093750000
vt 0.809218750000 0.996093750000
vt 0.809218750000 0.978750000000
vt 0.800781250000 0.978750000000
vt 0.800781250000 0.996093750000
vt 0.818125000000 0.996093750000
vt 0.818125000000 0.987656250000
vt 0.800781250000 0.987656250000
vt 0.851562500000 0.996093750000
vt 0.853812500000 0.996093750000
vt 0.853812500000 0.991171875000
vt 0.851562500000 0.991171875000
vt 0.851562500000 0.996093750000
vt 0.856484375000 0.996093750000
vt 0.856484375000 0.993843750000
vt 0.851562500000 0.993843750000
vt 0.851562500000 0.996093750000
vt 0.854140625000 0.996093750000
vt 0.854140625000 0.993843750000
vt 0.851562500000 0.993843750000
vt 0.851562500000 0.996093750000
vt 0.853812500000 0.996093750000
vt 0.853812500000 0.993515625000
vt 0.851562500000 0.993515625000
vt 0.851562500000 0.996093750000
vt 0.854140625000 0.996093750000
vt 0.854140625000 0.991171875000
vt 0.851562500000 0.991171875000
vt 0.851562500000 0.996093750000
vt 0.856484375000 0.996093750000
vt 0.856484375000 0.993515625000
vt 0.851562500000 0.993515625000
vt 0.839843750000 0.996093750000
vt 0.840875000000 0.996093750000
vt 0.840875000000 0.992812500000
vt 0.839843750000 0.992812500000
vt 0.851562500000 0.996093750000
vt 0.854843750000 0.996093750000
vt 0.854843750000 0.995062500000
vt 0.851562500000 0.995062500000
vt 0.851562500000 0.996093750000
vt 0.852406250000 0.996093750000
vt 0.852406250000 0.995062500000
vt 0.851562500000 0.995062500000
vt 0.851562500000 0.996093750000
vt 0.852593750000 0.996093750000
vt 0.852593750000 0.995250000000
vt 0.851562500000 0.995250000000
vt 0.851562500000 0.996093750000
vt 0.852406250000 0.996093750000
vt 0.852406250000 0.992812500000
vt 0.851562500000 0.992812500000
vt 0.851562500000 0.996093750000
vt 0.854843750000 0.996093750000
vt 0.854843750000 0.995250000000
vt 0.851562500000 0.995250000000
vt 0.851562500000 0.996093750000
vt 0.853812500000 0.996093750000
vt 0.853812500000 0.991171875000
vt 0.851562500000 0.991171875000
vt 0.851562500000 0.996093750000
vt 0.856484375000 0.996093750000
vt 0.856484375000 0.993843750000
vt 0.851562500000 0.993843750000
vt 0.851562500000 0.996093750000
vt 0.854140625000 0.996093750000
vt 0.854140625000 0.993843750000
vt 0.851562500000 0.993843750000
vt 0.851562500000 0.996093750000
vt 0.853812500000 0.996093750000
vt 0.853812500000 0.993515625000
vt 0.851562500000 0.993515625000
vt 0.851562500000 0.996093750000
vt 0.854140625000 0.996093750000
vt 0.854140625000 0.991171875000
vt 0.851562500000 0.991171875000
vt 0.851562500000 0.996093750000
vt 0.856484375000 0.996093750000
vt 0.856484375000 0.993515625000
vt 0.851562500000 0.993515625000
vt 0.839843750000 0.996093750000
vt 0.840875000000 0.996093750000
vt 0.840875000000 0.992812500000
vt 0.839843750000 0.992812500000
vt 0.851562500000 0.996093750000
vt 0.854843750000 0.996093750000
vt 0.854843750000 0.995062500000
vt 0.851562500000 0.995062500000
vt 0.851562500000 0.996093750000
vt 0.852406250000 0.996093750000
vt 0.852406250000 0.995062500000
vt 0.851562500000 0.995062500000
vt 0.851562500000 0.996093750000
vt 0.852593750000 0.996093750000
vt 0.852593750000 0.995250000000
vt 0.851562500000 0.995250000000
vt 0.851562500000 0.996093750000
vt 0.852406250000 0.996093750000
vt 0.852406250000 0.992812500000
vt 0.851562500000 0.992812500000
vt 0.851562500000 0.996093750000
vt 0.854843750000 0.996093750000
vt 0.854843750000 0.995250000000
vt 0.851562500000 0.995250000000
vt 0.800781250000 0.996093750000
vt 0.806171875000 0.996093750000
vt 0.806171875000 0.973593750000
vt 0.800781250000 0.973593750000
vt 0.800781250000 0.996093750000
vt 0.823281250000 0.996093750000
vt 0.823281250000 0.990703125000
vt 0.800781250000 0.990703125000
vt 0.800781250000 0.996093750000
vt 0.827968750000 0.996093750000
vt 0.827968750000 0.990703125000
vt 0.800781250000 0.990703125000
vt 0.800781250000 0.996093750000
vt 0.806171875000 0.996093750000
vt 0.806171875000 0.968906250000
vt 0.800781250000 0.968906250000
vt 0.800781250000 0.996093750000
vt 0.827968750000 0.996093750000
vt 0.827968750000 0.973593750000
vt 0.800781250000 0.973593750000
vt 0.800781250000 0.996093750000
vt 0.823281250000 0.996093750000
vt 0.823281250000 0.968906250000
vt 0.800781250000 0.968906250000
vt 0.800781250000 0.996093750000
vt 0.806171875000 0.996093750000
vt 0.806171875000 0.967500000000
vt 0.800781250000 0.967500000000
vt 0.800781250000 0.996093750000
vt 0.829375000000 0.996093750000
vt 0.829375000000 0.990703125000
vt 0.800781250000 0.990703125000
vt 0.800781250000 0.996093750000
vt 0.827968750000 0.996093750000
vt 0.827968750000 0.990703125000
vt 0.800781250000 0.990703125000
vt 0.800781250000 0.996093750000
vt 0.806171875000 0.996093750000
vt 0.806171875000 0.968906250000
vt 0.800781250000 0.968906250000
vt 0.800781250000 0.996093750000
vt 0.827968750000 0.996093750000
vt 0.827968750000 0.967500000000
vt 0.800781250000 0.967500000000
vt 0.800781250000 0.996093750000
vt 0.829375000000 0.996093750000
vt 0.829375000000 0.968906250000
vt 0.800781250000 0.968906250000
vt 0.800781250000 0.996093750000
vt 0.806171875000 0.996093750000
vt 0.806171875000 0.969375000000
vt 0.800781250000 0.969375000000
vt 0.800781250000 0.996093750000
vt 0.827500000000 0.996093750000
vt 0.827500000000 0.990703125000
vt 0.800781250000 0.990703125000
vt 0.800781250000 0.996093750000
vt 0.827968750000 0.996093750000
vt 0.827968750000 0.990703125000
vt 0.800781250000 0.990703125000
vt 0.800781250000 0.996093750000
vt 0.806171875000 0.996093750000
vt 0.806171875000 0.968906250000
vt 0.800781250000 0.968906250000
vt 0.800781250000 0.996093750000
vt 0.827968750000 0.996093750000
vt 0.827968750000 0.969375000000
vt 0.800781250000 0.969375000000
vt 0.800781250000 0.996093750000
vt 0.827500000000 0.996093750000
vt 0.827500000000 0.968906250000
vt 0.800781250000 0.968906250000
vt 0.800781250000 0.996093750000
vt 0.806171875000 0.996093750000
vt 0.806171875000 0.975468750000
vt 0.800781250000 0.975468750000
vt 0.800781250000 0.996093750000
vt 0.821406250000 0.996093750000
vt 0.821406250000 0.990703125000
vt 0.800781250000 0.990703125000
vt 0.800781250000 0.996093750000
vt 0.827968750000 0.996093750000
vt 0.827968750000 0.990703125000
vt 0.800781250000 0.990703125000
vt 0.800781250000 0.996093750000
vt 0.806171875000 0.996093750000
vt 0.806171875000 0.968906250000
vt 0.800781250000 0.968906250000
vt 0.800781250000 0.996093750000
vt 0.827968750000 0.996093750000
vt 0.827968750000 0.975468750000
vt 0.800781250000 0.975468750000
vt 0.800781250000 0.996093750000
vt 0.821406250000 0.996093750000
vt 0.821406250000 0.968906250000
vt 0.800781250000 0.968906250000
vt 0.253906250000 0.996093750000
vt 0.262343750000 0.996093750000
vt 0.262343750000 0.964218750000
vt 0.253906250000 0.964218750000
vt 0.253906250000 0.996093750000
vt 0.285781250000 0.996093750000
vt 0.285781250000 0.987656250000
vt 0.253906250000 0.987656250000
vt 0.253906250000 0.996093750000
vt 0.388906250000 0.996093750000
vt 0.388906250000 0.987656250000
vt 0.253906250000 0.987656250000
vt 0.253906250000 0.996093750000
vt 0.262343750000 0.996093750000
vt 0.262343750000 0.861093750000
vt 0.253906250000 0.861093750000
vt 0.253906250000 0.996093750000
vt 0.388906250000 0.996093750000
vt 0.388906250000 0.964218750000
vt 0.253906250000 0.964218750000
vt 0.152343750000 0.996093750000
vt 0.184218750000 0.996093750000
vt 0.184218750000 0.861093750000
vt 0.152343750000 0.861093750000
vt 0.734375000000 0.996093750000
vt 0.737890625000 0.996093750000
vt 0.737890625000 0.973143750000
vt 0.734375000000 0.973143750000
vt 0.734375000000 0.996093750000
vt 0.757325000000 0.996093750000
vt 0.757325000000 0.992578125000
vt 0.734375000000 0.992578125000
vt 0.734375000000 0.996093750000
vt 0.777575000000 0.996093750000
vt 0.777575000000 0.992578125000
vt 0.734375000000 0.992578125000
vt 0.734375000000 0.996093750000
vt 0.737890625000 0.996093750000
vt 0.737890625000 0.952893750000
vt 0.734375000000 0.952893750000
vt 0.734375000000 0.996093750000
vt 0.777575000000 0.996093750000
vt 0.777575000000 0.973143750000
vt 0.734375000000 0.973143750000
vt 0.734375000000 0.996093750000
vt 0.757325000000 0.996093750000
vt 0.757325000000 0.952893750000
vt 0.734375000000 0.952893750000
vt 0.734375000000 0.996093750000
vt 0.737890625000 0.996093750000
vt 0.737890625000 0.973143750000
vt 0.734375000000 0.973143750000
vt 0.734375000000 0.996093750000
vt 0.757325000000 0.996093750000
vt 0.757325000000 0.992578125000
vt 0.734375000000 0.992578125000
vt 0.734375000000 0.996093750000
vt 0.777575000000 0.996093750000
vt 0.777575000000 0.992578125000
vt 0.734375000000 0.992578125000
vt 0.734375000000 0.996093750000
vt 0.737890625000 0.996093750000
vt 0.737890625000 0.952893750000
vt 0.734375000000 0.952893750000
vt 0.734375000000 0.996093750000
vt 0.777575000000 0.996093750000
vt 0.777575000000 0.973143750000
vt 0.734375000000 0.973143750000
vt 0.734375000000 0.996093750000
vt 0.757325000000 0.996093750000
vt 0.757325000000 0.952893750000
vt 0.734375000000 0.952893750000
vt 0.734375000000 0.996093750000
vt 0.740703125000 0.996093750000
vt 0.740703125000 0.988125000000
vt 0.734375000000 0.988125000000
vt 0.734375000000 0.996093750000
vt 0.742343750000 0.996093750000
vt 0.742343750000 0.989765625000
vt 0.734375000000 0.989765625000
vt 0.734375000000 0.996093750000
vt 0.748437500000 0.996093750000
vt 0.748437500000 0.989765625000
vt 0.734375000000 0.989765625000
vt 0.734375000000 0.996093750000
vt 0.740703125000 0.996093750000
vt 0.740703125000 0.982031250000
vt 0.734375000000 0.982031250000
vt 0.734375000000 0.996093750000
vt 0.748437500000 0.996093750000
vt 0.748437500000 0.988125000000
vt 0.734375000000 0.988125000000
vt 0.734375000000 0.996093750000
vt 0.742343750000 0.996093750000
vt 0.742343750000 0.982031250000
vt 0.734375000000 0.982031250000
vt 0.734375000000 0.996093750000
vt 0.740703125000 0.996093750000
vt 0.740703125000 0.988125000000
vt 0.734375000000 0.988125000000
vt 0.734375000000 0.996093750000
vt 0.742343750000 0.996093750000
vt 0.742343750000 0.989765625000
vt 0.734375000000 0.989765625000
vt 0.734375000000 0.996093750000
vt 0.748437500000 0.996093750000
vt 0.748437500000 0.989765625000
vt 0.734375000000 0.989765625000
vt 0.734375000000 0.996093750000
vt 0.740703125000 0.996093750000
vt 0.740703125000 0.982031250000
vt 0.734375000000 0.982031250000
vt 0.734375000000 0.996093750000
vt 0.748437500000 0.996093750000
vt 0.748437500000 0.988125000000
vt 0.734375000000 0.988125000000
vt 0.734375000000 0.996093750000
vt 0.742343750000 0.996093750000
vt 0.742343750000 0.982031250000
vt 0.734375000000 0.982031250000
vt 0.152343750000 0.996093750000
vt 0.155250000000 0.996093750000
vt 0.155250000000 0.976968750000
vt 0.152343750000 0.976968750000
vt 0.152343750000 0.996093750000
vt 0.171468750000 0.996093750000
vt 0.171468750000 0.993187500000
vt 0.152343750000 0.993187500000
vt 0.152343750000 0.996093750000
vt 0.245493750000 0.996093750000
vt 0.245493750000 0.993187500000
vt 0.152343750000 0.993187500000
vt 0.152343750000 0.996093750000
vt 0.155250000000 0.996093750000
vt 0.155250000000 0.902943750000
vt 0.152343750000 0.902943750000
vt 0.152343750000 0.996093750000
vt 0.245493750000 0.996093750000
vt 0.245493750000 0.976968750000
vt 0.152343750000 0.976968750000
vt 0.152343750000 0.996093750000
vt 0.171468750000 0.996093750000
vt 0.171468750000 0.902943750000
vt 0.152343750000 0.902943750000
vt 0.253906250000 0.996093750000
vt 0.262343750000 0.996093750000
vt 0.262343750000 0.965625000000
vt 0.253906250000 0.965625000000
vt 0.253906250000 0.996093750000
vt 0.284375000000 0.996093750000
vt 0.284375000000 0.987656250000
vt 0.253906250000 0.987656250000
vt 0.253906250000 0.996093750000
vt 0.362187500000 0.996093750000
vt 0.362187500000 0.987656250000
vt 0.253906250000 0.987656250000
vt 0.253906250000 0.996093750000
vt 0.262343750000 0.996093750000
vt 0.262343750000 0.887812500000
vt 0.253906250000 0.887812500000
vt 0.253906250000 0.996093750000
vt 0.362187500000 0.996093750000
vt 0.362187500000 0.965625000000
vt 0.253906250000 0.965625000000
vt 0.398437500000 0.996093750000
vt 0.428906250000 0.996093750000
vt 0.428906250000 0.887812500000
vt 0.398437500000 0.887812500000
vt 0.734375000000 0.996093750000
vt 0.737890625000 0.996093750000
vt 0.737890625000 0.974156250000
vt 0.734375000000 0.974156250000
vt 0.734375000000 0.996093750000
vt 0.756312500000 0.996093750000
vt 0.756312500000 0.992578125000
vt 0.734375000000 0.992578125000
vt 0.734375000000 0.996093750000
vt 0.769025000000 0.996093750000
vt 0.769025000000 0.992578125000
vt 0.734375000000 0.992578125000
vt 0.734375000000 0.996093750000
vt 0.737890625000 0.996093750000
vt 0.737890625000 0.961443750000
vt 0.734375000000 0.961443750000
vt 0.734375000000 0.996093750000
vt 0.769025000000 0.996093750000
vt 0.769025000000 0.974156250000
vt 0.734375000000 0.974156250000
vt 0.734375000000 0.996093750000
vt 0.756312500000 0.996093750000
vt 0.756312500000 0.961443750000
vt 0.734375000000 0.961443750000
vt 0.734375000000 0.996093750000
vt 0.737890625000 0.996093750000
vt 0.737890625000 0.974156250000
vt 0.734375000000 0.974156250000
vt 0.734375000000 0.996093750000
vt 0.756312500000 0.996093750000
vt 0.756312500000 0.992578125000
vt 0.734375000000 0.992578125000
vt 0.734375000000 0.996093750000
vt 0.769025000000 0.996093750000
vt 0.769025000000 0.992578125000
vt 0.734375000000 0.992578125000
vt 0.734375000000 0.996093750000
vt 0.737890625000 0.996093750000
vt 0.737890625000 0.961443750000
vt 0.734375000000 0.961443750000
vt 0.734375000000 0.996093750000
vt 0.769025000000 0.996093750000
vt 0.769025000000 0.974156250000
vt 0.734375000000 0.974156250000
vt 0.734375000000 0.996093750000
vt 0.756312500000 0.996093750000
vt 0.756312500000 0.961443750000
vt 0.734375000000 0.961443750000
vt 0.734375000000 0.996093750000
vt 0.740703125000 0.996093750000
vt 0.740703125000 0.988476562500
vt 0.734375000000 0.988476562500
vt 0.734375000000 0.996093750000
vt 0.741992187500 0.996093750000
vt 0.741992187500 0.989765625000
vt 0.734375000000 0.989765625000
vt 0.734375000000 0.996093750000
vt 0.748437500000 0.996093750000
vt 0.748437500000 0.989765625000
vt 0.734375000000 0.989765625000
vt 0.734375000000 0.996093750000
vt 0.740703125000 0.996093750000
vt 0.740703125000 0.982031250000
vt 0.734375000000 0.982031250000
vt 0.734375000000 0.996093750000
vt 0.748437500000 0.996093750000
vt 0.748437500000 0.988476562500
vt 0.734375000000 0.988476562500
vt 0.734375000000 0.996093750000
vt 0.741992187500 0.996093750000
vt 0.741992187500 0.982031250000
vt 0.734375000000 0.982031250000
vt 0.734375000000 0.996093750000
vt 0.740703125000 0.996093750000
vt 0.740703125000 0.988476562500
vt 0.734375000000 0.988476562500
vt 0.734375000000 0.996093750000
vt 0.741992187500 0.996093750000
vt 0.741992187500 0.989765625000
vt 0.734375000000 0.989765625000
vt 0.734375000000 0.996093750000
vt 0.748437500000 0.996093750000
vt 0.748437500000 0.989765625000
vt 0.734375000000 0.989765625000
vt 0.734375000000 0.996093750000
vt 0.740703125000 0.996093750000
vt 0.740703125000 0.982031250000
vt 0.734375000000 0.982031250000
vt 0.734375000000 0.996093750000
vt 0.748437500000 0.996093750000
vt 0.748437500000 0.988476562500
vt 0.734375000000 0.988476562500
vt 0.734375000000 0.996093750000
vt 0.741992187500 0.996093750000
vt 0.741992187500 0.982031250000
vt 0.734375000000 0.982031250000
vt 0.398437500000 0.996093750000
vt 0.401343750000 0.996093750000
vt 0.401343750000 0.977812500000
vt 0.398437500000 0.977812500000
vt 0.398437500000 0.996093750000
vt 0.416718750000 0.996093750000
vt 0.416718750000 0.993187500000
vt 0.398437500000 0.993187500000
vt 0.398437500000 0.996093750000
vt 0.473151562500 0.996093750000
vt 0.473151562500 0.993187500000
vt 0.398437500000 0.993187500000
vt 0.398437500000 0.996093750000
vt 0.401343750000 0.996093750000
vt 0.401343750000 0.921379687500
vt 0.398437500000 0.921379687500
vt 0.398437500000 0.996093750000
vt 0.473151562500 0.996093750000
vt 0.473151562500 0.977812500000
vt 0.398437500000 0.977812500000
vt 0.398437500000 0.996093750000
vt 0.416718750000 0.996093750000
vt 0.416718750000 0.921379687500
vt 0.398437500000 0.921379687500
vt 0.253906250000 0.996093750000
vt 0.262343750000 0.996093750000
vt 0.262343750000 0.965625000000
vt 0.253906250000 0.965625000000
vt 0.253906250000 0.996093750000
vt 0.284375000000 0.996093750000
vt 0.284375000000 0.987656250000
vt 0.253906250000 0.987656250000
vt 0.253906250000 0.996093750000
vt 0.335937500000 0.996093750000
vt 0.335937500000 0.987656250000
vt 0.253906250000 0.987656250000
vt 0.253906250000 0.996093750000
vt 0.262343750000 0.996093750000
vt 0.262343750000 0.914062500000
vt 0.253906250000 0.914062500000
vt 0.253906250000 0.996093750000
vt 0.335937500000 0.996093750000
vt 0.335937500000 0.965625000000
vt 0.253906250000 0.965625000000
vt 0.597656250000 0.996093750000
vt 0.628125000000 0.996093750000
vt 0.628125000000 0.914062500000
vt 0.597656250000 0.914062500000
vt 0.734375000000 0.996093750000
vt 0.737890625000 0.996093750000
vt 0.737890625000 0.974156250000
vt 0.734375000000 0.974156250000
vt 0.734375000000 0.996093750000
vt 0.756312500000 0.996093750000
vt 0.756312500000 0.992578125000
vt 0.734375000000 0.992578125000
vt 0.734375000000 0.996093750000
vt 0.760625000000 0.996093750000
vt 0.760625000000 0.992578125000
vt 0.734375000000 0.992578125000
vt 0.734375000000 0.996093750000
vt 0.737890625000 0.996093750000
vt 0.737890625000 0.969843750000
vt 0.734375000000 0.969843750000
vt 0.734375000000 0.996093750000
vt 0.760625000000 0.996093750000
vt 0.760625000000 0.974156250000
vt 0.734375000000 0.974156250000
vt 0.734375000000 0.996093750000
vt 0.756312500000 0.996093750000
vt 0.756312500000 0.969843750000
vt 0.734375000000 0.969843750000
vt 0.734375000000 0.996093750000
vt 0.737890625000 0.996093750000
vt 0.737890625000 0.974156250000
vt 0.734375000000 0.974156250000
vt 0.734375000000 0.996093750000
vt 0.756312500000 0.996093750000
vt 0.756312500000 0.992578125000
vt 0.734375000000 0.992578125000
vt 0.734375000000 0.996093750000
vt 0.760625000000 0.996093750000
vt 0.760625000000 0.992578125000
vt 0.734375000000 0.992578125000
vt 0.734375000000 0.996093750000
vt 0.737890625000 0.996093750000
vt 0.737890625000 0.969843750000
vt 0.734375000000 0.969843750000
vt 0.734375000000 0.996093750000
vt 0.760625000000 0.996093750000
vt 0.760625000000 0.974156250000
vt 0.734375000000 0.974156250000
vt 0.734375000000 0.996093750000
vt 0.756312500000 0.996093750000
vt 0.756312500000 0.969843750000
vt 0.734375000000 0.969843750000
vt 0.734375000000 0.996093750000
vt 0.740703125000 0.996093750000
vt 0.740703125000 0.988476562500
vt 0.734375000000 0.988476562500
vt 0.734375000000 0.996093750000
vt 0.741992187500 0.996093750000
vt 0.741992187500 0.989765625000
vt 0.734375000000 0.989765625000
vt 0.734375000000 0.996093750000
vt 0.748437500000 0.996093750000
vt 0.748437500000 0.989765625000
vt 0.734375000000 0.989765625000
vt 0.734375000000 0.996093750000
vt 0.740703125000 0.996093750000
vt 0.740703125000 0.982031250000
vt 0.734375000000 0.982031250000
vt 0.734375000000 0.996093750000
vt 0.748437500000 0.996093750000
vt 0.748437500000 0.988476562500
vt 0.734375000000 0.988476562500
vt 0.734375000000 0.996093750000
vt 0.741992187500 0.996093750000
vt 0.741992187500 0.982031250000
vt 0.734375000000 0.982031250000
vt 0.734375000000 0.996093750000
vt 0.740703125000 0.996093750000
vt 0.740703125000 0.988476562500
vt 0.734375000000 0.988476562500
vt 0.734375000000 0.996093750000
vt 0.741992187500 0.996093750000
vt 0.741992187500 0.989765625000
vt 0.734375000000 0.989765625000
vt 0.734375000000 0.996093750000
vt 0.748437500000 0.996093750000
vt 0.748437500000 0.989765625000
vt 0.734375000000 0.989765625000
vt 0.734375000000 0.996093750000
vt 0.740703125000 0.996093750000
vt 0.740703125000 0.982031250000
vt 0.734375000000 0.982031250000
vt 0.734375000000 0.996093750000
vt 0.748437500000 0.996093750000
vt 0.748437500000 0.988476562500
vt 0.734375000000 0.988476562500
vt 0.734375000000 0.996093750000
vt 0.741992187500 0.996093750000
vt 0.741992187500 0.982031250000
vt 0.734375000000 0.982031250000
vt 0.597656250000 0.996093750000
vt 0.600562500000 0.996093750000
vt 0.600562500000 0.977812500000
vt 0.597656250000 0.977812500000
vt 0.597656250000 0.996093750000
vt 0.615937500000 0.996093750000
vt 0.615937500000 0.993187500000
vt 0.597656250000 0.993187500000
vt 0.597656250000 0.996093750000
vt 0.654257812500 0.996093750000
vt 0.654257812500 0.993187500000
vt 0.597656250000 0.993187500000
vt 0.597656250000 0.996093750000
vt 0.600562500000 0.996093750000
vt 0.600562500000 0.939492187500
vt 0.597656250000 0.939492187500
vt 0.597656250000 0.996093750000
vt 0.654257812500 0.996093750000
vt 0.654257812500 0.977812500000
vt 0.597656250000 0.977812500000
vt 0.597656250000 0.996093750000
vt 0.615937500000 0.996093750000
vt 0.615937500000 0.939492187500
vt 0.597656250000 0.939492187500
vt 0.253906250000 0.996093750000
vt 0.262343750000 0.996093750000
vt 0.262343750000 0.967968750000
vt 0.253906250000 0.967968750000
vt 0.253906250000 0.996093750000
vt 0.282031250000 0.996093750000
vt 0.282031250000 0.987656250000
vt 0.253906250000 0.987656250000
vt 0.253906250000 0.996093750000
vt 0.307812500000 0.996093750000
vt 0.307812500000 0.987656250000
vt 0.253906250000 0.987656250000
vt 0.253906250000 0.996093750000
vt 0.262343750000 0.996093750000
vt 0.262343750000 0.942187500000
vt 0.253906250000 0.942187500000
vt 0.253906250000 0.996093750000
vt 0.307812500000 0.996093750000
vt 0.307812500000 0.967968750000
vt 0.253906250000 0.967968750000
vt 0.398437500000 0.996093750000
vt 0.426562500000 0.996093750000
vt 0.426562500000 0.942187500000
vt 0.398437500000 0.942187500000
vt 0.734375000000 0.996093750000
vt 0.737890625000 0.996093750000
vt 0.737890625000 0.975843750000
vt 0.734375000000 0.975843750000
vt 0.734375000000 0.996093750000
vt 0.754625000000 0.996093750000
vt 0.754625000000 0.992578125000
vt 0.734375000000 0.992578125000
vt 0.734375000000 0.996093750000
vt 0.751625000000 0.996093750000
vt 0.751625000000 0.992578125000
vt 0.734375000000 0.992578125000
vt 0.734375000000 0.996093750000
vt 0.737890625000 0.996093750000
vt 0.737890625000 0.978843750000
vt 0.734375000000 0.978843750000
vt 0.734375000000 0.996093750000
vt 0.751625000000 0.996093750000
vt 0.751625000000 0.975843750000
vt 0.734375000000 0.975843750000
vt 0.734375000000 0.996093750000
vt 0.754625000000 0.996093750000
vt 0.754625000000 0.978843750000
vt 0.734375000000 0.978843750000
vt 0.734375000000 0.996093750000
vt 0.737890625000 0.996093750000
vt 0.737890625000 0.975843750000
vt 0.734375000000 0.975843750000
vt 0.734375000000 0.996093750000
vt 0.754625000000 0.996093750000
vt 0.754625000000 0.992578125000
vt 0.734375000000 0.992578125000
vt 0.734375000000 0.996093750000
vt 0.751625000000 0.996093750000
vt 0.751625000000 0.992578125000
vt 0.734375000000 0.992578125000
vt 0.734375000000 0.996093750000
vt 0.737890625000 0.996093750000
vt 0.737890625000 0.978843750000
vt 0.734375000000 0.978843750000
vt 0.734375000000 0.996093750000
vt 0.751625000000 0.996093750000
vt 0.751625000000 0.975843750000
vt 0.734375000000 0.975843750000
vt 0.734375000000 0.996093750000
vt 0.754625000000 0.996093750000
vt 0.754625000000 0.978843750000
vt 0.734375000000 0.978843750000
vt 0.734375000000 0.996093750000
vt 0.740703125000 0.996093750000
vt 0.740703125000 0.989062500000
vt 0.734375000000 0.989062500000
vt 0.734375000000 0.996093750000
vt 0.741406250000 0.996093750000
vt 0.741406250000 0.989765625000
vt 0.734375000000 0.989765625000
vt 0.734375000000 0.996093750000
vt 0.748437500000 0.996093750000
vt 0.748437500000 0.989765625000
vt 0.734375000000 0.989765625000
vt 0.734375000000 0.996093750000
vt 0.740703125000 0.996093750000
vt 0.740703125000 0.982031250000
vt 0.734375000000 0.982031250000
vt 0.734375000000 0.996093750000
vt 0.748437500000 0.996093750000
vt 0.748437500000 0.989062500000
vt 0.734375000000 0.989062500000
vt 0.734375000000 0.996093750000
vt 0.741406250000 0.996093750000
vt 0.741406250000 0.982031250000
vt 0.734375000000 0.982031250000
vt 0.734375000000 0.996093750000
vt 0.740703125000 0.996093750000
vt 0.740703125000 0.989062500000
vt 0.734375000000 0.989062500000
vt 0.734375000000 0.996093750000
vt 0.741406250000 0.996093750000
vt 0.741406250000 0.989765625000
vt 0.734375000000 0.989765625000
vt 0.734375000000 0.996093750000
vt 0.748437500000 0.996093750000
vt 0.748437500000 0.989765625000
vt 0.734375000000 0.989765625000
vt 0.734375000000 0.996093750000
vt 0.740703125000 0.996093750000
vt 0.740703125000 0.982031250000
vt 0.734375000000 0.982031250000
vt 0.734375000000 0.996093750000
vt 0.748437500000 0.996093750000
vt 0.748437500000 0.989062500000
vt 0.734375000000 0.989062500000
vt 0.734375000000 0.996093750000
vt 0.741406250000 0.996093750000
vt 0.741406250000 0.982031250000
vt 0.734375000000 0.982031250000
vt 0.398437500000 0.996093750000
vt 0.401343750000 0.996093750000
vt 0.401343750000 0.979218750000
vt 0.398437500000 0.979218750000
vt 0.398437500000 0.996093750000
vt 0.415312500000 0.996093750000
vt 0.415312500000 0.993187500000
vt 0.398437500000 0.993187500000
vt 0.398437500000 0.996093750000
vt 0.435632812500 0.996093750000
vt 0.435632812500 0.993187500000
vt 0.398437500000 0.993187500000
vt 0.398437500000 0.996093750000
vt 0.401343750000 0.996093750000
vt 0.401343750000 0.958898437500
vt 0.398437500000 0.958898437500
vt 0.398437500000 0.996093750000
vt 0.435632812500 0.996093750000
vt 0.435632812500 0.979218750000
vt 0.398437500000 0.979218750000
vt 0.398437500000 0.996093750000
vt 0.415312500000 0.996093750000
vt 0.415312500000 0.958898437500
vt 0.398437500000 0.958898437500
vt 0.253906250000 0.996093750000
vt 0.262343750000 0.996093750000
vt 0.262343750000 0.975468750000
vt 0.253906250000 0.975468750000
vt 0.253906250000 0.996093750000
vt 0.274531250000 0.996093750000
vt 0.274531250000 0.987656250000
vt 0.253906250000 0.987656250000
vt 0.253906250000 0.996093750000
vt 0.276406250000 0.996093750000
vt 0.276406250000 0.987656250000
vt 0.253906250000 0.987656250000
vt 0.253906250000 0.996093750000
vt 0.262343750000 0.996093750000
vt 0.262343750000 0.973593750000
vt 0.253906250000 0.973593750000
vt 0.253906250000 0.996093750000
vt 0.276406250000 0.996093750000
vt 0.276406250000 0.975468750000
vt 0.253906250000 0.975468750000
vt 0.152343750000 0.996093750000
vt 0.172968750000 0.996093750000
vt 0.172968750000 0.973593750000
vt 0.152343750000 0.973593750000
vt 0.734375000000 0.996093750000
vt 0.737890625000 0.996093750000
vt 0.737890625000 0.981243750000
vt 0.734375000000 0.981243750000
vt 0.734375000000 0.996093750000
vt 0.749225000000 0.996093750000
vt 0.749225000000 0.992578125000
vt 0.734375000000 0.992578125000
vt 0.734375000000 0.996093750000
vt 0.741575000000 0.996093750000
vt 0.741575000000 0.992578125000
vt 0.734375000000 0.992578125000
vt 0.734375000000 0.996093750000
vt 0.737890625000 0.996093750000
vt 0.737890625000 0.988893750000
vt 0.734375000000 0.988893750000
vt 0.734375000000 0.996093750000
vt 0.741575000000 0.996093750000
vt 0.741575000000 0.981243750000
vt 0.734375000000 0.981243750000
vt 0.734375000000 0.996093750000
vt 0.749225000000 0.996093750000
vt 0.749225000000 0.988893750000
vt 0.734375000000 0.988893750000
vt 0.152343750000 0.996093750000
vt 0.155250000000 0.996093750000
vt 0.155250000000 0.983718750000
vt 0.152343750000 0.983718750000
vt 0.152343750000 0.996093750000
vt 0.164718750000 0.996093750000
vt 0.164718750000 0.993187500000
vt 0.152343750000 0.993187500000
vt 0.152343750000 0.996093750000
vt 0.167868750000 0.996093750000
vt 0.167868750000 0.993187500000
vt 0.152343750000 0.993187500000
vt 0.152343750000 0.996093750000
vt 0.155250000000 0.996093750000
vt 0.155250000000 0.980568750000
vt 0.152343750000 0.980568750000
vt 0.152343750000 0.996093750000
vt 0.167868750000 0.996093750000
vt 0.167868750000 0.983718750000
vt 0.152343750000 0.983718750000
vt 0.152343750000 0.996093750000
vt 0.164718750000 0.996093750000
vt 0.164718750000 0.980568750000
vt 0.152343750000 0.980568750000
vt 0.664062500000 0.996093750000
vt 0.725007211112 0.996093750000
vt 0.725007211112 0.991875000000
vt 0.664062500000 0.991875000000
vt 0.664062500000 0.996093750000
vt 0.668281250000 0.996093750000
vt 0.668281250000 0.935149038888
vt 0.664062500000 0.935149038888
vt 0.664062500000 0.996093750000
vt 0.669218750000 0.996093750000
vt 0.669218750000 0.935149038888
vt 0.664062500000 0.935149038888
vt 0.664062500000 0.996093750000
vt 0.725007211112 0.996093750000
vt 0.725007211112 0.990937500000
vt 0.664062500000 0.990937500000
vt 0.664062500000 0.996093750000
vt 0.669218750000 0.996093750000
vt 0.669218750000 0.991875000000
vt 0.664062500000 0.991875000000
vt 0.664062500000 0.996093750000
vt 0.668281250000 0.996093750000
vt 0.668281250000 0.990937500000
vt 0.664062500000 0.990937500000
vt 0.734375000000 0.996093750000
vt 0.791794483369 0.996093750000
vt 0.791794483369 0.993046875000
vt 0.734375000000 0.993046875000
vt 0.734375000000 0.996093750000
vt 0.737421875000 0.996093750000
vt 0.737421875001 0.938674266631
vt 0.734375000001 0.938674266631
vt 0.734375000000 0.996093750000
vt 0.738359375000 0.996093750000
vt 0.738359375000 0.938674266631
vt 0.734375000000 0.938674266631
vt 0.734375000000 0.996093750000
vt 0.791794483369 0.996093750000
vt 0.791794483369 0.992109375000
vt 0.734375000000 0.992109375000
vt 0.734375000000 0.996093750000
vt 0.738359375000 0.996093750000
vt 0.738359375000 0.993046875000
vt 0.734375000000 0.993046875000
vt 0.734375000000 0.996093750000
vt 0.737421875000 0.996093750000
vt 0.737421875000 0.992109375000
vt 0.734375000000 0.992109375000
vt 0.253906250000 0.996093750000
vt 0.262343750000 0.996093750000
vt 0.262343750000 0.964218750000
vt 0.253906250000 0.964218750000
vt 0.253906250000 0.996093750000
vt 0.285781250000 0.996093750000
vt 0.285781250000 0.987656250000
vt 0.253906250000 0.987656250000
vt 0.253906250000 0.996093750000
vt 0.388906250000 0.996093750000
vt 0.388906250000 0.987656250000
vt 0.253906250000 0.987656250000
vt 0.253906250000 0.996093750000
vt 0.262343750000 0.996093750000
vt 0.262343750000 0.861093750000
vt 0.253906250000 0.861093750000
vt 0.253906250000 0.996093750000
vt 0.388906250000 0.996093750000
vt 0.388906250000 0.964218750000
vt 0.253906250000 0.964218750000
vt 0.152343750000 0.996093750000
vt 0.184218750000 0.996093750000
vt 0.184218750000 0.861093750000
vt 0.152343750000 0.861093750000
vt 0.734375000000 0.996093750000
vt 0.737890625000 0.996093750000
vt 0.737890625000 0.973143750000
vt 0.734375000000 0.973143750000
vt 0.734375000000 0.996093750000
vt 0.757325000000 0.996093750000
vt 0.757325000000 0.992578125000
vt 0.734375000000 0.992578125000
vt 0.734375000000 0.996093750000
vt 0.777575000000 0.996093750000
vt 0.777575000000 0.992578125000
vt 0.734375000000 0.992578125000
vt 0.734375000000 0.996093750000
vt 0.737890625000 0.996093750000
vt 0.737890625000 0.952893750000
vt 0.734375000000 0.952893750000
vt 0.734375000000 0.996093750000
vt 0.777575000000 0.996093750000
vt 0.777575000000 0.973143750000
vt 0.734375000000 0.973143750000
vt 0.734375000000 0.996093750000
vt 0.757325000000 0.996093750000
vt 0.757325000000 0.952893750000
vt 0.734375000000 0.952893750000
vt 0.734375000000 0.996093750000
vt 0.737890625000 0.996093750000
vt 0.737890625000 0.973143750000
vt 0.734375000000 0.973143750000
vt 0.734375000000 0.996093750000
vt 0.757325000000 0.996093750000
vt 0.757325000000 0.992578125000
vt 0.734375000000 0.992578125000
vt 0.734375000000 0.996093750000
vt 0.777575000000 0.996093750000
vt 0.777575000000 0.992578125000
vt 0.734375000000 0.992578125000
vt 0.734375000000 0.996093750000
vt 0.737890625000 0.996093750000
vt 0.737890625000 0.952893750000
vt 0.734375000000 0.952893750000
vt 0.734375000000 0.996093750000
vt 0.777575000000 0.996093750000
vt 0.777575000000 0.973143750000
vt 0.734375000000 0.973143750000
vt 0.734375000000 0.996093750000
vt 0.757325000000 0.996093750000
vt 0.757325000000 0.952893750000
vt 0.734375000000 0.952893750000
vt 0.734375000000 0.996093750000
vt 0.740703125000 0.996093750000
vt 0.740703125000 0.988125000000
vt 0.734375000000 0.988125000000
vt 0.734375000000 0.996093750000
vt 0.742343750000 0.996093750000
vt 0.742343750000 0.989765625000
vt 0.734375000000 0.989765625000
vt 0.734375000000 0.996093750000
vt 0.748437500000 0.996093750000
vt 0.748437500000 0.989765625000
vt 0.734375000000 0.989765625000
vt 0.734375000000 0.996093750000
vt 0.740703125000 0.996093750000
vt 0.740703125000 0.982031250000
vt 0.734375000000 0.982031250000
vt 0.734375000000 0.996093750000
vt 0.748437500000 0.996093750000
vt 0.748437500000 0.988125000000
vt 0.734375000000 0.988125000000
vt 0.734375000000 0.996093750000
vt 0.742343750000 0.996093750000
vt 0.742343750000 0.982031250000
vt 0.734375000000 0.982031250000
vt 0.734375000000 0.996093750000
vt 0.740703125000 0.996093750000
vt 0.740703125000 0.988125000000
vt 0.734375000000 0.988125000000
vt 0.734375000000 0.996093750000
vt 0.742343750000 0.996093750000
vt 0.742343750000 0.989765625000
vt 0.734375000000 0.989765625000
vt 0.734375000000 0.996093750000
vt 0.748437500000 0.996093750000
vt 0.748437500000 0.989765625000
vt 0.734375000000 0.989765625000
vt 0.734375000000 0.996093750000
vt 0.740703125000 0.996093750000
vt 0.740703125000 0.982031250000
vt 0.734375000000 0.982031250000
vt 0.734375000000 0.996093750000
vt 0.748437500000 0.996093750000
vt 0.748437500000 0.988125000000
vt 0.734375000000 0.988125000000
vt 0.734375000000 0.996093750000
vt 0.742343750000 0.996093750000
vt 0.742343750000 0.982031250000
vt 0.734375000000 0.982031250000
vt 0.152343750000 0.996093750000
vt 0.155250000000 0.996093750000
vt 0.155250000000 0.976968750000
vt 0.152343750000 0.976968750000
vt 0.152343750000 0.996093750000
vt 0.171468750000 0.996093750000
vt 0.171468750000 0.993187500000
vt 0.152343750000 0.993187500000
vt 0.152343750000 0.996093750000
vt 0.245493750000 0.996093750000
vt 0.245493750000 0.993187500000
vt 0.152343750000 0.993187500000
vt 0.152343750000 0.996093750000
vt 0.155250000000 0.996093750000
vt 0.155250000000 0.902943750000
vt 0.152343750000 0.902943750000
vt 0.152343750000 0.996093750000
vt 0.245493750000 0.996093750000
vt 0.245493750000 0.976968750000
vt 0.152343750000 0.976968750000
vt 0.152343750000 0.996093750000
vt 0.171468750000 0.996093750000
vt 0.171468750000 0.902943750000
vt 0.152343750000 0.902943750000
vt 0.253906250000 0.996093750000
vt 0.262343750000 0.996093750000
vt 0.262343750000 0.965625000000
vt 0.253906250000 0.965625000000
vt 0.253906250000 0.996093750000
vt 0.284375000000 0.996093750000
vt 0.284375000000 0.987656250000
vt 0.253906250000 0.987656250000
vt 0.253906250000 0.996093750000
vt 0.362187500000 0.996093750000
vt 0.362187500000 0.987656250000
vt 0.253906250000 0.987656250000
vt 0.253906250000 0.996093750000
vt 0.262343750000 0.996093750000
vt 0.262343750000 0.887812500000
vt 0.253906250000 0.887812500000
vt 0.253906250000 0.996093750000
vt 0.362187500000 0.996093750000
vt 0.362187500000 0.965625000000
vt 0.253906250000 0.965625000000
vt 0.398437500000 0.996093750000
vt 0.428906250000 0.996093750000
vt 0.428906250000 0.887812500000
vt 0.398437500000 0.887812500000
vt 0.734375000000 0.996093750000
vt 0.737890625000 0.996093750000
vt 0.737890625000 0.974156250000
vt 0.734375000000 0.974156250000
vt 0.734375000000 0.996093750000
vt 0.756312500000 0.996093750000
vt 0.756312500000 0.992578125000
vt 0.734375000000 0.992578125000
vt 0.734375000000 0.996093750000
vt 0.769025000000 0.996093750000
vt 0.769025000000 0.992578125000
vt 0.734375000000 0.992578125000
vt 0.734375000000 0.996093750000
vt 0.737890625000 0.996093750000
vt 0.737890625000 0.961443750000
vt 0.734375000000 0.961443750000
vt 0.734375000000 0.996093750000
vt 0.769025000000 0.996093750000
vt 0.769025000000 0.974156250000
vt 0.734375000000 0.974156250000
vt 0.734375000000 0.996093750000
vt 0.756312500000 0.996093750000
vt 0.756312500000 0.961443750000
vt 0.734375000000 0.961443750000
vt 0.734375000000 0.996093750000
vt 0.737890625000 0.996093750000
vt 0.737890625000 0.974156250000
vt 0.734375000000 0.974156250000
vt 0.734375000000 0.996093750000
vt 0.756312500000 0.996093750000
vt 0.756312500000 0.992578125000
vt 0.734375000000 0.992578125000
vt 0.734375000000 0.996093750000
vt 0.769025000000 0.996093750000
vt 0.769025000000 0.992578125000
vt 0.734375000000 0.992578125000
vt 0.734375000000 0.996093750000
vt 0.737890625000 0.996093750000
vt 0.737890625000 0.961443750000
vt 0.734375000000 0.961443750000
vt 0.734375000000 0.996093750000
vt 0.769025000000 0.996093750000
vt 0.769025000000 0.974156250000
vt 0.734375000000 0.974156250000
vt 0.734375000000 0.996093750000
vt 0.756312500000 0.996093750000
vt 0.756312500000 0.961443750000
vt 0.734375000000 0.961443750000
vt 0.734375000000 0.996093750000
vt 0.740703125000 0.996093750000
vt 0.740703125000 0.988476562500
vt 0.734375000000 0.988476562500
vt 0.734375000000 0.996093750000
vt 0.741992187500 0.996093750000
vt 0.741992187500 0.989765625000
vt 0.734375000000 0.989765625000
vt 0.734375000000 0.996093750000
vt 0.748437500000 0.996093750000
vt 0.748437500000 0.989765625000
vt 0.734375000000 0.989765625000
vt 0.734375000000 0.996093750000
vt 0.740703125000 0.996093750000
vt 0.740703125000 0.982031250000
vt 0.734375000000 0.982031250000
vt 0.734375000000 0.996093750000
vt 0.748437500000 0.996093750000
vt 0.748437500000 0.988476562500
vt 0.734375000000 0.988476562500
vt 0.734375000000 0.996093750000
vt 0.741992187500 0.996093750000
vt 0.741992187500 0.982031250000
vt 0.734375000000 0.982031250000
vt 0.734375000000 0.996093750000
vt 0.740703125000 0.996093750000
vt 0.740703125000 0.988476562500
vt 0.734375000000 0.988476562500
vt 0.734375000000 0.996093750000
vt 0.741992187500 0.996093750000
vt 0.741992187500 0.989765625000
vt 0.734375000000 0.989765625000
vt 0.734375000000 0.996093750000
vt 0.748437500000 0.996093750000
vt 0.748437500000 0.989765625000
vt 0.734375000000 0.989765625000
vt 0.734375000000 0.996093750000
vt 0.740703125000 0.996093750000
vt 0.740703125000 0.982031250000
vt 0.734375000000 0.982031250000
vt 0.734375000000 0.996093750000
vt 0.748437500000 0.996093750000
vt 0.748437500000 0.988476562500
vt 0.734375000000 0.988476562500
vt 0.734375000000 0.996093750000
vt 0.741992187500 0.996093750000
vt 0.741992187500 0.982031250000
vt 0.734375000000 0.982031250000
vt 0.398437500000 0.996093750000
vt 0.401343750000 0.996093750000
vt 0.401343750000 0.977812500000
vt 0.398437500000 0.977812500000
vt 0.398437500000 0.996093750000
vt 0.416718750000 0.996093750000
vt 0.416718750000 0.993187500000
vt 0.398437500000 0.993187500000
vt 0.398437500000 0.996093750000
vt 0.473151562500 0.996093750000
vt 0.473151562500 0.993187500000
vt 0.398437500000 0.993187500000
vt 0.398437500000 0.996093750000
vt 0.401343750000 0.996093750000
vt 0.401343750000 0.921379687500
vt 0.398437500000 0.921379687500
vt 0.398437500000 0.996093750000
vt 0.473151562500 0.996093750000
vt 0.473151562500 0.977812500000
vt 0.398437500000 0.977812500000
vt 0.398437500000 0.996093750000
vt 0.416718750000 0.996093750000
vt 0.416718750000 0.921379687500
vt 0.398437500000 0.921379687500
vt 0.253906250000 0.996093750000
vt 0.262343750000 0.996093750000
vt 0.262343750000 0.965625000000
vt 0.253906250000 0.965625000000
vt 0.253906250000 0.996093750000
vt 0.284375000000 0.996093750000
vt 0.284375000000 0.987656250000
vt 0.253906250000 0.987656250000
vt 0.253906250000 0.996093750000
vt 0.335937500000 0.996093750000
vt 0.335937500000 0.987656250000
vt 0.253906250000 0.987656250000
vt 0.253906250000 0.996093750000
vt 0.262343750000 0.996093750000
vt 0.262343750000 0.914062500000
vt 0.253906250000 0.914062500000
vt 0.253906250000 0.996093750000
vt 0.335937500000 0.996093750000
vt 0.335937500000 0.965625000000
vt 0.253906250000 0.965625000000
vt 0.597656250000 0.996093750000
vt 0.628125000000 0.996093750000
vt 0.628125000000 0.914062500000
vt 0.597656250000 0.914062500000
vt 0.734375000000 0.996093750000
vt 0.737890625000 0.996093750000
vt 0.737890625000 0.974156250000
vt 0.734375000000 0.974156250000
vt 0.734375000000 0.996093750000
vt 0.756312500000 0.996093750000
vt 0.756312500000 0.992578125000
vt 0.734375000000 0.992578125000
vt 0.734375000000 0.996093750000
vt 0.760625000000 0.996093750000
vt 0.760625000000 0.992578125000
vt 0.734375000000 0.992578125000
vt 0.734375000000 0.996093750000
vt 0.737890625000 0.996093750000
vt 0.737890625000 0.969843750000
vt 0.734375000000 0.969843750000
vt 0.734375000000 0.996093750000
vt 0.760625000000 0.996093750000
vt 0.760625000000 0.974156250000
vt 0.734375000000 0.974156250000
vt 0.734375000000 0.996093750000
vt 0.756312500000 0.996093750000
vt 0.756312500000 0.969843750000
vt 0.734375000000 0.969843750000
vt 0.734375000000 0.996093750000
vt 0.737890625000 0.996093750000
vt 0.737890625000 0.974156250000
vt 0.734375000000 0.974156250000
vt 0.734375000000 0.996093750000
vt 0.756312500000 0.996093750000
vt 0.756312500000 0.992578125000
vt 0.734375000000 0.992578125000
vt 0.734375000000 0.996093750000
vt 0.760625000000 0.996093750000
vt 0.760625000000 0.992578125000
vt 0.734375000000 0.992578125000
vt 0.734375000000 0.996093750000
vt 0.737890625000 0.996093750000
vt 0.737890625000 0.969843750000
vt 0.734375000000 0.969843750000
vt 0.734375000000 0.996093750000
vt 0.760625000000 0.996093750000
vt 0.760625000000 0.974156250000
vt 0.734375000000 0.974156250000
vt 0.734375000000 0.996093750000
vt 0.756312500000 0.996093750000
vt 0.756312500000 0.969843750000
vt 0.734375000000 0.969843750000
vt 0.734375000000 0.996093750000
vt 0.740703125000 0.996093750000
vt 0.740703125000 0.988476562500
vt 0.734375000000 0.988476562500
vt 0.734375000000 0.996093750000
vt 0.741992187500 0.996093750000
vt 0.741992187500 0.989765625000
vt 0.734375000000 0.989765625000
vt 0.734375000000 0.996093750000
vt 0.748437500000 0.996093750000
vt 0.748437500000 0.989765625000
vt 0.734375000000 0.989765625000
vt 0.734375000000 0.996093750000
vt 0.740703125000 0.996093750000
vt 0.740703125000 0.982031250000
vt 0.734375000000 0.982031250000
vt 0.734375000000 0.996093750000
vt 0.748437500000 0.996093750000
vt 0.748437500000 0.988476562500
vt 0.734375000000 0.988476562500
vt 0.734375000000 0.996093750000
vt 0.741992187500 0.996093750000
vt 0.741992187500 0.982031250000
vt 0.734375000000 0.982031250000
vt 0.734375000000 0.996093750000
vt 0.740703125000 0.996093750000
vt 0.740703125000 0.988476562500
vt 0.734375000000 0.988476562500
vt 0.734375000000 0.996093750000
vt 0.741992187500 0.996093750000
vt 0.741992187500 0.989765625000
vt 0.734375000000 0.989765625000
vt 0.734375000000 0.996093750000
vt 0.748437500000 0.996093750000
vt 0.748437500000 0.989765625000
vt 0.734375000000 0.989765625000
vt 0.734375000000 0.996093750000
vt 0.740703125000 0.996093750000
vt 0.740703125000 0.982031250000
vt 0.734375000000 0.982031250000
vt 0.734375000000 0.996093750000
vt 0.748437500000 0.996093750000
vt 0.748437500000 0.988476562500
vt 0.734375000000 0.988476562500
vt 0.734375000000 0.996093750000
vt 0.741992187500 0.996093750000
vt 0.741992187500 0.982031250000
vt 0.734375000000 0.982031250000
vt 0.597656250000 0.996093750000
vt 0.600562500000 0.996093750000
vt 0.600562500000 0.977812500000
vt 0.597656250000 0.977812500000
vt 0.597656250000 0.996093750000
vt 0.615937500000 0.996093750000
vt 0.615937500000 0.993187500000
vt 0.597656250000 0.993187500000
vt 0.597656250000 0.996093750000
vt 0.654257812500 0.996093750000
vt 0.654257812500 0.993187500000
vt 0.597656250000 0.993187500000
vt 0.597656250000 0.996093750000
vt 0.600562500000 0.996093750000
vt 0.600562500000 0.939492187500
vt 0.597656250000 0.939492187500
vt 0.597656250000 0.996093750000
vt 0.654257812500 0.996093750000
vt 0.654257812500 0.977812500000
vt 0.597656250000 0.977812500000
vt 0.597656250000 0.996093750000
vt 0.615937500000 0.996093750000
vt 0.615937500000 0.939492187500
vt 0.597656250000 0.939492187500
vt 0.253906250000 0.996093750000
vt 0.262343750000 0.996093750000
vt 0.262343750000 0.967968750000
vt 0.253906250000 0.967968750000
vt 0.253906250000 0.996093750000
vt 0.282031250000 0.996093750000
vt 0.282031250000 0.987656250000
vt 0.253906250000 0.987656250000
vt 0.253906250000 0.996093750000
vt 0.307812500000 0.996093750000
vt 0.307812500000 0.987656250000
vt 0.253906250000 0.987656250000
vt 0.253906250000 0.996093750000
vt 0.262343750000 0.996093750000
vt 0.262343750000 0.942187500000
vt 0.253906250000 0.942187500000
vt 0.253906250000 0.996093750000
vt 0.307812500000 0.996093750000
vt 0.307812500000 0.967968750000
vt 0.253906250000 0.967968750000
vt 0.398437500000 0.996093750000
vt 0.426562500000 0.996093750000
vt 0.426562500000 0.942187500000
vt 0.398437500000 0.942187500000
vt 0.734375000000 0.996093750000
vt 0.737890625000 0.996093750000
vt 0.737890625000 0.975843750000
vt 0.734375000000 0.975843750000
vt 0.734375000000 0.996093750000
vt 0.754625000000 0.996093750000
vt 0.754625000000 0.992578125000
vt 0.734375000000 0.992578125000
vt 0.734375000000 0.996093750000
vt 0.751625000000 0.996093750000
vt 0.751625000000 0.992578125000
vt 0.734375000000 0.992578125000
vt 0.734375000000 0.996093750000
vt 0.737890625000 0.996093750000
vt 0.737890625000 0.978843750000
vt 0.734375000000 0.978843750000
vt 0.734375000000 0.996093750000
vt 0.751625000000 0.996093750000
vt 0.751625000000 0.975843750000
vt 0.734375000000 0.975843750000
vt 0.734375000000 0.996093750000
vt 0.754625000000 0.996093750000
vt 0.754625000000 0.978843750000
vt 0.734375000000 0.978843750000
vt 0.734375000000 0.996093750000
vt 0.737890625000 0.996093750000
vt 0.737890625000 0.975843750000
vt 0.734375000000 0.975843750000
vt 0.734375000000 0.996093750000
vt 0.754625000000 0.996093750000
vt 0.754625000000 0.992578125000
vt 0.734375000000 0.992578125000
vt 0.734375000000 0.996093750000
vt 0.751625000000 0.996093750000
vt 0.751625000000 0.992578125000
vt 0.734375000000 0.992578125000
vt 0.734375000000 0.996093750000
vt 0.737890625000 0.996093750000
vt 0.737890625000 0.978843750000
vt 0.734375000000 0.978843750000
vt 0.734375000000 0.996093750000
vt 0.751625000000 0.996093750000
vt 0.751625000000 0.975843750000
vt 0.734375000000 0.975843750000
vt 0.734375000000 0.996093750000
vt 0.754625000000 0.996093750000
vt 0.754625000000 0.978843750000
vt 0.734375000000 0.978843750000
vt 0.734375000000 0.996093750000
vt 0.740703125000 0.996093750000
vt 0.740703125000 0.989062500000
vt 0.734375000000 0.989062500000
vt 0.734375000000 0.996093750000
vt 0.741406250000 0.996093750000
vt 0.741406250000 0.989765625000
vt 0.734375000000 0.989765625000
vt 0.734375000000 0.996093750000
vt 0.748437500000 0.996093750000
vt 0.748437500000 0.989765625000
vt 0.734375000000 0.989765625000
vt 0.734375000000 0.996093750000
vt 0.740703125000 0.996093750000
vt 0.740703125000 0.982031250000
vt 0.734375000000 0.982031250000
vt 0.734375000000 0.996093750000
vt 0.748437500000 0.996093750000
vt 0.748437500000 0.989062500000
vt 0.734375000000 0.989062500000
vt 0.734375000000 0.996093750000
vt 0.741406250000 0.996093750000
vt 0.741406250000 0.982031250000
vt 0.734375000000 0.982031250000
vt 0.734375000000 0.996093750000
vt 0.740703125000 0.996093750000
vt 0.740703125000 0.989062500000
vt 0.734375000000 0.989062500000
vt 0.734375000000 0.996093750000
vt 0.741406250000 0.996093750000
vt 0.741406250000 0.989765625000
vt 0.734375000000 0.989765625000
vt 0.734375000000 0.996093750000
vt 0.748437500000 0.996093750000
vt 0.748437500000 0.989765625000
vt 0.734375000000 0.989765625000
vt 0.734375000000 0.996093750000
vt 0.740703125000 0.996093750000
vt 0.740703125000 0.982031250000
vt 0.734375000000 0.982031250000
vt 0.734375000000 0.996093750000
vt 0.748437500000 0.996093750000
vt 0.748437500000 0.989062500000
vt 0.734375000000 0.989062500000
vt 0.734375000000 0.996093750000
vt 0.741406250000 0.996093750000
vt 0.741406250000 0.982031250000
vt 0.734375000000 0.982031250000
vt 0.398437500000 0.996093750000
vt 0.401343750000 0.996093750000
vt 0.401343750000 0.979218750000
vt 0.398437500000 0.979218750000
vt 0.398437500000 0.996093750000
vt 0.415312500000 0.996093750000
vt 0.415312500000 0.993187500000
vt 0.398437500000 0.993187500000
vt 0.398437500000 0.996093750000
vt 0.435632812500 0.996093750000
vt 0.435632812500 0.993187500000
vt 0.398437500000 0.993187500000
vt 0.398437500000 0.996093750000
vt 0.401343750000 0.996093750000
vt 0.401343750000 0.958898437500
vt 0.398437500000 0.958898437500
vt 0.398437500000 0.996093750000
vt 0.435632812500 0.996093750000
vt 0.435632812500 0.979218750000
vt 0.398437500000 0.979218750000
vt 0.398437500000 0.996093750000
vt 0.415312500000 0.996093750000
vt 0.415312500000 0.958898437500
vt 0.398437500000 0.958898437500
vt 0.253906250000 0.996093750000
vt 0.262343750000 0.996093750000
vt 0.262343750000 0.975468750000
vt 0.253906250000 0.975468750000
vt 0.253906250000 0.996093750000
vt 0.274531250000 0.996093750000
vt 0.274531250000 0.987656250000
vt 0.253906250000 0.987656250000
vt 0.253906250000 0.996093750000
vt 0.276406250000 0.996093750000
vt 0.276406250000 0.987656250000
vt 0.253906250000 0.987656250000
vt 0.253906250000 0.996093750000
vt 0.262343750000 0.996093750000
vt 0.262343750000 0.973593750000
vt 0.253906250000 0.973593750000
vt 0.253906250000 0.996093750000
vt 0.276406250000 0.996093750000
vt 0.276406250000 0.975468750000
vt 0.253906250000 0.975468750000
vt 0.152343750000 0.996093750000
vt 0.172968750000 0.996093750000
vt 0.172968750000 0.973593750000
vt 0.152343750000 0.973593750000
vt 0.734375000000 0.996093750000
vt 0.737890625000 0.996093750000
vt 0.737890625000 0.981243750000
vt 0.734375000000 0.981243750000
vt 0.734375000000 0.996093750000
vt 0.749225000000 0.996093750000
vt 0.749225000000 0.992578125000
vt 0.734375000000 0.992578125000
vt 0.734375000000 0.996093750000
vt 0.741575000000 0.996093750000
vt 0.741575000000 0.992578125000
vt 0.734375000000 0.992578125000
vt 0.734375000000 0.996093750000
vt 0.737890625000 0.996093750000
vt 0.737890625000 0.988893750000
vt 0.734375000000 0.988893750000
vt 0.734375000000 0.996093750000
vt 0.741575000000 0.996093750000
vt 0.741575000000 0.981243750000
vt 0.734375000000 0.981243750000
vt 0.734375000000 0.996093750000
vt 0.749225000000 0.996093750000
vt 0.749225000000 0.988893750000
vt 0.734375000000 0.988893750000
vt 0.152343750000 0.996093750000
vt 0.155250000000 0.996093750000
vt 0.155250000000 0.983718750000
vt 0.152343750000 0.983718750000
vt 0.152343750000 0.996093750000
vt 0.164718750000 0.996093750000
vt 0.164718750000 0.993187500000
vt 0.152343750000 0.993187500000
vt 0.152343750000 0.996093750000
vt 0.167868750000 0.996093750000
vt 0.167868750000 0.993187500000
vt 0.152343750000 0.993187500000
vt 0.152343750000 0.996093750000
vt 0.155250000000 0.996093750000
vt 0.155250000000 0.980568750000
vt 0.152343750000 0.980568750000
vt 0.152343750000 0.996093750000
vt 0.167868750000 0.996093750000
vt 0.167868750000 0.983718750000
vt 0.152343750000 0.983718750000
vt 0.152343750000 0.996093750000
vt 0.164718750000 0.996093750000
vt 0.164718750000 0.980568750000
vt 0.152343750000 0.980568750000
vt 0.664062500000 0.996093750000
vt 0.725007211112 0.996093750000
vt 0.725007211112 0.991875000000
vt 0.664062500000 0.991875000000
vt 0.664062500000 0.996093750000
vt 0.668281250000 0.996093750000
vt 0.668281250000 0.935149038888
vt 0.664062500000 0.935149038888
vt 0.664062500000 0.996093750000
vt 0.669218750000 0.996093750000
vt 0.669218750000 0.935149038888
vt 0.664062500000 0.935149038888
vt 0.664062500000 0.996093750000
vt 0.725007211112 0.996093750000
vt 0.725007211112 0.990937500000
vt 0.664062500000 0.990937500000
vt 0.664062500000 0.996093750000
vt 0.669218750000 0.996093750000
vt 0.669218750000 0.991875000000
vt 0.664062500000 0.991875000000
vt 0.664062500000 0.996093750000
vt 0.668281250000 0.996093750000
vt 0.668281250000 0.990937500000
vt 0.664062500000 0.990937500000
vt 0.734375000000 0.996093750000
vt 0.791794483369 0.996093750000
vt 0.791794483369 0.993046875000
vt 0.734375000000 0.993046875000
vt 0.734375000001 0.996093750000
vt 0.737421875001 0.996093750000
vt 0.737421875000 0.938674266631
vt 0.734375000000 0.938674266631
vt 0.734375000000 0.996093750000
vt 0.738359375000 0.996093750000
vt 0.738359375000 0.938674266631
vt 0.734375000000 0.938674266631
vt 0.734375000000 0.996093750000
vt 0.791794483369 0.996093750000
vt 0.791794483369 0.992109375000
vt 0.734375000000 0.992109375000
vt 0.734375000000 0.996093750000
vt 0.738359375000 0.996093750000
vt 0.738359375000 0.993046875000
vt 0.734375000000 0.993046875000
vt 0.734375000000 0.996093750000
vt 0.737421875000 0.996093750000
vt 0.737421875000 0.992109375000
vt 0.734375000000 0.992109375000
vt 0.253906250000 0.996093750000
vt 0.292883030949 0.996093750000
vt 0.292883030949 0.988125000000
vt 0.253906250000 0.988125000000
vt 0.253906250000 0.996093750000
vt 0.261875000000 0.996093750000
vt 0.261875000000 0.957116969051
vt 0.253906250000 0.957116969051
vt 0.253906250000 0.996093750000
vt 0.261875000000 0.996093750000
vt 0.261875000000 0.957116969051
vt 0.253906250000 0.957116969051
vt 0.253906250000 0.996093750000
vt 0.292883030949 0.996093750000
vt 0.292883030949 0.988125000000
vt 0.253906250000 0.988125000000
vt 0.253906250000 0.996093750000
vt 0.261875000000 0.996093750000
vt 0.261875000000 0.988125000000
vt 0.253906250000 0.988125000000
vt 0.253906250000 0.996093750000
vt 0.261875000000 0.996093750000
vt 0.261875000000 0.988125000000
vt 0.253906250000 0.988125000000
vt 0.734375000000 0.996093750000
vt 0.739296875000 0.996093750000
vt 0.739296875000 0.974531250000
vt 0.734375000000 0.974531250000
vt 0.734375000000 0.996093750000
vt 0.755937500000 0.996093750000
vt 0.755937500000 0.991171875000
vt 0.734375000000 0.991171875000
vt 0.734375000000 0.996093750000
vt 0.750781250000 0.996093750000
vt 0.750781250000 0.991171875000
vt 0.734375000000 0.991171875000
vt 0.734375000000 0.996093750000
vt 0.739296875000 0.996093750000
vt 0.739296875000 0.979687500000
vt 0.734375000000 0.979687500000
vt 0.734375000000 0.996093750000
vt 0.750781250000 0.996093750000
vt 0.750781250000 0.974531250000
vt 0.734375000000 0.974531250000
vt 0.734375000000 0.996093750000
vt 0.755937500000 0.996093750000
vt 0.755937500000 0.979687500000
vt 0.734375000000 0.979687500000
vt 0.734375000000 0.996093750000
vt 0.739296875000 0.996093750000
vt 0.739296875000 0.974531250000
vt 0.734375000000 0.974531250000
vt 0.734375000000 0.996093750000
vt 0.755937500000 0.996093750000
vt 0.755937500000 0.991171875000
vt 0.734375000000 0.991171875000
vt 0.734375000000 0.996093750000
vt 0.750781250000 0.996093750000
vt 0.750781250000 0.991171875000
vt 0.734375000000 0.991171875000
vt 0.734375000000 0.996093750000
vt 0.739296875000 0.996093750000
vt 0.739296875000 0.979687500000
vt 0.734375000000 0.979687500000
vt 0.734375000000 0.996093750000
vt 0.750781250000 0.996093750000
vt 0.750781250000 0.974531250000
vt 0.734375000000 0.974531250000
vt 0.734375000000 0.996093750000
vt 0.755937500000 0.996093750000
vt 0.755937500000 0.979687500000
vt 0.734375000000 0.979687500000
vt 0.152343750000 0.996093750000
vt 0.162187500000 0.996093750000
vt 0.162187500000 0.984375000000
vt 0.152343750000 0.984375000000
vt 0.152343750000 0.996093750000
vt 0.164062500000 0.996093750000
vt 0.164062500000 0.986250000000
vt 0.152343750000 0.986250000000
vt 0.152343750000 0.996093750000
vt 0.165000000000 0.996093750000
vt 0.165000000000 0.986250000000
vt 0.152343750000 0.986250000000
vt 0.152343750000 0.996093750000
vt 0.162187500000 0.996093750000
vt 0.162187500000 0.983437500000
vt 0.152343750000 0.983437500000
vt 0.152343750000 0.996093750000
vt 0.165000000000 0.996093750000
vt 0.165000000000 0.984375000000
vt 0.152343750000 0.984375000000
vt 0.152343750000 0.996093750000
vt 0.164062500000 0.996093750000
vt 0.164062500000 0.983437500000
vt 0.152343750000 0.983437500000
vt 0.664062500000 0.996093750000
vt 0.696703794422 0.996093750000
vt 0.696703794422 0.988828125000
vt 0.664062500000 0.988828125000
vt 0.664062500000 0.996093750000
vt 0.671328125000 0.996093750000
vt 0.671328125000 0.963452455578
vt 0.664062500000 0.963452455578
vt 0.664062500000 0.996093750000
vt 0.672031250000 0.996093750000
vt 0.672031250000 0.963452455578
vt 0.664062500000 0.963452455578
vt 0.664062500000 0.996093750000
vt 0.696703794422 0.996093750000
vt 0.696703794422 0.988125000000
vt 0.664062500000 0.988125000000
vt 0.664062500000 0.996093750000
vt 0.672031250000 0.996093750000
vt 0.672031250000 0.988828125000
vt 0.664062500000 0.988828125000
vt 0.664062500000 0.996093750000
vt 0.671328125000 0.996093750000
vt 0.671328125000 0.988125000000
vt 0.664062500000 0.988125000000
vt 0.734375000000 0.996093750000
vt 0.753201017776 0.996093750000
vt 0.753201017776 0.989765625000
vt 0.734375000000 0.989765625000
vt 0.734375000000 0.996093750000
vt 0.740703125000 0.996093750000
vt 0.740703125000 0.977267732224
vt 0.734375000000 0.977267732224
vt 0.734375000000 0.996093750000
vt 0.740937500000 0.996093750000
vt 0.740937500000 0.977267732224
vt 0.734375000000 0.977267732224
vt 0.734375000000 0.996093750000
vt 0.753201017776 0.996093750000
vt 0.753201017776 0.989531250000
vt 0.734375000000 0.989531250000
vt 0.734375000000 0.996093750000
vt 0.740937500000 0.996093750000
vt 0.740937500000 0.989765625000
vt 0.734375000000 0.989765625000
vt 0.734375000000 0.996093750000
vt 0.740703125000 0.996093750000
vt 0.740703125000 0.989531250000
vt 0.734375000000 0.989531250000
vt 0.664062500000 0.996093750000
vt 0.672577766621 0.996093750000
vt 0.672577766621 0.992812500000
vt 0.664062500000 0.992812500000
vt 0.664062500000 0.996093750000
vt 0.667343750000 0.996093750000
vt 0.667343750000 0.987578483379
vt 0.664062500000 0.987578483379
vt 0.664062500000 0.996093750000
vt 0.668046875000 0.996093750000
vt 0.668046875000 0.987578483379
vt 0.664062500000 0.987578483379
vt 0.664062500000 0.996093750000
vt 0.672577766621 0.996093750000
vt 0.672577766621 0.992109375000
vt 0.664062500000 0.992109375000
vt 0.664062500000 0.996093750000
vt 0.668046875000 0.996093750000
vt 0.668046875000 0.992812500000
vt 0.664062500000 0.992812500000
vt 0.664062500000 0.996093750000
vt 0.667343750000 0.996093750000
vt 0.667343750000 0.992109375000
vt 0.664062500000 0.992109375000
vt 0.152343750000 0.996093750000
vt 0.162187500000 0.996093750000
vt 0.162187500000 0.984375000000
vt 0.152343750000 0.984375000000
vt 0.152343750000 0.996093750000
vt 0.164062500000 0.996093750000
vt 0.164062500000 0.986250000000
vt 0.152343750000 0.986250000000
vt 0.152343750000 0.996093750000
vt 0.165000000000 0.996093750000
vt 0.165000000000 0.986250000000
vt 0.152343750000 0.986250000000
vt 0.152343750000 0.996093750000
vt 0.162187500000 0.996093750000
vt 0.162187500000 0.983437500000
vt 0.152343750000 0.983437500000
vt 0.152343750000 0.996093750000
vt 0.165000000000 0.996093750000
vt 0.165000000000 0.984375000000
vt 0.152343750000 0.984375000000
vt 0.152343750000 0.996093750000
vt 0.164062500000 0.996093750000
vt 0.164062500000 0.983437500000
vt 0.152343750000 0.983437500000
vt 0.664062500000 0.996093750000
vt 0.696703794422 0.996093750000
vt 0.696703794422 0.988828125000
vt 0.664062500000 0.988828125000
vt 0.664062500000 0.996093750000
vt 0.671328125000 0.996093750000
vt 0.671328125000 0.963452455578
vt 0.664062500000 0.963452455578
vt 0.664062500000 0.996093750000
vt 0.672031250000 0.996093750000
vt 0.672031250000 0.963452455578
vt 0.664062500000 0.963452455578
vt 0.664062500000 0.996093750000
vt 0.696703794422 0.996093750000
vt 0.696703794422 0.988125000000
vt 0.664062500000 0.988125000000
vt 0.664062500000 0.996093750000
vt 0.672031250000 0.996093750000
vt 0.672031250000 0.988828125000
vt 0.664062500000 0.988828125000
vt 0.664062500000 0.996093750000
vt 0.671328125000 0.996093750000
vt 0.671328125000 0.988125000000
vt 0.664062500000 0.988125000000
vt 0.734375000000 0.996093750000
vt 0.753201017776 0.996093750000
vt 0.753201017776 0.989765625000
vt 0.734375000000 0.989765625000
vt 0.734375000000 0.996093750000
vt 0.740703125000 0.996093750000
vt 0.740703125000 0.977267732224
vt 0.734375000000 0.977267732224
vt 0.734375000000 0.996093750000
vt 0.740937500000 0.996093750000
vt 0.740937500000 0.977267732224
vt 0.734375000000 0.977267732224
vt 0.734375000000 0.996093750000
vt 0.753201017776 0.996093750000
vt 0.753201017776 0.989531250000
vt 0.734375000000 0.989531250000
vt 0.734375000000 0.996093750000
vt 0.740937500000 0.996093750000
vt 0.740937500000 0.989765625000
vt 0.734375000000 0.989765625000
vt 0.734375000000 0.996093750000
vt 0.740703125000 0.996093750000
vt 0.740703125000 0.989531250000
vt 0.734375000000 0.989531250000
vt 0.664062500000 0.996093750000
vt 0.672577766621 0.996093750000
vt 0.672577766621 0.992812500000
vt 0.664062500000 0.992812500000
vt 0.664062500000 0.996093750000
vt 0.667343750000 0.996093750000
vt 0.667343750000 0.987578483379
vt 0.664062500000 0.987578483379
vt 0.664062500000 0.996093750000
vt 0.668046875000 0.996093750000
vt 0.668046875000 0.987578483379
vt 0.664062500000 0.987578483379
vt 0.664062500000 0.996093750000
vt 0.672577766621 0.996093750000
vt 0.672577766621 0.992109375000
vt 0.664062500000 0.992109375000
vt 0.664062500000 0.996093750000
vt 0.668046875000 0.996093750000
vt 0.668046875000 0.992812500000
vt 0.664062500000 0.992812500000
vt 0.664062500000 0.996093750000
vt 0.667343750000 0.996093750000
vt 0.667343750000 0.992109375000
vt 0.664062500000 0.992109375000
vt 0.152343750000 0.996093750000
vt 0.162187500000 0.996093750000
vt 0.162187500000 0.984375000000
vt 0.152343750000 0.984375000000
vt 0.152343750000 0.996093750000
vt 0.164062500000 0.996093750000
vt 0.164062500000 0.986250000000
vt 0.152343750000 0.986250000000
vt 0.152343750000 0.996093750000
vt 0.165000000000 0.996093750000
vt 0.165000000000 0.986250000000
vt 0.152343750000 0.986250000000
vt 0.152343750000 0.996093750000
vt 0.162187500000 0.996093750000
vt 0.162187500000 0.983437500000
vt 0.152343750000 0.983437500000
vt 0.152343750000 0.996093750000
vt 0.165000000000 0.996093750000
vt 0.165000000000 0.984375000000
vt 0.152343750000 0.984375000000
vt 0.152343750000 0.996093750000
vt 0.164062500000 0.996093750000
vt 0.164062500000 0.983437500000
vt 0.152343750000 0.983437500000
vt 0.664062500000 0.996093750000
vt 0.696707160025 0.996093750000
vt 0.696707160025 0.988593750000
vt 0.664062500000 0.988593750000
vt 0.664062500000 0.996093750000
vt 0.671562500000 0.996093750000
vt 0.671562500000 0.963449089975
vt 0.664062500000 0.963449089975
vt 0.664062500000 0.996093750000
vt 0.672500000000 0.996093750000
vt 0.672500000000 0.963449089975
vt 0.664062500000 0.963449089975
vt 0.664062500000 0.996093750000
vt 0.696707160025 0.996093750000
vt 0.696707160025 0.987656250000
vt 0.664062500000 0.987656250000
vt 0.664062500000 0.996093750000
vt 0.672500000000 0.996093750000
vt 0.672500000000 0.988593750000
vt 0.664062500000 0.988593750000
vt 0.664062500000 0.996093750000
vt 0.671562500000 0.996093750000
vt 0.671562500000 0.987656250000
vt 0.664062500000 0.987656250000
vt 0.734375000000 0.996093750000
vt 0.756923775258 0.996093750000
vt 0.756923775258 0.990000000000
vt 0.734375000000 0.990000000000
vt 0.734375000000 0.996093750000
vt 0.740468750000 0.996093750000
vt 0.740468750000 0.973544974742
vt 0.734375000000 0.973544974742
vt 0.734375000000 0.996093750000
vt 0.740937500000 0.996093750000
vt 0.740937500000 0.973544974742
vt 0.734375000000 0.973544974742
vt 0.734375000000 0.996093750000
vt 0.756923775258 0.996093750000
vt 0.756923775258 0.989531250000
vt 0.734375000000 0.989531250000
vt 0.734375000000 0.996093750000
vt 0.740937500000 0.996093750000
vt 0.740937500000 0.990000000000
vt 0.734375000000 0.990000000000
vt 0.734375000000 0.996093750000
vt 0.740468750000 0.996093750000
vt 0.740468750000 0.989531250000
vt 0.734375000000 0.989531250000
vt 0.664062500000 0.996093750000
vt 0.676517497115 0.996093750000
vt 0.676517497115 0.992578125000
vt 0.664062500000 0.992578125000
vt 0.664062500000 0.996093750000
vt 0.667578125000 0.996093750000
vt 0.667578125000 0.983638752885
vt 0.664062500000 0.983638752885
vt 0.664062500000 0.996093750000
vt 0.668515625000 0.996093750000
vt 0.668515625000 0.983638752885
vt 0.664062500000 0.983638752885
vt 0.664062500000 0.996093750000
vt 0.676517497115 0.996093750000
vt 0.676517497115 0.991640625000
vt 0.664062500000 0.991640625000
vt 0.664062500000 0.996093750000
vt 0.668515625000 0.996093750000
vt 0.668515625000 0.992578125000
vt 0.664062500000 0.992578125000
vt 0.664062500000 0.996093750000
vt 0.667578125000 0.996093750000
vt 0.667578125000 0.991640625000
vt 0.664062500000 0.991640625000
usemtl atlas
s off
g root
g body
f 1/1 4/2 3/3
f 1/1 3/3 2/4
f 5/5 6/6 7/7
f 5/5 7/7 8/8
f 1/9 5/10 8/11
f 1/9 8/11 4/12
f 2/13 3/14 7/15
f 2/13 7/15 6/16
f 4/17 8/18 7/19
f 4/17 7/19 3/20
f 1/21 2/22 6/23
f 1/21 6/23 5/24
f 9/25 12/26 11/27
f 9/25 11/27 10/28
f 13/29 14/30 15/31
f 13/29 15/31 16/32
f 9/33 13/34 16/35
f 9/33 16/35 12/36
f 10/37 11/38 15/39
f 10/37 15/39 14/40
f 12/41 16/42 15/43
f 12/41 15/43 11/44
f 9/45 10/46 14/47
f 9/45 14/47 13/48
f 17/49 20/50 19/51
f 17/49 19/51 18/52
f 21/53 22/54 23/55
f 21/53 23/55 24/56
f 17/57 21/58 24/59
f 17/57 24/59 20/60
f 18/61 19/62 23/63
f 18/61 23/63 22/64
f 20/65 24/66 23/67
f 20/65 23/67 19/68
f 17/69 18/70 22/71
f 17/69 22/71 21/72
f 25/73 28/74 27/75
f 25/73 27/75 26/76
f 29/77 30/78 31/79
f 29/77 31/79 32/80
f 25/81 29/82 32/83
f 25/81 32/83 28/84
f 26/85 27/86 31/87
f 26/85 31/87 30/88
f 28/89 32/90 31/91
f 28/89 31/91 27/92
f 25/93 26/94 30/95
f 25/93 30/95 29/96
f 33/97 36/98 35/99
f 33/97 35/99 34/100
f 37/101 38/102 39/103
f 37/101 39/103 40/104
f 33/105 37/106 40/107
f 33/105 40/107 36/108
f 34/109 35/110 39/111
f 34/109 39/111 38/112
f 36/113 40/114 39/115
f 36/113 39/115 35/116
f 33/117 34/118 38/119
f 33/117 38/119 37/120
f 45/125 46/126 47/127
f 45/125 47/127 48/128
f 41/129 45/130 48/131
f 41/129 48/131 44/132
f 42/133 43/134 47/135
f 42/133 47/135 46/136
f 44/137 48/138 47/139
f 44/137 47/139 43/140
f 41/141 42/142 46/143
f 41/141 46/143 45/144
f 49/145 52/146 51/147
f 49/145 51/147 50/148
f 53/149 54/150 55/151
f 53/149 55/151 56/152
f 49/153 53/154 56/155
f 49/153 56/155 52/156
f 50/157 51/158 55/159
f 50/157 55/159 54/160
f 52/161 56/162 55/163
f 52/161 55/163 51/164
f 49/165 50/166 54/167
f 49/165 54/167 53/168
f 61/173 62/174 63/175
f 61/173 63/175 64/176
f 57/177 61/178 64/179
f 57/177 64/179 60/180
f 58/181 59/182 63/183
f 58/181 63/183 62/184
f 60/185 64/186 63/187
f 60/185 63/187 59/188
f 57/189 58/190 62/191
f 57/189 62/191 61/192
f 65/193 68/194 67/195
f 65/193 67/195 66/196
f 69/197 70/198 71/199
f 69/197 71/199 72/200
f 65/201 69/202 72/203
f 65/201 72/203 68/204
f 66/205 67/206 71/207
f 66/205 71/207 70/208
f 68/209 72/210 71/211
f 68/209 71/211 67/212
f 65/213 66/214 70/215
f 65/213 70/215 69/216
f 73/217 76/218 75/219
f 73/217 75/219 74/220
f 77/221 78/222 79/223
f 77/221 79/223 80/224
f 73/225 77/226 80/227
f 73/225 80/227 76/228
f 74/229 75/230 79/231
f 74/229 79/231 78/232
f 76/233 80/234 79/235
f 76/233 79/235 75/236
f 73/237 74/238 78/239
f 73/237 78/239 77/240
f 81/241 84/242 83/243
f 81/241 83/243 82/244
f 85/245 86/246 87/247
f 85/245 87/247 88/248
f 81/249 85/250 88/251
f 81/249 88/251 84/252
f 82/253 83/254 87/255
f 82/253 87/255 86/256
f 84/257 88/258 87/259
f 84/257 87/259 83/260
f 81/261 82/262 86/263
f 81/261 86/263 85/264
f 89/265 92/266 91/267
f 89/265 91/267 90/268
f 93/269 94/270 95/271
f 93/269 95/271 96/272
f 89/273 93/274 96/275
f 89/273 96/275 92/276
f 90/277 91/278 95/279
f 90/277 95/279 94/280
f 92/281 96/282 95/283
f 92/281 95/283 91/284
f 89/285 90/286 94/287
f 89/285 94/287 93/288
g tail
f 561/1681 564/1682 563/1683
f 561/1681 563/1683 562/1684
f 565/1685 566/1686 567/1687
f 565/1685 567/1687 568/1688
f 561/1689 565/1690 568/1691
f 561/1689 568/1691 564/1692
f 562/1693 563/1694 567/1695
f 562/1693 567/1695 566/1696
f 564/1697 568/1698 567/1699
f 564/1697 567/1699 563/1700
f 561/1701 562/1702 566/1703
f 561/1701 566/1703 565/1704
f 569/1705 572/1706 571/1707
f 569/1705 571/1707 570/1708
f 573/1709 574/1710 575/1711
f 573/1709 575/1711 576/1712
f 569/1713 573/1714 576/1715
f 569/1713 576/1715 572/1716
f 570/1717 571/1718 575/1719
f 570/1717 575/1719 574/1720
f 572/1721 576/1722 575/1723
f 572/1721 575/1723 571/1724
f 569/1725 570/1726 574/1727
f 569/1725 574/1727 573/1728
f 577/1729 580/1730 579/1731
f 577/1729 579/1731 578/1732
f 581/1733 582/1734 583/1735
f 581/1733 583/1735 584/1736
f 577/1737 581/1738 584/1739
f 577/1737 584/1739 580/1740
f 578/1741 579/1742 583/1743
f 578/1741 583/1743 582/1744
f 580/1745 584/1746 583/1747
f 580/1745 583/1747 579/1748
f 577/1749 578/1750 582/1751
f 577/1749 582/1751 581/1752
g wing_l
f 97/289 100/290 99/291
f 97/289 99/291 98/292
f 101/293 102/294 103/295
f 101/293 103/295 104/296
f 97/297 101/298 104/299
f 97/297 104/299 100/300
f 98/301 99/302 103/303
f 98/301 103/303 102/304
f 100/305 104/306 103/307
f 100/305 103/307 99/308
f 97/309 98/310 102/311
f 97/309 102/311 101/312
f 105/313 108/314 107/315
f 105/313 107/315 106/316
f 109/317 110/318 111/319
f 109/317 111/319 112/320
f 105/321 109/322 112/323
f 105/321 112/323 108/324
f 106/325 107/326 111/327
f 106/325 111/327 110/328
f 108/329 112/330 111/331
f 108/329 111/331 107/332
f 105/333 106/334 110/335
f 105/333 110/335 109/336
f 113/337 116/338 115/339
f 113/337 115/339 114/340
f 117/341 118/342 119/343
f 117/341 119/343 120/344
f 113/345 117/346 120/347
f 113/345 120/347 116/348
f 114/349 115/350 119/351
f 114/349 119/351 118/352
f 116/353 120/354 119/355
f 116/353 119/355 115/356
f 113/357 114/358 118/359
f 113/357 118/359 117/360
f 121/361 124/362 123/363
f 121/361 123/363 122/364
f 125/365 126/366 127/367
f 125/365 127/367 128/368
f 121/369 125/370 128/371
f 121/369 128/371 124/372
f 122/373 123/374 127/375
f 122/373 127/375 126/376
f 124/377 128/378 127/379
f 124/377 127/379 123/380
f 121/381 122/382 126/383
f 121/381 126/383 125/384
f 129/385 132/386 131/387
f 129/385 131/387 130/388
f 133/389 134/390 135/391
f 133/389 135/391 136/392
f 129/393 133/394 136/395
f 129/393 136/395 132/396
f 130/397 131/398 135/399
f 130/397 135/399 134/400
f 132/401 136/402 135/403
f 132/401 135/403 131/404
f 129/405 130/406 134/407
f 129/405 134/407 133/408
f 137/409 140/410 139/411
f 137/409 139/411 138/412
f 141/413 142/414 143/415
f 141/413 143/415 144/416
f 137/417 141/418 144/419
f 137/417 144/419 140/420
f 138/421 139/422 143/423
f 138/421 143/423 142/424
f 140/425 144/426 143/427
f 140/425 143/427 139/428
f 137/429 138/430 142/431
f 137/429 142/431 141/432
f 145/433 148/434 147/435
f 145/433 147/435 146/436
f 149/437 150/438 151/439
f 149/437 151/439 152/440
f 145/441 149/442 152/443
f 145/441 152/443 148/444
f 146/445 147/446 151/447
f 146/445 151/447 150/448
f 148/449 152/450 151/451
f 148/449 151/451 147/452
f 145/453 146/454 150/455
f 145/453 150/455 149/456
f 153/457 156/458 155/459
f 153/457 155/459 154/460
f 157/461 158/462 159/463
f 157/461 159/463 160/464
f 153/465 157/466 160/467
f 153/465 160/467 156/468
f 154/469 155/470 159/471
f 154/469 159/471 158/472
f 156/473 160/474 159/475
f 156/473 159/475 155/476
f 153/477 154/478 158/479
f 153/477 158/479 157/480
f 161/481 164/482 163/483
f 161/481 163/483 162/484
f 165/485 166/486 167/487
f 165/485 167/487 168/488
f 161/489 165/490 168/491
f 161/489 168/491 164/492
f 162/493 163/494 167/495
f 162/493 167/495 166/496
f 164/497 168/498 167/499
f 164/497 167/499 163/500
f 161/501 162/502 166/503
f 161/501 166/503 165/504
f 169/505 172/506 171/507
f 169/505 171/507 170/508
f 173/509 174/510 175/511
f 173/509 175/511 176/512
f 169/513 173/514 176/515
f 169/513 176/515 172/516
f 170/517 171/518 175/519
f 170/517 175/519 174/520
f 172/521 176/522 175/523
f 172/521 175/523 171/524
f 169/525 170/526 174/527
f 169/525 174/527 173/528
f 177/529 180/530 179/531
f 177/529 179/531 178/532
f 181/533 182/534 183/535
f 181/533 183/535 184/536
f 177/537 181/538 184/539
f 177/537 184/539 180/540
f 178/541 179/542 183/543
f 178/541 183/543 182/544
f 180/545 184/546 183/547
f 180/545 183/547 179/548
f 177/549 178/550 182/551
f 177/549 182/551 181/552
f 185/553 188/554 187/555
f 185/553 187/555 186/556
f 189/557 190/558 191/559
f 189/557 191/559 192/560
f 185/561 189/562 192/563
f 185/561 192/563 188/564
f 186/565 187/566 191/567
f 186/565 191/567 190/568
f 188/569 192/570 191/571
f 188/569 191/571 187/572
f 185/573 186/574 190/575
f 185/573 190/575 189/576
f 313/937 316/938 315/939
f 313/937 315/939 314/940
f 317/941 318/942 319/943
f 317/941 319/943 320/944
f 313/945 317/946 320/947
f 313/945 320/947 316/948
f 314/949 315/950 319/951
f 314/949 319/951 318/952
f 316/953 320/954 319/955
f 316/953 319/955 315/956
f 313/957 314/958 318/959
f 313/957 318/959 317/960
g tip_l
f 193/577 196/578 195/579
f 193/577 195/579 194/580
f 197/581 198/582 199/583
f 197/581 199/583 200/584
f 193/585 197/586 200/587
f 193/585 200/587 196/588
f 194/589 195/590 199/591
f 194/589 199/591 198/592
f 196/593 200/594 199/595
f 196/593 199/595 195/596
f 193/597 194/598 198/599
f 193/597 198/599 197/600
f 201/601 204/602 203/603
f 201/601 203/603 202/604
f 205/605 206/606 207/607
f 205/605 207/607 208/608
f 201/609 205/610 208/611
f 201/609 208/611 204/612
f 202/613 203/614 207/615
f 202/613 207/615 206/616
f 204/617 208/618 207/619
f 204/617 207/619 203/620
f 201/621 202/622 206/623
f 201/621 206/623 205/624
f 209/625 212/626 211/627
f 209/625 211/627 210/628
f 213/629 214/630 215/631
f 213/629 215/631 216/632
f 209/633 213/634 216/635
f 209/633 216/635 212/636
f 210/637 211/638 215/639
f 210/637 215/639 214/640
f 212/641 216/642 215/643
f 212/641 215/643 211/644
f 209/645 210/646 214/647
f 209/645 214/647 213/648
f 217/649 220/650 219/651
f 217/649 219/651 218/652
f 221/653 222/654 223/655
f 221/653 223/655 224/656
f 217/657 221/658 224/659
f 217/657 224/659 220/660
f 218/661 219/662 223/663
f 218/661 223/663 222/664
f 220/665 224/666 223/667
f 220/665 223/667 219/668
f 217/669 218/670 222/671
f 217/669 222/671 221/672
f 225/673 228/674 227/675
f 225/673 227/675 226/676
f 229/677 230/678 231/679
f 229/677 231/679 232/680
f 225/681 229/682 232/683
f 225/681 232/683 228/684
f 226/685 227/686 231/687
f 226/685 231/687 230/688
f 228/689 232/690 231/691
f 228/689 231/691 227/692
f 225/693 226/694 230/695
f 225/693 230/695 229/696
f 233/697 236/698 235/699
f 233/697 235/699 234/700
f 237/701 238/702 239/703
f 237/701 239/703 240/704
f 233/705 237/706 240/707
f 233/705 240/707 236/708
f 234/709 235/710 239/711
f 234/709 239/711 238/712
f 236/713 240/714 239/715
f 236/713 239/715 235/716
f 233/717 234/718 238/719
f 233/717 238/719 237/720
f 241/721 244/722 243/723
f 241/721 243/723 242/724
f 245/725 246/726 247/727
f 245/725 247/727 248/728
f 241/729 245/730 248/731
f 241/729 248/731 244/732
f 242/733 243/734 247/735
f 242/733 247/735 246/736
f 244/737 248/738 247/739
f 244/737 247/739 243/740
f 241/741 242/742 246/743
f 241/741 246/743 245/744
f 249/745 252/746 251/747
f 249/745 251/747 250/748
f 253/749 254/750 255/751
f 253/749 255/751 256/752
f 249/753 253/754 256/755
f 249/753 256/755 252/756
f 250/757 251/758 255/759
f 250/757 255/759 254/760
f 252/761 256/762 255/763
f 252/761 255/763 251/764
f 249/765 250/766 254/767
f 249/765 254/767 253/768
f 257/769 260/770 259/771
f 257/769 259/771 258/772
f 261/773 262/774 263/775
f 261/773 263/775 264/776
f 257/777 261/778 264/779
f 257/777 264/779 260/780
f 258/781 259/782 263/783
f 258/781 263/783 262/784
f 260/785 264/786 263/787
f 260/785 263/787 259/788
f 257/789 258/790 262/791
f 257/789 262/791 261/792
f 265/793 268/794 267/795
f 265/793 267/795 266/796
f 269/797 270/798 271/799
f 269/797 271/799 272/800
f 265/801 269/802 272/803
f 265/801 272/803 268/804
f 266/805 267/806 271/807
f 266/805 271/807 270/808
f 268/809 272/810 271/811
f 268/809 271/811 267/812
f 265/813 266/814 270/815
f 265/813 270/815 269/816
f 273/817 276/818 275/819
f 273/817 275/819 274/820
f 277/821 278/822 279/823
f 277/821 279/823 280/824
f 273/825 277/826 280/827
f 273/825 280/827 276/828
f 274/829 275/830 279/831
f 274/829 279/831 278/832
f 276/833 280/834 279/835
f 276/833 279/835 275/836
f 273/837 274/838 278/839
f 273/837 278/839 277/840
f 281/841 284/842 283/843
f 281/841 283/843 282/844
f 285/845 286/846 287/847
f 285/845 287/847 288/848
f 281/849 285/850 288/851
f 281/849 288/851 284/852
f 282/853 283/854 287/855
f 282/853 287/855 286/856
f 284/857 288/858 287/859
f 284/857 287/859 283/860
f 281/861 282/862 286/863
f 281/861 286/863 285/864
f 289/865 292/866 291/867
f 289/865 291/867 290/868
f 293/869 294/870 295/871
f 293/869 295/871 296/872
f 289/873 293/874 296/875
f 289/873 296/875 292/876
f 290/877 291/878 295/879
f 290/877 295/879 294/880
f 292/881 296/882 295/883
f 292/881 295/883 291/884
f 289/885 290/886 294/887
f 289/885 294/887 293/888
f 297/889 300/890 299/891
f 297/889 299/891 298/892
f 301/893 302/894 303/895
f 301/893 303/895 304/896
f 297/897 301/898 304/899
f 297/897 304/899 300/900
f 298/901 299/902 303/903
f 298/901 303/903 302/904
f 300/905 304/906 303/907
f 300/905 303/907 299/908
f 297/909 298/910 302/911
f 297/909 302/911 301/912
f 305/913 308/914 307/915
f 305/913 307/915 306/916
f 309/917 310/918 311/919
f 309/917 311/919 312/920
f 305/921 309/922 312/923
f 305/921 312/923 308/924
f 306/925 307/926 311/927
f 306/925 311/927 310/928
f 308/929 312/930 311/931
f 308/929 311/931 307/932
f 305/933 306/934 310/935
f 305/933 310/935 309/936
f 321/961 324/962 323/963
f 321/961 323/963 322/964
f 325/965 326/966 327/967
f 325/965 327/967 328/968
f 321/969 325/970 328/971
f 321/969 328/971 324/972
f 322/973 323/974 327/975
f 322/973 327/975 326/976
f 324/977 328/978 327/979
f 324/977 327/979 323/980
f 321/981 322/982 326/983
f 321/981 326/983 325/984
g wing_r
f 329/985 332/986 331/987
f 329/985 331/987 330/988
f 333/989 334/990 335/991
f 333/989 335/991 336/992
f 329/993 333/994 336/995
f 329/993 336/995 332/996
f 330/997 331/998 335/999
f 330/997 335/999 334/1000
f 332/1001 336/1002 335/1003
f 332/1001 335/1003 331/1004
f 329/1005 330/1006 334/1007
f 329/1005 334/1007 333/1008
f 337/1009 340/1010 339/1011
f 337/1009 339/1011 338/1012
f 341/1013 342/1014 343/1015
f 341/1013 343/1015 344/1016
f 337/1017 341/1018 344/1019
f 337/1017 344/1019 340/1020
f 338/1021 339/1022 343/1023
f 338/1021 343/1023 342/1024
f 340/1025 344/1026 343/1027
f 340/1025 343/1027 339/1028
f 337/1029 338/1030 342/1031
f 337/1029 342/1031 341/1032
f 345/1033 348/1034 347/1035
f 345/1033 347/1035 346/1036
f 349/1037 350/1038 351/1039
f 349/1037 351/1039 352/1040
f 345/1041 349/1042 352/1043
f 345/1041 352/1043 348/1044
f 346/1045 347/1046 351/1047
f 346/1045 351/1047 350/1048
f 348/1049 352/1050 351/1051
f 348/1049 351/1051 347/1052
f 345/1053 346/1054 350/1055
f 345/1053 350/1055 349/1056
f 353/1057 356/1058 355/1059
f 353/1057 355/1059 354/1060
f 357/1061 358/1062 359/1063
f 357/1061 359/1063 360/1064
f 353/1065 357/1066 360/1067
f 353/1065 360/1067 356/1068
f 354/1069 355/1070 359/1071
f 354/1069 359/1071 358/1072
f 356/1073 360/1074 359/1075
f 356/1073 359/1075 355/1076
f 353/1077 354/1078 358/1079
f 353/1077 358/1079 357/1080
f 361/1081 364/1082 363/1083
f 361/1081 363/1083 362/1084
f 365/1085 366/1086 367/1087
f 365/1085 367/1087 368/1088
f 361/1089 365/1090 368/1091
f 361/1089 368/1091 364/1092
f 362/1093 363/1094 367/1095
f 362/1093 367/1095 366/1096
f 364/1097 368/1098 367/1099
f 364/1097 367/1099 363/1100
f 361/1101 362/1102 366/1103
f 361/1101 366/1103 365/1104
f 369/1105 372/1106 371/1107
f 369/1105 371/1107 370/1108
f 373/1109 374/1110 375/1111
f 373/1109 375/1111 376/1112
f 369/1113 373/1114 376/1115
f 369/1113 376/1115 372/1116
f 370/1117 371/1118 375/1119
f 370/1117 375/1119 374/1120
f 372/1121 376/1122 375/1123
f 372/1121 375/1123 371/1124
f 369/1125 370/1126 374/1127
f 369/1125 374/1127 373/1128
f 377/1129 380/1130 379/1131
f 377/1129 379/1131 378/1132
f 381/1133 382/1134 383/1135
f 381/1133 383/1135 384/1136
f 377/1137 381/1138 384/1139
f 377/1137 384/1139 380/1140
f 378/1141 379/1142 383/1143
f 378/1141 383/1143 382/1144
f 380/1145 384/1146 383/1147
f 380/1145 383/1147 379/1148
f 377/1149 378/1150 382/1151
f 377/1149 382/1151 381/1152
f 385/1153 388/1154 387/1155
f 385/1153 387/1155 386/1156
f 389/1157 390/1158 391/1159
f 389/1157 391/1159 392/1160
f 385/1161 389/1162 392/1163
f 385/1161 392/1163 388/1164
f 386/1165 387/1166 391/1167
f 386/1165 391/1167 390/1168
f 388/1169 392/1170 391/1171
f 388/1169 391/1171 387/1172
f 385/1173 386/1174 390/1175
f 385/1173 390/1175 389/1176
f 393/1177 396/1178 395/1179
f 393/1177 395/1179 394/1180
f 397/1181 398/1182 399/1183
f 397/1181 399/1183 400/1184
f 393/1185 397/1186 400/1187
f 393/1185 400/1187 396/1188
f 394/1189 395/1190 399/1191
f 394/1189 399/1191 398/1192
f 396/1193 400/1194 399/1195
f 396/1193 399/1195 395/1196
f 393/1197 394/1198 398/1199
f 393/1197 398/1199 397/1200
f 401/1201 404/1202 403/1203
f 401/1201 403/1203 402/1204
f 405/1205 406/1206 407/1207
f 405/1205 407/1207 408/1208
f 401/1209 405/1210 408/1211
f 401/1209 408/1211 404/1212
f 402/1213 403/1214 407/1215
f 402/1213 407/1215 406/1216
f 404/1217 408/1218 407/1219
f 404/1217 407/1219 403/1220
f 401/1221 402/1222 406/1223
f 401/1221 406/1223 405/1224
f 409/1225 412/1226 411/1227
f 409/1225 411/1227 410/1228
f 413/1229 414/1230 415/1231
f 413/1229 415/1231 416/1232
f 409/1233 413/1234 416/1235
f 409/1233 416/1235 412/1236
f 410/1237 411/1238 415/1239
f 410/1237 415/1239 414/1240
f 412/1241 416/1242 415/1243
f 412/1241 415/1243 411/1244
f 409/1245 410/1246 414/1247
f 409/1245 414/1247 413/1248
f 417/1249 420/1250 419/1251
f 417/1249 419/1251 418/1252
f 421/1253 422/1254 423/1255
f 421/1253 423/1255 424/1256
f 417/1257 421/1258 424/1259
f 417/1257 424/1259 420/1260
f 418/1261 419/1262 423/1263
f 418/1261 423/1263 422/1264
f 420/1265 424/1266 423/1267
f 420/1265 423/1267 419/1268
f 417/1269 418/1270 422/1271
f 417/1269 422/1271 421/1272
f 545/1633 548/1634 547/1635
f 545/1633 547/1635 546/1636
f 549/1637 550/1638 551/1639
f 549/1637 551/1639 552/1640
f 545/1641 549/1642 552/1643
f 545/1641 552/1643 548/1644
f 546/1645 547/1646 551/1647
f 546/1645 551/1647 550/1648
f 548/1649 552/1650 551/1651
f 548/1649 551/1651 547/1652
f 545/1653 546/1654 550/1655
f 545/1653 550/1655 549/1656
g tip_r
f 425/1273 428/1274 427/1275
f 425/1273 427/1275 426/1276
f 429/1277 430/1278 431/1279
f 429/1277 431/1279 432/1280
f 425/1281 429/1282 432/1283
f 425/1281 432/1283 428/1284
f 426/1285 427/1286 431/1287
f 426/1285 431/1287 430/1288
f 428/1289 432/1290 431/1291
f 428/1289 431/1291 427/1292
f 425/1293 426/1294 430/1295
f 425/1293 430/1295 429/1296
f 433/1297 436/1298 435/1299
f 433/1297 435/1299 434/1300
f 437/1301 438/1302 439/1303
f 437/1301 439/1303 440/1304
f 433/1305 437/1306 440/1307
f 433/1305 440/1307 436/1308
f 434/1309 435/1310 439/1311
f 434/1309 439/1311 438/1312
f 436/1313 440/1314 439/1315
f 436/1313 439/1315 435/1316
f 433/1317 434/1318 438/1319
f 433/1317 438/1319 437/1320
f 441/1321 444/1322 443/1323
f 441/1321 443/1323 442/1324
f 445/1325 446/1326 447/1327
f 445/1325 447/1327 448/1328
f 441/1329 445/1330 448/1331
f 441/1329 448/1331 444/1332
f 442/1333 443/1334 447/1335
f 442/1333 447/1335 446/1336
f 444/1337 448/1338 447/1339
f 444/1337 447/1339 443/1340
f 441/1341 442/1342 446/1343
f 441/1341 446/1343 445/1344
f 449/1345 452/1346 451/1347
f 449/1345 451/1347 450/1348
f 453/1349 454/1350 455/1351
f 453/1349 455/1351 456/1352
f 449/1353 453/1354 456/1355
f 449/1353 456/1355 452/1356
f 450/1357 451/1358 455/1359
f 450/1357 455/1359 454/1360
f 452/1361 456/1362 455/1363
f 452/1361 455/1363 451/1364
f 449/1365 450/1366 454/1367
f 449/1365 454/1367 453/1368
f 457/1369 460/1370 459/1371
f 457/1369 459/1371 458/1372
f 461/1373 462/1374 463/1375
f 461/1373 463/1375 464/1376
f 457/1377 461/1378 464/1379
f 457/1377 464/1379 460/1380
f 458/1381 459/1382 463/1383
f 458/1381 463/1383 462/1384
f 460/1385 464/1386 463/1387
f 460/1385 463/1387 459/1388
f 457/1389 458/1390 462/1391
f 457/1389 462/1391 461/1392
f 465/1393 468/1394 467/1395
f 465/1393 467/1395 466/1396
f 469/1397 470/1398 471/1399
f 469/1397 471/1399 472/1400
f 465/1401 469/1402 472/1403
f 465/1401 472/1403 468/1404
f 466/1405 467/1406 471/1407
f 466/1405 471/1407 470/1408
f 468/1409 472/1410 471/1411
f 468/1409 471/1411 467/1412
f 465/1413 466/1414 470/1415
f 465/1413 470/1415 469/1416
f 473/1417 476/1418 475/1419
f 473/1417 475/1419 474/1420
f 477/1421 478/1422 479/1423
f 477/1421 479/1423 480/1424
f 473/1425 477/1426 480/1427
f 473/1425 480/1427 476/1428
f 474/1429 475/1430 479/1431
f 474/1429 479/1431 478/1432
f 476/1433 480/1434 479/1435
f 476/1433 479/1435 475/1436
f 473/1437 474/1438 478/1439
f 473/1437 478/1439 477/1440
f 481/1441 484/1442 483/1443
f 481/1441 483/1443 482/1444
f 485/1445 486/1446 487/1447
f 485/1445 487/1447 488/1448
f 481/1449 485/1450 488/1451
f 481/1449 488/1451 484/1452
f 482/1453 483/1454 487/1455
f 482/1453 487/1455 486/1456
f 484/1457 488/1458 487/1459
f 484/1457 487/1459 483/1460
f 481/1461 482/1462 486/1463
f 481/1461 486/1463 485/1464
f 489/1465 492/1466 491/1467
f 489/1465 491/1467 490/1468
f 493/1469 494/1470 495/1471
f 493/1469 495/1471 496/1472
f 489/1473 493/1474 496/1475
f 489/1473 496/1475 492/1476
f 490/1477 491/1478 495/1479
f 490/1477 495/1479 494/1480
f 492/1481 496/1482 495/1483
f 492/1481 495/1483 491/1484
f 489/1485 490/1486 494/1487
f 489/1485 494/1487 493/1488
f 497/1489 500/1490 499/1491
f 497/1489 499/1491 498/1492
f 501/1493 502/1494 503/1495
f 501/1493 503/1495 504/1496
f 497/1497 501/1498 504/1499
f 497/1497 504/1499 500/1500
f 498/1501 499/1502 503/1503
f 498/1501 503/1503 502/1504
f 500/1505 504/1506 503/1507
f 500/1505 503/1507 499/1508
f 497/1509 498/1510 502/1511
f 497/1509 502/1511 501/1512
f 505/1513 508/1514 507/1515
f 505/1513 507/1515 506/1516
f 509/1517 510/1518 511/1519
f 509/1517 511/1519 512/1520
f 505/1521 509/1522 512/1523
f 505/1521 512/1523 508/1524
f 506/1525 507/1526 511/1527
f 506/1525 511/1527 510/1528
f 508/1529 512/1530 511/1531
f 508/1529 511/1531 507/1532
f 505/1533 506/1534 510/1535
f 505/1533 510/1535 509/1536
f 513/1537 516/1538 515/1539
f 513/1537 515/1539 514/1540
f 517/1541 518/1542 519/1543
f 517/1541 519/1543 520/1544
f 513/1545 517/1546 520/1547
f 513/1545 520/1547 516/1548
f 514/1549 515/1550 519/1551
f 514/1549 519/1551 518/1552
f 516/1553 520/1554 519/1555
f 516/1553 519/1555 515/1556
f 513/1557 514/1558 518/1559
f 513/1557 518/1559 517/1560
f 521/1561 524/1562 523/1563
f 521/1561 523/1563 522/1564
f 525/1565 526/1566 527/1567
f 525/1565 527/1567 528/1568
f 521/1569 525/1570 528/1571
f 521/1569 528/1571 524/1572
f 522/1573 523/1574 527/1575
f 522/1573 527/1575 526/1576
f 524/1577 528/1578 527/1579
f 524/1577 527/1579 523/1580
f 521/1581 522/1582 526/1583
f 521/1581 526/1583 525/1584
f 529/1585 532/1586 531/1587
f 529/1585 531/1587 530/1588
f 533/1589 534/1590 535/1591
f 533/1589 535/1591 536/1592
f 529/1593 533/1594 536/1595
f 529/1593 536/1595 532/1596
f 530/1597 531/1598 535/1599
f 530/1597 535/1599 534/1600
f 532/1601 536/1602 535/1603
f 532/1601 535/1603 531/1604
f 529/1605 530/1606 534/1607
f 529/1605 534/1607 533/1608
f 537/1609 540/1610 539/1611
f 537/1609 539/1611 538/1612
f 541/1613 542/1614 543/1615
f 541/1613 543/1615 544/1616
f 537/1617 541/1618 544/1619
f 537/1617 544/1619 540/1620
f 538/1621 539/1622 543/1623
f 538/1621 543/1623 542/1624
f 540/1625 544/1626 543/1627
f 540/1625 543/1627 539/1628
f 537/1629 538/1630 542/1631
f 537/1629 542/1631 541/1632
f 553/1657 556/1658 555/1659
f 553/1657 555/1659 554/1660
f 557/1661 558/1662 559/1663
f 557/1661 559/1663 560/1664
f 553/1665 557/1666 560/1667
f 553/1665 560/1667 556/1668
f 554/1669 555/1670 559/1671
f 554/1669 559/1671 558/1672
f 556/1673 560/1674 559/1675
f 556/1673 559/1675 555/1676
f 553/1677 554/1678 558/1679
f 553/1677 558/1679 557/1680
g claw_l
f 585/1753 588/1754 587/1755
f 585/1753 587/1755 586/1756
f 589/1757 590/1758 591/1759
f 589/1757 591/1759 592/1760
f 585/1761 589/1762 592/1763
f 585/1761 592/1763 588/1764
f 586/1765 587/1766 591/1767
f 586/1765 591/1767 590/1768
f 588/1769 592/1770 591/1771
f 588/1769 591/1771 587/1772
f 585/1773 586/1774 590/1775
f 585/1773 590/1775 589/1776
f 593/1777 596/1778 595/1779
f 593/1777 595/1779 594/1780
f 597/1781 598/1782 599/1783
f 597/1781 599/1783 600/1784
f 593/1785 597/1786 600/1787
f 593/1785 600/1787 596/1788
f 594/1789 595/1790 599/1791
f 594/1789 599/1791 598/1792
f 596/1793 600/1794 599/1795
f 596/1793 599/1795 595/1796
f 593/1797 594/1798 598/1799
f 593/1797 598/1799 597/1800
f 601/1801 604/1802 603/1803
f 601/1801 603/1803 602/1804
f 605/1805 606/1806 607/1807
f 605/1805 607/1807 608/1808
f 601/1809 605/1810 608/1811
f 601/1809 608/1811 604/1812
f 602/1813 603/1814 607/1815
f 602/1813 607/1815 606/1816
f 604/1817 608/1818 607/1819
f 604/1817 607/1819 603/1820
f 601/1821 602/1822 606/1823
f 601/1821 606/1823 605/1824
f 609/1825 612/1826 611/1827
f 609/1825 611/1827 610/1828
f 613/1829 614/1830 615/1831
f 613/1829 615/1831 616/1832
f 609/1833 613/1834 616/1835
f 609/1833 616/1835 612/1836
f 610/1837 611/1838 615/1839
f 610/1837 615/1839 614/1840
f 612/1841 616/1842 615/1843
f 612/1841 615/1843 611/1844
f 609/1845 610/1846 614/1847
f 609/1845 614/1847 613/1848
g claw_r
f 617/1849 620/1850 619/1851
f 617/1849 619/1851 618/1852
f 621/1853 622/1854 623/1855
f 621/1853 623/1855 624/1856
f 617/1857 621/1858 624/1859
f 617/1857 624/1859 620/1860
f 618/1861 619/1862 623/1863
f 618/1861 623/1863 622/1864
f 620/1865 624/1866 623/1867
f 620/1865 623/1867 619/1868
f 617/1869 618/1870 622/1871
f 617/1869 622/1871 621/1872
f 625/1873 628/1874 627/1875
f 625/1873 627/1875 626/1876
f 629/1877 630/1878 631/1879
f 629/1877 631/1879 632/1880
f 625/1881 629/1882 632/1883
f 625/1881 632/1883 628/1884
f 626/1885 627/1886 631/1887
f 626/1885 631/1887 630/1888
f 628/1889 632/1890 631/1891
f 628/1889 631/1891 627/1892
f 625/1893 626/1894 630/1895
f 625/1893 630/1895 629/1896
f 633/1897 636/1898 635/1899
f 633/1897 635/1899 634/1900
f 637/1901 638/1902 639/1903
f 637/1901 639/1903 640/1904
f 633/1905 637/1906 640/1907
f 633/1905 640/1907 636/1908
f 634/1909 635/1910 639/1911
f 634/1909 639/1911 638/1912
f 636/1913 640/1914 639/1915
f 636/1913 639/1915 635/1916
f 633/1917 634/1918 638/1919
f 633/1917 638/1919 637/1920
f 641/1921 644/1922 643/1923
f 641/1921 643/1923 642/1924
f 645/1925 646/1926 647/1927
f 645/1925 647/1927 648/1928
f 641/1929 645/1930 648/1931
f 641/1929 648/1931 644/1932
f 642/1933 643/1934 647/1935
f 642/1933 647/1935 646/1936
f 644/1937 648/1938 647/1939
f 644/1937 647/1939 643/1940
f 641/1941 642/1942 646/1943
f 641/1941 646/1943 645/1944
g claw_rear
f 649/1945 652/1946 651/1947
f 649/1945 651/1947 650/1948
f 653/1949 654/1950 655/1951
f 653/1949 655/1951 656/1952
f 649/1953 653/1954 656/1955
f 649/1953 656/1955 652/1956
f 650/1957 651/1958 655/1959
f 650/1957 655/1959 654/1960
f 652/1961 656/1962 655/1963
f 652/1961 655/1963 651/1964
f 649/1965 650/1966 654/1967
f 649/1965 654/1967 653/1968
f 657/1969 660/1970 659/1971
f 657/1969 659/1971 658/1972
f 661/1973 662/1974 663/1975
f 661/1973 663/1975 664/1976
f 657/1977 661/1978 664/1979
f 657/1977 664/1979 660/1980
f 658/1981 659/1982 663/1983
f 658/1981 663/1983 662/1984
f 660/1985 664/1986 663/1987
f 660/1985 663/1987 659/1988
f 657/1989 658/1990 662/1991
f 657/1989 662/1991 661/1992
f 665/1993 668/1994 667/1995
f 665/1993 667/1995 666/1996
f 669/1997 670/1998 671/1999
f 669/1997 671/1999 672/2000
f 665/2001 669/2002 672/2003
f 665/2001 672/2003 668/2004
f 666/2005 667/2006 671/2007
f 666/2005 671/2007 670/2008
f 668/2009 672/2010 671/2011
f 668/2009 671/2011 667/2012
f 665/2013 666/2014 670/2015
f 665/2013 670/2015 669/2016
f 673/2017 676/2018 675/2019
f 673/2017 675/2019 674/2020
f 677/2021 678/2022 679/2023
f 677/2021 679/2023 680/2024
f 673/2025 677/2026 680/2027
f 673/2025 680/2027 676/2028
f 674/2029 675/2030 679/2031
f 674/2029 679/2031 678/2032
f 676/2033 680/2034 679/2035
f 676/2033 679/2035 675/2036
f 673/2037 674/2038 678/2039
f 673/2037 678/2039 677/2040
g body__glow
f 41/121 44/122 43/123
f 41/121 43/123 42/124
f 57/169 60/170 59/171
f 57/169 59/171 58/172
