# dr-18 | final single-asset pipeline | blocks +Y up -Z front
mtllib dr-18.mtl
v -0.213035652999 0.313947278103 -0.206308211325
v -0.145761236262 0.313947278103 -0.206308211325
v -0.145761236262 0.457466033808 -0.206308211325
v -0.213035652999 0.457466033808 -0.206308211325
v -0.213035652999 0.313947278103 0.206308211325
v -0.145761236262 0.313947278103 0.206308211325
v -0.145761236262 0.457466033808 0.206308211325
v -0.213035652999 0.457466033808 0.206308211325
v -0.145761236262 0.313947278103 -0.213035652999
v 0.145761236262 0.313947278103 -0.213035652999
v 0.145761236262 0.457466033808 -0.213035652999
v -0.145761236262 0.457466033808 -0.213035652999
v -0.145761236262 0.313947278103 -0.145761236262
v 0.145761236262 0.313947278103 -0.145761236262
v 0.145761236262 0.457466033808 -0.145761236262
v -0.145761236262 0.457466033808 -0.145761236262
v -0.217520614114 0.455223553250 -0.199087423929
v -0.141276275146 0.455223553250 -0.199087423929
v -0.141276275146 0.504558125523 -0.199087423929
v -0.217520614114 0.504558125523 -0.199087423929
v -0.217520614114 0.455223553250 0.199087423929
v -0.141276275146 0.455223553250 0.199087423929
v -0.141276275146 0.504558125523 0.199087423929
v -0.217520614114 0.504558125523 0.199087423929
v 0.145761236262 0.313947278103 -0.206308211325
v 0.213035652999 0.313947278103 -0.206308211325
v 0.213035652999 0.457466033808 -0.206308211325
v 0.145761236262 0.457466033808 -0.206308211325
v 0.145761236262 0.313947278103 0.206308211325
v 0.213035652999 0.313947278103 0.206308211325
v 0.213035652999 0.457466033808 0.206308211325
v 0.145761236262 0.457466033808 0.206308211325
v -0.145761236262 0.313947278103 0.145761236262
v 0.145761236262 0.313947278103 0.145761236262
v 0.145761236262 0.457466033808 0.145761236262
v -0.145761236262 0.457466033808 0.145761236262
v -0.145761236262 0.313947278103 0.213035652999
v 0.145761236262 0.313947278103 0.213035652999
v 0.145761236262 0.457466033808 0.213035652999
v -0.145761236262 0.457466033808 0.213035652999
v 0.141276275146 0.455223553250 -0.199087423929
v 0.217520614114 0.455223553250 -0.199087423929
v 0.217520614114 0.504558125523 -0.199087423929
v 0.141276275146 0.504558125523 -0.199087423929
v 0.141276275146 0.455223553250 0.199087423929
v 0.217520614114 0.455223553250 0.199087423929
v 0.217520614114 0.504558125523 0.199087423929
v 0.141276275146 0.504558125523 0.199087423929
v -0.103154105663 0.278067589177 -0.071759377852
v 0.103154105663 0.278067589177 -0.071759377852
v 0.103154105663 0.466435956039 -0.071759377852
v -0.103154105663 0.466435956039 -0.071759377852
v -0.103154105663 0.278067589177 0.134548833473
v 0.103154105663 0.278067589177 0.134548833473
v 0.103154105663 0.466435956039 0.134548833473
v -0.103154105663 0.466435956039 0.134548833473
v -0.121093950126 0.450738592134 -0.089699222315
v 0.121093950126 0.450738592134 -0.089699222315
v 0.121093950126 0.509043086639 -0.089699222315
v -0.121093950126 0.509043086639 -0.089699222315
v -0.121093950126 0.450738592134 0.152488677936
v 0.121093950126 0.450738592134 0.152488677936
v 0.121093950126 0.509043086639 0.152488677936
v -0.121093950126 0.509043086639 0.152488677936
v -0.089699222315 0.361487865930 -0.235011962466
v 0.089699222315 0.361487865930 -0.235011962466
v 0.089699222315 0.424277321551 -0.235011962466
v -0.089699222315 0.424277321551 -0.235011962466
v -0.089699222315 0.361487865930 -0.199132273540
v 0.089699222315 0.361487865930 -0.199132273540
v 0.089699222315 0.424277321551 -0.199132273540
v -0.089699222315 0.424277321551 -0.199132273540
v 0.033637208368 0.361039369819 -0.249363838036
v 0.136791314031 0.361039369819 -0.249363838036
v 0.136791314031 0.446253631018 -0.249363838036
v 0.033637208368 0.446253631018 -0.249363838036
v 0.033637208368 0.361039369819 -0.231423993573
v 0.136791314031 0.361039369819 -0.231423993573
v 0.136791314031 0.446253631018 -0.231423993573
v 0.033637208368 0.446253631018 -0.231423993573
v 0.107862517600 0.420908400558 -0.260127744714
v 0.138452600571 0.413846123436 -0.260127744714
v 0.143295304883 0.434822180330 -0.260127744714
v 0.112705221912 0.441884457452 -0.260127744714
v 0.107862517600 0.420908400558 -0.249363838036
v 0.138452600571 0.413846123436 -0.249363838036
v 0.143295304883 0.434822180330 -0.249363838036
v 0.112705221912 0.441884457452 -0.249363838036
v -0.130063872357 0.334129603124 0.201374754098
v 0.022424805579 0.334129603124 0.201374754098
v 0.022424805579 0.428313786555 0.201374754098
v -0.130063872357 0.428313786555 0.201374754098
v -0.130063872357 0.334129603124 0.239945419693
v 0.022424805579 0.334129603124 0.239945419693
v 0.022424805579 0.428313786555 0.239945419693
v -0.130063872357 0.428313786555 0.239945419693
v -0.134210761478 0.367339119339 -0.165848895339
v -0.123508590128 0.415498890412 -0.165848895339
v -0.325331840337 0.460348501570 -0.304882689928
v -0.336034011687 0.412188730497 -0.304882689928
v -0.163528921281 0.373854265962 -0.121188616069
v -0.152826749931 0.422014037035 -0.121188616069
v -0.354650000140 0.466863648193 -0.260222410658
v -0.365352171490 0.418703877120 -0.260222410658
v -0.233217978020 0.422931833216 -0.236109257271
v -0.298898712892 0.422931833216 -0.170428522399
v -0.391785298935 0.422931833216 -0.170428522399
v -0.457466033808 0.422931833216 -0.236109257271
v -0.457466033808 0.422931833216 -0.328995843315
v -0.391785298935 0.422931833216 -0.394676578187
v -0.298898712892 0.422931833216 -0.394676578187
v -0.233217978020 0.422931833216 -0.328995843315
v -0.233217978020 0.456120545473 -0.236109257271
v -0.298898712892 0.456120545473 -0.170428522399
v -0.391785298935 0.456120545473 -0.170428522399
v -0.457466033808 0.456120545473 -0.236109257271
v -0.457466033808 0.456120545473 -0.328995843315
v -0.391785298935 0.456120545473 -0.394676578187
v -0.298898712892 0.456120545473 -0.394676578187
v -0.233217978020 0.456120545473 -0.328995843315
v -0.307219836430 0.449841599911 -0.266761830666
v -0.329551286286 0.449841599911 -0.244430380809
v -0.361132725541 0.449841599911 -0.244430380809
v -0.383464175398 0.449841599911 -0.266761830666
v -0.383464175398 0.449841599911 -0.298343269920
v -0.361132725541 0.449841599911 -0.320674719777
v -0.329551286286 0.449841599911 -0.320674719777
v -0.307219836430 0.449841599911 -0.298343269920
v -0.307219836430 0.490206249953 -0.266761830666
v -0.329551286286 0.490206249953 -0.244430380809
v -0.361132725541 0.490206249953 -0.244430380809
v -0.383464175398 0.490206249953 -0.266761830666
v -0.383464175398 0.490206249953 -0.298343269920
v -0.361132725541 0.490206249953 -0.320674719777
v -0.329551286286 0.490206249953 -0.320674719777
v -0.307219836430 0.490206249953 -0.298343269920
v -0.263194053088 0.421137848770 -0.291414189906
v -0.203825456447 0.421137848770 -0.311856437092
v -0.203825456447 0.461502498812 -0.311856437092
v -0.263194053088 0.461502498812 -0.291414189906
v -0.250052608468 0.421137848770 -0.253248663494
v -0.190684011827 0.421137848770 -0.273690910680
v -0.190684011827 0.461502498812 -0.273690910680
v -0.250052608468 0.461502498812 -0.253248663494
v -0.280988505947 0.421137848770 -0.230731301252
v -0.224553717065 0.421137848770 -0.203206215585
v -0.224553717065 0.461502498812 -0.203206215585
v -0.280988505947 0.461502498812 -0.230731301252
v -0.298683203876 0.421137848770 -0.194451794114
v -0.242248414993 0.421137848770 -0.166926708447
v -0.242248414993 0.461502498812 -0.166926708447
v -0.298683203876 0.461502498812 -0.194451794114
v -0.336480366300 0.421137848770 -0.200404597467
v -0.316038119115 0.421137848770 -0.141036000826
v -0.316038119115 0.461502498812 -0.141036000826
v -0.336480366300 0.461502498812 -0.200404597467
v -0.374645892713 0.421137848770 -0.187263152848
v -0.354203645527 0.421137848770 -0.127894556207
v -0.354203645527 0.461502498812 -0.127894556207
v -0.374645892713 0.461502498812 -0.187263152848
v -0.397163254954 0.421137848770 -0.218199050326
v -0.424688340621 0.421137848770 -0.161764261444
v -0.424688340621 0.461502498812 -0.161764261444
v -0.397163254954 0.461502498812 -0.218199050326
v -0.433442762093 0.421137848770 -0.235893748255
v -0.460967847760 0.421137848770 -0.179458959373
v -0.460967847760 0.461502498812 -0.179458959373
v -0.433442762093 0.461502498812 -0.235893748255
v -0.427489958739 0.421137848770 -0.273690910680
v -0.486858555381 0.421137848770 -0.253248663494
v -0.486858555381 0.461502498812 -0.253248663494
v -0.427489958739 0.461502498812 -0.273690910680
v -0.440631403359 0.421137848770 -0.311856437092
v -0.500000000000 0.421137848770 -0.291414189906
v -0.500000000000 0.461502498812 -0.291414189906
v -0.440631403359 0.461502498812 -0.311856437092
v -0.409695505880 0.421137848770 -0.334373799334
v -0.466130294762 0.421137848770 -0.361898885000
v -0.466130294762 0.461502498812 -0.361898885000
v -0.409695505880 0.461502498812 -0.334373799334
v -0.392000807952 0.421137848770 -0.370653306472
v -0.448435596834 0.421137848770 -0.398178392139
v -0.448435596834 0.461502498812 -0.398178392139
v -0.392000807952 0.461502498812 -0.370653306472
v -0.354203645527 0.421137848770 -0.364700503119
v -0.374645892713 0.421137848770 -0.424069099760
v -0.374645892713 0.461502498812 -0.424069099760
v -0.354203645527 0.461502498812 -0.364700503119
v -0.316038119115 0.421137848770 -0.377841947738
v -0.336480366300 0.421137848770 -0.437210544379
v -0.336480366300 0.461502498812 -0.437210544379
v -0.316038119115 0.461502498812 -0.377841947738
v -0.293520756873 0.421137848770 -0.346906050260
v -0.265995671206 0.421137848770 -0.403340839142
v -0.265995671206 0.461502498812 -0.403340839142
v -0.293520756873 0.461502498812 -0.346906050260
v -0.257241249734 0.421137848770 -0.329211352331
v -0.229716164068 0.421137848770 -0.385646141213
v -0.229716164068 0.461502498812 -0.385646141213
v -0.257241249734 0.461502498812 -0.329211352331
v 0.123508590128 0.415498890412 -0.165848895339
v 0.134210761478 0.367339119339 -0.165848895339
v 0.336034011687 0.412188730497 -0.304882689928
v 0.325331840337 0.460348501570 -0.304882689928
v 0.152826749931 0.422014037035 -0.121188616069
v 0.163528921281 0.373854265962 -0.121188616069
v 0.365352171490 0.418703877120 -0.260222410658
v 0.354650000140 0.466863648193 -0.260222410658
v 0.457466033808 0.422931833216 -0.236109257271
v 0.391785298935 0.422931833216 -0.170428522399
v 0.298898712892 0.422931833216 -0.170428522399
v 0.233217978020 0.422931833216 -0.236109257271
v 0.233217978020 0.422931833216 -0.328995843315
v 0.298898712892 0.422931833216 -0.394676578187
v 0.391785298935 0.422931833216 -0.394676578187
v 0.457466033808 0.422931833216 -0.328995843315
v 0.457466033808 0.456120545473 -0.236109257271
v 0.391785298935 0.456120545473 -0.170428522399
v 0.298898712892 0.456120545473 -0.170428522399
v 0.233217978020 0.456120545473 -0.236109257271
v 0.233217978020 0.456120545473 -0.328995843315
v 0.298898712892 0.456120545473 -0.394676578187
v 0.391785298935 0.456120545473 -0.394676578187
v 0.457466033808 0.456120545473 -0.328995843315
v 0.383464175398 0.449841599911 -0.266761830666
v 0.361132725541 0.449841599911 -0.244430380809
v 0.329551286286 0.449841599911 -0.244430380809
v 0.307219836430 0.449841599911 -0.266761830666
v 0.307219836430 0.449841599911 -0.298343269920
v 0.329551286286 0.449841599911 -0.320674719777
v 0.361132725541 0.449841599911 -0.320674719777
v 0.383464175398 0.449841599911 -0.298343269920
v 0.383464175398 0.490206249953 -0.266761830666
v 0.361132725541 0.490206249953 -0.244430380809
v 0.329551286286 0.490206249953 -0.244430380809
v 0.307219836430 0.490206249953 -0.266761830666
v 0.307219836430 0.490206249953 -0.298343269920
v 0.329551286286 0.490206249953 -0.320674719777
v 0.361132725541 0.490206249953 -0.320674719777
v 0.383464175398 0.490206249953 -0.298343269920
v 0.427489958739 0.421137848770 -0.291414189906
v 0.486858555381 0.421137848770 -0.311856437092
v 0.486858555381 0.461502498812 -0.311856437092
v 0.427489958739 0.461502498812 -0.291414189906
v 0.440631403359 0.421137848770 -0.253248663494
v 0.500000000000 0.421137848770 -0.273690910680
v 0.500000000000 0.461502498812 -0.273690910680
v 0.440631403359 0.461502498812 -0.253248663494
v 0.409695505880 0.421137848770 -0.230731301252
v 0.466130294762 0.421137848770 -0.203206215585
v 0.466130294762 0.461502498812 -0.203206215585
v 0.409695505880 0.461502498812 -0.230731301252
v 0.392000807952 0.421137848770 -0.194451794114
v 0.448435596834 0.421137848770 -0.166926708447
v 0.448435596834 0.461502498812 -0.166926708447
v 0.392000807952 0.461502498812 -0.194451794114
v 0.354203645527 0.421137848770 -0.200404597467
v 0.374645892713 0.421137848770 -0.141036000826
v 0.374645892713 0.461502498812 -0.141036000826
v 0.354203645527 0.461502498812 -0.200404597467
v 0.316038119115 0.421137848770 -0.187263152848
v 0.336480366300 0.421137848770 -0.127894556207
v 0.336480366300 0.461502498812 -0.127894556207
v 0.316038119115 0.461502498812 -0.187263152848
v 0.293520756873 0.421137848770 -0.218199050326
v 0.265995671206 0.421137848770 -0.161764261444
v 0.265995671206 0.461502498812 -0.161764261444
v 0.293520756873 0.461502498812 -0.218199050326
v 0.257241249734 0.421137848770 -0.235893748255
v 0.229716164068 0.421137848770 -0.179458959373
v 0.229716164068 0.461502498812 -0.179458959373
v 0.257241249734 0.461502498812 -0.235893748255
v 0.263194053088 0.421137848770 -0.273690910680
v 0.203825456447 0.421137848770 -0.253248663494
v 0.203825456447 0.461502498812 -0.253248663494
v 0.263194053088 0.461502498812 -0.273690910680
v 0.250052608468 0.421137848770 -0.311856437092
v 0.190684011827 0.421137848770 -0.291414189906
v 0.190684011827 0.461502498812 -0.291414189906
v 0.250052608468 0.461502498812 -0.311856437092
v 0.280988505947 0.421137848770 -0.334373799334
v 0.224553717065 0.421137848770 -0.361898885000
v 0.224553717065 0.461502498812 -0.361898885000
v 0.280988505947 0.461502498812 -0.334373799334
v 0.298683203876 0.421137848770 -0.370653306472
v 0.242248414993 0.421137848770 -0.398178392139
v 0.242248414993 0.461502498812 -0.398178392139
v 0.298683203876 0.461502498812 -0.370653306472
v 0.336480366300 0.421137848770 -0.364700503119
v 0.316038119115 0.421137848770 -0.424069099760
v 0.316038119115 0.461502498812 -0.424069099760
v 0.336480366300 0.461502498812 -0.364700503119
v 0.374645892713 0.421137848770 -0.377841947738
v 0.354203645527 0.421137848770 -0.437210544379
v 0.354203645527 0.461502498812 -0.437210544379
v 0.374645892713 0.461502498812 -0.377841947738
v 0.397163254954 0.421137848770 -0.346906050260
v 0.424688340621 0.421137848770 -0.403340839142
v 0.424688340621 0.461502498812 -0.403340839142
v 0.397163254954 0.461502498812 -0.346906050260
v 0.433442762093 0.421137848770 -0.329211352331
v 0.460967847760 0.421137848770 -0.385646141213
v 0.460967847760 0.461502498812 -0.385646141213
v 0.433442762093 0.461502498812 -0.329211352331
v -0.163528921281 0.373854265962 0.121188616069
v -0.152826749931 0.422014037035 0.121188616069
v -0.354650000140 0.466863648193 0.260222410658
v -0.365352171490 0.418703877120 0.260222410658
v -0.134210761478 0.367339119339 0.165848895339
v -0.123508590128 0.415498890412 0.165848895339
v -0.325331840337 0.460348501570 0.304882689928
v -0.336034011687 0.412188730497 0.304882689928
v -0.233217978020 0.422931833216 0.328995843315
v -0.298898712892 0.422931833216 0.394676578187
v -0.391785298935 0.422931833216 0.394676578187
v -0.457466033808 0.422931833216 0.328995843315
v -0.457466033808 0.422931833216 0.236109257271
v -0.391785298935 0.422931833216 0.170428522399
v -0.298898712892 0.422931833216 0.170428522399
v -0.233217978020 0.422931833216 0.236109257271
v -0.233217978020 0.456120545473 0.328995843315
v -0.298898712892 0.456120545473 0.394676578187
v -0.391785298935 0.456120545473 0.394676578187
v -0.457466033808 0.456120545473 0.328995843315
v -0.457466033808 0.456120545473 0.236109257271
v -0.391785298935 0.456120545473 0.170428522399
v -0.298898712892 0.456120545473 0.170428522399
v -0.233217978020 0.456120545473 0.236109257271
v -0.307219836430 0.449841599911 0.298343269920
v -0.329551286286 0.449841599911 0.320674719777
v -0.361132725541 0.449841599911 0.320674719777
v -0.383464175398 0.449841599911 0.298343269920
v -0.383464175398 0.449841599911 0.266761830666
v -0.361132725541 0.449841599911 0.244430380809
v -0.329551286286 0.449841599911 0.244430380809
v -0.307219836430 0.449841599911 0.266761830666
v -0.307219836430 0.490206249953 0.298343269920
v -0.329551286286 0.490206249953 0.320674719777
v -0.361132725541 0.490206249953 0.320674719777
v -0.383464175398 0.490206249953 0.298343269920
v -0.383464175398 0.490206249953 0.266761830666
v -0.361132725541 0.490206249953 0.244430380809
v -0.329551286286 0.490206249953 0.244430380809
v -0.307219836430 0.490206249953 0.266761830666
v -0.263194053088 0.421137848770 0.273690910680
v -0.203825456447 0.421137848770 0.253248663494
v -0.203825456447 0.461502498812 0.253248663494
v -0.263194053088 0.461502498812 0.273690910680
v -0.250052608468 0.421137848770 0.311856437092
v -0.190684011827 0.421137848770 0.291414189906
v -0.190684011827 0.461502498812 0.291414189906
v -0.250052608468 0.461502498812 0.311856437092
v -0.280988505947 0.421137848770 0.334373799334
v -0.224553717065 0.421137848770 0.361898885000
v -0.224553717065 0.461502498812 0.361898885000
v -0.280988505947 0.461502498812 0.334373799334
v -0.298683203876 0.421137848770 0.370653306472
v -0.242248414993 0.421137848770 0.398178392139
v -0.242248414993 0.461502498812 0.398178392139
v -0.298683203876 0.461502498812 0.370653306472
v -0.336480366300 0.421137848770 0.364700503119
v -0.316038119115 0.421137848770 0.424069099760
v -0.316038119115 0.461502498812 0.424069099760
v -0.336480366300 0.461502498812 0.364700503119
v -0.374645892713 0.421137848770 0.377841947738
v -0.354203645527 0.421137848770 0.437210544379
v -0.354203645527 0.461502498812 0.437210544379
v -0.374645892713 0.461502498812 0.377841947738
v -0.397163254954 0.421137848770 0.346906050260
v -0.424688340621 0.421137848770 0.403340839142
v -0.424688340621 0.461502498812 0.403340839142
v -0.397163254954 0.461502498812 0.346906050260
v -0.433442762093 0.421137848770 0.329211352331
v -0.460967847760 0.421137848770 0.385646141213
v -0.460967847760 0.461502498812 0.385646141213
v -0.433442762093 0.461502498812 0.329211352331
v -0.427489958739 0.421137848770 0.291414189906
v -0.486858555381 0.421137848770 0.311856437092
v -0.486858555381 0.461502498812 0.311856437092
v -0.427489958739 0.461502498812 0.291414189906
v -0.440631403359 0.421137848770 0.253248663494
v -0.500000000000 0.421137848770 0.273690910680
v -0.500000000000 0.461502498812 0.273690910680
v -0.440631403359 0.461502498812 0.253248663494
v -0.409695505880 0.421137848770 0.230731301252
v -0.466130294762 0.421137848770 0.203206215585
v -0.466130294762 0.461502498812 0.203206215585
v -0.409695505880 0.461502498812 0.230731301252
v -0.392000807952 0.421137848770 0.194451794114
v -0.448435596834 0.421137848770 0.166926708447
v -0.448435596834 0.461502498812 0.166926708447
v -0.392000807952 0.461502498812 0.194451794114
v -0.354203645527 0.421137848770 0.200404597467
v -0.374645892713 0.421137848770 0.141036000826
v -0.374645892713 0.461502498812 0.141036000826
v -0.354203645527 0.461502498812 0.200404597467
v -0.316038119115 0.421137848770 0.187263152848
v -0.336480366300 0.421137848770 0.127894556207
v -0.336480366300 0.461502498812 0.127894556207
v -0.316038119115 0.461502498812 0.187263152848
v -0.293520756873 0.421137848770 0.218199050326
v -0.265995671206 0.421137848770 0.161764261444
v -0.265995671206 0.461502498812 0.161764261444
v -0.293520756873 0.461502498812 0.218199050326
v -0.257241249734 0.421137848770 0.235893748255
v -0.229716164068 0.421137848770 0.179458959373
v -0.229716164068 0.461502498812 0.179458959373
v -0.257241249734 0.461502498812 0.235893748255
v 0.152826749931 0.422014037035 0.121188616069
v 0.163528921281 0.373854265962 0.121188616069
v 0.365352171490 0.418703877120 0.260222410658
v 0.354650000140 0.466863648193 0.260222410658
v 0.123508590128 0.415498890412 0.165848895339
v 0.134210761478 0.367339119339 0.165848895339
v 0.336034011687 0.412188730497 0.304882689928
v 0.325331840337 0.460348501570 0.304882689928
v 0.457466033808 0.422931833216 0.328995843315
v 0.391785298935 0.422931833216 0.394676578187
v 0.298898712892 0.422931833216 0.394676578187
v 0.233217978020 0.422931833216 0.328995843315
v 0.233217978020 0.422931833216 0.236109257271
v 0.298898712892 0.422931833216 0.170428522399
v 0.391785298935 0.422931833216 0.170428522399
v 0.457466033808 0.422931833216 0.236109257271
v 0.457466033808 0.456120545473 0.328995843315
v 0.391785298935 0.456120545473 0.394676578187
v 0.298898712892 0.456120545473 0.394676578187
v 0.233217978020 0.456120545473 0.328995843315
v 0.233217978020 0.456120545473 0.236109257271
v 0.298898712892 0.456120545473 0.170428522399
v 0.391785298935 0.456120545473 0.170428522399
v 0.457466033808 0.456120545473 0.236109257271
v 0.383464175398 0.449841599911 0.298343269920
v 0.361132725541 0.449841599911 0.320674719777
v 0.329551286286 0.449841599911 0.320674719777
v 0.307219836430 0.449841599911 0.298343269920
v 0.307219836430 0.449841599911 0.266761830666
v 0.329551286286 0.449841599911 0.244430380809
v 0.361132725541 0.449841599911 0.244430380809
v 0.383464175398 0.449841599911 0.266761830666
v 0.383464175398 0.490206249953 0.298343269920
v 0.361132725541 0.490206249953 0.320674719777
v 0.329551286286 0.490206249953 0.320674719777
v 0.307219836430 0.490206249953 0.298343269920
v 0.307219836430 0.490206249953 0.266761830666
v 0.329551286286 0.490206249953 0.244430380809
v 0.361132725541 0.490206249953 0.244430380809
v 0.383464175398 0.490206249953 0.266761830666
v 0.427489958739 0.421137848770 0.273690910680
v 0.486858555381 0.421137848770 0.253248663494
v 0.486858555381 0.461502498812 0.253248663494
v 0.427489958739 0.461502498812 0.273690910680
v 0.440631403359 0.421137848770 0.311856437092
v 0.500000000000 0.421137848770 0.291414189906
v 0.500000000000 0.461502498812 0.291414189906
v 0.440631403359 0.461502498812 0.311856437092
v 0.409695505880 0.421137848770 0.334373799334
v 0.466130294762 0.421137848770 0.361898885000
v 0.466130294762 0.461502498812 0.361898885000
v 0.409695505880 0.461502498812 0.334373799334
v 0.392000807952 0.421137848770 0.370653306472
v 0.448435596834 0.421137848770 0.398178392139
v 0.448435596834 0.461502498812 0.398178392139
v 0.392000807952 0.461502498812 0.370653306472
v 0.354203645527 0.421137848770 0.364700503119
v 0.374645892713 0.421137848770 0.424069099760
v 0.374645892713 0.461502498812 0.424069099760
v 0.354203645527 0.461502498812 0.364700503119
v 0.316038119115 0.421137848770 0.377841947738
v 0.336480366300 0.421137848770 0.437210544379
v 0.336480366300 0.461502498812 0.437210544379
v 0.316038119115 0.461502498812 0.377841947738
v 0.293520756873 0.421137848770 0.346906050260
v 0.265995671206 0.421137848770 0.403340839142
v 0.265995671206 0.461502498812 0.403340839142
v 0.293520756873 0.461502498812 0.346906050260
v 0.257241249734 0.421137848770 0.329211352331
v 0.229716164068 0.421137848770 0.385646141213
v 0.229716164068 0.461502498812 0.385646141213
v 0.257241249734 0.461502498812 0.329211352331
v 0.263194053088 0.421137848770 0.291414189906
v 0.203825456447 0.421137848770 0.311856437092
v 0.203825456447 0.461502498812 0.311856437092
v 0.263194053088 0.461502498812 0.291414189906
v 0.250052608468 0.421137848770 0.253248663494
v 0.190684011827 0.421137848770 0.273690910680
v 0.190684011827 0.461502498812 0.273690910680
v 0.250052608468 0.461502498812 0.253248663494
v 0.280988505947 0.421137848770 0.230731301252
v 0.224553717065 0.421137848770 0.203206215585
v 0.224553717065 0.461502498812 0.203206215585
v 0.280988505947 0.461502498812 0.230731301252
v 0.298683203876 0.421137848770 0.194451794114
v 0.242248414993 0.421137848770 0.166926708447
v 0.242248414993 0.461502498812 0.166926708447
v 0.298683203876 0.461502498812 0.194451794114
v 0.336480366300 0.421137848770 0.200404597467
v 0.316038119115 0.421137848770 0.141036000826
v 0.316038119115 0.461502498812 0.141036000826
v 0.336480366300 0.461502498812 0.200404597467
v 0.374645892713 0.421137848770 0.187263152848
v 0.354203645527 0.421137848770 0.127894556207
v 0.354203645527 0.461502498812 0.127894556207
v 0.374645892713 0.461502498812 0.187263152848
v 0.397163254954 0.421137848770 0.218199050326
v 0.424688340621 0.421137848770 0.161764261444
v 0.424688340621 0.461502498812 0.161764261444
v 0.397163254954 0.461502498812 0.218199050326
v 0.433442762093 0.421137848770 0.235893748255
v 0.460967847760 0.421137848770 0.179458959373
v 0.460967847760 0.461502498812 0.179458959373
v 0.433442762093 0.461502498812 0.235893748255
v 0.094184183431 0.215278133557 0.039012366138
v 0.039012366138 0.215278133557 0.094184183431
v -0.039012366138 0.215278133557 0.094184183431
v -0.094184183431 0.215278133557 0.039012366138
v -0.094184183431 0.215278133557 -0.039012366138
v -0.039012366138 0.215278133557 -0.094184183431
v 0.039012366138 0.215278133557 -0.094184183431
v 0.094184183431 0.215278133557 -0.039012366138
v 0.094184183431 0.322917200335 0.039012366138
v 0.039012366138 0.322917200335 0.094184183431
v -0.039012366138 0.322917200335 0.094184183431
v -0.094184183431 0.322917200335 0.039012366138
v -0.094184183431 0.322917200335 -0.039012366138
v -0.039012366138 0.322917200335 -0.094184183431
v 0.039012366138 0.322917200335 -0.094184183431
v 0.094184183431 0.322917200335 -0.039012366138
v 0.075244547420 0.127821391799 0.000000000000
v 0.053205929728 0.127821391799 0.053205929728
v 0.000000000000 0.127821391799 0.075244547420
v -0.053205929728 0.127821391799 0.053205929728
v -0.075244547420 0.127821391799 0.000000000000
v -0.053205929728 0.127821391799 -0.053205929728
v 0.000000000000 0.127821391799 -0.075244547420
v 0.053205929728 0.127821391799 -0.053205929728
v 0.075244547420 0.222005575230 0.000000000000
v 0.053205929728 0.222005575230 0.053205929728
v 0.000000000000 0.222005575230 0.075244547420
v -0.053205929728 0.222005575230 0.053205929728
v -0.075244547420 0.222005575230 0.000000000000
v -0.053205929728 0.222005575230 -0.053205929728
v 0.000000000000 0.222005575230 -0.075244547420
v 0.053205929728 0.222005575230 -0.053205929728
v 0.047092091715 0.049334572273 -0.019506183069
v 0.047092091715 0.049334572273 0.019506183069
v 0.019506183069 0.049334572273 0.047092091715
v -0.019506183069 0.049334572273 0.047092091715
v -0.047092091715 0.049334572273 0.019506183069
v -0.047092091715 0.049334572273 -0.019506183069
v -0.019506183069 0.049334572273 -0.047092091715
v 0.019506183069 0.049334572273 -0.047092091715
v 0.047092091715 0.130063872357 -0.019506183069
v 0.047092091715 0.130063872357 0.019506183069
v 0.019506183069 0.130063872357 0.047092091715
v -0.019506183069 0.130063872357 0.047092091715
v -0.047092091715 0.130063872357 0.019506183069
v -0.047092091715 0.130063872357 -0.019506183069
v -0.019506183069 0.130063872357 -0.047092091715
v 0.019506183069 0.130063872357 -0.047092091715
v 0.017163203138 0.000000000000 -0.017163203138
v 0.024272434652 0.000000000000 0.000000000000
v 0.017163203138 0.000000000000 0.017163203138
v 0.000000000000 0.000000000000 0.024272434652
v -0.017163203138 0.000000000000 0.017163203138
v -0.024272434652 0.000000000000 0.000000000000
v -0.017163203138 0.000000000000 -0.017163203138
v -0.000000000000 0.000000000000 -0.024272434652
v 0.017163203138 0.053819533389 -0.017163203138
v 0.024272434652 0.053819533389 0.000000000000
v 0.017163203138 0.053819533389 0.017163203138
v 0.000000000000 0.053819533389 0.024272434652
v -0.017163203138 0.053819533389 0.017163203138
v -0.024272434652 0.053819533389 0.000000000000
v -0.017163203138 0.053819533389 -0.017163203138
v -0.000000000000 0.053819533389 -0.024272434652
v -0.074001858410 0.365524330935 -0.020182325021
v 0.002242480558 0.365524330935 -0.020182325021
v 0.002242480558 0.441768669903 -0.020182325021
v -0.074001858410 0.441768669903 -0.020182325021
v -0.074001858410 0.365524330935 0.056062013947
v 0.002242480558 0.365524330935 0.056062013947
v 0.002242480558 0.441768669903 0.056062013947
v -0.074001858410 0.441768669903 0.056062013947
v -0.008969922232 0.372251772608 -0.062789455621
v 0.053819533389 0.372251772608 -0.062789455621
v 0.053819533389 0.435041228229 -0.062789455621
v -0.008969922232 0.435041228229 -0.062789455621
v -0.008969922232 0.372251772608 0.000000000000
v 0.053819533389 0.372251772608 0.000000000000
v 0.053819533389 0.435041228229 0.000000000000
v -0.008969922232 0.435041228229 0.000000000000
v 0.013454883347 0.376736733724 0.017939844463
v 0.067274416736 0.376736733724 0.017939844463
v 0.067274416736 0.430556267113 0.017939844463
v 0.013454883347 0.430556267113 0.017939844463
v 0.013454883347 0.376736733724 0.071759377852
v 0.067274416736 0.376736733724 0.071759377852
v 0.067274416736 0.430556267113 0.071759377852
v 0.013454883347 0.430556267113 0.071759377852
v -0.044849611158 0.381221694840 -0.031394727810
v 0.000000000000 0.381221694840 -0.031394727810
v 0.000000000000 0.426071305997 -0.031394727810
v -0.044849611158 0.426071305997 -0.031394727810
v -0.044849611158 0.381221694840 0.013454883347
v 0.000000000000 0.381221694840 0.013454883347
v 0.000000000000 0.426071305997 0.013454883347
v -0.044849611158 0.426071305997 0.013454883347
vt 0.203125000000 0.984375000000
vt 0.256944533389 0.984375000000
vt 0.256944533389 0.959147093724
vt 0.203125000000 0.959147093724
vt 0.203125000000 0.984375000000
vt 0.228352906276 0.984375000000
vt 0.228352906276 0.930555466611
vt 0.203125000000 0.930555466611
vt 0.203125000000 0.984375000000
vt 0.357856158494 0.984375000000
vt 0.357856158494 0.930555466611
vt 0.203125000000 0.930555466611
vt 0.203125000000 0.984375000000
vt 0.256944533389 0.984375000000
vt 0.256944533389 0.829643841506
vt 0.203125000000 0.829643841506
vt 0.203125000000 0.984375000000
vt 0.357856158494 0.984375000000
vt 0.357856158494 0.959147093724
vt 0.203125000000 0.959147093724
vt 0.203125000000 0.984375000000
vt 0.228352906276 0.984375000000
vt 0.228352906276 0.829643841506
vt 0.203125000000 0.829643841506
vt 0.203125000000 0.984375000000
vt 0.256944533389 0.984375000000
vt 0.256944533389 0.875054072804
vt 0.203125000000 0.875054072804
vt 0.203125000000 0.984375000000
vt 0.312445927196 0.984375000000
vt 0.312445927196 0.930555466611
vt 0.203125000000 0.930555466611
vt 0.203125000000 0.984375000000
vt 0.228352906276 0.984375000000
vt 0.228352906276 0.930555466611
vt 0.203125000000 0.930555466611
vt 0.203125000000 0.984375000000
vt 0.256944533389 0.984375000000
vt 0.256944533389 0.959147093724
vt 0.203125000000 0.959147093724
vt 0.203125000000 0.984375000000
vt 0.228352906276 0.984375000000
vt 0.228352906276 0.875054072804
vt 0.203125000000 0.875054072804
vt 0.203125000000 0.984375000000
vt 0.312445927196 0.984375000000
vt 0.312445927196 0.959147093724
vt 0.203125000000 0.959147093724
vt 0.015625000000 0.984375000000
vt 0.034125464602 0.984375000000
vt 0.034125464602 0.955783372887
vt 0.015625000000 0.955783372887
vt 0.015625000000 0.984375000000
vt 0.044216627113 0.984375000000
vt 0.044216627113 0.965874535398
vt 0.015625000000 0.965874535398
vt 0.015625000000 0.984375000000
vt 0.164940567946 0.984375000000
vt 0.164940567946 0.965874535398
vt 0.015625000000 0.965874535398
vt 0.015625000000 0.984375000000
vt 0.034125464602 0.984375000000
vt 0.034125464602 0.835059432054
vt 0.015625000000 0.835059432054
vt 0.015625000000 0.984375000000
vt 0.164940567946 0.984375000000
vt 0.164940567946 0.955783372887
vt 0.015625000000 0.955783372887
vt 0.015625000000 0.984375000000
vt 0.044216627113 0.984375000000
vt 0.044216627113 0.835059432054
vt 0.015625000000 0.835059432054
vt 0.203125000000 0.984375000000
vt 0.256944533389 0.984375000000
vt 0.256944533389 0.959147093724
vt 0.203125000000 0.959147093724
vt 0.203125000000 0.984375000000
vt 0.228352906276 0.984375000000
vt 0.228352906276 0.930555466611
vt 0.203125000000 0.930555466611
vt 0.203125000000 0.984375000000
vt 0.357856158494 0.984375000000
vt 0.357856158494 0.930555466611
vt 0.203125000000 0.930555466611
vt 0.203125000000 0.984375000000
vt 0.256944533389 0.984375000000
vt 0.256944533389 0.829643841506
vt 0.203125000000 0.829643841506
vt 0.203125000000 0.984375000000
vt 0.357856158494 0.984375000000
vt 0.357856158494 0.959147093724
vt 0.203125000000 0.959147093724
vt 0.203125000000 0.984375000000
vt 0.228352906276 0.984375000000
vt 0.228352906276 0.829643841506
vt 0.203125000000 0.829643841506
vt 0.203125000000 0.984375000000
vt 0.256944533389 0.984375000000
vt 0.256944533389 0.875054072804
vt 0.203125000000 0.875054072804
vt 0.203125000000 0.984375000000
vt 0.312445927196 0.984375000000
vt 0.312445927196 0.930555466611
vt 0.203125000000 0.930555466611
vt 0.203125000000 0.984375000000
vt 0.228352906276 0.984375000000
vt 0.228352906276 0.930555466611
vt 0.203125000000 0.930555466611
vt 0.203125000000 0.984375000000
vt 0.256944533389 0.984375000000
vt 0.256944533389 0.959147093724
vt 0.203125000000 0.959147093724
vt 0.203125000000 0.984375000000
vt 0.228352906276 0.984375000000
vt 0.228352906276 0.875054072804
vt 0.203125000000 0.875054072804
vt 0.203125000000 0.984375000000
vt 0.312445927196 0.984375000000
vt 0.312445927196 0.959147093724
vt 0.203125000000 0.959147093724
vt 0.015625000000 0.984375000000
vt 0.034125464602 0.984375000000
vt 0.034125464602 0.955783372887
vt 0.015625000000 0.955783372887
vt 0.015625000000 0.984375000000
vt 0.044216627113 0.984375000000
vt 0.044216627113 0.965874535398
vt 0.015625000000 0.965874535398
vt 0.015625000000 0.984375000000
vt 0.164940567946 0.984375000000
vt 0.164940567946 0.965874535398
vt 0.015625000000 0.965874535398
vt 0.015625000000 0.984375000000
vt 0.034125464602 0.984375000000
vt 0.034125464602 0.835059432054
vt 0.015625000000 0.835059432054
vt 0.015625000000 0.984375000000
vt 0.164940567946 0.984375000000
vt 0.164940567946 0.955783372887
vt 0.015625000000 0.955783372887
vt 0.015625000000 0.984375000000
vt 0.044216627113 0.984375000000
vt 0.044216627113 0.835059432054
vt 0.015625000000 0.835059432054
vt 0.515625000000 0.984375000000
vt 0.586263137573 0.984375000000
vt 0.586263137573 0.907009420753
vt 0.515625000000 0.907009420753
vt 0.515625000000 0.984375000000
vt 0.592990579247 0.984375000000
vt 0.592990579247 0.913736862427
vt 0.515625000000 0.913736862427
vt 0.515625000000 0.984375000000
vt 0.592990579247 0.984375000000
vt 0.592990579247 0.913736862427
vt 0.515625000000 0.913736862427
vt 0.515625000000 0.984375000000
vt 0.586263137573 0.984375000000
vt 0.586263137573 0.907009420753
vt 0.515625000000 0.907009420753
vt 0.515625000000 0.984375000000
vt 0.592990579247 0.984375000000
vt 0.592990579247 0.907009420753
vt 0.515625000000 0.907009420753
vt 0.515625000000 0.984375000000
vt 0.592990579247 0.984375000000
vt 0.592990579247 0.907009420753
vt 0.515625000000 0.907009420753
vt 0.203125000000 0.984375000000
vt 0.224989185439 0.984375000000
vt 0.224989185439 0.893554537406
vt 0.203125000000 0.893554537406
vt 0.203125000000 0.984375000000
vt 0.293945462594 0.984375000000
vt 0.293945462594 0.962510814561
vt 0.203125000000 0.962510814561
vt 0.203125000000 0.984375000000
vt 0.293945462594 0.984375000000
vt 0.293945462594 0.962510814561
vt 0.203125000000 0.962510814561
vt 0.203125000000 0.984375000000
vt 0.224989185439 0.984375000000
vt 0.224989185439 0.893554537406
vt 0.203125000000 0.893554537406
vt 0.203125000000 0.984375000000
vt 0.293945462594 0.984375000000
vt 0.293945462594 0.893554537406
vt 0.203125000000 0.893554537406
vt 0.203125000000 0.984375000000
vt 0.293945462594 0.984375000000
vt 0.293945462594 0.893554537406
vt 0.203125000000 0.893554537406
vt 0.515625000000 0.984375000000
vt 0.539171045858 0.984375000000
vt 0.539171045858 0.917100583264
vt 0.515625000000 0.917100583264
vt 0.515625000000 0.984375000000
vt 0.582899416736 0.984375000000
vt 0.582899416736 0.960828954142
vt 0.515625000000 0.960828954142
vt 0.515625000000 0.984375000000
vt 0.529079883347 0.984375000000
vt 0.529079883347 0.960828954142
vt 0.515625000000 0.960828954142
vt 0.515625000000 0.984375000000
vt 0.539171045858 0.984375000000
vt 0.539171045858 0.970920116653
vt 0.515625000000 0.970920116653
vt 0.515625000000 0.984375000000
vt 0.529079883347 0.984375000000
vt 0.529079883347 0.917100583264
vt 0.515625000000 0.917100583264
vt 0.515625000000 0.984375000000
vt 0.582899416736 0.984375000000
vt 0.582899416736 0.970920116653
vt 0.515625000000 0.970920116653
vt 0.812500000000 0.984375000000
vt 0.844455347950 0.984375000000
vt 0.844455347950 0.945692210376
vt 0.812500000000 0.945692210376
vt 0.812500000000 0.984375000000
vt 0.851182789624 0.984375000000
vt 0.851182789624 0.952419652050
vt 0.812500000000 0.952419652050
vt 0.812500000000 0.984375000000
vt 0.819227441674 0.984375000000
vt 0.819227441674 0.952419652050
vt 0.812500000000 0.952419652050
vt 0.812500000000 0.984375000000
vt 0.844455347950 0.984375000000
vt 0.844455347950 0.977647558326
vt 0.812500000000 0.977647558326
vt 0.812500000000 0.984375000000
vt 0.819227441674 0.984375000000
vt 0.819227441674 0.945692210376
vt 0.812500000000 0.945692210376
vt 0.812500000000 0.984375000000
vt 0.851182789624 0.984375000000
vt 0.851182789624 0.977647558326
vt 0.812500000000 0.977647558326
vt 0.515625000000 0.984375000000
vt 0.523697930008 0.984375000000
vt 0.523697930008 0.972601977071
vt 0.515625000000 0.972601977071
vt 0.515625000000 0.984375000000
vt 0.527398022929 0.984375000000
vt 0.527398022929 0.976302069992
vt 0.515625000000 0.976302069992
vt 0.515625000000 0.984375000000
vt 0.519661465004 0.984375000000
vt 0.519661465004 0.976302069992
vt 0.515625000000 0.976302069992
vt 0.515625000000 0.984375000000
vt 0.523697930008 0.984375000000
vt 0.523697930008 0.980338534996
vt 0.515625000000 0.980338534996
vt 0.515625000000 0.984375000000
vt 0.519661465004 0.984375000000
vt 0.519661465004 0.972601977071
vt 0.515625000000 0.972601977071
vt 0.515625000000 0.984375000000
vt 0.527398022929 0.984375000000
vt 0.527398022929 0.980338534996
vt 0.515625000000 0.980338534996
vt 0.625000000000 0.984375000000
vt 0.660319068787 0.984375000000
vt 0.660319068787 0.927191745774
vt 0.625000000000 0.927191745774
vt 0.625000000000 0.984375000000
vt 0.682183254226 0.984375000000
vt 0.682183254226 0.949055931213
vt 0.625000000000 0.949055931213
vt 0.625000000000 0.984375000000
vt 0.639463999598 0.984375000000
vt 0.639463999598 0.949055931213
vt 0.625000000000 0.949055931213
vt 0.625000000000 0.984375000000
vt 0.660319068787 0.984375000000
vt 0.660319068787 0.969911000402
vt 0.625000000000 0.969911000402
vt 0.625000000000 0.984375000000
vt 0.639463999598 0.984375000000
vt 0.639463999598 0.927191745774
vt 0.625000000000 0.927191745774
vt 0.625000000000 0.984375000000
vt 0.682183254226 0.984375000000
vt 0.682183254226 0.969911000402
vt 0.625000000000 0.969911000402
vt 0.203125000000 0.984375000000
vt 0.296555336001 0.984375000000
vt 0.296555336001 0.965874535397
vt 0.203125000000 0.965874535397
vt 0.203125000001 0.984375000000
vt 0.221625464603 0.984375000000
vt 0.221625464603 0.890944663999
vt 0.203125000000 0.890944663999
vt 0.203125000000 0.984375000000
vt 0.223307325021 0.984375000000
vt 0.223307325021 0.890944663999
vt 0.203125000000 0.890944663999
vt 0.203125000000 0.984375000000
vt 0.296555336001 0.984375000000
vt 0.296555336001 0.964192674979
vt 0.203125000000 0.964192674979
vt 0.203125000000 0.984375000000
vt 0.223307325021 0.984375000000
vt 0.223307325021 0.965874535397
vt 0.203125000000 0.965874535397
vt 0.203125000000 0.984375000000
vt 0.221625464603 0.984375000000
vt 0.221625464603 0.964192674979
vt 0.203125000000 0.964192674979
vt 0.415255275577 0.984375000000
vt 0.450087745343 0.984375000000
vt 0.474718020920 0.959744724423
vt 0.474718020921 0.924912254657
vt 0.450087745343 0.900281979079
vt 0.415255275577 0.900281979080
vt 0.390625000000 0.924912254657
vt 0.390625000000 0.959744724423
vt 0.415255275577 0.984375000000
vt 0.450087745343 0.984375000000
vt 0.474718020920 0.959744724423
vt 0.474718020921 0.924912254657
vt 0.450087745343 0.900281979079
vt 0.415255275577 0.900281979080
vt 0.390625000000 0.924912254657
vt 0.390625000000 0.959744724423
vt 0.390625000000 0.984375000000
vt 0.403070767096 0.984375000000
vt 0.403070767096 0.949542530234
vt 0.390625000000 0.949542530234
vt 0.390625000000 0.984375000000
vt 0.403070767096 0.984375000000
vt 0.403070767096 0.949542530234
vt 0.390625000000 0.949542530234
vt 0.390625000000 0.984375000000
vt 0.403070767096 0.984375000000
vt 0.403070767096 0.949542530234
vt 0.390625000000 0.949542530234
vt 0.390625000000 0.984375000000
vt 0.403070767096 0.984375000000
vt 0.403070767096 0.949542530233
vt 0.390625000000 0.949542530233
vt 0.390625000000 0.984375000000
vt 0.403070767096 0.984375000000
vt 0.403070767096 0.949542530234
vt 0.390625000000 0.949542530234
vt 0.390625000000 0.984375000000
vt 0.403070767096 0.984375000000
vt 0.403070767096 0.949542530234
vt 0.390625000000 0.949542530234
vt 0.390625000000 0.984375000000
vt 0.403070767096 0.984375000000
vt 0.403070767096 0.949542530234
vt 0.390625000000 0.949542530234
vt 0.390625000000 0.984375000000
vt 0.403070767096 0.984375000000
vt 0.403070767096 0.949542530233
vt 0.390625000000 0.949542530233
vt 0.898999293697 0.984375000000
vt 0.910842333417 0.984375000000
vt 0.919216627113 0.976000706303
vt 0.919216627113 0.964157666583
vt 0.910842333417 0.955783372887
vt 0.898999293696 0.955783372887
vt 0.890625000000 0.964157666584
vt 0.890625000001 0.976000706304
vt 0.898999293697 0.984375000000
vt 0.910842333417 0.984375000000
vt 0.919216627113 0.976000706303
vt 0.919216627113 0.964157666583
vt 0.910842333417 0.955783372887
vt 0.898999293696 0.955783372887
vt 0.890625000000 0.964157666584
vt 0.890625000001 0.976000706304
vt 0.890625000000 0.984375000000
vt 0.905761743766 0.984375000000
vt 0.905761743766 0.972531960280
vt 0.890625000000 0.972531960280
vt 0.890625000000 0.984375000000
vt 0.905761743766 0.984375000000
vt 0.905761743766 0.972531960279
vt 0.890625000000 0.972531960279
vt 0.890625000000 0.984375000000
vt 0.905761743766 0.984375000000
vt 0.905761743766 0.972531960279
vt 0.890625000000 0.972531960279
vt 0.890625000000 0.984375000000
vt 0.905761743766 0.984375000000
vt 0.905761743766 0.972531960280
vt 0.890625000000 0.972531960280
vt 0.890625000000 0.984375000000
vt 0.905761743766 0.984375000000
vt 0.905761743766 0.972531960279
vt 0.890625000000 0.972531960279
vt 0.890625000000 0.984375000000
vt 0.905761743766 0.984375000000
vt 0.905761743766 0.972531960279
vt 0.890625000000 0.972531960279
vt 0.890625000000 0.984375000000
vt 0.905761743766 0.984375000000
vt 0.905761743766 0.972531960280
vt 0.890625000000 0.972531960280
vt 0.890625000000 0.984375000000
vt 0.905761743766 0.984375000000
vt 0.905761743766 0.972531960280
vt 0.890625000000 0.972531960280
vt 0.718750000000 0.984375000000
vt 0.733886743766 0.984375000000
vt 0.733886743766 0.960828954142
vt 0.718750000000 0.960828954142
vt 0.718750000000 0.984375000000
vt 0.742296045858 0.984375000000
vt 0.742296045858 0.969238256234
vt 0.718750000000 0.969238256234
vt 0.718750000000 0.984375000000
vt 0.733886743766 0.984375000000
vt 0.733886743766 0.969238256234
vt 0.718750000000 0.969238256234
vt 0.718750000000 0.984375000000
vt 0.733886743766 0.984375000000
vt 0.733886743766 0.969238256234
vt 0.718750000000 0.969238256234
vt 0.718750000000 0.984375000000
vt 0.733886743766 0.984375000000
vt 0.733886743766 0.960828954142
vt 0.718750000000 0.960828954142
vt 0.718750000000 0.984375000000
vt 0.742296045858 0.984375000000
vt 0.742296045858 0.969238256234
vt 0.718750000000 0.969238256234
vt 0.718750000000 0.984375000000
vt 0.733886743766 0.984375000000
vt 0.733886743766 0.960828954142
vt 0.718750000000 0.960828954142
vt 0.718750000000 0.984375000000
vt 0.742296045858 0.984375000000
vt 0.742296045858 0.969238256234
vt 0.718750000000 0.969238256234
vt 0.718750000000 0.984375000000
vt 0.733886743766 0.984375000000
vt 0.733886743766 0.969238256234
vt 0.718750000000 0.969238256234
vt 0.718750000000 0.984375000000
vt 0.733886743766 0.984375000000
vt 0.733886743766 0.969238256235
vt 0.718750000000 0.969238256235
vt 0.718750000000 0.984375000000
vt 0.733886743766 0.984375000000
vt 0.733886743765 0.960828954142
vt 0.718750000000 0.960828954142
vt 0.718750000000 0.984375000000
vt 0.742296045858 0.984375000000
vt 0.742296045858 0.969238256235
vt 0.718750000000 0.969238256234
vt 0.718750000000 0.984375000000
vt 0.733886743766 0.984375000000
vt 0.733886743766 0.960828954142
vt 0.718750000000 0.960828954142
vt 0.718750000000 0.984375000000
vt 0.742296045858 0.984375000000
vt 0.742296045858 0.969238256234
vt 0.718750000000 0.969238256234
vt 0.718750000000 0.984375000000
vt 0.733886743766 0.984375000000
vt 0.733886743766 0.969238256234
vt 0.718750000000 0.969238256234
vt 0.718750000000 0.984375000000
vt 0.733886743766 0.984375000000
vt 0.733886743766 0.969238256234
vt 0.718750000000 0.969238256234
vt 0.718750000000 0.984375000000
vt 0.733886743766 0.984375000000
vt 0.733886743766 0.960828954142
vt 0.718750000000 0.960828954142
vt 0.718750000000 0.984375000000
vt 0.742296045858 0.984375000000
vt 0.742296045858 0.969238256234
vt 0.718750000000 0.969238256234
vt 0.718750000000 0.984375000000
vt 0.733886743766 0.984375000000
vt 0.733886743766 0.960828954142
vt 0.718750000000 0.960828954142
vt 0.718750000000 0.984375000000
vt 0.742296045858 0.984375000000
vt 0.742296045858 0.969238256234
vt 0.718750000000 0.969238256234
vt 0.718750000000 0.984375000000
vt 0.733886743766 0.984375000000
vt 0.733886743766 0.969238256234
vt 0.718750000000 0.969238256234
vt 0.718750000000 0.984375000000
vt 0.733886743766 0.984375000000
vt 0.733886743766 0.969238256234
vt 0.718750000000 0.969238256234
vt 0.718750000000 0.984375000000
vt 0.733886743766 0.984375000000
vt 0.733886743766 0.960828954142
vt 0.718750000000 0.960828954142
vt 0.718750000000 0.984375000000
vt 0.742296045858 0.984375000000
vt 0.742296045858 0.969238256234
vt 0.718750000000 0.969238256234
vt 0.718750000000 0.984375000000
vt 0.733886743766 0.984375000000
vt 0.733886743766 0.960828954142
vt 0.718750000000 0.960828954142
vt 0.718750000000 0.984375000000
vt 0.742296045858 0.984375000000
vt 0.742296045858 0.969238256234
vt 0.718750000000 0.969238256234
vt 0.718750000000 0.984375000000
vt 0.733886743766 0.984375000000
vt 0.733886743766 0.969238256234
vt 0.718750000000 0.969238256234
vt 0.718750000000 0.984375000000
vt 0.733886743766 0.984375000000
vt 0.733886743766 0.969238256234
vt 0.718750000000 0.969238256234
vt 0.718750000000 0.984375000000
vt 0.733886743766 0.984375000000
vt 0.733886743766 0.960828954142
vt 0.718750000000 0.960828954142
vt 0.718750000000 0.984375000000
vt 0.742296045858 0.984375000000
vt 0.742296045858 0.969238256234
vt 0.718750000000 0.969238256234
vt 0.718750000000 0.984375000000
vt 0.733886743766 0.984375000000
vt 0.733886743766 0.960828954142
vt 0.718750000000 0.960828954142
vt 0.718750000000 0.984375000000
vt 0.742296045858 0.984375000000
vt 0.742296045858 0.969238256234
vt 0.718750000000 0.969238256234
vt 0.718750000000 0.984375000000
vt 0.733886743765 0.984375000000
vt 0.733886743765 0.969238256234
vt 0.718750000000 0.969238256234
vt 0.718750000000 0.984375000000
vt 0.733886743766 0.984375000000
vt 0.733886743766 0.969238256234
vt 0.718750000000 0.969238256234
vt 0.718750000000 0.984375000000
vt 0.733886743765 0.984375000000
vt 0.733886743766 0.960828954142
vt 0.718750000000 0.960828954142
vt 0.718750000000 0.984375000000
vt 0.742296045858 0.984375000000
vt 0.742296045858 0.969238256234
vt 0.718750000000 0.969238256235
vt 0.718750000000 0.984375000000
vt 0.733886743766 0.984375000000
vt 0.733886743766 0.960828954142
vt 0.718750000000 0.960828954142
vt 0.718750000000 0.984375000000
vt 0.742296045858 0.984375000000
vt 0.742296045858 0.969238256234
vt 0.718750000000 0.969238256234
vt 0.718750000000 0.984375000000
vt 0.733886743766 0.984375000000
vt 0.733886743766 0.969238256234
vt 0.718750000000 0.969238256234
vt 0.718750000000 0.984375000000
vt 0.733886743766 0.984375000000
vt 0.733886743766 0.969238256234
vt 0.718750000000 0.969238256234
vt 0.718750000000 0.984375000000
vt 0.733886743766 0.984375000000
vt 0.733886743766 0.960828954142
vt 0.718750000000 0.960828954142
vt 0.718750000000 0.984375000000
vt 0.742296045858 0.984375000000
vt 0.742296045858 0.969238256234
vt 0.718750000000 0.969238256234
vt 0.718750000000 0.984375000000
vt 0.733886743766 0.984375000000
vt 0.733886743766 0.960828954142
vt 0.718750000000 0.960828954142
vt 0.718750000000 0.984375000000
vt 0.742296045858 0.984375000000
vt 0.742296045858 0.969238256234
vt 0.718750000000 0.969238256234
vt 0.718750000000 0.984375000000
vt 0.733886743766 0.984375000000
vt 0.733886743766 0.969238256234
vt 0.718750000000 0.969238256234
vt 0.718750000000 0.984375000000
vt 0.733886743766 0.984375000000
vt 0.733886743766 0.969238256234
vt 0.718750000000 0.969238256234
vt 0.718750000000 0.984375000000
vt 0.733886743766 0.984375000000
vt 0.733886743766 0.960828954142
vt 0.718750000000 0.960828954142
vt 0.718750000000 0.984375000000
vt 0.742296045858 0.984375000000
vt 0.742296045858 0.969238256234
vt 0.718750000000 0.969238256234
vt 0.203125000000 0.984375000000
vt 0.296555336001 0.984375000000
vt 0.296555336001 0.965874535397
vt 0.203125000000 0.965874535397
vt 0.203125000000 0.984375000000
vt 0.221625464603 0.984375000000
vt 0.221625464603 0.890944663999
vt 0.203125000001 0.890944663999
vt 0.203125000000 0.984375000000
vt 0.223307325021 0.984375000000
vt 0.223307325021 0.890944663999
vt 0.203125000000 0.890944663999
vt 0.203125000000 0.984375000000
vt 0.296555336001 0.984375000000
vt 0.296555336001 0.964192674979
vt 0.203125000000 0.964192674979
vt 0.203125000000 0.984375000000
vt 0.223307325021 0.984375000000
vt 0.223307325021 0.965874535397
vt 0.203125000000 0.965874535397
vt 0.203125000000 0.984375000000
vt 0.221625464603 0.984375000000
vt 0.221625464603 0.964192674979
vt 0.203125000000 0.964192674979
vt 0.415255275577 0.984375000000
vt 0.450087745343 0.984375000000
vt 0.474718020921 0.959744724423
vt 0.474718020921 0.924912254657
vt 0.450087745344 0.900281979080
vt 0.415255275578 0.900281979079
vt 0.390625000001 0.924912254656
vt 0.390625000000 0.959744724422
vt 0.415255275577 0.984375000000
vt 0.450087745343 0.984375000000
vt 0.474718020921 0.959744724423
vt 0.474718020921 0.924912254657
vt 0.450087745344 0.900281979080
vt 0.415255275578 0.900281979079
vt 0.390625000001 0.924912254656
vt 0.390625000000 0.959744724422
vt 0.390625000000 0.984375000000
vt 0.403070767096 0.984375000000
vt 0.403070767096 0.949542530234
vt 0.390625000000 0.949542530234
vt 0.390625000000 0.984375000000
vt 0.403070767096 0.984375000000
vt 0.403070767096 0.949542530234
vt 0.390625000000 0.949542530234
vt 0.390625000000 0.984375000000
vt 0.403070767096 0.984375000000
vt 0.403070767096 0.949542530234
vt 0.390625000000 0.949542530234
vt 0.390625000000 0.984375000000
vt 0.403070767096 0.984375000000
vt 0.403070767096 0.949542530233
vt 0.390625000000 0.949542530233
vt 0.390625000000 0.984375000000
vt 0.403070767096 0.984375000000
vt 0.403070767096 0.949542530234
vt 0.390625000000 0.949542530234
vt 0.390625000000 0.984375000000
vt 0.403070767096 0.984375000000
vt 0.403070767096 0.949542530234
vt 0.390625000000 0.949542530234
vt 0.390625000000 0.984375000000
vt 0.403070767096 0.984375000000
vt 0.403070767096 0.949542530234
vt 0.390625000000 0.949542530234
vt 0.390625000000 0.984375000000
vt 0.403070767096 0.984375000000
vt 0.403070767096 0.949542530233
vt 0.390625000000 0.949542530233
vt 0.898999293696 0.984375000000
vt 0.910842333417 0.984375000000
vt 0.919216627113 0.976000706304
vt 0.919216627113 0.964157666583
vt 0.910842333417 0.955783372887
vt 0.898999293696 0.955783372887
vt 0.890625000000 0.964157666583
vt 0.890625000000 0.976000706304
vt 0.898999293696 0.984375000000
vt 0.910842333417 0.984375000000
vt 0.919216627113 0.976000706304
vt 0.919216627113 0.964157666583
vt 0.910842333417 0.955783372887
vt 0.898999293696 0.955783372887
vt 0.890625000000 0.964157666583
vt 0.890625000000 0.976000706304
vt 0.890625000000 0.984375000000
vt 0.905761743766 0.984375000000
vt 0.905761743766 0.972531960279
vt 0.890625000000 0.972531960279
vt 0.890625000000 0.984375000000
vt 0.905761743766 0.984375000000
vt 0.905761743766 0.972531960279
vt 0.890625000000 0.972531960279
vt 0.890625000000 0.984375000000
vt 0.905761743766 0.984375000000
vt 0.905761743766 0.972531960280
vt 0.890625000000 0.972531960280
vt 0.890625000000 0.984375000000
vt 0.905761743766 0.984375000000
vt 0.905761743766 0.972531960280
vt 0.890625000000 0.972531960280
vt 0.890625000000 0.984375000000
vt 0.905761743766 0.984375000000
vt 0.905761743766 0.972531960280
vt 0.890625000000 0.972531960280
vt 0.890625000000 0.984375000000
vt 0.905761743766 0.984375000000
vt 0.905761743766 0.972531960279
vt 0.890625000000 0.972531960279
vt 0.890625000000 0.984375000000
vt 0.905761743766 0.984375000000
vt 0.905761743766 0.972531960279
vt 0.890625000000 0.972531960279
vt 0.890625000000 0.984375000000
vt 0.905761743766 0.984375000000
vt 0.905761743766 0.972531960280
vt 0.890625000000 0.972531960280
vt 0.718750000000 0.984375000000
vt 0.733886743766 0.984375000000
vt 0.733886743766 0.960828954142
vt 0.718750000000 0.960828954142
vt 0.718750000000 0.984375000000
vt 0.742296045858 0.984375000000
vt 0.742296045858 0.969238256234
vt 0.718750000000 0.969238256234
vt 0.718750000000 0.984375000000
vt 0.733886743766 0.984375000000
vt 0.733886743766 0.969238256234
vt 0.718750000000 0.969238256234
vt 0.718750000000 0.984375000000
vt 0.733886743766 0.984375000000
vt 0.733886743766 0.969238256234
vt 0.718750000000 0.969238256234
vt 0.718750000000 0.984375000000
vt 0.733886743766 0.984375000000
vt 0.733886743766 0.960828954142
vt 0.718750000000 0.960828954142
vt 0.718750000000 0.984375000000
vt 0.742296045858 0.984375000000
vt 0.742296045858 0.969238256234
vt 0.718750000000 0.969238256234
vt 0.718750000000 0.984375000000
vt 0.733886743766 0.984375000000
vt 0.733886743766 0.960828954142
vt 0.718750000000 0.960828954142
vt 0.718750000000 0.984375000000
vt 0.742296045858 0.984375000000
vt 0.742296045858 0.969238256234
vt 0.718750000000 0.969238256234
vt 0.718750000000 0.984375000000
vt 0.733886743765 0.984375000000
vt 0.733886743765 0.969238256234
vt 0.718750000000 0.969238256234
vt 0.718750000000 0.984375000000
vt 0.733886743766 0.984375000000
vt 0.733886743766 0.969238256235
vt 0.718750000000 0.969238256235
vt 0.718750000000 0.984375000000
vt 0.733886743765 0.984375000000
vt 0.733886743766 0.960828954142
vt 0.718750000000 0.960828954142
vt 0.718750000000 0.984375000000
vt 0.742296045858 0.984375000000
vt 0.742296045858 0.969238256235
vt 0.718750000000 0.969238256235
vt 0.718750000000 0.984375000000
vt 0.733886743766 0.984375000000
vt 0.733886743766 0.960828954142
vt 0.718750000000 0.960828954142
vt 0.718750000000 0.984375000000
vt 0.742296045858 0.984375000000
vt 0.742296045858 0.969238256234
vt 0.718750000000 0.969238256234
vt 0.718750000000 0.984375000000
vt 0.733886743766 0.984375000000
vt 0.733886743766 0.969238256234
vt 0.718750000000 0.969238256234
vt 0.718750000000 0.984375000000
vt 0.733886743766 0.984375000000
vt 0.733886743766 0.969238256234
vt 0.718750000000 0.969238256234
vt 0.718750000000 0.984375000000
vt 0.733886743766 0.984375000000
vt 0.733886743766 0.960828954142
vt 0.718750000000 0.960828954142
vt 0.718750000000 0.984375000000
vt 0.742296045858 0.984375000000
vt 0.742296045858 0.969238256234
vt 0.718750000000 0.969238256234
vt 0.718750000000 0.984375000000
vt 0.733886743766 0.984375000000
vt 0.733886743766 0.960828954142
vt 0.718750000000 0.960828954142
vt 0.718750000000 0.984375000000
vt 0.742296045858 0.984375000000
vt 0.742296045858 0.969238256234
vt 0.718750000000 0.969238256234
vt 0.718750000000 0.984375000000
vt 0.733886743766 0.984375000000
vt 0.733886743766 0.969238256234
vt 0.718750000000 0.969238256234
vt 0.718750000000 0.984375000000
vt 0.733886743766 0.984375000000
vt 0.733886743766 0.969238256234
vt 0.718750000000 0.969238256234
vt 0.718750000000 0.984375000000
vt 0.733886743766 0.984375000000
vt 0.733886743766 0.960828954142
vt 0.718750000000 0.960828954142
vt 0.718750000000 0.984375000000
vt 0.742296045858 0.984375000000
vt 0.742296045858 0.969238256234
vt 0.718750000000 0.969238256234
vt 0.718750000000 0.984375000000
vt 0.733886743766 0.984375000000
vt 0.733886743766 0.960828954142
vt 0.718750000000 0.960828954142
vt 0.718750000000 0.984375000000
vt 0.742296045858 0.984375000000
vt 0.742296045858 0.969238256234
vt 0.718750000000 0.969238256234
vt 0.718750000000 0.984375000000
vt 0.733886743766 0.984375000000
vt 0.733886743766 0.969238256234
vt 0.718750000000 0.969238256234
vt 0.718750000000 0.984375000000
vt 0.733886743766 0.984375000000
vt 0.733886743766 0.969238256234
vt 0.718750000000 0.969238256234
vt 0.718750000000 0.984375000000
vt 0.733886743766 0.984375000000
vt 0.733886743766 0.960828954142
vt 0.718750000000 0.960828954142
vt 0.718750000000 0.984375000000
vt 0.742296045858 0.984375000000
vt 0.742296045858 0.969238256234
vt 0.718750000000 0.969238256234
vt 0.718750000000 0.984375000000
vt 0.733886743766 0.984375000000
vt 0.733886743766 0.960828954142
vt 0.718750000000 0.960828954142
vt 0.718750000000 0.984375000000
vt 0.742296045858 0.984375000000
vt 0.742296045858 0.969238256234
vt 0.718750000000 0.969238256234
vt 0.718750000000 0.984375000000
vt 0.733886743766 0.984375000000
vt 0.733886743766 0.969238256234
vt 0.718750000000 0.969238256234
vt 0.718750000000 0.984375000000
vt 0.733886743766 0.984375000000
vt 0.733886743766 0.969238256234
vt 0.718750000000 0.969238256234
vt 0.718750000001 0.984375000000
vt 0.733886743766 0.984375000000
vt 0.733886743766 0.960828954142
vt 0.718750000000 0.960828954142
vt 0.718750000000 0.984375000000
vt 0.742296045858 0.984375000000
vt 0.742296045858 0.969238256234
vt 0.718750000000 0.969238256234
vt 0.718750000000 0.984375000000
vt 0.733886743766 0.984375000000
vt 0.733886743766 0.960828954142
vt 0.718750000000 0.960828954142
vt 0.718750000000 0.984375000000
vt 0.742296045858 0.984375000000
vt 0.742296045858 0.969238256234
vt 0.718750000000 0.969238256234
vt 0.718750000000 0.984375000000
vt 0.733886743766 0.984375000000
vt 0.733886743766 0.969238256234
vt 0.718750000000 0.969238256234
vt 0.718750000000 0.984375000000
vt 0.733886743766 0.984375000000
vt 0.733886743766 0.969238256234
vt 0.718750000000 0.969238256234
vt 0.718750000000 0.984375000000
vt 0.733886743766 0.984375000000
vt 0.733886743766 0.960828954142
vt 0.718750000000 0.960828954142
vt 0.718750000000 0.984375000000
vt 0.742296045858 0.984375000000
vt 0.742296045858 0.969238256234
vt 0.718750000000 0.969238256234
vt 0.718750000000 0.984375000000
vt 0.733886743766 0.984375000000
vt 0.733886743766 0.960828954142
vt 0.718750000000 0.960828954142
vt 0.718750000000 0.984375000000
vt 0.742296045858 0.984375000000
vt 0.742296045858 0.969238256234
vt 0.718750000000 0.969238256234
vt 0.718750000000 0.984375000000
vt 0.733886743766 0.984375000000
vt 0.733886743766 0.969238256234
vt 0.718750000000 0.969238256234
vt 0.718750000000 0.984375000000
vt 0.733886743766 0.984375000000
vt 0.733886743766 0.969238256234
vt 0.718750000000 0.969238256234
vt 0.718750000000 0.984375000000
vt 0.733886743766 0.984375000000
vt 0.733886743766 0.960828954142
vt 0.718750000000 0.960828954142
vt 0.718750000000 0.984375000000
vt 0.742296045858 0.984375000000
vt 0.742296045858 0.969238256234
vt 0.718750000000 0.969238256234
vt 0.203125000000 0.984375000000
vt 0.296555336001 0.984375000000
vt 0.296555336001 0.965874535397
vt 0.203125000000 0.965874535397
vt 0.203125000001 0.984375000000
vt 0.221625464603 0.984375000000
vt 0.221625464603 0.890944663999
vt 0.203125000000 0.890944663999
vt 0.203125000000 0.984375000000
vt 0.223307325021 0.984375000000
vt 0.223307325021 0.890944663999
vt 0.203125000000 0.890944663999
vt 0.203125000000 0.984375000000
vt 0.296555336001 0.984375000000
vt 0.296555336001 0.964192674979
vt 0.203125000000 0.964192674979
vt 0.203125000000 0.984375000000
vt 0.223307325021 0.984375000000
vt 0.223307325021 0.965874535397
vt 0.203125000000 0.965874535397
vt 0.203125000000 0.984375000000
vt 0.221625464603 0.984375000000
vt 0.221625464603 0.964192674979
vt 0.203125000000 0.964192674979
vt 0.415255275577 0.984375000000
vt 0.450087745343 0.984375000000
vt 0.474718020920 0.959744724423
vt 0.474718020921 0.924912254657
vt 0.450087745343 0.900281979079
vt 0.415255275577 0.900281979080
vt 0.390625000000 0.924912254657
vt 0.390625000000 0.959744724423
vt 0.415255275577 0.984375000000
vt 0.450087745343 0.984375000000
vt 0.474718020920 0.959744724423
vt 0.474718020921 0.924912254657
vt 0.450087745343 0.900281979079
vt 0.415255275577 0.900281979080
vt 0.390625000000 0.924912254657
vt 0.390625000000 0.959744724423
vt 0.390625000000 0.984375000000
vt 0.403070767096 0.984375000000
vt 0.403070767096 0.949542530234
vt 0.390625000000 0.949542530234
vt 0.390625000000 0.984375000000
vt 0.403070767096 0.984375000000
vt 0.403070767096 0.949542530234
vt 0.390625000000 0.949542530234
vt 0.390625000000 0.984375000000
vt 0.403070767096 0.984375000000
vt 0.403070767096 0.949542530234
vt 0.390625000000 0.949542530234
vt 0.390625000000 0.984375000000
vt 0.403070767096 0.984375000000
vt 0.403070767096 0.949542530233
vt 0.390625000000 0.949542530233
vt 0.390625000000 0.984375000000
vt 0.403070767096 0.984375000000
vt 0.403070767096 0.949542530234
vt 0.390625000000 0.949542530234
vt 0.390625000000 0.984375000000
vt 0.403070767096 0.984375000000
vt 0.403070767096 0.949542530234
vt 0.390625000000 0.949542530234
vt 0.390625000000 0.984375000000
vt 0.403070767096 0.984375000000
vt 0.403070767096 0.949542530234
vt 0.390625000000 0.949542530234
vt 0.390625000000 0.984375000000
vt 0.403070767096 0.984375000000
vt 0.403070767096 0.949542530233
vt 0.390625000000 0.949542530233
vt 0.898999293697 0.984375000000
vt 0.910842333417 0.984375000000
vt 0.919216627113 0.976000706303
vt 0.919216627113 0.964157666583
vt 0.910842333417 0.955783372887
vt 0.898999293696 0.955783372887
vt 0.890625000000 0.964157666584
vt 0.890625000001 0.976000706304
vt 0.898999293697 0.984375000000
vt 0.910842333417 0.984375000000
vt 0.919216627113 0.976000706303
vt 0.919216627113 0.964157666583
vt 0.910842333417 0.955783372887
vt 0.898999293696 0.955783372887
vt 0.890625000000 0.964157666584
vt 0.890625000001 0.976000706304
vt 0.890625000000 0.984375000000
vt 0.905761743766 0.984375000000
vt 0.905761743766 0.972531960280
vt 0.890625000000 0.972531960280
vt 0.890625000000 0.984375000000
vt 0.905761743766 0.984375000000
vt 0.905761743766 0.972531960279
vt 0.890625000000 0.972531960279
vt 0.890625000000 0.984375000000
vt 0.905761743766 0.984375000000
vt 0.905761743766 0.972531960279
vt 0.890625000000 0.972531960279
vt 0.890625000000 0.984375000000
vt 0.905761743766 0.984375000000
vt 0.905761743766 0.972531960280
vt 0.890625000000 0.972531960280
vt 0.890625000000 0.984375000000
vt 0.905761743766 0.984375000000
vt 0.905761743766 0.972531960279
vt 0.890625000000 0.972531960279
vt 0.890625000000 0.984375000000
vt 0.905761743766 0.984375000000
vt 0.905761743766 0.972531960279
vt 0.890625000000 0.972531960279
vt 0.890625000000 0.984375000000
vt 0.905761743766 0.984375000000
vt 0.905761743766 0.972531960280
vt 0.890625000000 0.972531960280
vt 0.890625000000 0.984375000000
vt 0.905761743766 0.984375000000
vt 0.905761743766 0.972531960280
vt 0.890625000000 0.972531960280
vt 0.718750000000 0.984375000000
vt 0.733886743766 0.984375000000
vt 0.733886743766 0.960828954142
vt 0.718750000000 0.960828954142
vt 0.718750000000 0.984375000000
vt 0.742296045858 0.984375000000
vt 0.742296045858 0.969238256234
vt 0.718750000000 0.969238256234
vt 0.718750000000 0.984375000000
vt 0.733886743766 0.984375000000
vt 0.733886743766 0.969238256234
vt 0.718750000000 0.969238256234
vt 0.718750000000 0.984375000000
vt 0.733886743766 0.984375000000
vt 0.733886743766 0.969238256234
vt 0.718750000000 0.969238256234
vt 0.718750000000 0.984375000000
vt 0.733886743766 0.984375000000
vt 0.733886743766 0.960828954142
vt 0.718750000000 0.960828954142
vt 0.718750000000 0.984375000000
vt 0.742296045858 0.984375000000
vt 0.742296045858 0.969238256234
vt 0.718750000000 0.969238256234
vt 0.718750000000 0.984375000000
vt 0.733886743766 0.984375000000
vt 0.733886743766 0.960828954142
vt 0.718750000000 0.960828954142
vt 0.718750000000 0.984375000000
vt 0.742296045858 0.984375000000
vt 0.742296045858 0.969238256234
vt 0.718750000000 0.969238256234
vt 0.718750000000 0.984375000000
vt 0.733886743766 0.984375000000
vt 0.733886743766 0.969238256234
vt 0.718750000000 0.969238256234
vt 0.718750000000 0.984375000000
vt 0.733886743766 0.984375000000
vt 0.733886743766 0.969238256234
vt 0.718750000000 0.969238256234
vt 0.718750000001 0.984375000000
vt 0.733886743766 0.984375000000
vt 0.733886743766 0.960828954142
vt 0.718750000000 0.960828954142
vt 0.718750000000 0.984375000000
vt 0.742296045858 0.984375000000
vt 0.742296045858 0.969238256234
vt 0.718750000000 0.969238256234
vt 0.718750000000 0.984375000000
vt 0.733886743766 0.984375000000
vt 0.733886743766 0.960828954142
vt 0.718750000000 0.960828954142
vt 0.718750000000 0.984375000000
vt 0.742296045858 0.984375000000
vt 0.742296045858 0.969238256234
vt 0.718750000000 0.969238256234
vt 0.718750000000 0.984375000000
vt 0.733886743766 0.984375000000
vt 0.733886743766 0.969238256234
vt 0.718750000000 0.969238256234
vt 0.718750000000 0.984375000000
vt 0.733886743766 0.984375000000
vt 0.733886743766 0.969238256234
vt 0.718750000000 0.969238256234
vt 0.718750000000 0.984375000000
vt 0.733886743766 0.984375000000
vt 0.733886743766 0.960828954142
vt 0.718750000000 0.960828954142
vt 0.718750000000 0.984375000000
vt 0.742296045858 0.984375000000
vt 0.742296045858 0.969238256234
vt 0.718750000000 0.969238256234
vt 0.718750000000 0.984375000000
vt 0.733886743766 0.984375000000
vt 0.733886743766 0.960828954142
vt 0.718750000000 0.960828954142
vt 0.718750000000 0.984375000000
vt 0.742296045858 0.984375000000
vt 0.742296045858 0.969238256234
vt 0.718750000000 0.969238256234
vt 0.718750000000 0.984375000000
vt 0.733886743766 0.984375000000
vt 0.733886743766 0.969238256234
vt 0.718750000000 0.969238256234
vt 0.718750000000 0.984375000000
vt 0.733886743766 0.984375000000
vt 0.733886743766 0.969238256234
vt 0.718750000000 0.969238256234
vt 0.718750000000 0.984375000000
vt 0.733886743766 0.984375000000
vt 0.733886743766 0.960828954142
vt 0.718750000000 0.960828954142
vt 0.718750000000 0.984375000000
vt 0.742296045858 0.984375000000
vt 0.742296045858 0.969238256234
vt 0.718750000000 0.969238256234
vt 0.718750000000 0.984375000000
vt 0.733886743766 0.984375000000
vt 0.733886743766 0.960828954142
vt 0.718750000000 0.960828954142
vt 0.718750000000 0.984375000000
vt 0.742296045858 0.984375000000
vt 0.742296045858 0.969238256234
vt 0.718750000000 0.969238256234
vt 0.718750000000 0.984375000000
vt 0.733886743766 0.984375000000
vt 0.733886743766 0.969238256234
vt 0.718750000000 0.969238256234
vt 0.718750000000 0.984375000000
vt 0.733886743766 0.984375000000
vt 0.733886743766 0.969238256234
vt 0.718750000000 0.969238256234
vt 0.718750000000 0.984375000000
vt 0.733886743766 0.984375000000
vt 0.733886743766 0.960828954142
vt 0.718750000000 0.960828954142
vt 0.718750000000 0.984375000000
vt 0.742296045858 0.984375000000
vt 0.742296045858 0.969238256234
vt 0.718750000000 0.969238256234
vt 0.718750000000 0.984375000000
vt 0.733886743766 0.984375000000
vt 0.733886743766 0.960828954142
vt 0.718750000000 0.960828954142
vt 0.718750000000 0.984375000000
vt 0.742296045858 0.984375000000
vt 0.742296045858 0.969238256234
vt 0.718750000000 0.969238256234
vt 0.718750000000 0.984375000000
vt 0.733886743765 0.984375000000
vt 0.733886743765 0.969238256234
vt 0.718750000000 0.969238256234
vt 0.718750000000 0.984375000000
vt 0.733886743766 0.984375000000
vt 0.733886743766 0.969238256235
vt 0.718750000000 0.969238256235
vt 0.718750000000 0.984375000000
vt 0.733886743765 0.984375000000
vt 0.733886743766 0.960828954142
vt 0.718750000000 0.960828954142
vt 0.718750000000 0.984375000000
vt 0.742296045858 0.984375000000
vt 0.742296045858 0.969238256235
vt 0.718750000000 0.969238256235
vt 0.718750000000 0.984375000000
vt 0.733886743766 0.984375000000
vt 0.733886743766 0.960828954142
vt 0.718750000000 0.960828954142
vt 0.718750000000 0.984375000000
vt 0.742296045858 0.984375000000
vt 0.742296045858 0.969238256234
vt 0.718750000000 0.969238256234
vt 0.718750000000 0.984375000000
vt 0.733886743766 0.984375000000
vt 0.733886743766 0.969238256234
vt 0.718750000000 0.969238256234
vt 0.718750000000 0.984375000000
vt 0.733886743766 0.984375000000
vt 0.733886743766 0.969238256234
vt 0.718750000000 0.969238256234
vt 0.718750000000 0.984375000000
vt 0.733886743766 0.984375000000
vt 0.733886743766 0.960828954142
vt 0.718750000000 0.960828954142
vt 0.718750000000 0.984375000000
vt 0.742296045858 0.984375000000
vt 0.742296045858 0.969238256234
vt 0.718750000000 0.969238256234
vt 0.718750000000 0.984375000000
vt 0.733886743766 0.984375000000
vt 0.733886743766 0.960828954142
vt 0.718750000000 0.960828954142
vt 0.718750000000 0.984375000000
vt 0.742296045858 0.984375000000
vt 0.742296045858 0.969238256234
vt 0.718750000000 0.969238256234
vt 0.718750000000 0.984375000000
vt 0.733886743766 0.984375000000
vt 0.733886743766 0.969238256234
vt 0.718750000000 0.969238256234
vt 0.718750000000 0.984375000000
vt 0.733886743766 0.984375000000
vt 0.733886743766 0.969238256234
vt 0.718750000000 0.969238256234
vt 0.718750000000 0.984375000000
vt 0.733886743766 0.984375000000
vt 0.733886743766 0.960828954142
vt 0.718750000000 0.960828954142
vt 0.718750000000 0.984375000000
vt 0.742296045858 0.984375000000
vt 0.742296045858 0.969238256234
vt 0.718750000000 0.969238256234
vt 0.203125000000 0.984375000000
vt 0.296555336001 0.984375000000
vt 0.296555336001 0.965874535397
vt 0.203125000000 0.965874535397
vt 0.203125000000 0.984375000000
vt 0.221625464603 0.984375000000
vt 0.221625464603 0.890944663999
vt 0.203125000001 0.890944663999
vt 0.203125000000 0.984375000000
vt 0.223307325021 0.984375000000
vt 0.223307325021 0.890944663999
vt 0.203125000000 0.890944663999
vt 0.203125000000 0.984375000000
vt 0.296555336001 0.984375000000
vt 0.296555336001 0.964192674979
vt 0.203125000000 0.964192674979
vt 0.203125000000 0.984375000000
vt 0.223307325021 0.984375000000
vt 0.223307325021 0.965874535397
vt 0.203125000000 0.965874535397
vt 0.203125000000 0.984375000000
vt 0.221625464603 0.984375000000
vt 0.221625464603 0.964192674979
vt 0.203125000000 0.964192674979
vt 0.415255275577 0.984375000000
vt 0.450087745343 0.984375000000
vt 0.474718020921 0.959744724423
vt 0.474718020921 0.924912254657
vt 0.450087745344 0.900281979080
vt 0.415255275578 0.900281979079
vt 0.390625000001 0.924912254656
vt 0.390625000000 0.959744724422
vt 0.415255275577 0.984375000000
vt 0.450087745343 0.984375000000
vt 0.474718020921 0.959744724423
vt 0.474718020921 0.924912254657
vt 0.450087745344 0.900281979080
vt 0.415255275578 0.900281979079
vt 0.390625000001 0.924912254656
vt 0.390625000000 0.959744724422
vt 0.390625000000 0.984375000000
vt 0.403070767096 0.984375000000
vt 0.403070767096 0.949542530234
vt 0.390625000000 0.949542530234
vt 0.390625000000 0.984375000000
vt 0.403070767096 0.984375000000
vt 0.403070767096 0.949542530234
vt 0.390625000000 0.949542530234
vt 0.390625000000 0.984375000000
vt 0.403070767096 0.984375000000
vt 0.403070767096 0.949542530234
vt 0.390625000000 0.949542530234
vt 0.390625000000 0.984375000000
vt 0.403070767096 0.984375000000
vt 0.403070767096 0.949542530233
vt 0.390625000000 0.949542530233
vt 0.390625000000 0.984375000000
vt 0.403070767096 0.984375000000
vt 0.403070767096 0.949542530234
vt 0.390625000000 0.949542530234
vt 0.390625000000 0.984375000000
vt 0.403070767096 0.984375000000
vt 0.403070767096 0.949542530234
vt 0.390625000000 0.949542530234
vt 0.390625000000 0.984375000000
vt 0.403070767096 0.984375000000
vt 0.403070767096 0.949542530234
vt 0.390625000000 0.949542530234
vt 0.390625000000 0.984375000000
vt 0.403070767096 0.984375000000
vt 0.403070767096 0.949542530233
vt 0.390625000000 0.949542530233
vt 0.898999293696 0.984375000000
vt 0.910842333417 0.984375000000
vt 0.919216627113 0.976000706304
vt 0.919216627113 0.964157666583
vt 0.910842333417 0.955783372887
vt 0.898999293696 0.955783372887
vt 0.890625000000 0.964157666583
vt 0.890625000000 0.976000706304
vt 0.898999293696 0.984375000000
vt 0.910842333417 0.984375000000
vt 0.919216627113 0.976000706304
vt 0.919216627113 0.964157666583
vt 0.910842333417 0.955783372887
vt 0.898999293696 0.955783372887
vt 0.890625000000 0.964157666583
vt 0.890625000000 0.976000706304
vt 0.890625000000 0.984375000000
vt 0.905761743766 0.984375000000
vt 0.905761743766 0.972531960279
vt 0.890625000000 0.972531960279
vt 0.890625000000 0.984375000000
vt 0.905761743766 0.984375000000
vt 0.905761743766 0.972531960279
vt 0.890625000000 0.972531960279
vt 0.890625000000 0.984375000000
vt 0.905761743766 0.984375000000
vt 0.905761743766 0.972531960280
vt 0.890625000000 0.972531960280
vt 0.890625000000 0.984375000000
vt 0.905761743766 0.984375000000
vt 0.905761743766 0.972531960280
vt 0.890625000000 0.972531960280
vt 0.890625000000 0.984375000000
vt 0.905761743766 0.984375000000
vt 0.905761743766 0.972531960280
vt 0.890625000000 0.972531960280
vt 0.890625000000 0.984375000000
vt 0.905761743766 0.984375000000
vt 0.905761743766 0.972531960279
vt 0.890625000000 0.972531960279
vt 0.890625000000 0.984375000000
vt 0.905761743766 0.984375000000
vt 0.905761743766 0.972531960279
vt 0.890625000000 0.972531960279
vt 0.890625000000 0.984375000000
vt 0.905761743766 0.984375000000
vt 0.905761743766 0.972531960280
vt 0.890625000000 0.972531960280
vt 0.718750000000 0.984375000000
vt 0.733886743766 0.984375000000
vt 0.733886743766 0.960828954142
vt 0.718750000000 0.960828954142
vt 0.718750000000 0.984375000000
vt 0.742296045858 0.984375000000
vt 0.742296045858 0.969238256234
vt 0.718750000000 0.969238256234
vt 0.718750000000 0.984375000000
vt 0.733886743766 0.984375000000
vt 0.733886743766 0.969238256234
vt 0.718750000000 0.969238256234
vt 0.718750000000 0.984375000000
vt 0.733886743766 0.984375000000
vt 0.733886743766 0.969238256234
vt 0.718750000000 0.969238256234
vt 0.718750000000 0.984375000000
vt 0.733886743766 0.984375000000
vt 0.733886743766 0.960828954142
vt 0.718750000000 0.960828954142
vt 0.718750000000 0.984375000000
vt 0.742296045858 0.984375000000
vt 0.742296045858 0.969238256234
vt 0.718750000000 0.969238256234
vt 0.718750000000 0.984375000000
vt 0.733886743766 0.984375000000
vt 0.733886743766 0.960828954142
vt 0.718750000000 0.960828954142
vt 0.718750000000 0.984375000000
vt 0.742296045858 0.984375000000
vt 0.742296045858 0.969238256234
vt 0.718750000000 0.969238256234
vt 0.718750000000 0.984375000000
vt 0.733886743765 0.984375000000
vt 0.733886743765 0.969238256234
vt 0.718750000000 0.969238256234
vt 0.718750000000 0.984375000000
vt 0.733886743766 0.984375000000
vt 0.733886743766 0.969238256234
vt 0.718750000000 0.969238256234
vt 0.718750000000 0.984375000000
vt 0.733886743765 0.984375000000
vt 0.733886743766 0.960828954142
vt 0.718750000000 0.960828954142
vt 0.718750000000 0.984375000000
vt 0.742296045858 0.984375000000
vt 0.742296045858 0.969238256234
vt 0.718750000000 0.969238256235
vt 0.718750000000 0.984375000000
vt 0.733886743766 0.984375000000
vt 0.733886743766 0.960828954142
vt 0.718750000000 0.960828954142
vt 0.718750000000 0.984375000000
vt 0.742296045858 0.984375000000
vt 0.742296045858 0.969238256234
vt 0.718750000000 0.969238256234
vt 0.718750000000 0.984375000000
vt 0.733886743766 0.984375000000
vt 0.733886743766 0.969238256234
vt 0.718750000000 0.969238256234
vt 0.718750000000 0.984375000000
vt 0.733886743766 0.984375000000
vt 0.733886743766 0.969238256234
vt 0.718750000000 0.969238256234
vt 0.718750000000 0.984375000000
vt 0.733886743766 0.984375000000
vt 0.733886743766 0.960828954142
vt 0.718750000000 0.960828954142
vt 0.718750000000 0.984375000000
vt 0.742296045858 0.984375000000
vt 0.742296045858 0.969238256234
vt 0.718750000000 0.969238256234
vt 0.718750000000 0.984375000000
vt 0.733886743766 0.984375000000
vt 0.733886743766 0.960828954142
vt 0.718750000000 0.960828954142
vt 0.718750000000 0.984375000000
vt 0.742296045858 0.984375000000
vt 0.742296045858 0.969238256234
vt 0.718750000000 0.969238256234
vt 0.718750000000 0.984375000000
vt 0.733886743766 0.984375000000
vt 0.733886743766 0.969238256234
vt 0.718750000000 0.969238256234
vt 0.718750000000 0.984375000000
vt 0.733886743766 0.984375000000
vt 0.733886743766 0.969238256234
vt 0.718750000000 0.969238256234
vt 0.718750000000 0.984375000000
vt 0.733886743766 0.984375000000
vt 0.733886743766 0.960828954142
vt 0.718750000000 0.960828954142
vt 0.718750000000 0.984375000000
vt 0.742296045858 0.984375000000
vt 0.742296045858 0.969238256234
vt 0.718750000000 0.969238256234
vt 0.718750000000 0.984375000000
vt 0.733886743766 0.984375000000
vt 0.733886743766 0.960828954142
vt 0.718750000000 0.960828954142
vt 0.718750000000 0.984375000000
vt 0.742296045858 0.984375000000
vt 0.742296045858 0.969238256234
vt 0.718750000000 0.969238256234
vt 0.718750000000 0.984375000000
vt 0.733886743766 0.984375000000
vt 0.733886743766 0.969238256234
vt 0.718750000000 0.969238256234
vt 0.718750000000 0.984375000000
vt 0.733886743766 0.984375000000
vt 0.733886743766 0.969238256234
vt 0.718750000000 0.969238256234
vt 0.718750000000 0.984375000000
vt 0.733886743766 0.984375000000
vt 0.733886743766 0.960828954142
vt 0.718750000000 0.960828954142
vt 0.718750000000 0.984375000000
vt 0.742296045858 0.984375000000
vt 0.742296045858 0.969238256234
vt 0.718750000000 0.969238256234
vt 0.718750000000 0.984375000000
vt 0.733886743766 0.984375000000
vt 0.733886743766 0.960828954142
vt 0.718750000000 0.960828954142
vt 0.718750000000 0.984375000000
vt 0.742296045858 0.984375000000
vt 0.742296045858 0.969238256234
vt 0.718750000000 0.969238256234
vt 0.718750000000 0.984375000000
vt 0.733886743766 0.984375000000
vt 0.733886743766 0.969238256234
vt 0.718750000000 0.969238256234
vt 0.718750000000 0.984375000000
vt 0.733886743766 0.984375000000
vt 0.733886743766 0.969238256235
vt 0.718750000000 0.969238256235
vt 0.718750000000 0.984375000000
vt 0.733886743766 0.984375000000
vt 0.733886743765 0.960828954142
vt 0.718750000000 0.960828954142
vt 0.718750000000 0.984375000000
vt 0.742296045858 0.984375000000
vt 0.742296045858 0.969238256235
vt 0.718750000000 0.969238256234
vt 0.718750000000 0.984375000000
vt 0.733886743766 0.984375000000
vt 0.733886743766 0.960828954142
vt 0.718750000000 0.960828954142
vt 0.718750000000 0.984375000000
vt 0.742296045858 0.984375000000
vt 0.742296045858 0.969238256234
vt 0.718750000000 0.969238256234
vt 0.718750000000 0.984375000000
vt 0.733886743766 0.984375000000
vt 0.733886743766 0.969238256234
vt 0.718750000000 0.969238256234
vt 0.718750000000 0.984375000000
vt 0.733886743766 0.984375000000
vt 0.733886743766 0.969238256234
vt 0.718750000000 0.969238256234
vt 0.718750000000 0.984375000000
vt 0.733886743766 0.984375000000
vt 0.733886743766 0.960828954142
vt 0.718750000000 0.960828954142
vt 0.718750000000 0.984375000000
vt 0.742296045858 0.984375000000
vt 0.742296045858 0.969238256234
vt 0.718750000000 0.969238256234
vt 0.718750000000 0.984375000000
vt 0.733886743766 0.984375000000
vt 0.733886743766 0.960828954142
vt 0.718750000000 0.960828954142
vt 0.718750000000 0.984375000000
vt 0.742296045858 0.984375000000
vt 0.742296045858 0.969238256234
vt 0.718750000000 0.969238256234
vt 0.718750000000 0.984375000000
vt 0.733886743766 0.984375000000
vt 0.733886743766 0.969238256234
vt 0.718750000000 0.969238256234
vt 0.718750000000 0.984375000000
vt 0.733886743766 0.984375000000
vt 0.733886743766 0.969238256234
vt 0.718750000000 0.969238256234
vt 0.718750000000 0.984375000000
vt 0.733886743766 0.984375000000
vt 0.733886743766 0.960828954142
vt 0.718750000000 0.960828954142
vt 0.718750000000 0.984375000000
vt 0.742296045858 0.984375000000
vt 0.742296045858 0.969238256234
vt 0.718750000000 0.969238256234
vt 0.411314431485 0.984375000000
vt 0.440573706088 0.984375000000
vt 0.461263137573 0.963685568515
vt 0.461263137573 0.934426293912
vt 0.440573706088 0.913736862427
vt 0.411314431485 0.913736862427
vt 0.390625000000 0.934426293912
vt 0.390625000000 0.963685568515
vt 0.411314431485 0.984375000000
vt 0.440573706088 0.984375000000
vt 0.461263137573 0.963685568515
vt 0.461263137573 0.934426293912
vt 0.440573706088 0.913736862427
vt 0.411314431485 0.913736862427
vt 0.390625000000 0.934426293912
vt 0.390625000000 0.963685568515
vt 0.390625000000 0.984375000000
vt 0.430989650042 0.984375000000
vt 0.430989650042 0.955115725396
vt 0.390625000000 0.955115725396
vt 0.390625000000 0.984375000000
vt 0.430989650042 0.984375000000
vt 0.430989650042 0.955115725397
vt 0.390625000000 0.955115725397
vt 0.390625000000 0.984375000000
vt 0.430989650042 0.984375000000
vt 0.430989650042 0.955115725396
vt 0.390625000000 0.955115725396
vt 0.390625000000 0.984375000000
vt 0.430989650042 0.984375000000
vt 0.430989650042 0.955115725397
vt 0.390625000000 0.955115725397
vt 0.390625000000 0.984375000000
vt 0.430989650042 0.984375000000
vt 0.430989650042 0.955115725396
vt 0.390625000000 0.955115725396
vt 0.390625000000 0.984375000000
vt 0.430989650042 0.984375000000
vt 0.430989650042 0.955115725397
vt 0.390625000000 0.955115725397
vt 0.390625000000 0.984375000000
vt 0.430989650042 0.984375000000
vt 0.430989650042 0.955115725396
vt 0.390625000000 0.955115725396
vt 0.390625000000 0.984375000000
vt 0.430989650042 0.984375000000
vt 0.430989650042 0.955115725397
vt 0.390625000000 0.955115725397
vt 0.734020770858 0.984375000000
vt 0.755616902113 0.984375000000
vt 0.770887672971 0.969104229142
vt 0.770887672971 0.947508097887
vt 0.755616902113 0.932237327029
vt 0.734020770858 0.932237327029
vt 0.718750000000 0.947508097887
vt 0.718750000000 0.969104229142
vt 0.734020770858 0.984375000000
vt 0.755616902113 0.984375000000
vt 0.770887672971 0.969104229142
vt 0.770887672971 0.947508097887
vt 0.755616902113 0.932237327029
vt 0.734020770858 0.932237327029
vt 0.718750000000 0.947508097887
vt 0.718750000000 0.969104229142
vt 0.718750000000 0.984375000000
vt 0.754069068787 0.984375000000
vt 0.754069068787 0.962778868745
vt 0.718750000000 0.962778868745
vt 0.718750000000 0.984375000000
vt 0.754069068787 0.984375000000
vt 0.754069068787 0.962778868745
vt 0.718750000000 0.962778868745
vt 0.718750000000 0.984375000000
vt 0.754069068787 0.984375000000
vt 0.754069068787 0.962778868745
vt 0.718750000000 0.962778868745
vt 0.718750000000 0.984375000000
vt 0.754069068787 0.984375000000
vt 0.754069068787 0.962778868745
vt 0.718750000000 0.962778868745
vt 0.718750000000 0.984375000000
vt 0.754069068787 0.984375000000
vt 0.754069068787 0.962778868745
vt 0.718750000000 0.962778868745
vt 0.718750000000 0.984375000000
vt 0.754069068787 0.984375000000
vt 0.754069068787 0.962778868745
vt 0.718750000000 0.962778868745
vt 0.718750000000 0.984375000000
vt 0.754069068787 0.984375000000
vt 0.754069068787 0.962778868745
vt 0.718750000000 0.962778868745
vt 0.718750000000 0.984375000000
vt 0.754069068787 0.984375000000
vt 0.754069068787 0.962778868745
vt 0.718750000000 0.962778868745
vt 0.400969715742 0.984375000000
vt 0.415599353044 0.984375000000
vt 0.425944068786 0.974030284258
vt 0.425944068786 0.959400646956
vt 0.415599353044 0.949055931214
vt 0.400969715742 0.949055931214
vt 0.390625000000 0.959400646956
vt 0.390625000000 0.974030284258
vt 0.400969715742 0.984375000000
vt 0.415599353044 0.984375000000
vt 0.425944068786 0.974030284258
vt 0.425944068786 0.959400646956
vt 0.415599353044 0.949055931214
vt 0.400969715742 0.949055931214
vt 0.390625000000 0.959400646956
vt 0.390625000000 0.974030284258
vt 0.390625000000 0.984375000000
vt 0.420898487531 0.984375000000
vt 0.420898487531 0.969745362698
vt 0.390625000000 0.969745362698
vt 0.390625000000 0.984375000000
vt 0.420898487531 0.984375000000
vt 0.420898487531 0.969745362698
vt 0.390625000000 0.969745362698
vt 0.390625000000 0.984375000000
vt 0.420898487531 0.984375000000
vt 0.420898487531 0.969745362698
vt 0.390625000000 0.969745362698
vt 0.390625000000 0.984375000000
vt 0.420898487531 0.984375000000
vt 0.420898487531 0.969745362698
vt 0.390625000000 0.969745362698
vt 0.390625000000 0.984375000000
vt 0.420898487531 0.984375000000
vt 0.420898487531 0.969745362698
vt 0.390625000000 0.969745362698
vt 0.390625000000 0.984375000000
vt 0.420898487531 0.984375000000
vt 0.420898487531 0.969745362698
vt 0.390625000000 0.969745362698
vt 0.390625000000 0.984375000000
vt 0.420898487531 0.984375000000
vt 0.420898487531 0.969745362698
vt 0.390625000000 0.969745362698
vt 0.390625000000 0.984375000000
vt 0.420898487531 0.984375000000
vt 0.420898487531 0.969745362698
vt 0.390625000000 0.969745362698
vt 0.723676055116 0.984375000000
vt 0.730642549069 0.984375000000
vt 0.735568604184 0.979448944884
vt 0.735568604184 0.972482450931
vt 0.730642549069 0.967556395816
vt 0.723676055115 0.967556395816
vt 0.718750000000 0.972482450931
vt 0.718750000000 0.979448944885
vt 0.723676055115 0.984375000000
vt 0.730642549069 0.984375000000
vt 0.735568604184 0.979448944885
vt 0.735568604184 0.972482450931
vt 0.730642549069 0.967556395816
vt 0.723676055116 0.967556395816
vt 0.718750000000 0.972482450931
vt 0.718750000000 0.979448944884
vt 0.718750000000 0.984375000000
vt 0.738932325021 0.984375000000
vt 0.738932325021 0.977408506047
vt 0.718750000000 0.977408506047
vt 0.718750000000 0.984375000000
vt 0.738932325021 0.984375000000
vt 0.738932325021 0.977408506047
vt 0.718750000000 0.977408506047
vt 0.718750000000 0.984375000000
vt 0.738932325021 0.984375000000
vt 0.738932325021 0.977408506047
vt 0.718750000000 0.977408506047
vt 0.718750000000 0.984375000000
vt 0.738932325021 0.984375000000
vt 0.738932325021 0.977408506047
vt 0.718750000000 0.977408506047
vt 0.718750000000 0.984375000000
vt 0.738932325021 0.984375000000
vt 0.738932325021 0.977408506047
vt 0.718750000000 0.977408506047
vt 0.718750000000 0.984375000000
vt 0.738932325021 0.984375000000
vt 0.738932325021 0.977408506047
vt 0.718750000000 0.977408506047
vt 0.718750000000 0.984375000000
vt 0.738932325021 0.984375000000
vt 0.738932325021 0.977408506047
vt 0.718750000000 0.977408506047
vt 0.718750000000 0.984375000000
vt 0.738932325021 0.984375000000
vt 0.738932325021 0.977408506047
vt 0.718750000000 0.977408506047
vt 0.953125000000 0.984375000000
vt 0.981716627113 0.984375000000
vt 0.981716627113 0.955783372887
vt 0.953125000000 0.955783372887
vt 0.953125000000 0.984375000000
vt 0.981716627113 0.984375000000
vt 0.981716627113 0.955783372887
vt 0.953125000000 0.955783372887
vt 0.953125000000 0.984375000000
vt 0.981716627113 0.984375000000
vt 0.981716627113 0.955783372887
vt 0.953125000000 0.955783372887
vt 0.953125000000 0.984375000000
vt 0.981716627113 0.984375000000
vt 0.981716627113 0.955783372887
vt 0.953125000000 0.955783372887
vt 0.953125000000 0.984375000000
vt 0.981716627113 0.984375000000
vt 0.981716627113 0.955783372887
vt 0.953125000000 0.955783372887
vt 0.953125000000 0.984375000000
vt 0.981716627113 0.984375000000
vt 0.981716627113 0.955783372887
vt 0.953125000000 0.955783372887
vt 0.953125000000 0.984375000000
vt 0.976671045858 0.984375000000
vt 0.976671045858 0.960828954142
vt 0.953125000000 0.960828954142
vt 0.953125000000 0.984375000000
vt 0.976671045858 0.984375000000
vt 0.976671045858 0.960828954142
vt 0.953125000000 0.960828954142
vt 0.953125000000 0.984375000000
vt 0.976671045858 0.984375000000
vt 0.976671045858 0.960828954142
vt 0.953125000000 0.960828954142
vt 0.953125000000 0.984375000000
vt 0.976671045858 0.984375000000
vt 0.976671045858 0.960828954142
vt 0.953125000000 0.960828954142
vt 0.953125000000 0.984375000000
vt 0.976671045858 0.984375000000
vt 0.976671045858 0.960828954142
vt 0.953125000000 0.960828954142
vt 0.953125000000 0.984375000000
vt 0.976671045858 0.984375000000
vt 0.976671045858 0.960828954142
vt 0.953125000000 0.960828954142
vt 0.953125000000 0.984375000000
vt 0.973307325021 0.984375000000
vt 0.973307325021 0.964192674979
vt 0.953125000000 0.964192674979
vt 0.953125000000 0.984375000000
vt 0.973307325021 0.984375000000
vt 0.973307325021 0.964192674979
vt 0.953125000000 0.964192674979
vt 0.953125000000 0.984375000000
vt 0.973307325021 0.984375000000
vt 0.973307325021 0.964192674979
vt 0.953125000000 0.964192674979
vt 0.953125000000 0.984375000000
vt 0.973307325021 0.984375000000
vt 0.973307325021 0.964192674979
vt 0.953125000000 0.964192674979
vt 0.953125000000 0.984375000000
vt 0.973307325021 0.984375000000
vt 0.973307325021 0.964192674979
vt 0.953125000000 0.964192674979
vt 0.953125000000 0.984375000000
vt 0.973307325021 0.984375000000
vt 0.973307325021 0.964192674979
vt 0.953125000000 0.964192674979
vt 0.953125000000 0.984375000000
vt 0.969943604184 0.984375000000
vt 0.969943604184 0.967556395816
vt 0.953125000000 0.967556395816
vt 0.953125000000 0.984375000000
vt 0.969943604184 0.984375000000
vt 0.969943604184 0.967556395816
vt 0.953125000000 0.967556395816
vt 0.953125000000 0.984375000000
vt 0.969943604184 0.984375000000
vt 0.969943604184 0.967556395816
vt 0.953125000000 0.967556395816
vt 0.953125000000 0.984375000000
vt 0.969943604184 0.984375000000
vt 0.969943604184 0.967556395816
vt 0.953125000000 0.967556395816
vt 0.953125000000 0.984375000000
vt 0.969943604184 0.984375000000
vt 0.969943604184 0.967556395816
vt 0.953125000000 0.967556395816
vt 0.953125000000 0.984375000000
vt 0.969943604184 0.984375000000
vt 0.969943604184 0.967556395816
vt 0.953125000000 0.967556395816
usemtl atlas
s off
g root
g body
f 1/1 4/2 3/3
f 1/1 3/3 2/4
f 5/5 6/6 7/7
f 5/5 7/7 8/8
f 1/9 5/10 8/11
f 1/9 8/11 4/12
f 2/13 3/14 7/15
f 2/13 7/15 6/16
f 4/17 8/18 7/19
f 4/17 7/19 3/20
f 1/21 2/22 6/23
f 1/21 6/23 5/24
f 9/25 12/26 11/27
f 9/25 11/27 10/28
f 13/29 14/30 15/31
f 13/29 15/31 16/32
f 9/33 13/34 16/35
f 9/33 16/35 12/36
f 10/37 11/38 15/39
f 10/37 15/39 14/40
f 12/41 16/42 15/43
f 12/41 15/43 11/44
f 9/45 10/46 14/47
f 9/45 14/47 13/48
f 17/49 20/50 19/51
f 17/49 19/51 18/52
f 21/53 22/54 23/55
f 21/53 23/55 24/56
f 17/57 21/58 24/59
f 17/57 24/59 20/60
f 18/61 19/62 23/63
f 18/61 23/63 22/64
f 20/65 24/66 23/67
f 20/65 23/67 19/68
f 17/69 18/70 22/71
f 17/69 22/71 21/72
f 25/73 28/74 27/75
f 25/73 27/75 26/76
f 29/77 30/78 31/79
f 29/77 31/79 32/80
f 25/81 29/82 32/83
f 25/81 32/83 28/84
f 26/85 27/86 31/87
f 26/85 31/87 30/88
f 28/89 32/90 31/91
f 28/89 31/91 27/92
f 25/93 26/94 30/95
f 25/93 30/95 29/96
f 33/97 36/98 35/99
f 33/97 35/99 34/100
f 37/101 38/102 39/103
f 37/101 39/103 40/104
f 33/105 37/106 40/107
f 33/105 40/107 36/108
f 34/109 35/110 39/111
f 34/109 39/111 38/112
f 36/113 40/114 39/115
f 36/113 39/115 35/116
f 33/117 34/118 38/119
f 33/117 38/119 37/120
f 41/121 44/122 43/123
f 41/121 43/123 42/124
f 45/125 46/126 47/127
f 45/125 47/127 48/128
f 41/129 45/130 48/131
f 41/129 48/131 44/132
f 42/133 43/134 47/135
f 42/133 47/135 46/136
f 44/137 48/138 47/139
f 44/137 47/139 43/140
f 41/141 42/142 46/143
f 41/141 46/143 45/144
f 49/145 52/146 51/147
f 49/145 51/147 50/148
f 53/149 54/150 55/151
f 53/149 55/151 56/152
f 49/153 53/154 56/155
f 49/153 56/155 52/156
f 50/157 51/158 55/159
f 50/157 55/159 54/160
f 52/161 56/162 55/163
f 52/161 55/163 51/164
f 49/165 50/166 54/167
f 49/165 54/167 53/168
f 57/169 60/170 59/171
f 57/169 59/171 58/172
f 61/173 62/174 63/175
f 61/173 63/175 64/176
f 57/177 61/178 64/179
f 57/177 64/179 60/180
f 58/181 59/182 63/183
f 58/181 63/183 62/184
f 60/185 64/186 63/187
f 60/185 63/187 59/188
f 57/189 58/190 62/191
f 57/189 62/191 61/192
f 65/193 68/194 67/195
f 65/193 67/195 66/196
f 69/197 70/198 71/199
f 69/197 71/199 72/200
f 65/201 69/202 72/203
f 65/201 72/203 68/204
f 66/205 67/206 71/207
f 66/205 71/207 70/208
f 68/209 72/210 71/211
f 68/209 71/211 67/212
f 65/213 66/214 70/215
f 65/213 70/215 69/216
f 73/217 76/218 75/219
f 73/217 75/219 74/220
f 77/221 78/222 79/223
f 77/221 79/223 80/224
f 73/225 77/226 80/227
f 73/225 80/227 76/228
f 74/229 75/230 79/231
f 74/229 79/231 78/232
f 76/233 80/234 79/235
f 76/233 79/235 75/236
f 73/237 74/238 78/239
f 73/237 78/239 77/240
f 81/241 84/242 83/243
f 81/241 83/243 82/244
f 85/245 86/246 87/247
f 85/245 87/247 88/248
f 81/249 85/250 88/251
f 81/249 88/251 84/252
f 82/253 83/254 87/255
f 82/253 87/255 86/256
f 84/257 88/258 87/259
f 84/257 87/259 83/260
f 81/261 82/262 86/263
f 81/261 86/263 85/264
f 89/265 92/266 91/267
f 89/265 91/267 90/268
f 93/269 94/270 95/271
f 93/269 95/271 96/272
f 89/273 93/274 96/275
f 89/273 96/275 92/276
f 90/277 91/278 95/279
f 90/277 95/279 94/280
f 92/281 96/282 95/283
f 92/281 95/283 91/284
f 89/285 90/286 94/287
f 89/285 94/287 93/288
f 97/289 100/290 99/291
f 97/289 99/291 98/292
f 101/293 102/294 103/295
f 101/293 103/295 104/296
f 97/297 101/298 104/299
f 97/297 104/299 100/300
f 98/301 99/302 103/303
f 98/301 103/303 102/304
f 100/305 104/306 103/307
f 100/305 103/307 99/308
f 97/309 98/310 102/311
f 97/309 102/311 101/312
f 201/601 204/602 203/603
f 201/601 203/603 202/604
f 205/605 206/606 207/607
f 205/605 207/607 208/608
f 201/609 205/610 208/611
f 201/609 208/611 204/612
f 202/613 203/614 207/615
f 202/613 207/615 206/616
f 204/617 208/618 207/619
f 204/617 207/619 203/620
f 201/621 202/622 206/623
f 201/621 206/623 205/624
f 305/913 308/914 307/915
f 305/913 307/915 306/916
f 309/917 310/918 311/919
f 309/917 311/919 312/920
f 305/921 309/922 312/923
f 305/921 312/923 308/924
f 306/925 307/926 311/927
f 306/925 311/927 310/928
f 308/929 312/930 311/931
f 308/929 311/931 307/932
f 305/933 306/934 310/935
f 305/933 310/935 309/936
f 409/1225 412/1226 411/1227
f 409/1225 411/1227 410/1228
f 413/1229 414/1230 415/1231
f 413/1229 415/1231 416/1232
f 409/1233 413/1234 416/1235
f 409/1233 416/1235 412/1236
f 410/1237 411/1238 415/1239
f 410/1237 415/1239 414/1240
f 412/1241 416/1242 415/1243
f 412/1241 415/1243 411/1244
f 409/1245 410/1246 414/1247
f 409/1245 414/1247 413/1248
g drill
f 513/1537 514/1538 515/1539
f 513/1537 515/1539 516/1540
f 513/1537 516/1540 517/1541
f 513/1537 517/1541 518/1542
f 513/1537 518/1542 519/1543
f 513/1537 519/1543 520/1544
f 528/1545 527/1546 526/1547
f 528/1545 526/1547 525/1548
f 528/1545 525/1548 524/1549
f 528/1545 524/1549 523/1550
f 528/1545 523/1550 522/1551
f 528/1545 522/1551 521/1552
f 513/1553 521/1554 522/1555
f 513/1553 522/1555 514/1556
f 514/1557 522/1558 523/1559
f 514/1557 523/1559 515/1560
f 515/1561 523/1562 524/1563
f 515/1561 524/1563 516/1564
f 516/1565 524/1566 525/1567
f 516/1565 525/1567 517/1568
f 517/1569 525/1570 526/1571
f 517/1569 526/1571 518/1572
f 518/1573 526/1574 527/1575
f 518/1573 527/1575 519/1576
f 519/1577 527/1578 528/1579
f 519/1577 528/1579 520/1580
f 520/1581 528/1582 521/1583
f 520/1581 521/1583 513/1584
f 529/1585 530/1586 531/1587
f 529/1585 531/1587 532/1588
f 529/1585 532/1588 533/1589
f 529/1585 533/1589 534/1590
f 529/1585 534/1590 535/1591
f 529/1585 535/1591 536/1592
f 544/1593 543/1594 542/1595
f 544/1593 542/1595 541/1596
f 544/1593 541/1596 540/1597
f 544/1593 540/1597 539/1598
f 544/1593 539/1598 538/1599
f 544/1593 538/1599 537/1600
f 529/1601 537/1602 538/1603
f 529/1601 538/1603 530/1604
f 530/1605 538/1606 539/1607
f 530/1605 539/1607 531/1608
f 531/1609 539/1610 540/1611
f 531/1609 540/1611 532/1612
f 532/1613 540/1614 541/1615
f 532/1613 541/1615 533/1616
f 533/1617 541/1618 542/1619
f 533/1617 542/1619 534/1620
f 534/1621 542/1622 543/1623
f 534/1621 543/1623 535/1624
f 535/1625 543/1626 544/1627
f 535/1625 544/1627 536/1628
f 536/1629 544/1630 537/1631
f 536/1629 537/1631 529/1632
f 545/1633 546/1634 547/1635
f 545/1633 547/1635 548/1636
f 545/1633 548/1636 549/1637
f 545/1633 549/1637 550/1638
f 545/1633 550/1638 551/1639
f 545/1633 551/1639 552/1640
f 560/1641 559/1642 558/1643
f 560/1641 558/1643 557/1644
f 560/1641 557/1644 556/1645
f 560/1641 556/1645 555/1646
f 560/1641 555/1646 554/1647
f 560/1641 554/1647 553/1648
f 545/1649 553/1650 554/1651
f 545/1649 554/1651 546/1652
f 546/1653 554/1654 555/1655
f 546/1653 555/1655 547/1656
f 547/1657 555/1658 556/1659
f 547/1657 556/1659 548/1660
f 548/1661 556/1662 557/1663
f 548/1661 557/1663 549/1664
f 549/1665 557/1666 558/1667
f 549/1665 558/1667 550/1668
f 550/1669 558/1670 559/1671
f 550/1669 559/1671 551/1672
f 551/1673 559/1674 560/1675
f 551/1673 560/1675 552/1676
f 552/1677 560/1678 553/1679
f 552/1677 553/1679 545/1680
f 561/1681 562/1682 563/1683
f 561/1681 563/1683 564/1684
f 561/1681 564/1684 565/1685
f 561/1681 565/1685 566/1686
f 561/1681 566/1686 567/1687
f 561/1681 567/1687 568/1688
f 576/1689 575/1690 574/1691
f 576/1689 574/1691 573/1692
f 576/1689 573/1692 572/1693
f 576/1689 572/1693 571/1694
f 576/1689 571/1694 570/1695
f 576/1689 570/1695 569/1696
f 561/1697 569/1698 570/1699
f 561/1697 570/1699 562/1700
f 562/1701 570/1702 571/1703
f 562/1701 571/1703 563/1704
f 563/1705 571/1706 572/1707
f 563/1705 572/1707 564/1708
f 564/1709 572/1710 573/1711
f 564/1709 573/1711 565/1712
f 565/1713 573/1714 574/1715
f 565/1713 574/1715 566/1716
f 566/1717 574/1718 575/1719
f 566/1717 575/1719 567/1720
f 567/1721 575/1722 576/1723
f 567/1721 576/1723 568/1724
f 568/1725 576/1726 569/1727
f 568/1725 569/1727 561/1728
g saw_0
f 105/313 106/314 107/315
f 105/313 107/315 108/316
f 105/313 108/316 109/317
f 105/313 109/317 110/318
f 105/313 110/318 111/319
f 105/313 111/319 112/320
f 120/321 119/322 118/323
f 120/321 118/323 117/324
f 120/321 117/324 116/325
f 120/321 116/325 115/326
f 120/321 115/326 114/327
f 120/321 114/327 113/328
f 105/329 113/330 114/331
f 105/329 114/331 106/332
f 106/333 114/334 115/335
f 106/333 115/335 107/336
f 107/337 115/338 116/339
f 107/337 116/339 108/340
f 108/341 116/342 117/343
f 108/341 117/343 109/344
f 109/345 117/346 118/347
f 109/345 118/347 110/348
f 110/349 118/350 119/351
f 110/349 119/351 111/352
f 111/353 119/354 120/355
f 111/353 120/355 112/356
f 112/357 120/358 113/359
f 112/357 113/359 105/360
f 121/361 122/362 123/363
f 121/361 123/363 124/364
f 121/361 124/364 125/365
f 121/361 125/365 126/366
f 121/361 126/366 127/367
f 121/361 127/367 128/368
f 136/369 135/370 134/371
f 136/369 134/371 133/372
f 136/369 133/372 132/373
f 136/369 132/373 131/374
f 136/369 131/374 130/375
f 136/369 130/375 129/376
f 121/377 129/378 130/379
f 121/377 130/379 122/380
f 122/381 130/382 131/383
f 122/381 131/383 123/384
f 123/385 131/386 132/387
f 123/385 132/387 124/388
f 124/389 132/390 133/391
f 124/389 133/391 125/392
f 125/393 133/394 134/395
f 125/393 134/395 126/396
f 126/397 134/398 135/399
f 126/397 135/399 127/400
f 127/401 135/402 136/403
f 127/401 136/403 128/404
f 128/405 136/406 129/407
f 128/405 129/407 121/408
f 137/409 140/410 139/411
f 137/409 139/411 138/412
f 141/413 142/414 143/415
f 141/413 143/415 144/416
f 137/417 141/418 144/419
f 137/417 144/419 140/420
f 138/421 139/422 143/423
f 138/421 143/423 142/424
f 140/425 144/426 143/427
f 140/425 143/427 139/428
f 137/429 138/430 142/431
f 137/429 142/431 141/432
f 145/433 148/434 147/435
f 145/433 147/435 146/436
f 149/437 150/438 151/439
f 149/437 151/439 152/440
f 145/441 149/442 152/443
f 145/441 152/443 148/444
f 146/445 147/446 151/447
f 146/445 151/447 150/448
f 148/449 152/450 151/451
f 148/449 151/451 147/452
f 145/453 146/454 150/455
f 145/453 150/455 149/456
f 153/457 156/458 155/459
f 153/457 155/459 154/460
f 157/461 158/462 159/463
f 157/461 159/463 160/464
f 153/465 157/466 160/467
f 153/465 160/467 156/468
f 154/469 155/470 159/471
f 154/469 159/471 158/472
f 156/473 160/474 159/475
f 156/473 159/475 155/476
f 153/477 154/478 158/479
f 153/477 158/479 157/480
f 161/481 164/482 163/483
f 161/481 163/483 162/484
f 165/485 166/486 167/487
f 165/485 167/487 168/488
f 161/489 165/490 168/491
f 161/489 168/491 164/492
f 162/493 163/494 167/495
f 162/493 167/495 166/496
f 164/497 168/498 167/499
f 164/497 167/499 163/500
f 161/501 162/502 166/503
f 161/501 166/503 165/504
f 169/505 172/506 171/507
f 169/505 171/507 170/508
f 173/509 174/510 175/511
f 173/509 175/511 176/512
f 169/513 173/514 176/515
f 169/513 176/515 172/516
f 170/517 171/518 175/519
f 170/517 175/519 174/520
f 172/521 176/522 175/523
f 172/521 175/523 171/524
f 169/525 170/526 174/527
f 169/525 174/527 173/528
f 177/529 180/530 179/531
f 177/529 179/531 178/532
f 181/533 182/534 183/535
f 181/533 183/535 184/536
f 177/537 181/538 184/539
f 177/537 184/539 180/540
f 178/541 179/542 183/543
f 178/541 183/543 182/544
f 180/545 184/546 183/547
f 180/545 183/547 179/548
f 177/549 178/550 182/551
f 177/549 182/551 181/552
f 185/553 188/554 187/555
f 185/553 187/555 186/556
f 189/557 190/558 191/559
f 189/557 191/559 192/560
f 185/561 189/562 192/563
f 185/561 192/563 188/564
f 186/565 187/566 191/567
f 186/565 191/567 190/568
f 188/569 192/570 191/571
f 188/569 191/571 187/572
f 185/573 186/574 190/575
f 185/573 190/575 189/576
f 193/577 196/578 195/579
f 193/577 195/579 194/580
f 197/581 198/582 199/583
f 197/581 199/583 200/584
f 193/585 197/586 200/587
f 193/585 200/587 196/588
f 194/589 195/590 199/591
f 194/589 199/591 198/592
f 196/593 200/594 199/595
f 196/593 199/595 195/596
f 193/597 194/598 198/599
f 193/597 198/599 197/600
g saw_1
f 209/625 210/626 211/627
f 209/625 211/627 212/628
f 209/625 212/628 213/629
f 209/625 213/629 214/630
f 209/625 214/630 215/631
f 209/625 215/631 216/632
f 224/633 223/634 222/635
f 224/633 222/635 221/636
f 224/633 221/636 220/637
f 224/633 220/637 219/638
f 224/633 219/638 218/639
f 224/633 218/639 217/640
f 209/641 217/642 218/643
f 209/641 218/643 210/644
f 210/645 218/646 219/647
f 210/645 219/647 211/648
f 211/649 219/650 220/651
f 211/649 220/651 212/652
f 212/653 220/654 221/655
f 212/653 221/655 213/656
f 213/657 221/658 222/659
f 213/657 222/659 214/660
f 214/661 222/662 223/663
f 214/661 223/663 215/664
f 215/665 223/666 224/667
f 215/665 224/667 216/668
f 216/669 224/670 217/671
f 216/669 217/671 209/672
f 225/673 226/674 227/675
f 225/673 227/675 228/676
f 225/673 228/676 229/677
f 225/673 229/677 230/678
f 225/673 230/678 231/679
f 225/673 231/679 232/680
f 240/681 239/682 238/683
f 240/681 238/683 237/684
f 240/681 237/684 236/685
f 240/681 236/685 235/686
f 240/681 235/686 234/687
f 240/681 234/687 233/688
f 225/689 233/690 234/691
f 225/689 234/691 226/692
f 226/693 234/694 235/695
f 226/693 235/695 227/696
f 227/697 235/698 236/699
f 227/697 236/699 228/700
f 228/701 236/702 237/703
f 228/701 237/703 229/704
f 229/705 237/706 238/707
f 229/705 238/707 230/708
f 230/709 238/710 239/711
f 230/709 239/711 231/712
f 231/713 239/714 240/715
f 231/713 240/715 232/716
f 232/717 240/718 233/719
f 232/717 233/719 225/720
f 241/721 244/722 243/723
f 241/721 243/723 242/724
f 245/725 246/726 247/727
f 245/725 247/727 248/728
f 241/729 245/730 248/731
f 241/729 248/731 244/732
f 242/733 243/734 247/735
f 242/733 247/735 246/736
f 244/737 248/738 247/739
f 244/737 247/739 243/740
f 241/741 242/742 246/743
f 241/741 246/743 245/744
f 249/745 252/746 251/747
f 249/745 251/747 250/748
f 253/749 254/750 255/751
f 253/749 255/751 256/752
f 249/753 253/754 256/755
f 249/753 256/755 252/756
f 250/757 251/758 255/759
f 250/757 255/759 254/760
f 252/761 256/762 255/763
f 252/761 255/763 251/764
f 249/765 250/766 254/767
f 249/765 254/767 253/768
f 257/769 260/770 259/771
f 257/769 259/771 258/772
f 261/773 262/774 263/775
f 261/773 263/775 264/776
f 257/777 261/778 264/779
f 257/777 264/779 260/780
f 258/781 259/782 263/783
f 258/781 263/783 262/784
f 260/785 264/786 263/787
f 260/785 263/787 259/788
f 257/789 258/790 262/791
f 257/789 262/791 261/792
f 265/793 268/794 267/795
f 265/793 267/795 266/796
f 269/797 270/798 271/799
f 269/797 271/799 272/800
f 265/801 269/802 272/803
f 265/801 272/803 268/804
f 266/805 267/806 271/807
f 266/805 271/807 270/808
f 268/809 272/810 271/811
f 268/809 271/811 267/812
f 265/813 266/814 270/815
f 265/813 270/815 269/816
f 273/817 276/818 275/819
f 273/817 275/819 274/820
f 277/821 278/822 279/823
f 277/821 279/823 280/824
f 273/825 277/826 280/827
f 273/825 280/827 276/828
f 274/829 275/830 279/831
f 274/829 279/831 278/832
f 276/833 280/834 279/835
f 276/833 279/835 275/836
f 273/837 274/838 278/839
f 273/837 278/839 277/840
f 281/841 284/842 283/843
f 281/841 283/843 282/844
f 285/845 286/846 287/847
f 285/845 287/847 288/848
f 281/849 285/850 288/851
f 281/849 288/851 284/852
f 282/853 283/854 287/855
f 282/853 287/855 286/856
f 284/857 288/858 287/859
f 284/857 287/859 283/860
f 281/861 282/862 286/863
f 281/861 286/863 285/864
f 289/865 292/866 291/867
f 289/865 291/867 290/868
f 293/869 294/870 295/871
f 293/869 295/871 296/872
f 289/873 293/874 296/875
f 289/873 296/875 292/876
f 290/877 291/878 295/879
f 290/877 295/879 294/880
f 292/881 296/882 295/883
f 292/881 295/883 291/884
f 289/885 290/886 294/887
f 289/885 294/887 293/888
f 297/889 300/890 299/891
f 297/889 299/891 298/892
f 301/893 302/894 303/895
f 301/893 303/895 304/896
f 297/897 301/898 304/899
f 297/897 304/899 300/900
f 298/901 299/902 303/903
f 298/901 303/903 302/904
f 300/905 304/906 303/907
f 300/905 303/907 299/908
f 297/909 298/910 302/911
f 297/909 302/911 301/912
g saw_2
f 313/937 314/938 315/939
f 313/937 315/939 316/940
f 313/937 316/940 317/941
f 313/937 317/941 318/942
f 313/937 318/942 319/943
f 313/937 319/943 320/944
f 328/945 327/946 326/947
f 328/945 326/947 325/948
f 328/945 325/948 324/949
f 328/945 324/949 323/950
f 328/945 323/950 322/951
f 328/945 322/951 321/952
f 313/953 321/954 322/955
f 313/953 322/955 314/956
f 314/957 322/958 323/959
f 314/957 323/959 315/960
f 315/961 323/962 324/963
f 315/961 324/963 316/964
f 316/965 324/966 325/967
f 316/965 325/967 317/968
f 317/969 325/970 326/971
f 317/969 326/971 318/972
f 318/973 326/974 327/975
f 318/973 327/975 319/976
f 319/977 327/978 328/979
f 319/977 328/979 320/980
f 320/981 328/982 321/983
f 320/981 321/983 313/984
f 329/985 330/986 331/987
f 329/985 331/987 332/988
f 329/985 332/988 333/989
f 329/985 333/989 334/990
f 329/985 334/990 335/991
f 329/985 335/991 336/992
f 344/993 343/994 342/995
f 344/993 342/995 341/996
f 344/993 341/996 340/997
f 344/993 340/997 339/998
f 344/993 339/998 338/999
f 344/993 338/999 337/1000
f 329/1001 337/1002 338/1003
f 329/1001 338/1003 330/1004
f 330/1005 338/1006 339/1007
f 330/1005 339/1007 331/1008
f 331/1009 339/1010 340/1011
f 331/1009 340/1011 332/1012
f 332/1013 340/1014 341/1015
f 332/1013 341/1015 333/1016
f 333/1017 341/1018 342/1019
f 333/1017 342/1019 334/1020
f 334/1021 342/1022 343/1023
f 334/1021 343/1023 335/1024
f 335/1025 343/1026 344/1027
f 335/1025 344/1027 336/1028
f 336/1029 344/1030 337/1031
f 336/1029 337/1031 329/1032
f 345/1033 348/1034 347/1035
f 345/1033 347/1035 346/1036
f 349/1037 350/1038 351/1039
f 349/1037 351/1039 352/1040
f 345/1041 349/1042 352/1043
f 345/1041 352/1043 348/1044
f 346/1045 347/1046 351/1047
f 346/1045 351/1047 350/1048
f 348/1049 352/1050 351/1051
f 348/1049 351/1051 347/1052
f 345/1053 346/1054 350/1055
f 345/1053 350/1055 349/1056
f 353/1057 356/1058 355/1059
f 353/1057 355/1059 354/1060
f 357/1061 358/1062 359/1063
f 357/1061 359/1063 360/1064
f 353/1065 357/1066 360/1067
f 353/1065 360/1067 356/1068
f 354/1069 355/1070 359/1071
f 354/1069 359/1071 358/1072
f 356/1073 360/1074 359/1075
f 356/1073 359/1075 355/1076
f 353/1077 354/1078 358/1079
f 353/1077 358/1079 357/1080
f 361/1081 364/1082 363/1083
f 361/1081 363/1083 362/1084
f 365/1085 366/1086 367/1087
f 365/1085 367/1087 368/1088
f 361/1089 365/1090 368/1091
f 361/1089 368/1091 364/1092
f 362/1093 363/1094 367/1095
f 362/1093 367/1095 366/1096
f 364/1097 368/1098 367/1099
f 364/1097 367/1099 363/1100
f 361/1101 362/1102 366/1103
f 361/1101 366/1103 365/1104
f 369/1105 372/1106 371/1107
f 369/1105 371/1107 370/1108
f 373/1109 374/1110 375/1111
f 373/1109 375/1111 376/1112
f 369/1113 373/1114 376/1115
f 369/1113 376/1115 372/1116
f 370/1117 371/1118 375/1119
f 370/1117 375/1119 374/1120
f 372/1121 376/1122 375/1123
f 372/1121 375/1123 371/1124
f 369/1125 370/1126 374/1127
f 369/1125 374/1127 373/1128
f 377/1129 380/1130 379/1131
f 377/1129 379/1131 378/1132
f 381/1133 382/1134 383/1135
f 381/1133 383/1135 384/1136
f 377/1137 381/1138 384/1139
f 377/1137 384/1139 380/1140
f 378/1141 379/1142 383/1143
f 378/1141 383/1143 382/1144
f 380/1145 384/1146 383/1147
f 380/1145 383/1147 379/1148
f 377/1149 378/1150 382/1151
f 377/1149 382/1151 381/1152
f 385/1153 388/1154 387/1155
f 385/1153 387/1155 386/1156
f 389/1157 390/1158 391/1159
f 389/1157 391/1159 392/1160
f 385/1161 389/1162 392/1163
f 385/1161 392/1163 388/1164
f 386/1165 387/1166 391/1167
f 386/1165 391/1167 390/1168
f 388/1169 392/1170 391/1171
f 388/1169 391/1171 387/1172
f 385/1173 386/1174 390/1175
f 385/1173 390/1175 389/1176
f 393/1177 396/1178 395/1179
f 393/1177 395/1179 394/1180
f 397/1181 398/1182 399/1183
f 397/1181 399/1183 400/1184
f 393/1185 397/1186 400/1187
f 393/1185 400/1187 396/1188
f 394/1189 395/1190 399/1191
f 394/1189 399/1191 398/1192
f 396/1193 400/1194 399/1195
f 396/1193 399/1195 395/1196
f 393/1197 394/1198 398/1199
f 393/1197 398/1199 397/1200
f 401/1201 404/1202 403/1203
f 401/1201 403/1203 402/1204
f 405/1205 406/1206 407/1207
f 405/1205 407/1207 408/1208
f 401/1209 405/1210 408/1211
f 401/1209 408/1211 404/1212
f 402/1213 403/1214 407/1215
f 402/1213 407/1215 406/1216
f 404/1217 408/1218 407/1219
f 404/1217 407/1219 403/1220
f 401/1221 402/1222 406/1223
f 401/1221 406/1223 405/1224
g saw_3
f 417/1249 418/1250 419/1251
f 417/1249 419/1251 420/1252
f 417/1249 420/1252 421/1253
f 417/1249 421/1253 422/1254
f 417/1249 422/1254 423/1255
f 417/1249 423/1255 424/1256
f 432/1257 431/1258 430/1259
f 432/1257 430/1259 429/1260
f 432/1257 429/1260 428/1261
f 432/1257 428/1261 427/1262
f 432/1257 427/1262 426/1263
f 432/1257 426/1263 425/1264
f 417/1265 425/1266 426/1267
f 417/1265 426/1267 418/1268
f 418/1269 426/1270 427/1271
f 418/1269 427/1271 419/1272
f 419/1273 427/1274 428/1275
f 419/1273 428/1275 420/1276
f 420/1277 428/1278 429/1279
f 420/1277 429/1279 421/1280
f 421/1281 429/1282 430/1283
f 421/1281 430/1283 422/1284
f 422/1285 430/1286 431/1287
f 422/1285 431/1287 423/1288
f 423/1289 431/1290 432/1291
f 423/1289 432/1291 424/1292
f 424/1293 432/1294 425/1295
f 424/1293 425/1295 417/1296
f 433/1297 434/1298 435/1299
f 433/1297 435/1299 436/1300
f 433/1297 436/1300 437/1301
f 433/1297 437/1301 438/1302
f 433/1297 438/1302 439/1303
f 433/1297 439/1303 440/1304
f 448/1305 447/1306 446/1307
f 448/1305 446/1307 445/1308
f 448/1305 445/1308 444/1309
f 448/1305 444/1309 443/1310
f 448/1305 443/1310 442/1311
f 448/1305 442/1311 441/1312
f 433/1313 441/1314 442/1315
f 433/1313 442/1315 434/1316
f 434/1317 442/1318 443/1319
f 434/1317 443/1319 435/1320
f 435/1321 443/1322 444/1323
f 435/1321 444/1323 436/1324
f 436/1325 444/1326 445/1327
f 436/1325 445/1327 437/1328
f 437/1329 445/1330 446/1331
f 437/1329 446/1331 438/1332
f 438/1333 446/1334 447/1335
f 438/1333 447/1335 439/1336
f 439/1337 447/1338 448/1339
f 439/1337 448/1339 440/1340
f 440/1341 448/1342 441/1343
f 440/1341 441/1343 433/1344
f 449/1345 452/1346 451/1347
f 449/1345 451/1347 450/1348
f 453/1349 454/1350 455/1351
f 453/1349 455/1351 456/1352
f 449/1353 453/1354 456/1355
f 449/1353 456/1355 452/1356
f 450/1357 451/1358 455/1359
f 450/1357 455/1359 454/1360
f 452/1361 456/1362 455/1363
f 452/1361 455/1363 451/1364
f 449/1365 450/1366 454/1367
f 449/1365 454/1367 453/1368
f 457/1369 460/1370 459/1371
f 457/1369 459/1371 458/1372
f 461/1373 462/1374 463/1375
f 461/1373 463/1375 464/1376
f 457/1377 461/1378 464/1379
f 457/1377 464/1379 460/1380
f 458/1381 459/1382 463/1383
f 458/1381 463/1383 462/1384
f 460/1385 464/1386 463/1387
f 460/1385 463/1387 459/1388
f 457/1389 458/1390 462/1391
f 457/1389 462/1391 461/1392
f 465/1393 468/1394 467/1395
f 465/1393 467/1395 466/1396
f 469/1397 470/1398 471/1399
f 469/1397 471/1399 472/1400
f 465/1401 469/1402 472/1403
f 465/1401 472/1403 468/1404
f 466/1405 467/1406 471/1407
f 466/1405 471/1407 470/1408
f 468/1409 472/1410 471/1411
f 468/1409 471/1411 467/1412
f 465/1413 466/1414 470/1415
f 465/1413 470/1415 469/1416
f 473/1417 476/1418 475/1419
f 473/1417 475/1419 474/1420
f 477/1421 478/1422 479/1423
f 477/1421 479/1423 480/1424
f 473/1425 477/1426 480/1427
f 473/1425 480/1427 476/1428
f 474/1429 475/1430 479/1431
f 474/1429 479/1431 478/1432
f 476/1433 480/1434 479/1435
f 476/1433 479/1435 475/1436
f 473/1437 474/1438 478/1439
f 473/1437 478/1439 477/1440
f 481/1441 484/1442 483/1443
f 481/1441 483/1443 482/1444
f 485/1445 486/1446 487/1447
f 485/1445 487/1447 488/1448
f 481/1449 485/1450 488/1451
f 481/1449 488/1451 484/1452
f 482/1453 483/1454 487/1455
f 482/1453 487/1455 486/1456
f 484/1457 488/1458 487/1459
f 484/1457 487/1459 483/1460
f 481/1461 482/1462 486/1463
f 481/1461 486/1463 485/1464
f 489/1465 492/1466 491/1467
f 489/1465 491/1467 490/1468
f 493/1469 494/1470 495/1471
f 493/1469 495/1471 496/1472
f 489/1473 493/1474 496/1475
f 489/1473 496/1475 492/1476
f 490/1477 491/1478 495/1479
f 490/1477 495/1479 494/1480
f 492/1481 496/1482 495/1483
f 492/1481 495/1483 491/1484
f 489/1485 490/1486 494/1487
f 489/1485 494/1487 493/1488
f 497/1489 500/1490 499/1491
f 497/1489 499/1491 498/1492
f 501/1493 502/1494 503/1495
f 501/1493 503/1495 504/1496
f 497/1497 501/1498 504/1499
f 497/1497 504/1499 500/1500
f 498/1501 499/1502 503/1503
f 498/1501 503/1503 502/1504
f 500/1505 504/1506 503/1507
f 500/1505 503/1507 499/1508
f 497/1509 498/1510 502/1511
f 497/1509 502/1511 501/1512
f 505/1513 508/1514 507/1515
f 505/1513 507/1515 506/1516
f 509/1517 510/1518 511/1519
f 509/1517 511/1519 512/1520
f 505/1521 509/1522 512/1523
f 505/1521 512/1523 508/1524
f 506/1525 507/1526 511/1527
f 506/1525 511/1527 510/1528
f 508/1529 512/1530 511/1531
f 508/1529 511/1531 507/1532
f 505/1533 506/1534 510/1535
f 505/1533 510/1535 509/1536
g smoke_0
f 577/1729 580/1730 579/1731
f 577/1729 579/1731 578/1732
f 581/1733 582/1734 583/1735
f 581/1733 583/1735 584/1736
f 577/1737 581/1738 584/1739
f 577/1737 584/1739 580/1740
f 578/1741 579/1742 583/1743
f 578/1741 583/1743 582/1744
f 580/1745 584/1746 583/1747
f 580/1745 583/1747 579/1748
f 577/1749 578/1750 582/1751
f 577/1749 582/1751 581/1752
g smoke_1
f 585/1753 588/1754 587/1755
f 585/1753 587/1755 586/1756
f 589/1757 590/1758 591/1759
f 589/1757 591/1759 592/1760
f 585/1761 589/1762 592/1763
f 585/1761 592/1763 588/1764
f 586/1765 587/1766 591/1767
f 586/1765 591/1767 590/1768
f 588/1769 592/1770 591/1771
f 588/1769 591/1771 587/1772
f 585/1773 586/1774 590/1775
f 585/1773 590/1775 589/1776
g smoke_2
f 593/1777 596/1778 595/1779
f 593/1777 595/1779 594/1780
f 597/1781 598/1782 599/1783
f 597/1781 599/1783 600/1784
f 593/1785 597/1786 600/1787
f 593/1785 600/1787 596/1788
f 594/1789 595/1790 599/1791
f 594/1789 599/1791 598/1792
f 596/1793 600/1794 599/1795
f 596/1793 599/1795 595/1796
f 593/1797 594/1798 598/1799
f 593/1797 598/1799 597/1800
g smoke_3
f 601/1801 604/1802 603/1803
f 601/1801 603/1803 602/1804
f 605/1805 606/1806 607/1807
f 605/1805 607/1807 608/1808
f 601/1809 605/1810 608/1811
f 601/1809 608/1811 604/1812
f 602/1813 603/1814 607/1815
f 602/1813 607/1815 606/1816
f 604/1817 608/1818 607/1819
f 604/1817 607/1819 603/1820
f 601/1821 602/1822 606/1823
f 601/1821 606/1823 605/1824
